ISO-10303-21;
HEADER;
FILE_DESCRIPTION((''),'2;1');
FILE_NAME('DYD0005A_ASM','2026-06-26T10:00:57',('a0412086'),(''),
'CREO PARAMETRIC BY PTC INC, 2018500','CREO PARAMETRIC BY PTC INC, 2018500','');
FILE_SCHEMA(('CONFIG_CONTROL_DESIGN','SHAPE_APPEARANCE_LAYERS_GROUPS'));
ENDSEC;
DATA;
#39=DIRECTION('',(0.E0,0.E0,1.E0));
#40=VECTOR('',#39,1.305547940508E0);
#41=CARTESIAN_POINT('',(-1.45E0,6.5E-1,-6.527739702539E-1));
#42=LINE('',#41,#40);
#43=DRAUGHTING_PRE_DEFINED_CURVE_FONT('continuous');
#44=CURVE_STYLE('',#43,POSITIVE_LENGTH_MEASURE(2.E-2),#37);
#45=PRESENTATION_STYLE_ASSIGNMENT((#44));
#46=STYLED_ITEM('',(#45),#42);
#47=DIRECTION('',(0.E0,0.E0,-1.E0));
#48=VECTOR('',#47,1.305547940508E0);
#49=CARTESIAN_POINT('',(1.45E0,6.5E-1,6.527739702539E-1));
#50=LINE('',#49,#48);
#51=CURVE_STYLE('',#43,POSITIVE_LENGTH_MEASURE(2.E-2),#37);
#52=PRESENTATION_STYLE_ASSIGNMENT((#51));
#53=STYLED_ITEM('',(#52),#50);
#54=DIRECTION('',(0.E0,-9.925461516413E-1,-1.218693434051E-1));
#55=VECTOR('',#54,2.348368824785E-1);
#56=CARTESIAN_POINT('',(-1.45E0,-1.5E-1,8.E-1));
#57=LINE('',#56,#55);
#58=CURVE_STYLE('',#43,POSITIVE_LENGTH_MEASURE(2.E-2),#37);
#59=PRESENTATION_STYLE_ASSIGNMENT((#58));
#60=STYLED_ITEM('',(#59),#57);
#61=DIRECTION('',(0.E0,-1.E0,0.E0));
#62=VECTOR('',#61,1.5E-1);
#63=CARTESIAN_POINT('',(-1.45E0,0.E0,-8.E-1));
#64=LINE('',#63,#62);
#65=CURVE_STYLE('',#43,POSITIVE_LENGTH_MEASURE(2.E-2),#37);
#66=PRESENTATION_STYLE_ASSIGNMENT((#65));
#67=STYLED_ITEM('',(#66),#64);
#68=DIRECTION('',(0.E0,9.925461516413E-1,1.218693434051E-1));
#69=VECTOR('',#68,5.874653213891E-1);
#70=CARTESIAN_POINT('',(-1.45E0,0.E0,-8.E-1));
#71=LINE('',#70,#69);
#72=CURVE_STYLE('',#43,POSITIVE_LENGTH_MEASURE(2.E-2),#37);
#73=PRESENTATION_STYLE_ASSIGNMENT((#72));
#74=STYLED_ITEM('',(#73),#71);
#75=DIRECTION('',(0.E0,-1.E0,0.E0));
#76=VECTOR('',#75,1.5E-1);
#77=CARTESIAN_POINT('',(-1.45E0,0.E0,8.E-1));
#78=LINE('',#77,#76);
#79=CURVE_STYLE('',#43,POSITIVE_LENGTH_MEASURE(2.E-2),#37);
#80=PRESENTATION_STYLE_ASSIGNMENT((#79));
#81=STYLED_ITEM('',(#80),#78);
#82=DIRECTION('',(1.E0,0.E0,0.E0));
#83=VECTOR('',#82,2.9E0);
#84=CARTESIAN_POINT('',(-1.45E0,0.E0,8.E-1));
#85=LINE('',#84,#83);
#86=CURVE_STYLE('',#43,POSITIVE_LENGTH_MEASURE(2.E-2),#37);
#87=PRESENTATION_STYLE_ASSIGNMENT((#86));
#88=STYLED_ITEM('',(#87),#85);
#89=DIRECTION('',(0.E0,9.925461516413E-1,-1.218693434051E-1));
#90=VECTOR('',#89,5.874653213891E-1);
#91=CARTESIAN_POINT('',(-1.45E0,0.E0,8.E-1));
#92=LINE('',#91,#90);
#93=CURVE_STYLE('',#43,POSITIVE_LENGTH_MEASURE(2.E-2),#37);
#94=PRESENTATION_STYLE_ASSIGNMENT((#93));
#95=STYLED_ITEM('',(#94),#92);
#96=DIRECTION('',(1.E0,0.E0,0.E0));
#97=VECTOR('',#96,2.9E0);
#98=CARTESIAN_POINT('',(-1.45E0,6.5E-1,6.527739702539E-1));
#99=LINE('',#98,#97);
#100=CURVE_STYLE('',#43,POSITIVE_LENGTH_MEASURE(2.E-2),#37);
#101=PRESENTATION_STYLE_ASSIGNMENT((#100));
#102=STYLED_ITEM('',(#101),#99);
#103=CARTESIAN_POINT('',(1.45E0,5.738E-1,6.527739702539E-1));
#104=DIRECTION('',(1.E0,0.E0,0.E0));
#105=DIRECTION('',(0.E0,1.E0,0.E0));
#106=AXIS2_PLACEMENT_3D('',#103,#104,#105);
#108=CURVE_STYLE('',#43,POSITIVE_LENGTH_MEASURE(2.E-2),#37);
#109=PRESENTATION_STYLE_ASSIGNMENT((#108));
#110=STYLED_ITEM('',(#109),#107);
#111=DIRECTION('',(1.E0,0.E0,0.E0));
#112=VECTOR('',#111,2.9E0);
#113=CARTESIAN_POINT('',(-1.45E0,5.830864439675E-1,7.284059870090E-1));
#114=LINE('',#113,#112);
#115=CURVE_STYLE('',#43,POSITIVE_LENGTH_MEASURE(2.E-2),#37);
#116=PRESENTATION_STYLE_ASSIGNMENT((#115));
#117=STYLED_ITEM('',(#116),#114);
#118=CARTESIAN_POINT('',(-1.45E0,5.738E-1,6.527739702539E-1));
#119=DIRECTION('',(1.E0,0.E0,0.E0));
#120=DIRECTION('',(0.E0,1.E0,0.E0));
#121=AXIS2_PLACEMENT_3D('',#118,#119,#120);
#123=CURVE_STYLE('',#43,POSITIVE_LENGTH_MEASURE(2.E-2),#37);
#124=PRESENTATION_STYLE_ASSIGNMENT((#123));
#125=STYLED_ITEM('',(#124),#122);
#126=DIRECTION('',(0.E0,-9.925461516413E-1,1.218693434051E-1));
#127=VECTOR('',#126,2.348368824785E-1);
#128=CARTESIAN_POINT('',(1.45E0,-1.5E-1,-8.E-1));
#129=LINE('',#128,#127);
#130=CURVE_STYLE('',#43,POSITIVE_LENGTH_MEASURE(2.E-2),#37);
#131=PRESENTATION_STYLE_ASSIGNMENT((#130));
#132=STYLED_ITEM('',(#131),#129);
#133=DIRECTION('',(0.E0,-1.E0,0.E0));
#134=VECTOR('',#133,1.5E-1);
#135=CARTESIAN_POINT('',(1.45E0,0.E0,8.E-1));
#136=LINE('',#135,#134);
#137=CURVE_STYLE('',#43,POSITIVE_LENGTH_MEASURE(2.E-2),#37);
#138=PRESENTATION_STYLE_ASSIGNMENT((#137));
#139=STYLED_ITEM('',(#138),#136);
#140=DIRECTION('',(0.E0,9.925461516413E-1,-1.218693434051E-1));
#141=VECTOR('',#140,5.874653213891E-1);
#142=CARTESIAN_POINT('',(1.45E0,0.E0,8.E-1));
#143=LINE('',#142,#141);
#144=CURVE_STYLE('',#43,POSITIVE_LENGTH_MEASURE(2.E-2),#37);
#145=PRESENTATION_STYLE_ASSIGNMENT((#144));
#146=STYLED_ITEM('',(#145),#143);
#147=DIRECTION('',(0.E0,-1.E0,0.E0));
#148=VECTOR('',#147,1.5E-1);
#149=CARTESIAN_POINT('',(1.45E0,0.E0,-8.E-1));
#150=LINE('',#149,#148);
#151=CURVE_STYLE('',#43,POSITIVE_LENGTH_MEASURE(2.E-2),#37);
#152=PRESENTATION_STYLE_ASSIGNMENT((#151));
#153=STYLED_ITEM('',(#152),#150);
#154=DIRECTION('',(1.E0,0.E0,0.E0));
#155=VECTOR('',#154,2.9E0);
#156=CARTESIAN_POINT('',(-1.45E0,0.E0,-8.E-1));
#157=LINE('',#156,#155);
#158=CURVE_STYLE('',#43,POSITIVE_LENGTH_MEASURE(2.E-2),#37);
#159=PRESENTATION_STYLE_ASSIGNMENT((#158));
#160=STYLED_ITEM('',(#159),#157);
#161=DIRECTION('',(0.E0,9.925461516413E-1,1.218693434051E-1));
#162=VECTOR('',#161,5.874653213891E-1);
#163=CARTESIAN_POINT('',(1.45E0,0.E0,-8.E-1));
#164=LINE('',#163,#162);
#165=CURVE_STYLE('',#43,POSITIVE_LENGTH_MEASURE(2.E-2),#37);
#166=PRESENTATION_STYLE_ASSIGNMENT((#165));
#167=STYLED_ITEM('',(#166),#164);
#168=DIRECTION('',(-1.E0,0.E0,0.E0));
#169=VECTOR('',#168,2.9E0);
#170=CARTESIAN_POINT('',(1.45E0,6.5E-1,-6.527739702539E-1));
#171=LINE('',#170,#169);
#172=CURVE_STYLE('',#43,POSITIVE_LENGTH_MEASURE(2.E-2),#37);
#173=PRESENTATION_STYLE_ASSIGNMENT((#172));
#174=STYLED_ITEM('',(#173),#171);
#175=CARTESIAN_POINT('',(-1.45E0,5.738E-1,-6.527739702539E-1));
#176=DIRECTION('',(-1.E0,0.E0,0.E0));
#177=DIRECTION('',(0.E0,1.E0,0.E0));
#178=AXIS2_PLACEMENT_3D('',#175,#176,#177);
#180=CURVE_STYLE('',#43,POSITIVE_LENGTH_MEASURE(2.E-2),#37);
#181=PRESENTATION_STYLE_ASSIGNMENT((#180));
#182=STYLED_ITEM('',(#181),#179);
#183=DIRECTION('',(-1.E0,0.E0,0.E0));
#184=VECTOR('',#183,2.9E0);
#185=CARTESIAN_POINT('',(1.45E0,5.830864439675E-1,-7.284059870090E-1));
#186=LINE('',#185,#184);
#187=CURVE_STYLE('',#43,POSITIVE_LENGTH_MEASURE(2.E-2),#37);
#188=PRESENTATION_STYLE_ASSIGNMENT((#187));
#189=STYLED_ITEM('',(#188),#186);
#190=CARTESIAN_POINT('',(1.45E0,5.738E-1,-6.527739702539E-1));
#191=DIRECTION('',(-1.E0,0.E0,0.E0));
#192=DIRECTION('',(0.E0,1.E0,0.E0));
#193=AXIS2_PLACEMENT_3D('',#190,#191,#192);
#195=CURVE_STYLE('',#43,POSITIVE_LENGTH_MEASURE(2.E-2),#37);
#196=PRESENTATION_STYLE_ASSIGNMENT((#195));
#197=STYLED_ITEM('',(#196),#194);
#198=DIRECTION('',(-1.E0,0.E0,0.E0));
#199=VECTOR('',#198,2.9E0);
#200=CARTESIAN_POINT('',(1.45E0,-1.5E-1,-8.E-1));
#201=LINE('',#200,#199);
#202=CURVE_STYLE('',#43,POSITIVE_LENGTH_MEASURE(2.E-2),#37);
#203=PRESENTATION_STYLE_ASSIGNMENT((#202));
#204=STYLED_ITEM('',(#203),#201);
#205=DIRECTION('',(0.E0,-9.925461516413E-1,1.218693434051E-1));
#206=VECTOR('',#205,2.348368824785E-1);
#207=CARTESIAN_POINT('',(-1.45E0,-1.5E-1,-8.E-1));
#208=LINE('',#207,#206);
#209=CURVE_STYLE('',#43,POSITIVE_LENGTH_MEASURE(2.E-2),#37);
#210=PRESENTATION_STYLE_ASSIGNMENT((#209));
#211=STYLED_ITEM('',(#210),#208);
#212=DIRECTION('',(1.E0,0.E0,0.E0));
#213=VECTOR('',#212,2.9E0);
#214=CARTESIAN_POINT('',(-1.45E0,-4.5E-1,-6.957485665700E-1));
#215=LINE('',#214,#213);
#216=CURVE_STYLE('',#43,POSITIVE_LENGTH_MEASURE(2.E-2),#37);
#217=PRESENTATION_STYLE_ASSIGNMENT((#216));
#218=STYLED_ITEM('',(#217),#215);
#219=CARTESIAN_POINT('',(1.45E0,-3.738E-1,-6.957485665700E-1));
#220=DIRECTION('',(1.E0,0.E0,0.E0));
#221=DIRECTION('',(0.E0,-1.E0,0.E0));
#222=AXIS2_PLACEMENT_3D('',#219,#220,#221);
#224=CURVE_STYLE('',#43,POSITIVE_LENGTH_MEASURE(2.E-2),#37);
#225=PRESENTATION_STYLE_ASSIGNMENT((#224));
#226=STYLED_ITEM('',(#225),#223);
#227=DIRECTION('',(1.E0,0.E0,0.E0));
#228=VECTOR('',#227,2.9E0);
#229=CARTESIAN_POINT('',(-1.45E0,-3.830864439675E-1,-7.713805833250E-1));
#230=LINE('',#229,#228);
#231=CURVE_STYLE('',#43,POSITIVE_LENGTH_MEASURE(2.E-2),#37);
#232=PRESENTATION_STYLE_ASSIGNMENT((#231));
#233=STYLED_ITEM('',(#232),#230);
#234=CARTESIAN_POINT('',(-1.45E0,-3.738E-1,-6.957485665700E-1));
#235=DIRECTION('',(1.E0,0.E0,0.E0));
#236=DIRECTION('',(0.E0,-1.E0,0.E0));
#237=AXIS2_PLACEMENT_3D('',#234,#235,#236);
#239=CURVE_STYLE('',#43,POSITIVE_LENGTH_MEASURE(2.E-2),#37);
#240=PRESENTATION_STYLE_ASSIGNMENT((#239));
#241=STYLED_ITEM('',(#240),#238);
#242=DIRECTION('',(0.E0,0.E0,1.E0));
#243=VECTOR('',#242,1.391497133140E0);
#244=CARTESIAN_POINT('',(1.45E0,-4.5E-1,-6.957485665700E-1));
#245=LINE('',#244,#243);
#246=CURVE_STYLE('',#43,POSITIVE_LENGTH_MEASURE(2.E-2),#37);
#247=PRESENTATION_STYLE_ASSIGNMENT((#246));
#248=STYLED_ITEM('',(#247),#245);
#249=DIRECTION('',(0.E0,0.E0,-1.E0));
#250=VECTOR('',#249,1.391497133140E0);
#251=CARTESIAN_POINT('',(-1.45E0,-4.5E-1,6.957485665700E-1));
#252=LINE('',#251,#250);
#253=CURVE_STYLE('',#43,POSITIVE_LENGTH_MEASURE(2.E-2),#37);
#254=PRESENTATION_STYLE_ASSIGNMENT((#253));
#255=STYLED_ITEM('',(#254),#252);
#256=DIRECTION('',(1.E0,0.E0,0.E0));
#257=VECTOR('',#256,1.7E0);
#258=CARTESIAN_POINT('',(-8.5E-1,-4.5E-1,2.6E-1));
#259=LINE('',#258,#257);
#260=CURVE_STYLE('',#43,POSITIVE_LENGTH_MEASURE(2.E-2),#37);
#261=PRESENTATION_STYLE_ASSIGNMENT((#260));
#262=STYLED_ITEM('',(#261),#259);
#263=DIRECTION('',(0.E0,0.E0,1.E0));
#264=VECTOR('',#263,3.7E-2);
#265=CARTESIAN_POINT('',(-8.5E-1,-4.5E-1,2.23E-1));
#266=LINE('',#265,#264);
#267=CURVE_STYLE('',#43,POSITIVE_LENGTH_MEASURE(2.E-2),#37);
#268=PRESENTATION_STYLE_ASSIGNMENT((#267));
#269=STYLED_ITEM('',(#268),#266);
#270=DIRECTION('',(1.E0,0.E0,0.E0));
#271=VECTOR('',#270,8.E-2);
#272=CARTESIAN_POINT('',(-9.3E-1,-4.5E-1,2.23E-1));
#273=LINE('',#272,#271);
#274=CURVE_STYLE('',#43,POSITIVE_LENGTH_MEASURE(2.E-2),#37);
#275=PRESENTATION_STYLE_ASSIGNMENT((#274));
#276=STYLED_ITEM('',(#275),#273);
#277=DIRECTION('',(0.E0,0.E0,1.E0));
#278=VECTOR('',#277,1.5E-1);
#279=CARTESIAN_POINT('',(-9.3E-1,-4.5E-1,7.3E-2));
#280=LINE('',#279,#278);
#281=CURVE_STYLE('',#43,POSITIVE_LENGTH_MEASURE(2.E-2),#37);
#282=PRESENTATION_STYLE_ASSIGNMENT((#281));
#283=STYLED_ITEM('',(#282),#280);
#284=DIRECTION('',(-1.E0,0.E0,0.E0));
#285=VECTOR('',#284,8.E-2);
#286=CARTESIAN_POINT('',(-8.5E-1,-4.5E-1,7.3E-2));
#287=LINE('',#286,#285);
#288=CURVE_STYLE('',#43,POSITIVE_LENGTH_MEASURE(2.E-2),#37);
#289=PRESENTATION_STYLE_ASSIGNMENT((#288));
#290=STYLED_ITEM('',(#289),#287);
#291=DIRECTION('',(0.E0,0.E0,1.E0));
#292=VECTOR('',#291,1.73E-1);
#293=CARTESIAN_POINT('',(-8.5E-1,-4.5E-1,-1.E-1));
#294=LINE('',#293,#292);
#295=CURVE_STYLE('',#43,POSITIVE_LENGTH_MEASURE(2.E-2),#37);
#296=PRESENTATION_STYLE_ASSIGNMENT((#295));
#297=STYLED_ITEM('',(#296),#294);
#298=DIRECTION('',(1.E0,0.E0,0.E0));
#299=VECTOR('',#298,8.E-2);
#300=CARTESIAN_POINT('',(-9.3E-1,-4.5E-1,-1.E-1));
#301=LINE('',#300,#299);
#302=CURVE_STYLE('',#43,POSITIVE_LENGTH_MEASURE(2.E-2),#37);
#303=PRESENTATION_STYLE_ASSIGNMENT((#302));
#304=STYLED_ITEM('',(#303),#301);
#305=DIRECTION('',(0.E0,0.E0,1.E0));
#306=VECTOR('',#305,1.5E-1);
#307=CARTESIAN_POINT('',(-9.3E-1,-4.5E-1,-2.5E-1));
#308=LINE('',#307,#306);
#309=CURVE_STYLE('',#43,POSITIVE_LENGTH_MEASURE(2.E-2),#37);
#310=PRESENTATION_STYLE_ASSIGNMENT((#309));
#311=STYLED_ITEM('',(#310),#308);
#312=DIRECTION('',(-1.E0,0.E0,0.E0));
#313=VECTOR('',#312,8.E-2);
#314=CARTESIAN_POINT('',(-8.5E-1,-4.5E-1,-2.5E-1));
#315=LINE('',#314,#313);
#316=CURVE_STYLE('',#43,POSITIVE_LENGTH_MEASURE(2.E-2),#37);
#317=PRESENTATION_STYLE_ASSIGNMENT((#316));
#318=STYLED_ITEM('',(#317),#315);
#319=DIRECTION('',(0.E0,0.E0,1.E0));
#320=VECTOR('',#319,1.38E-1);
#321=CARTESIAN_POINT('',(-8.5E-1,-4.5E-1,-3.88E-1));
#322=LINE('',#321,#320);
#323=CURVE_STYLE('',#43,POSITIVE_LENGTH_MEASURE(2.E-2),#37);
#324=PRESENTATION_STYLE_ASSIGNMENT((#323));
#325=STYLED_ITEM('',(#324),#322);
#326=DIRECTION('',(8.953595273489E-1,0.E0,-4.453440431683E-1));
#327=VECTOR('',#326,6.422001245718E-1);
#328=CARTESIAN_POINT('',(-8.5E-1,-4.5E-1,-3.88E-1));
#329=LINE('',#328,#327);
#330=CURVE_STYLE('',#43,POSITIVE_LENGTH_MEASURE(2.E-2),#37);
#331=PRESENTATION_STYLE_ASSIGNMENT((#330));
#332=STYLED_ITEM('',(#331),#329);
#333=DIRECTION('',(-1.E0,0.E0,0.E0));
#334=VECTOR('',#333,5.5E-1);
#335=CARTESIAN_POINT('',(2.75E-1,-4.5E-1,-6.74E-1));
#336=LINE('',#335,#334);
#337=CURVE_STYLE('',#43,POSITIVE_LENGTH_MEASURE(2.E-2),#37);
#338=PRESENTATION_STYLE_ASSIGNMENT((#337));
#339=STYLED_ITEM('',(#338),#336);
#340=DIRECTION('',(8.953595273489E-1,0.E0,4.453440431683E-1));
#341=VECTOR('',#340,6.422001245718E-1);
#342=CARTESIAN_POINT('',(2.75E-1,-4.5E-1,-6.74E-1));
#343=LINE('',#342,#341);
#344=CURVE_STYLE('',#43,POSITIVE_LENGTH_MEASURE(2.E-2),#37);
#345=PRESENTATION_STYLE_ASSIGNMENT((#344));
#346=STYLED_ITEM('',(#345),#343);
#347=DIRECTION('',(0.E0,0.E0,-1.E0));
#348=VECTOR('',#347,1.38E-1);
#349=CARTESIAN_POINT('',(8.5E-1,-4.5E-1,-2.5E-1));
#350=LINE('',#349,#348);
#351=CURVE_STYLE('',#43,POSITIVE_LENGTH_MEASURE(2.E-2),#37);
#352=PRESENTATION_STYLE_ASSIGNMENT((#351));
#353=STYLED_ITEM('',(#352),#350);
#354=DIRECTION('',(-1.E0,0.E0,0.E0));
#355=VECTOR('',#354,8.E-2);
#356=CARTESIAN_POINT('',(9.3E-1,-4.5E-1,-2.5E-1));
#357=LINE('',#356,#355);
#358=CURVE_STYLE('',#43,POSITIVE_LENGTH_MEASURE(2.E-2),#37);
#359=PRESENTATION_STYLE_ASSIGNMENT((#358));
#360=STYLED_ITEM('',(#359),#357);
#361=DIRECTION('',(0.E0,0.E0,-1.E0));
#362=VECTOR('',#361,1.5E-1);
#363=CARTESIAN_POINT('',(9.3E-1,-4.5E-1,-1.E-1));
#364=LINE('',#363,#362);
#365=CURVE_STYLE('',#43,POSITIVE_LENGTH_MEASURE(2.E-2),#37);
#366=PRESENTATION_STYLE_ASSIGNMENT((#365));
#367=STYLED_ITEM('',(#366),#364);
#368=DIRECTION('',(1.E0,0.E0,0.E0));
#369=VECTOR('',#368,8.E-2);
#370=CARTESIAN_POINT('',(8.5E-1,-4.5E-1,-1.E-1));
#371=LINE('',#370,#369);
#372=CURVE_STYLE('',#43,POSITIVE_LENGTH_MEASURE(2.E-2),#37);
#373=PRESENTATION_STYLE_ASSIGNMENT((#372));
#374=STYLED_ITEM('',(#373),#371);
#375=DIRECTION('',(0.E0,0.E0,-1.E0));
#376=VECTOR('',#375,1.73E-1);
#377=CARTESIAN_POINT('',(8.5E-1,-4.5E-1,7.3E-2));
#378=LINE('',#377,#376);
#379=CURVE_STYLE('',#43,POSITIVE_LENGTH_MEASURE(2.E-2),#37);
#380=PRESENTATION_STYLE_ASSIGNMENT((#379));
#381=STYLED_ITEM('',(#380),#378);
#382=DIRECTION('',(-1.E0,0.E0,0.E0));
#383=VECTOR('',#382,8.E-2);
#384=CARTESIAN_POINT('',(9.3E-1,-4.5E-1,7.3E-2));
#385=LINE('',#384,#383);
#386=CURVE_STYLE('',#43,POSITIVE_LENGTH_MEASURE(2.E-2),#37);
#387=PRESENTATION_STYLE_ASSIGNMENT((#386));
#388=STYLED_ITEM('',(#387),#385);
#389=DIRECTION('',(0.E0,0.E0,-1.E0));
#390=VECTOR('',#389,1.5E-1);
#391=CARTESIAN_POINT('',(9.3E-1,-4.5E-1,2.23E-1));
#392=LINE('',#391,#390);
#393=CURVE_STYLE('',#43,POSITIVE_LENGTH_MEASURE(2.E-2),#37);
#394=PRESENTATION_STYLE_ASSIGNMENT((#393));
#395=STYLED_ITEM('',(#394),#392);
#396=DIRECTION('',(1.E0,0.E0,0.E0));
#397=VECTOR('',#396,8.E-2);
#398=CARTESIAN_POINT('',(8.5E-1,-4.5E-1,2.23E-1));
#399=LINE('',#398,#397);
#400=CURVE_STYLE('',#43,POSITIVE_LENGTH_MEASURE(2.E-2),#37);
#401=PRESENTATION_STYLE_ASSIGNMENT((#400));
#402=STYLED_ITEM('',(#401),#399);
#403=DIRECTION('',(0.E0,0.E0,-1.E0));
#404=VECTOR('',#403,3.7E-2);
#405=CARTESIAN_POINT('',(8.5E-1,-4.5E-1,2.6E-1));
#406=LINE('',#405,#404);
#407=CURVE_STYLE('',#43,POSITIVE_LENGTH_MEASURE(2.E-2),#37);
#408=PRESENTATION_STYLE_ASSIGNMENT((#407));
#409=STYLED_ITEM('',(#408),#406);
#410=DIRECTION('',(-1.E0,0.E0,0.E0));
#411=VECTOR('',#410,2.9E0);
#412=CARTESIAN_POINT('',(1.45E0,-4.5E-1,6.957485665700E-1));
#413=LINE('',#412,#411);
#414=CURVE_STYLE('',#43,POSITIVE_LENGTH_MEASURE(2.E-2),#37);
#415=PRESENTATION_STYLE_ASSIGNMENT((#414));
#416=STYLED_ITEM('',(#415),#413);
#417=CARTESIAN_POINT('',(-1.45E0,-3.738E-1,6.957485665700E-1));
#418=DIRECTION('',(-1.E0,0.E0,0.E0));
#419=DIRECTION('',(0.E0,-1.E0,0.E0));
#420=AXIS2_PLACEMENT_3D('',#417,#418,#419);
#422=CURVE_STYLE('',#43,POSITIVE_LENGTH_MEASURE(2.E-2),#37);
#423=PRESENTATION_STYLE_ASSIGNMENT((#422));
#424=STYLED_ITEM('',(#423),#421);
#425=DIRECTION('',(-1.E0,0.E0,0.E0));
#426=VECTOR('',#425,2.9E0);
#427=CARTESIAN_POINT('',(1.45E0,-3.830864439675E-1,7.713805833250E-1));
#428=LINE('',#427,#426);
#429=CURVE_STYLE('',#43,POSITIVE_LENGTH_MEASURE(2.E-2),#37);
#430=PRESENTATION_STYLE_ASSIGNMENT((#429));
#431=STYLED_ITEM('',(#430),#428);
#432=CARTESIAN_POINT('',(1.45E0,-3.738E-1,6.957485665700E-1));
#433=DIRECTION('',(-1.E0,0.E0,0.E0));
#434=DIRECTION('',(0.E0,-1.E0,0.E0));
#435=AXIS2_PLACEMENT_3D('',#432,#433,#434);
#437=CURVE_STYLE('',#43,POSITIVE_LENGTH_MEASURE(2.E-2),#37);
#438=PRESENTATION_STYLE_ASSIGNMENT((#437));
#439=STYLED_ITEM('',(#438),#436);
#440=DIRECTION('',(-1.E0,0.E0,0.E0));
#441=VECTOR('',#440,2.9E0);
#442=CARTESIAN_POINT('',(1.45E0,-1.5E-1,8.E-1));
#443=LINE('',#442,#441);
#444=CURVE_STYLE('',#43,POSITIVE_LENGTH_MEASURE(2.E-2),#37);
#445=PRESENTATION_STYLE_ASSIGNMENT((#444));
#446=STYLED_ITEM('',(#445),#443);
#447=DIRECTION('',(0.E0,-9.925461516413E-1,-1.218693434051E-1));
#448=VECTOR('',#447,2.348368824785E-1);
#449=CARTESIAN_POINT('',(1.45E0,-1.5E-1,8.E-1));
#450=LINE('',#449,#448);
#451=CURVE_STYLE('',#43,POSITIVE_LENGTH_MEASURE(2.E-2),#37);
#452=PRESENTATION_STYLE_ASSIGNMENT((#451));
#453=STYLED_ITEM('',(#452),#450);
#454=DIRECTION('',(0.E0,1.E0,0.E0));
#455=VECTOR('',#454,1.4E-1);
#456=CARTESIAN_POINT('',(-8.5E-1,-4.5E-1,2.6E-1));
#457=LINE('',#456,#455);
#458=CURVE_STYLE('',#43,POSITIVE_LENGTH_MEASURE(2.E-2),#37);
#459=PRESENTATION_STYLE_ASSIGNMENT((#458));
#460=STYLED_ITEM('',(#459),#457);
#461=DIRECTION('',(0.E0,1.E0,0.E0));
#462=VECTOR('',#461,1.4E-1);
#463=CARTESIAN_POINT('',(8.5E-1,-4.5E-1,2.23E-1));
#464=LINE('',#463,#462);
#465=CURVE_STYLE('',#43,POSITIVE_LENGTH_MEASURE(2.E-2),#37);
#466=PRESENTATION_STYLE_ASSIGNMENT((#465));
#467=STYLED_ITEM('',(#466),#464);
#468=DIRECTION('',(0.E0,1.E0,0.E0));
#469=VECTOR('',#468,1.4E-1);
#470=CARTESIAN_POINT('',(8.5E-1,-4.5E-1,2.6E-1));
#471=LINE('',#470,#469);
#472=CURVE_STYLE('',#43,POSITIVE_LENGTH_MEASURE(2.E-2),#37);
#473=PRESENTATION_STYLE_ASSIGNMENT((#472));
#474=STYLED_ITEM('',(#473),#471);
#475=DIRECTION('',(0.E0,1.E0,0.E0));
#476=VECTOR('',#475,1.4E-1);
#477=CARTESIAN_POINT('',(8.5E-1,-4.5E-1,-1.E-1));
#478=LINE('',#477,#476);
#479=CURVE_STYLE('',#43,POSITIVE_LENGTH_MEASURE(2.E-2),#37);
#480=PRESENTATION_STYLE_ASSIGNMENT((#479));
#481=STYLED_ITEM('',(#480),#478);
#482=DIRECTION('',(0.E0,1.E0,0.E0));
#483=VECTOR('',#482,1.4E-1);
#484=CARTESIAN_POINT('',(8.5E-1,-4.5E-1,7.3E-2));
#485=LINE('',#484,#483);
#486=CURVE_STYLE('',#43,POSITIVE_LENGTH_MEASURE(2.E-2),#37);
#487=PRESENTATION_STYLE_ASSIGNMENT((#486));
#488=STYLED_ITEM('',(#487),#485);
#489=DIRECTION('',(0.E0,1.E0,0.E0));
#490=VECTOR('',#489,1.4E-1);
#491=CARTESIAN_POINT('',(8.5E-1,-4.5E-1,-3.88E-1));
#492=LINE('',#491,#490);
#493=CURVE_STYLE('',#43,POSITIVE_LENGTH_MEASURE(2.E-2),#37);
#494=PRESENTATION_STYLE_ASSIGNMENT((#493));
#495=STYLED_ITEM('',(#494),#492);
#496=DIRECTION('',(0.E0,1.E0,0.E0));
#497=VECTOR('',#496,1.4E-1);
#498=CARTESIAN_POINT('',(8.5E-1,-4.5E-1,-2.5E-1));
#499=LINE('',#498,#497);
#500=CURVE_STYLE('',#43,POSITIVE_LENGTH_MEASURE(2.E-2),#37);
#501=PRESENTATION_STYLE_ASSIGNMENT((#500));
#502=STYLED_ITEM('',(#501),#499);
#503=DIRECTION('',(0.E0,1.E0,0.E0));
#504=VECTOR('',#503,1.4E-1);
#505=CARTESIAN_POINT('',(9.3E-1,-4.5E-1,2.23E-1));
#506=LINE('',#505,#504);
#507=CURVE_STYLE('',#43,POSITIVE_LENGTH_MEASURE(2.E-2),#37);
#508=PRESENTATION_STYLE_ASSIGNMENT((#507));
#509=STYLED_ITEM('',(#508),#506);
#510=DIRECTION('',(0.E0,1.E0,0.E0));
#511=VECTOR('',#510,1.4E-1);
#512=CARTESIAN_POINT('',(9.3E-1,-4.5E-1,7.3E-2));
#513=LINE('',#512,#511);
#514=CURVE_STYLE('',#43,POSITIVE_LENGTH_MEASURE(2.E-2),#37);
#515=PRESENTATION_STYLE_ASSIGNMENT((#514));
#516=STYLED_ITEM('',(#515),#513);
#517=DIRECTION('',(0.E0,0.E0,-1.E0));
#518=VECTOR('',#517,1.38E-1);
#519=CARTESIAN_POINT('',(8.5E-1,-3.1E-1,-2.5E-1));
#520=LINE('',#519,#518);
#521=CURVE_STYLE('',#43,POSITIVE_LENGTH_MEASURE(2.E-2),#37);
#522=PRESENTATION_STYLE_ASSIGNMENT((#521));
#523=STYLED_ITEM('',(#522),#520);
#524=DIRECTION('',(8.953595273489E-1,0.E0,4.453440431683E-1));
#525=VECTOR('',#524,6.422001245718E-1);
#526=CARTESIAN_POINT('',(2.75E-1,-3.1E-1,-6.74E-1));
#527=LINE('',#526,#525);
#528=CURVE_STYLE('',#43,POSITIVE_LENGTH_MEASURE(2.E-2),#37);
#529=PRESENTATION_STYLE_ASSIGNMENT((#528));
#530=STYLED_ITEM('',(#529),#527);
#531=DIRECTION('',(-1.E0,0.E0,0.E0));
#532=VECTOR('',#531,5.5E-1);
#533=CARTESIAN_POINT('',(2.75E-1,-3.1E-1,-6.74E-1));
#534=LINE('',#533,#532);
#535=CURVE_STYLE('',#43,POSITIVE_LENGTH_MEASURE(2.E-2),#37);
#536=PRESENTATION_STYLE_ASSIGNMENT((#535));
#537=STYLED_ITEM('',(#536),#534);
#538=DIRECTION('',(8.953595273489E-1,0.E0,-4.453440431683E-1));
#539=VECTOR('',#538,6.422001245718E-1);
#540=CARTESIAN_POINT('',(-8.5E-1,-3.1E-1,-3.88E-1));
#541=LINE('',#540,#539);
#542=CURVE_STYLE('',#43,POSITIVE_LENGTH_MEASURE(2.E-2),#37);
#543=PRESENTATION_STYLE_ASSIGNMENT((#542));
#544=STYLED_ITEM('',(#543),#541);
#545=DIRECTION('',(0.E0,0.E0,1.E0));
#546=VECTOR('',#545,1.38E-1);
#547=CARTESIAN_POINT('',(-8.5E-1,-3.1E-1,-3.88E-1));
#548=LINE('',#547,#546);
#549=CURVE_STYLE('',#43,POSITIVE_LENGTH_MEASURE(2.E-2),#37);
#550=PRESENTATION_STYLE_ASSIGNMENT((#549));
#551=STYLED_ITEM('',(#550),#548);
#552=DIRECTION('',(-1.E0,0.E0,0.E0));
#553=VECTOR('',#552,8.E-2);
#554=CARTESIAN_POINT('',(-8.5E-1,-3.1E-1,-2.5E-1));
#555=LINE('',#554,#553);
#556=CURVE_STYLE('',#43,POSITIVE_LENGTH_MEASURE(2.E-2),#37);
#557=PRESENTATION_STYLE_ASSIGNMENT((#556));
#558=STYLED_ITEM('',(#557),#555);
#559=DIRECTION('',(0.E0,0.E0,1.E0));
#560=VECTOR('',#559,1.5E-1);
#561=CARTESIAN_POINT('',(-9.3E-1,-3.1E-1,-2.5E-1));
#562=LINE('',#561,#560);
#563=CURVE_STYLE('',#43,POSITIVE_LENGTH_MEASURE(2.E-2),#37);
#564=PRESENTATION_STYLE_ASSIGNMENT((#563));
#565=STYLED_ITEM('',(#564),#562);
#566=DIRECTION('',(1.E0,0.E0,0.E0));
#567=VECTOR('',#566,8.E-2);
#568=CARTESIAN_POINT('',(-9.3E-1,-3.1E-1,-1.E-1));
#569=LINE('',#568,#567);
#570=CURVE_STYLE('',#43,POSITIVE_LENGTH_MEASURE(2.E-2),#37);
#571=PRESENTATION_STYLE_ASSIGNMENT((#570));
#572=STYLED_ITEM('',(#571),#569);
#573=DIRECTION('',(0.E0,0.E0,1.E0));
#574=VECTOR('',#573,1.73E-1);
#575=CARTESIAN_POINT('',(-8.5E-1,-3.1E-1,-1.E-1));
#576=LINE('',#575,#574);
#577=CURVE_STYLE('',#43,POSITIVE_LENGTH_MEASURE(2.E-2),#37);
#578=PRESENTATION_STYLE_ASSIGNMENT((#577));
#579=STYLED_ITEM('',(#578),#576);
#580=DIRECTION('',(-1.E0,0.E0,0.E0));
#581=VECTOR('',#580,8.E-2);
#582=CARTESIAN_POINT('',(-8.5E-1,-3.1E-1,7.3E-2));
#583=LINE('',#582,#581);
#584=CURVE_STYLE('',#43,POSITIVE_LENGTH_MEASURE(2.E-2),#37);
#585=PRESENTATION_STYLE_ASSIGNMENT((#584));
#586=STYLED_ITEM('',(#585),#583);
#587=DIRECTION('',(0.E0,0.E0,1.E0));
#588=VECTOR('',#587,1.5E-1);
#589=CARTESIAN_POINT('',(-9.3E-1,-3.1E-1,7.3E-2));
#590=LINE('',#589,#588);
#591=CURVE_STYLE('',#43,POSITIVE_LENGTH_MEASURE(2.E-2),#37);
#592=PRESENTATION_STYLE_ASSIGNMENT((#591));
#593=STYLED_ITEM('',(#592),#590);
#594=DIRECTION('',(1.E0,0.E0,0.E0));
#595=VECTOR('',#594,8.E-2);
#596=CARTESIAN_POINT('',(-9.3E-1,-3.1E-1,2.23E-1));
#597=LINE('',#596,#595);
#598=CURVE_STYLE('',#43,POSITIVE_LENGTH_MEASURE(2.E-2),#37);
#599=PRESENTATION_STYLE_ASSIGNMENT((#598));
#600=STYLED_ITEM('',(#599),#597);
#601=DIRECTION('',(0.E0,0.E0,1.E0));
#602=VECTOR('',#601,3.7E-2);
#603=CARTESIAN_POINT('',(-8.5E-1,-3.1E-1,2.23E-1));
#604=LINE('',#603,#602);
#605=CURVE_STYLE('',#43,POSITIVE_LENGTH_MEASURE(2.E-2),#37);
#606=PRESENTATION_STYLE_ASSIGNMENT((#605));
#607=STYLED_ITEM('',(#606),#604);
#608=DIRECTION('',(1.E0,0.E0,0.E0));
#609=VECTOR('',#608,1.7E0);
#610=CARTESIAN_POINT('',(-8.5E-1,-3.1E-1,2.6E-1));
#611=LINE('',#610,#609);
#612=CURVE_STYLE('',#43,POSITIVE_LENGTH_MEASURE(2.E-2),#37);
#613=PRESENTATION_STYLE_ASSIGNMENT((#612));
#614=STYLED_ITEM('',(#613),#611);
#615=DIRECTION('',(0.E0,0.E0,-1.E0));
#616=VECTOR('',#615,3.7E-2);
#617=CARTESIAN_POINT('',(8.5E-1,-3.1E-1,2.6E-1));
#618=LINE('',#617,#616);
#619=CURVE_STYLE('',#43,POSITIVE_LENGTH_MEASURE(2.E-2),#37);
#620=PRESENTATION_STYLE_ASSIGNMENT((#619));
#621=STYLED_ITEM('',(#620),#618);
#622=DIRECTION('',(1.E0,0.E0,0.E0));
#623=VECTOR('',#622,8.E-2);
#624=CARTESIAN_POINT('',(8.5E-1,-3.1E-1,2.23E-1));
#625=LINE('',#624,#623);
#626=CURVE_STYLE('',#43,POSITIVE_LENGTH_MEASURE(2.E-2),#37);
#627=PRESENTATION_STYLE_ASSIGNMENT((#626));
#628=STYLED_ITEM('',(#627),#625);
#629=DIRECTION('',(0.E0,0.E0,-1.E0));
#630=VECTOR('',#629,1.5E-1);
#631=CARTESIAN_POINT('',(9.3E-1,-3.1E-1,2.23E-1));
#632=LINE('',#631,#630);
#633=CURVE_STYLE('',#43,POSITIVE_LENGTH_MEASURE(2.E-2),#37);
#634=PRESENTATION_STYLE_ASSIGNMENT((#633));
#635=STYLED_ITEM('',(#634),#632);
#636=DIRECTION('',(-1.E0,0.E0,0.E0));
#637=VECTOR('',#636,8.E-2);
#638=CARTESIAN_POINT('',(9.3E-1,-3.1E-1,7.3E-2));
#639=LINE('',#638,#637);
#640=CURVE_STYLE('',#43,POSITIVE_LENGTH_MEASURE(2.E-2),#37);
#641=PRESENTATION_STYLE_ASSIGNMENT((#640));
#642=STYLED_ITEM('',(#641),#639);
#643=DIRECTION('',(0.E0,0.E0,-1.E0));
#644=VECTOR('',#643,1.73E-1);
#645=CARTESIAN_POINT('',(8.5E-1,-3.1E-1,7.3E-2));
#646=LINE('',#645,#644);
#647=CURVE_STYLE('',#43,POSITIVE_LENGTH_MEASURE(2.E-2),#37);
#648=PRESENTATION_STYLE_ASSIGNMENT((#647));
#649=STYLED_ITEM('',(#648),#646);
#650=DIRECTION('',(1.E0,0.E0,0.E0));
#651=VECTOR('',#650,8.E-2);
#652=CARTESIAN_POINT('',(8.5E-1,-3.1E-1,-1.E-1));
#653=LINE('',#652,#651);
#654=CURVE_STYLE('',#43,POSITIVE_LENGTH_MEASURE(2.E-2),#37);
#655=PRESENTATION_STYLE_ASSIGNMENT((#654));
#656=STYLED_ITEM('',(#655),#653);
#657=DIRECTION('',(0.E0,0.E0,-1.E0));
#658=VECTOR('',#657,1.5E-1);
#659=CARTESIAN_POINT('',(9.3E-1,-3.1E-1,-1.E-1));
#660=LINE('',#659,#658);
#661=CURVE_STYLE('',#43,POSITIVE_LENGTH_MEASURE(2.E-2),#37);
#662=PRESENTATION_STYLE_ASSIGNMENT((#661));
#663=STYLED_ITEM('',(#662),#660);
#664=DIRECTION('',(-1.E0,0.E0,0.E0));
#665=VECTOR('',#664,8.E-2);
#666=CARTESIAN_POINT('',(9.3E-1,-3.1E-1,-2.5E-1));
#667=LINE('',#666,#665);
#668=CURVE_STYLE('',#43,POSITIVE_LENGTH_MEASURE(2.E-2),#37);
#669=PRESENTATION_STYLE_ASSIGNMENT((#668));
#670=STYLED_ITEM('',(#669),#667);
#671=DIRECTION('',(0.E0,1.E0,0.E0));
#672=VECTOR('',#671,1.4E-1);
#673=CARTESIAN_POINT('',(-2.75E-1,-4.5E-1,-6.74E-1));
#674=LINE('',#673,#672);
#675=CURVE_STYLE('',#43,POSITIVE_LENGTH_MEASURE(2.E-2),#37);
#676=PRESENTATION_STYLE_ASSIGNMENT((#675));
#677=STYLED_ITEM('',(#676),#674);
#678=DIRECTION('',(0.E0,1.E0,0.E0));
#679=VECTOR('',#678,1.4E-1);
#680=CARTESIAN_POINT('',(2.75E-1,-4.5E-1,-6.74E-1));
#681=LINE('',#680,#679);
#682=CURVE_STYLE('',#43,POSITIVE_LENGTH_MEASURE(2.E-2),#37);
#683=PRESENTATION_STYLE_ASSIGNMENT((#682));
#684=STYLED_ITEM('',(#683),#681);
#685=DIRECTION('',(0.E0,1.E0,0.E0));
#686=VECTOR('',#685,1.4E-1);
#687=CARTESIAN_POINT('',(-8.5E-1,-4.5E-1,-2.5E-1));
#688=LINE('',#687,#686);
#689=CURVE_STYLE('',#43,POSITIVE_LENGTH_MEASURE(2.E-2),#37);
#690=PRESENTATION_STYLE_ASSIGNMENT((#689));
#691=STYLED_ITEM('',(#690),#688);
#692=DIRECTION('',(0.E0,1.E0,0.E0));
#693=VECTOR('',#692,1.4E-1);
#694=CARTESIAN_POINT('',(-8.5E-1,-4.5E-1,-3.88E-1));
#695=LINE('',#694,#693);
#696=CURVE_STYLE('',#43,POSITIVE_LENGTH_MEASURE(2.E-2),#37);
#697=PRESENTATION_STYLE_ASSIGNMENT((#696));
#698=STYLED_ITEM('',(#697),#695);
#699=DIRECTION('',(0.E0,1.E0,0.E0));
#700=VECTOR('',#699,1.4E-1);
#701=CARTESIAN_POINT('',(-8.5E-1,-4.5E-1,2.23E-1));
#702=LINE('',#701,#700);
#703=CURVE_STYLE('',#43,POSITIVE_LENGTH_MEASURE(2.E-2),#37);
#704=PRESENTATION_STYLE_ASSIGNMENT((#703));
#705=STYLED_ITEM('',(#704),#702);
#706=DIRECTION('',(0.E0,1.E0,0.E0));
#707=VECTOR('',#706,1.4E-1);
#708=CARTESIAN_POINT('',(-8.5E-1,-4.5E-1,7.3E-2));
#709=LINE('',#708,#707);
#710=CURVE_STYLE('',#43,POSITIVE_LENGTH_MEASURE(2.E-2),#37);
#711=PRESENTATION_STYLE_ASSIGNMENT((#710));
#712=STYLED_ITEM('',(#711),#709);
#713=DIRECTION('',(0.E0,1.E0,0.E0));
#714=VECTOR('',#713,1.4E-1);
#715=CARTESIAN_POINT('',(-8.5E-1,-4.5E-1,-1.E-1));
#716=LINE('',#715,#714);
#717=CURVE_STYLE('',#43,POSITIVE_LENGTH_MEASURE(2.E-2),#37);
#718=PRESENTATION_STYLE_ASSIGNMENT((#717));
#719=STYLED_ITEM('',(#718),#716);
#720=DIRECTION('',(0.E0,1.E0,0.E0));
#721=VECTOR('',#720,1.4E-1);
#722=CARTESIAN_POINT('',(-9.3E-1,-4.5E-1,-2.5E-1));
#723=LINE('',#722,#721);
#724=CURVE_STYLE('',#43,POSITIVE_LENGTH_MEASURE(2.E-2),#37);
#725=PRESENTATION_STYLE_ASSIGNMENT((#724));
#726=STYLED_ITEM('',(#725),#723);
#727=DIRECTION('',(0.E0,1.E0,0.E0));
#728=VECTOR('',#727,1.4E-1);
#729=CARTESIAN_POINT('',(-9.3E-1,-4.5E-1,-1.E-1));
#730=LINE('',#729,#728);
#731=CURVE_STYLE('',#43,POSITIVE_LENGTH_MEASURE(2.E-2),#37);
#732=PRESENTATION_STYLE_ASSIGNMENT((#731));
#733=STYLED_ITEM('',(#732),#730);
#734=DIRECTION('',(0.E0,1.E0,0.E0));
#735=VECTOR('',#734,1.4E-1);
#736=CARTESIAN_POINT('',(-9.3E-1,-4.5E-1,2.23E-1));
#737=LINE('',#736,#735);
#738=CURVE_STYLE('',#43,POSITIVE_LENGTH_MEASURE(2.E-2),#37);
#739=PRESENTATION_STYLE_ASSIGNMENT((#738));
#740=STYLED_ITEM('',(#739),#737);
#741=DIRECTION('',(0.E0,1.E0,0.E0));
#742=VECTOR('',#741,1.4E-1);
#743=CARTESIAN_POINT('',(-9.3E-1,-4.5E-1,7.3E-2));
#744=LINE('',#743,#742);
#745=CURVE_STYLE('',#43,POSITIVE_LENGTH_MEASURE(2.E-2),#37);
#746=PRESENTATION_STYLE_ASSIGNMENT((#745));
#747=STYLED_ITEM('',(#746),#744);
#748=DIRECTION('',(0.E0,1.E0,0.E0));
#749=VECTOR('',#748,1.4E-1);
#750=CARTESIAN_POINT('',(9.3E-1,-4.5E-1,-1.E-1));
#751=LINE('',#750,#749);
#752=CURVE_STYLE('',#43,POSITIVE_LENGTH_MEASURE(2.E-2),#37);
#753=PRESENTATION_STYLE_ASSIGNMENT((#752));
#754=STYLED_ITEM('',(#753),#751);
#755=DIRECTION('',(0.E0,1.E0,0.E0));
#756=VECTOR('',#755,1.4E-1);
#757=CARTESIAN_POINT('',(9.3E-1,-4.5E-1,-2.5E-1));
#758=LINE('',#757,#756);
#759=CURVE_STYLE('',#43,POSITIVE_LENGTH_MEASURE(2.E-2),#37);
#760=PRESENTATION_STYLE_ASSIGNMENT((#759));
#761=STYLED_ITEM('',(#760),#758);
#762=CARTESIAN_POINT('',(-1.45E0,0.E0,-8.E-1));
#763=CARTESIAN_POINT('',(1.45E0,0.E0,-8.E-1));
#764=VERTEX_POINT('',#762);
#765=VERTEX_POINT('',#763);
#766=CARTESIAN_POINT('',(-1.45E0,0.E0,8.E-1));
#767=CARTESIAN_POINT('',(1.45E0,0.E0,8.E-1));
#768=VERTEX_POINT('',#766);
#769=VERTEX_POINT('',#767);
#770=CARTESIAN_POINT('',(1.45E0,-1.5E-1,-8.E-1));
#771=CARTESIAN_POINT('',(-1.45E0,-1.5E-1,-8.E-1));
#772=VERTEX_POINT('',#770);
#773=VERTEX_POINT('',#771);
#774=CARTESIAN_POINT('',(1.45E0,-1.5E-1,8.E-1));
#775=CARTESIAN_POINT('',(-1.45E0,-1.5E-1,8.E-1));
#776=VERTEX_POINT('',#774);
#777=VERTEX_POINT('',#775);
#778=CARTESIAN_POINT('',(-1.45E0,6.5E-1,6.527739702539E-1));
#779=CARTESIAN_POINT('',(1.45E0,6.5E-1,6.527739702539E-1));
#780=VERTEX_POINT('',#778);
#781=VERTEX_POINT('',#779);
#782=CARTESIAN_POINT('',(-1.45E0,5.830864439675E-1,7.284059870090E-1));
#783=CARTESIAN_POINT('',(1.45E0,5.830864439675E-1,7.284059870090E-1));
#784=VERTEX_POINT('',#782);
#785=VERTEX_POINT('',#783);
#786=CARTESIAN_POINT('',(1.45E0,6.5E-1,-6.527739702539E-1));
#787=CARTESIAN_POINT('',(-1.45E0,6.5E-1,-6.527739702539E-1));
#788=VERTEX_POINT('',#786);
#789=VERTEX_POINT('',#787);
#790=CARTESIAN_POINT('',(1.45E0,5.830864439675E-1,-7.284059870090E-1));
#791=CARTESIAN_POINT('',(-1.45E0,5.830864439675E-1,-7.284059870090E-1));
#792=VERTEX_POINT('',#790);
#793=VERTEX_POINT('',#791);
#794=CARTESIAN_POINT('',(-1.45E0,-4.5E-1,-6.957485665700E-1));
#795=CARTESIAN_POINT('',(1.45E0,-4.5E-1,-6.957485665700E-1));
#796=VERTEX_POINT('',#794);
#797=VERTEX_POINT('',#795);
#798=CARTESIAN_POINT('',(-1.45E0,-3.830864439675E-1,-7.713805833250E-1));
#799=CARTESIAN_POINT('',(1.45E0,-3.830864439675E-1,-7.713805833250E-1));
#800=VERTEX_POINT('',#798);
#801=VERTEX_POINT('',#799);
#802=CARTESIAN_POINT('',(1.45E0,-4.5E-1,6.957485665700E-1));
#803=CARTESIAN_POINT('',(-1.45E0,-4.5E-1,6.957485665700E-1));
#804=VERTEX_POINT('',#802);
#805=VERTEX_POINT('',#803);
#806=CARTESIAN_POINT('',(1.45E0,-3.830864439675E-1,7.713805833250E-1));
#807=CARTESIAN_POINT('',(-1.45E0,-3.830864439675E-1,7.713805833250E-1));
#808=VERTEX_POINT('',#806);
#809=VERTEX_POINT('',#807);
#810=CARTESIAN_POINT('',(-8.5E-1,-3.1E-1,2.6E-1));
#811=CARTESIAN_POINT('',(8.5E-1,-3.1E-1,2.6E-1));
#812=VERTEX_POINT('',#810);
#813=VERTEX_POINT('',#811);
#814=CARTESIAN_POINT('',(-8.5E-1,-4.5E-1,2.6E-1));
#815=CARTESIAN_POINT('',(8.5E-1,-4.5E-1,2.6E-1));
#816=VERTEX_POINT('',#814);
#817=VERTEX_POINT('',#815);
#818=CARTESIAN_POINT('',(8.5E-1,-4.5E-1,2.23E-1));
#819=VERTEX_POINT('',#818);
#820=CARTESIAN_POINT('',(2.75E-1,-4.5E-1,-6.74E-1));
#821=CARTESIAN_POINT('',(-2.75E-1,-4.5E-1,-6.74E-1));
#822=VERTEX_POINT('',#820);
#823=VERTEX_POINT('',#821);
#824=CARTESIAN_POINT('',(-8.5E-1,-4.5E-1,-3.88E-1));
#825=CARTESIAN_POINT('',(-8.5E-1,-4.5E-1,-2.5E-1));
#826=VERTEX_POINT('',#824);
#827=VERTEX_POINT('',#825);
#828=CARTESIAN_POINT('',(2.75E-1,-3.1E-1,-6.74E-1));
#829=CARTESIAN_POINT('',(-2.75E-1,-3.1E-1,-6.74E-1));
#830=VERTEX_POINT('',#828);
#831=VERTEX_POINT('',#829);
#832=CARTESIAN_POINT('',(-9.3E-1,-3.1E-1,7.3E-2));
#833=CARTESIAN_POINT('',(-9.3E-1,-3.1E-1,2.23E-1));
#834=VERTEX_POINT('',#832);
#835=VERTEX_POINT('',#833);
#836=CARTESIAN_POINT('',(-9.3E-1,-3.1E-1,-2.5E-1));
#837=CARTESIAN_POINT('',(-9.3E-1,-3.1E-1,-1.E-1));
#838=VERTEX_POINT('',#836);
#839=VERTEX_POINT('',#837);
#840=CARTESIAN_POINT('',(9.3E-1,-3.1E-1,2.23E-1));
#841=CARTESIAN_POINT('',(9.3E-1,-3.1E-1,7.3E-2));
#842=VERTEX_POINT('',#840);
#843=VERTEX_POINT('',#841);
#844=CARTESIAN_POINT('',(9.3E-1,-3.1E-1,-1.E-1));
#845=CARTESIAN_POINT('',(9.3E-1,-3.1E-1,-2.5E-1));
#846=VERTEX_POINT('',#844);
#847=VERTEX_POINT('',#845);
#848=CARTESIAN_POINT('',(8.5E-1,-3.1E-1,2.23E-1));
#849=VERTEX_POINT('',#848);
#850=CARTESIAN_POINT('',(8.5E-1,-3.1E-1,7.3E-2));
#851=CARTESIAN_POINT('',(8.5E-1,-3.1E-1,-1.E-1));
#852=VERTEX_POINT('',#850);
#853=VERTEX_POINT('',#851);
#854=CARTESIAN_POINT('',(8.5E-1,-3.1E-1,-2.5E-1));
#855=CARTESIAN_POINT('',(8.5E-1,-3.1E-1,-3.88E-1));
#856=VERTEX_POINT('',#854);
#857=VERTEX_POINT('',#855);
#858=CARTESIAN_POINT('',(-8.5E-1,-3.1E-1,-3.88E-1));
#859=CARTESIAN_POINT('',(-8.5E-1,-3.1E-1,-2.5E-1));
#860=VERTEX_POINT('',#858);
#861=VERTEX_POINT('',#859);
#862=CARTESIAN_POINT('',(-8.5E-1,-3.1E-1,-1.E-1));
#863=CARTESIAN_POINT('',(-8.5E-1,-3.1E-1,7.3E-2));
#864=VERTEX_POINT('',#862);
#865=VERTEX_POINT('',#863);
#866=CARTESIAN_POINT('',(-8.5E-1,-3.1E-1,2.23E-1));
#867=VERTEX_POINT('',#866);
#868=CARTESIAN_POINT('',(8.5E-1,-4.5E-1,7.3E-2));
#869=CARTESIAN_POINT('',(8.5E-1,-4.5E-1,-1.E-1));
#870=VERTEX_POINT('',#868);
#871=VERTEX_POINT('',#869);
#872=CARTESIAN_POINT('',(8.5E-1,-4.5E-1,-2.5E-1));
#873=CARTESIAN_POINT('',(8.5E-1,-4.5E-1,-3.88E-1));
#874=VERTEX_POINT('',#872);
#875=VERTEX_POINT('',#873);
#876=CARTESIAN_POINT('',(-8.5E-1,-4.5E-1,-1.E-1));
#877=CARTESIAN_POINT('',(-8.5E-1,-4.5E-1,7.3E-2));
#878=VERTEX_POINT('',#876);
#879=VERTEX_POINT('',#877);
#880=CARTESIAN_POINT('',(-8.5E-1,-4.5E-1,2.23E-1));
#881=VERTEX_POINT('',#880);
#882=CARTESIAN_POINT('',(-9.3E-1,-4.5E-1,7.3E-2));
#883=VERTEX_POINT('',#882);
#884=CARTESIAN_POINT('',(-9.3E-1,-4.5E-1,2.23E-1));
#885=VERTEX_POINT('',#884);
#886=CARTESIAN_POINT('',(-9.3E-1,-4.5E-1,-2.5E-1));
#887=VERTEX_POINT('',#886);
#888=CARTESIAN_POINT('',(-9.3E-1,-4.5E-1,-1.E-1));
#889=VERTEX_POINT('',#888);
#890=CARTESIAN_POINT('',(9.3E-1,-4.5E-1,2.23E-1));
#891=VERTEX_POINT('',#890);
#892=CARTESIAN_POINT('',(9.3E-1,-4.5E-1,7.3E-2));
#893=VERTEX_POINT('',#892);
#894=CARTESIAN_POINT('',(9.3E-1,-4.5E-1,-1.E-1));
#895=VERTEX_POINT('',#894);
#896=CARTESIAN_POINT('',(9.3E-1,-4.5E-1,-2.5E-1));
#897=VERTEX_POINT('',#896);
#898=CARTESIAN_POINT('',(0.E0,6.5E-1,0.E0));
#899=DIRECTION('',(0.E0,1.E0,0.E0));
#900=DIRECTION('',(1.E0,0.E0,0.E0));
#901=AXIS2_PLACEMENT_3D('',#898,#899,#900);
#902=PLANE('',#901);
#904=ORIENTED_EDGE('',*,*,#903,.F.);
#906=ORIENTED_EDGE('',*,*,#905,.F.);
#908=ORIENTED_EDGE('',*,*,#907,.F.);
#910=ORIENTED_EDGE('',*,*,#909,.F.);
#911=EDGE_LOOP('',(#904,#906,#908,#910));
#912=FACE_OUTER_BOUND('',#911,.F.);
#913=ADVANCED_FACE('',(#912),#902,.T.);
#914=CARTESIAN_POINT('',(-1.45E0,0.E0,-8.E-1));
#915=DIRECTION('',(-1.E0,0.E0,0.E0));
#916=DIRECTION('',(0.E0,0.E0,1.E0));
#917=AXIS2_PLACEMENT_3D('',#914,#915,#916);
#918=PLANE('',#917);
#920=ORIENTED_EDGE('',*,*,#919,.T.);
#922=ORIENTED_EDGE('',*,*,#921,.T.);
#924=ORIENTED_EDGE('',*,*,#923,.F.);
#926=ORIENTED_EDGE('',*,*,#925,.T.);
#928=ORIENTED_EDGE('',*,*,#927,.T.);
#930=ORIENTED_EDGE('',*,*,#929,.F.);
#932=ORIENTED_EDGE('',*,*,#931,.F.);
#934=ORIENTED_EDGE('',*,*,#933,.T.);
#936=ORIENTED_EDGE('',*,*,#935,.F.);
#937=ORIENTED_EDGE('',*,*,#903,.T.);
#939=ORIENTED_EDGE('',*,*,#938,.T.);
#941=ORIENTED_EDGE('',*,*,#940,.F.);
#942=EDGE_LOOP('',(#920,#922,#924,#926,#928,#930,#932,#934,#936,#937,#939,
#941));
#943=FACE_OUTER_BOUND('',#942,.F.);
#944=ADVANCED_FACE('',(#943),#918,.T.);
#945=CARTESIAN_POINT('',(-1.45E0,0.E0,8.E-1));
#946=DIRECTION('',(0.E0,0.E0,1.E0));
#947=DIRECTION('',(1.E0,0.E0,0.E0));
#948=AXIS2_PLACEMENT_3D('',#945,#946,#947);
#949=PLANE('',#948);
#951=ORIENTED_EDGE('',*,*,#950,.T.);
#953=ORIENTED_EDGE('',*,*,#952,.T.);
#955=ORIENTED_EDGE('',*,*,#954,.T.);
#956=ORIENTED_EDGE('',*,*,#919,.F.);
#957=EDGE_LOOP('',(#951,#953,#955,#956));
#958=FACE_OUTER_BOUND('',#957,.F.);
#959=ADVANCED_FACE('',(#958),#949,.T.);
#960=CARTESIAN_POINT('',(-1.45E0,0.E0,8.E-1));
#961=DIRECTION('',(0.E0,1.218693434051E-1,9.925461516413E-1));
#962=DIRECTION('',(1.E0,0.E0,0.E0));
#963=AXIS2_PLACEMENT_3D('',#960,#961,#962);
#964=PLANE('',#963);
#965=ORIENTED_EDGE('',*,*,#950,.F.);
#966=ORIENTED_EDGE('',*,*,#940,.T.);
#968=ORIENTED_EDGE('',*,*,#967,.T.);
#970=ORIENTED_EDGE('',*,*,#969,.F.);
#971=EDGE_LOOP('',(#965,#966,#968,#970));
#972=FACE_OUTER_BOUND('',#971,.F.);
#973=ADVANCED_FACE('',(#972),#964,.T.);
#974=CARTESIAN_POINT('',(-1.45E0,5.738E-1,6.527739702539E-1));
#975=DIRECTION('',(1.E0,0.E0,0.E0));
#976=DIRECTION('',(0.E0,1.E0,0.E0));
#977=AXIS2_PLACEMENT_3D('',#974,#975,#976);
#978=CYLINDRICAL_SURFACE('',#977,7.62E-2);
#979=ORIENTED_EDGE('',*,*,#909,.T.);
#981=ORIENTED_EDGE('',*,*,#980,.T.);
#982=ORIENTED_EDGE('',*,*,#967,.F.);
#983=ORIENTED_EDGE('',*,*,#938,.F.);
#984=EDGE_LOOP('',(#979,#981,#982,#983));
#985=FACE_OUTER_BOUND('',#984,.F.);
#986=ADVANCED_FACE('',(#985),#978,.T.);
#987=CARTESIAN_POINT('',(1.45E0,0.E0,8.E-1));
#988=DIRECTION('',(1.E0,0.E0,0.E0));
#989=DIRECTION('',(0.E0,0.E0,-1.E0));
#990=AXIS2_PLACEMENT_3D('',#987,#988,#989);
#991=PLANE('',#990);
#993=ORIENTED_EDGE('',*,*,#992,.T.);
#995=ORIENTED_EDGE('',*,*,#994,.T.);
#997=ORIENTED_EDGE('',*,*,#996,.F.);
#999=ORIENTED_EDGE('',*,*,#998,.T.);
#1001=ORIENTED_EDGE('',*,*,#1000,.T.);
#1003=ORIENTED_EDGE('',*,*,#1002,.F.);
#1004=ORIENTED_EDGE('',*,*,#952,.F.);
#1005=ORIENTED_EDGE('',*,*,#969,.T.);
#1006=ORIENTED_EDGE('',*,*,#980,.F.);
#1007=ORIENTED_EDGE('',*,*,#907,.T.);
#1009=ORIENTED_EDGE('',*,*,#1008,.T.);
#1011=ORIENTED_EDGE('',*,*,#1010,.F.);
#1012=EDGE_LOOP('',(#993,#995,#997,#999,#1001,#1003,#1004,#1005,#1006,#1007,
#1009,#1011));
#1013=FACE_OUTER_BOUND('',#1012,.F.);
#1014=ADVANCED_FACE('',(#1013),#991,.T.);
#1015=CARTESIAN_POINT('',(1.45E0,0.E0,-8.E-1));
#1016=DIRECTION('',(0.E0,0.E0,-1.E0));
#1017=DIRECTION('',(-1.E0,0.E0,0.E0));
#1018=AXIS2_PLACEMENT_3D('',#1015,#1016,#1017);
#1019=PLANE('',#1018);
#1021=ORIENTED_EDGE('',*,*,#1020,.F.);
#1022=ORIENTED_EDGE('',*,*,#931,.T.);
#1024=ORIENTED_EDGE('',*,*,#1023,.F.);
#1025=ORIENTED_EDGE('',*,*,#992,.F.);
#1026=EDGE_LOOP('',(#1021,#1022,#1024,#1025));
#1027=FACE_OUTER_BOUND('',#1026,.F.);
#1028=ADVANCED_FACE('',(#1027),#1019,.T.);
#1029=CARTESIAN_POINT('',(1.45E0,0.E0,-8.E-1));
#1030=DIRECTION('',(0.E0,1.218693434051E-1,-9.925461516413E-1));
#1031=DIRECTION('',(-1.E0,0.E0,0.E0));
#1032=AXIS2_PLACEMENT_3D('',#1029,#1030,#1031);
#1033=PLANE('',#1032);
#1034=ORIENTED_EDGE('',*,*,#1020,.T.);
#1035=ORIENTED_EDGE('',*,*,#1010,.T.);
#1037=ORIENTED_EDGE('',*,*,#1036,.T.);
#1038=ORIENTED_EDGE('',*,*,#933,.F.);
#1039=EDGE_LOOP('',(#1034,#1035,#1037,#1038));
#1040=FACE_OUTER_BOUND('',#1039,.F.);
#1041=ADVANCED_FACE('',(#1040),#1033,.T.);
#1042=CARTESIAN_POINT('',(1.45E0,5.738E-1,-6.527739702539E-1));
#1043=DIRECTION('',(-1.E0,0.E0,0.E0));
#1044=DIRECTION('',(0.E0,1.E0,0.E0));
#1045=AXIS2_PLACEMENT_3D('',#1042,#1043,#1044);
#1046=CYLINDRICAL_SURFACE('',#1045,7.62E-2);
#1047=ORIENTED_EDGE('',*,*,#905,.T.);
#1048=ORIENTED_EDGE('',*,*,#935,.T.);
#1049=ORIENTED_EDGE('',*,*,#1036,.F.);
#1050=ORIENTED_EDGE('',*,*,#1008,.F.);
#1051=EDGE_LOOP('',(#1047,#1048,#1049,#1050));
#1052=FACE_OUTER_BOUND('',#1051,.F.);
#1053=ADVANCED_FACE('',(#1052),#1046,.T.);
#1054=CARTESIAN_POINT('',(-1.45E0,-1.5E-1,-8.E-1));
#1055=DIRECTION('',(0.E0,-1.218693434051E-1,-9.925461516413E-1));
#1056=DIRECTION('',(1.E0,0.E0,0.E0));
#1057=AXIS2_PLACEMENT_3D('',#1054,#1055,#1056);
#1058=PLANE('',#1057);
#1059=ORIENTED_EDGE('',*,*,#1023,.T.);
#1060=ORIENTED_EDGE('',*,*,#929,.T.);
#1062=ORIENTED_EDGE('',*,*,#1061,.T.);
#1063=ORIENTED_EDGE('',*,*,#994,.F.);
#1064=EDGE_LOOP('',(#1059,#1060,#1062,#1063));
#1065=FACE_OUTER_BOUND('',#1064,.F.);
#1066=ADVANCED_FACE('',(#1065),#1058,.T.);
#1067=CARTESIAN_POINT('',(-1.45E0,-3.738E-1,-6.957485665700E-1));
#1068=DIRECTION('',(1.E0,0.E0,0.E0));
#1069=DIRECTION('',(0.E0,-1.E0,0.E0));
#1070=AXIS2_PLACEMENT_3D('',#1067,#1068,#1069);
#1071=CYLINDRICAL_SURFACE('',#1070,7.62E-2);
#1073=ORIENTED_EDGE('',*,*,#1072,.T.);
#1074=ORIENTED_EDGE('',*,*,#996,.T.);
#1075=ORIENTED_EDGE('',*,*,#1061,.F.);
#1076=ORIENTED_EDGE('',*,*,#927,.F.);
#1077=EDGE_LOOP('',(#1073,#1074,#1075,#1076));
#1078=FACE_OUTER_BOUND('',#1077,.F.);
#1079=ADVANCED_FACE('',(#1078),#1071,.T.);
#1080=CARTESIAN_POINT('',(0.E0,-4.5E-1,0.E0));
#1081=DIRECTION('',(0.E0,-1.E0,0.E0));
#1082=DIRECTION('',(-1.E0,0.E0,0.E0));
#1083=AXIS2_PLACEMENT_3D('',#1080,#1081,#1082);
#1084=PLANE('',#1083);
#1085=ORIENTED_EDGE('',*,*,#998,.F.);
#1086=ORIENTED_EDGE('',*,*,#1072,.F.);
#1087=ORIENTED_EDGE('',*,*,#925,.F.);
#1089=ORIENTED_EDGE('',*,*,#1088,.F.);
#1090=EDGE_LOOP('',(#1085,#1086,#1087,#1089));
#1091=FACE_OUTER_BOUND('',#1090,.F.);
#1093=ORIENTED_EDGE('',*,*,#1092,.F.);
#1095=ORIENTED_EDGE('',*,*,#1094,.F.);
#1097=ORIENTED_EDGE('',*,*,#1096,.F.);
#1099=ORIENTED_EDGE('',*,*,#1098,.F.);
#1101=ORIENTED_EDGE('',*,*,#1100,.F.);
#1103=ORIENTED_EDGE('',*,*,#1102,.F.);
#1105=ORIENTED_EDGE('',*,*,#1104,.F.);
#1107=ORIENTED_EDGE('',*,*,#1106,.F.);
#1109=ORIENTED_EDGE('',*,*,#1108,.F.);
#1111=ORIENTED_EDGE('',*,*,#1110,.F.);
#1113=ORIENTED_EDGE('',*,*,#1112,.T.);
#1115=ORIENTED_EDGE('',*,*,#1114,.F.);
#1117=ORIENTED_EDGE('',*,*,#1116,.T.);
#1119=ORIENTED_EDGE('',*,*,#1118,.F.);
#1121=ORIENTED_EDGE('',*,*,#1120,.F.);
#1123=ORIENTED_EDGE('',*,*,#1122,.F.);
#1125=ORIENTED_EDGE('',*,*,#1124,.F.);
#1127=ORIENTED_EDGE('',*,*,#1126,.F.);
#1129=ORIENTED_EDGE('',*,*,#1128,.F.);
#1131=ORIENTED_EDGE('',*,*,#1130,.F.);
#1133=ORIENTED_EDGE('',*,*,#1132,.F.);
#1135=ORIENTED_EDGE('',*,*,#1134,.F.);
#1136=EDGE_LOOP('',(#1093,#1095,#1097,#1099,#1101,#1103,#1105,#1107,#1109,#1111,
#1113,#1115,#1117,#1119,#1121,#1123,#1125,#1127,#1129,#1131,#1133,#1135));
#1137=FACE_BOUND('',#1136,.F.);
#1138=ADVANCED_FACE('',(#1091,#1137),#1084,.T.);
#1139=CARTESIAN_POINT('',(1.45E0,-3.738E-1,6.957485665700E-1));
#1140=DIRECTION('',(-1.E0,0.E0,0.E0));
#1141=DIRECTION('',(0.E0,-1.E0,0.E0));
#1142=AXIS2_PLACEMENT_3D('',#1139,#1140,#1141);
#1143=CYLINDRICAL_SURFACE('',#1142,7.62E-2);
#1144=ORIENTED_EDGE('',*,*,#1088,.T.);
#1145=ORIENTED_EDGE('',*,*,#923,.T.);
#1147=ORIENTED_EDGE('',*,*,#1146,.F.);
#1148=ORIENTED_EDGE('',*,*,#1000,.F.);
#1149=EDGE_LOOP('',(#1144,#1145,#1147,#1148));
#1150=FACE_OUTER_BOUND('',#1149,.F.);
#1151=ADVANCED_FACE('',(#1150),#1143,.T.);
#1152=CARTESIAN_POINT('',(1.45E0,-1.5E-1,8.E-1));
#1153=DIRECTION('',(0.E0,-1.218693434051E-1,9.925461516413E-1));
#1154=DIRECTION('',(-1.E0,0.E0,0.E0));
#1155=AXIS2_PLACEMENT_3D('',#1152,#1153,#1154);
#1156=PLANE('',#1155);
#1157=ORIENTED_EDGE('',*,*,#954,.F.);
#1158=ORIENTED_EDGE('',*,*,#1002,.T.);
#1159=ORIENTED_EDGE('',*,*,#1146,.T.);
#1160=ORIENTED_EDGE('',*,*,#921,.F.);
#1161=EDGE_LOOP('',(#1157,#1158,#1159,#1160));
#1162=FACE_OUTER_BOUND('',#1161,.F.);
#1163=ADVANCED_FACE('',(#1162),#1156,.T.);
#1164=CARTESIAN_POINT('',(-8.5E-1,-4.5E-1,2.6E-1));
#1165=DIRECTION('',(0.E0,0.E0,1.E0));
#1166=DIRECTION('',(1.E0,0.E0,0.E0));
#1167=AXIS2_PLACEMENT_3D('',#1164,#1165,#1166);
#1168=PLANE('',#1167);
#1169=ORIENTED_EDGE('',*,*,#1092,.T.);
#1171=ORIENTED_EDGE('',*,*,#1170,.T.);
#1173=ORIENTED_EDGE('',*,*,#1172,.F.);
#1175=ORIENTED_EDGE('',*,*,#1174,.F.);
#1176=EDGE_LOOP('',(#1169,#1171,#1173,#1175));
#1177=FACE_OUTER_BOUND('',#1176,.F.);
#1178=ADVANCED_FACE('',(#1177),#1168,.F.);
#1179=CARTESIAN_POINT('',(8.5E-1,-4.5E-1,2.6E-1));
#1180=DIRECTION('',(1.E0,0.E0,0.E0));
#1181=DIRECTION('',(0.E0,0.E0,-1.E0));
#1182=AXIS2_PLACEMENT_3D('',#1179,#1180,#1181);
#1183=PLANE('',#1182);
#1184=ORIENTED_EDGE('',*,*,#1134,.T.);
#1186=ORIENTED_EDGE('',*,*,#1185,.T.);
#1188=ORIENTED_EDGE('',*,*,#1187,.F.);
#1189=ORIENTED_EDGE('',*,*,#1170,.F.);
#1190=EDGE_LOOP('',(#1184,#1186,#1188,#1189));
#1191=FACE_OUTER_BOUND('',#1190,.F.);
#1192=ADVANCED_FACE('',(#1191),#1183,.F.);
#1193=CARTESIAN_POINT('',(8.5E-1,-4.5E-1,2.6E-1));
#1194=DIRECTION('',(1.E0,0.E0,0.E0));
#1195=DIRECTION('',(0.E0,0.E0,-1.E0));
#1196=AXIS2_PLACEMENT_3D('',#1193,#1194,#1195);
#1197=PLANE('',#1196);
#1198=ORIENTED_EDGE('',*,*,#1126,.T.);
#1200=ORIENTED_EDGE('',*,*,#1199,.T.);
#1202=ORIENTED_EDGE('',*,*,#1201,.F.);
#1204=ORIENTED_EDGE('',*,*,#1203,.F.);
#1205=EDGE_LOOP('',(#1198,#1200,#1202,#1204));
#1206=FACE_OUTER_BOUND('',#1205,.F.);
#1207=ADVANCED_FACE('',(#1206),#1197,.F.);
#1208=CARTESIAN_POINT('',(8.5E-1,-4.5E-1,2.6E-1));
#1209=DIRECTION('',(1.E0,0.E0,0.E0));
#1210=DIRECTION('',(0.E0,0.E0,-1.E0));
#1211=AXIS2_PLACEMENT_3D('',#1208,#1209,#1210);
#1212=PLANE('',#1211);
#1213=ORIENTED_EDGE('',*,*,#1118,.T.);
#1215=ORIENTED_EDGE('',*,*,#1214,.T.);
#1217=ORIENTED_EDGE('',*,*,#1216,.F.);
#1219=ORIENTED_EDGE('',*,*,#1218,.F.);
#1220=EDGE_LOOP('',(#1213,#1215,#1217,#1219));
#1221=FACE_OUTER_BOUND('',#1220,.F.);
#1222=ADVANCED_FACE('',(#1221),#1212,.F.);
#1223=CARTESIAN_POINT('',(8.5E-1,-4.5E-1,2.23E-1));
#1224=DIRECTION('',(0.E0,0.E0,1.E0));
#1225=DIRECTION('',(1.E0,0.E0,0.E0));
#1226=AXIS2_PLACEMENT_3D('',#1223,#1224,#1225);
#1227=PLANE('',#1226);
#1228=ORIENTED_EDGE('',*,*,#1132,.T.);
#1230=ORIENTED_EDGE('',*,*,#1229,.T.);
#1232=ORIENTED_EDGE('',*,*,#1231,.F.);
#1233=ORIENTED_EDGE('',*,*,#1185,.F.);
#1234=EDGE_LOOP('',(#1228,#1230,#1232,#1233));
#1235=FACE_OUTER_BOUND('',#1234,.F.);
#1236=ADVANCED_FACE('',(#1235),#1227,.F.);
#1237=CARTESIAN_POINT('',(9.3E-1,-4.5E-1,2.23E-1));
#1238=DIRECTION('',(1.E0,0.E0,0.E0));
#1239=DIRECTION('',(0.E0,0.E0,-1.E0));
#1240=AXIS2_PLACEMENT_3D('',#1237,#1238,#1239);
#1241=PLANE('',#1240);
#1242=ORIENTED_EDGE('',*,*,#1130,.T.);
#1244=ORIENTED_EDGE('',*,*,#1243,.T.);
#1246=ORIENTED_EDGE('',*,*,#1245,.F.);
#1247=ORIENTED_EDGE('',*,*,#1229,.F.);
#1248=EDGE_LOOP('',(#1242,#1244,#1246,#1247));
#1249=FACE_OUTER_BOUND('',#1248,.F.);
#1250=ADVANCED_FACE('',(#1249),#1241,.F.);
#1251=CARTESIAN_POINT('',(9.3E-1,-4.5E-1,7.3E-2));
#1252=DIRECTION('',(0.E0,0.E0,-1.E0));
#1253=DIRECTION('',(-1.E0,0.E0,0.E0));
#1254=AXIS2_PLACEMENT_3D('',#1251,#1252,#1253);
#1255=PLANE('',#1254);
#1256=ORIENTED_EDGE('',*,*,#1128,.T.);
#1257=ORIENTED_EDGE('',*,*,#1203,.T.);
#1259=ORIENTED_EDGE('',*,*,#1258,.F.);
#1260=ORIENTED_EDGE('',*,*,#1243,.F.);
#1261=EDGE_LOOP('',(#1256,#1257,#1259,#1260));
#1262=FACE_OUTER_BOUND('',#1261,.F.);
#1263=ADVANCED_FACE('',(#1262),#1255,.F.);
#1264=CARTESIAN_POINT('',(0.E0,-3.1E-1,-2.07E-1));
#1265=DIRECTION('',(0.E0,1.E0,0.E0));
#1266=DIRECTION('',(0.E0,0.E0,-1.E0));
#1267=AXIS2_PLACEMENT_3D('',#1264,#1265,#1266);
#1268=PLANE('',#1267);
#1269=ORIENTED_EDGE('',*,*,#1216,.T.);
#1271=ORIENTED_EDGE('',*,*,#1270,.F.);
#1273=ORIENTED_EDGE('',*,*,#1272,.T.);
#1275=ORIENTED_EDGE('',*,*,#1274,.F.);
#1277=ORIENTED_EDGE('',*,*,#1276,.T.);
#1279=ORIENTED_EDGE('',*,*,#1278,.T.);
#1281=ORIENTED_EDGE('',*,*,#1280,.T.);
#1283=ORIENTED_EDGE('',*,*,#1282,.T.);
#1285=ORIENTED_EDGE('',*,*,#1284,.T.);
#1287=ORIENTED_EDGE('',*,*,#1286,.T.);
#1289=ORIENTED_EDGE('',*,*,#1288,.T.);
#1291=ORIENTED_EDGE('',*,*,#1290,.T.);
#1293=ORIENTED_EDGE('',*,*,#1292,.T.);
#1294=ORIENTED_EDGE('',*,*,#1172,.T.);
#1295=ORIENTED_EDGE('',*,*,#1187,.T.);
#1296=ORIENTED_EDGE('',*,*,#1231,.T.);
#1297=ORIENTED_EDGE('',*,*,#1245,.T.);
#1298=ORIENTED_EDGE('',*,*,#1258,.T.);
#1299=ORIENTED_EDGE('',*,*,#1201,.T.);
#1301=ORIENTED_EDGE('',*,*,#1300,.T.);
#1303=ORIENTED_EDGE('',*,*,#1302,.T.);
#1305=ORIENTED_EDGE('',*,*,#1304,.T.);
#1306=EDGE_LOOP('',(#1269,#1271,#1273,#1275,#1277,#1279,#1281,#1283,#1285,#1287,
#1289,#1291,#1293,#1294,#1295,#1296,#1297,#1298,#1299,#1301,#1303,#1305));
#1307=FACE_OUTER_BOUND('',#1306,.F.);
#1308=ADVANCED_FACE('',(#1307),#1268,.F.);
#1309=CARTESIAN_POINT('',(2.75E-1,-4.5E-1,-6.74E-1));
#1310=DIRECTION('',(-4.453440431683E-1,0.E0,8.953595273489E-1));
#1311=DIRECTION('',(8.953595273489E-1,0.E0,4.453440431683E-1));
#1312=AXIS2_PLACEMENT_3D('',#1309,#1310,#1311);
#1313=PLANE('',#1312);
#1314=ORIENTED_EDGE('',*,*,#1116,.F.);
#1316=ORIENTED_EDGE('',*,*,#1315,.T.);
#1317=ORIENTED_EDGE('',*,*,#1270,.T.);
#1318=ORIENTED_EDGE('',*,*,#1214,.F.);
#1319=EDGE_LOOP('',(#1314,#1316,#1317,#1318));
#1320=FACE_OUTER_BOUND('',#1319,.F.);
#1321=ADVANCED_FACE('',(#1320),#1313,.T.);
#1322=CARTESIAN_POINT('',(8.5E-1,-4.5E-1,-6.74E-1));
#1323=DIRECTION('',(0.E0,0.E0,-1.E0));
#1324=DIRECTION('',(-1.E0,0.E0,0.E0));
#1325=AXIS2_PLACEMENT_3D('',#1322,#1323,#1324);
#1326=PLANE('',#1325);
#1327=ORIENTED_EDGE('',*,*,#1114,.T.);
#1329=ORIENTED_EDGE('',*,*,#1328,.T.);
#1330=ORIENTED_EDGE('',*,*,#1272,.F.);
#1331=ORIENTED_EDGE('',*,*,#1315,.F.);
#1332=EDGE_LOOP('',(#1327,#1329,#1330,#1331));
#1333=FACE_OUTER_BOUND('',#1332,.F.);
#1334=ADVANCED_FACE('',(#1333),#1326,.F.);
#1335=CARTESIAN_POINT('',(-8.5E-1,-4.5E-1,-3.88E-1));
#1336=DIRECTION('',(4.453440431683E-1,0.E0,8.953595273489E-1));
#1337=DIRECTION('',(8.953595273489E-1,0.E0,-4.453440431683E-1));
#1338=AXIS2_PLACEMENT_3D('',#1335,#1336,#1337);
#1339=PLANE('',#1338);
#1340=ORIENTED_EDGE('',*,*,#1112,.F.);
#1342=ORIENTED_EDGE('',*,*,#1341,.T.);
#1343=ORIENTED_EDGE('',*,*,#1274,.T.);
#1344=ORIENTED_EDGE('',*,*,#1328,.F.);
#1345=EDGE_LOOP('',(#1340,#1342,#1343,#1344));
#1346=FACE_OUTER_BOUND('',#1345,.F.);
#1347=ADVANCED_FACE('',(#1346),#1339,.T.);
#1348=CARTESIAN_POINT('',(-8.5E-1,-4.5E-1,-6.74E-1));
#1349=DIRECTION('',(-1.E0,0.E0,0.E0));
#1350=DIRECTION('',(0.E0,0.E0,1.E0));
#1351=AXIS2_PLACEMENT_3D('',#1348,#1349,#1350);
#1352=PLANE('',#1351);
#1353=ORIENTED_EDGE('',*,*,#1110,.T.);
#1355=ORIENTED_EDGE('',*,*,#1354,.T.);
#1356=ORIENTED_EDGE('',*,*,#1276,.F.);
#1357=ORIENTED_EDGE('',*,*,#1341,.F.);
#1358=EDGE_LOOP('',(#1353,#1355,#1356,#1357));
#1359=FACE_OUTER_BOUND('',#1358,.F.);
#1360=ADVANCED_FACE('',(#1359),#1352,.F.);
#1361=CARTESIAN_POINT('',(-8.5E-1,-4.5E-1,-6.74E-1));
#1362=DIRECTION('',(-1.E0,0.E0,0.E0));
#1363=DIRECTION('',(0.E0,0.E0,1.E0));
#1364=AXIS2_PLACEMENT_3D('',#1361,#1362,#1363);
#1365=PLANE('',#1364);
#1366=ORIENTED_EDGE('',*,*,#1174,.T.);
#1367=ORIENTED_EDGE('',*,*,#1292,.F.);
#1369=ORIENTED_EDGE('',*,*,#1368,.F.);
#1370=ORIENTED_EDGE('',*,*,#1094,.T.);
#1371=EDGE_LOOP('',(#1366,#1367,#1369,#1370));
#1372=FACE_OUTER_BOUND('',#1371,.F.);
#1373=ADVANCED_FACE('',(#1372),#1365,.F.);
#1374=CARTESIAN_POINT('',(-8.5E-1,-4.5E-1,-6.74E-1));
#1375=DIRECTION('',(-1.E0,0.E0,0.E0));
#1376=DIRECTION('',(0.E0,0.E0,1.E0));
#1377=AXIS2_PLACEMENT_3D('',#1374,#1375,#1376);
#1378=PLANE('',#1377);
#1379=ORIENTED_EDGE('',*,*,#1102,.T.);
#1381=ORIENTED_EDGE('',*,*,#1380,.T.);
#1382=ORIENTED_EDGE('',*,*,#1284,.F.);
#1384=ORIENTED_EDGE('',*,*,#1383,.F.);
#1385=EDGE_LOOP('',(#1379,#1381,#1382,#1384));
#1386=FACE_OUTER_BOUND('',#1385,.F.);
#1387=ADVANCED_FACE('',(#1386),#1378,.F.);
#1388=CARTESIAN_POINT('',(-8.5E-1,-4.5E-1,-2.5E-1));
#1389=DIRECTION('',(0.E0,0.E0,-1.E0));
#1390=DIRECTION('',(-1.E0,0.E0,0.E0));
#1391=AXIS2_PLACEMENT_3D('',#1388,#1389,#1390);
#1392=PLANE('',#1391);
#1393=ORIENTED_EDGE('',*,*,#1108,.T.);
#1395=ORIENTED_EDGE('',*,*,#1394,.T.);
#1396=ORIENTED_EDGE('',*,*,#1278,.F.);
#1397=ORIENTED_EDGE('',*,*,#1354,.F.);
#1398=EDGE_LOOP('',(#1393,#1395,#1396,#1397));
#1399=FACE_OUTER_BOUND('',#1398,.F.);
#1400=ADVANCED_FACE('',(#1399),#1392,.F.);
#1401=CARTESIAN_POINT('',(-9.3E-1,-4.5E-1,-2.5E-1));
#1402=DIRECTION('',(-1.E0,0.E0,0.E0));
#1403=DIRECTION('',(0.E0,0.E0,1.E0));
#1404=AXIS2_PLACEMENT_3D('',#1401,#1402,#1403);
#1405=PLANE('',#1404);
#1406=ORIENTED_EDGE('',*,*,#1106,.T.);
#1408=ORIENTED_EDGE('',*,*,#1407,.T.);
#1409=ORIENTED_EDGE('',*,*,#1280,.F.);
#1410=ORIENTED_EDGE('',*,*,#1394,.F.);
#1411=EDGE_LOOP('',(#1406,#1408,#1409,#1410));
#1412=FACE_OUTER_BOUND('',#1411,.F.);
#1413=ADVANCED_FACE('',(#1412),#1405,.F.);
#1414=CARTESIAN_POINT('',(-9.3E-1,-4.5E-1,-1.E-1));
#1415=DIRECTION('',(0.E0,0.E0,1.E0));
#1416=DIRECTION('',(1.E0,0.E0,0.E0));
#1417=AXIS2_PLACEMENT_3D('',#1414,#1415,#1416);
#1418=PLANE('',#1417);
#1419=ORIENTED_EDGE('',*,*,#1104,.T.);
#1420=ORIENTED_EDGE('',*,*,#1383,.T.);
#1421=ORIENTED_EDGE('',*,*,#1282,.F.);
#1422=ORIENTED_EDGE('',*,*,#1407,.F.);
#1423=EDGE_LOOP('',(#1419,#1420,#1421,#1422));
#1424=FACE_OUTER_BOUND('',#1423,.F.);
#1425=ADVANCED_FACE('',(#1424),#1418,.F.);
#1426=CARTESIAN_POINT('',(-9.3E-1,-4.5E-1,2.23E-1));
#1427=DIRECTION('',(0.E0,0.E0,1.E0));
#1428=DIRECTION('',(1.E0,0.E0,0.E0));
#1429=AXIS2_PLACEMENT_3D('',#1426,#1427,#1428);
#1430=PLANE('',#1429);
#1431=ORIENTED_EDGE('',*,*,#1096,.T.);
#1432=ORIENTED_EDGE('',*,*,#1368,.T.);
#1433=ORIENTED_EDGE('',*,*,#1290,.F.);
#1435=ORIENTED_EDGE('',*,*,#1434,.F.);
#1436=EDGE_LOOP('',(#1431,#1432,#1433,#1435));
#1437=FACE_OUTER_BOUND('',#1436,.F.);
#1438=ADVANCED_FACE('',(#1437),#1430,.F.);
#1439=CARTESIAN_POINT('',(-9.3E-1,-4.5E-1,7.3E-2));
#1440=DIRECTION('',(-1.E0,0.E0,0.E0));
#1441=DIRECTION('',(0.E0,0.E0,1.E0));
#1442=AXIS2_PLACEMENT_3D('',#1439,#1440,#1441);
#1443=PLANE('',#1442);
#1444=ORIENTED_EDGE('',*,*,#1098,.T.);
#1445=ORIENTED_EDGE('',*,*,#1434,.T.);
#1446=ORIENTED_EDGE('',*,*,#1288,.F.);
#1448=ORIENTED_EDGE('',*,*,#1447,.F.);
#1449=EDGE_LOOP('',(#1444,#1445,#1446,#1448));
#1450=FACE_OUTER_BOUND('',#1449,.F.);
#1451=ADVANCED_FACE('',(#1450),#1443,.F.);
#1452=CARTESIAN_POINT('',(-8.5E-1,-4.5E-1,7.3E-2));
#1453=DIRECTION('',(0.E0,0.E0,-1.E0));
#1454=DIRECTION('',(-1.E0,0.E0,0.E0));
#1455=AXIS2_PLACEMENT_3D('',#1452,#1453,#1454);
#1456=PLANE('',#1455);
#1457=ORIENTED_EDGE('',*,*,#1100,.T.);
#1458=ORIENTED_EDGE('',*,*,#1447,.T.);
#1459=ORIENTED_EDGE('',*,*,#1286,.F.);
#1460=ORIENTED_EDGE('',*,*,#1380,.F.);
#1461=EDGE_LOOP('',(#1457,#1458,#1459,#1460));
#1462=FACE_OUTER_BOUND('',#1461,.F.);
#1463=ADVANCED_FACE('',(#1462),#1456,.F.);
#1464=CARTESIAN_POINT('',(8.5E-1,-4.5E-1,-1.E-1));
#1465=DIRECTION('',(0.E0,0.E0,1.E0));
#1466=DIRECTION('',(1.E0,0.E0,0.E0));
#1467=AXIS2_PLACEMENT_3D('',#1464,#1465,#1466);
#1468=PLANE('',#1467);
#1469=ORIENTED_EDGE('',*,*,#1124,.T.);
#1471=ORIENTED_EDGE('',*,*,#1470,.T.);
#1472=ORIENTED_EDGE('',*,*,#1300,.F.);
#1473=ORIENTED_EDGE('',*,*,#1199,.F.);
#1474=EDGE_LOOP('',(#1469,#1471,#1472,#1473));
#1475=FACE_OUTER_BOUND('',#1474,.F.);
#1476=ADVANCED_FACE('',(#1475),#1468,.F.);
#1477=CARTESIAN_POINT('',(9.3E-1,-4.5E-1,-1.E-1));
#1478=DIRECTION('',(1.E0,0.E0,0.E0));
#1479=DIRECTION('',(0.E0,0.E0,-1.E0));
#1480=AXIS2_PLACEMENT_3D('',#1477,#1478,#1479);
#1481=PLANE('',#1480);
#1482=ORIENTED_EDGE('',*,*,#1122,.T.);
#1484=ORIENTED_EDGE('',*,*,#1483,.T.);
#1485=ORIENTED_EDGE('',*,*,#1302,.F.);
#1486=ORIENTED_EDGE('',*,*,#1470,.F.);
#1487=EDGE_LOOP('',(#1482,#1484,#1485,#1486));
#1488=FACE_OUTER_BOUND('',#1487,.F.);
#1489=ADVANCED_FACE('',(#1488),#1481,.F.);
#1490=CARTESIAN_POINT('',(9.3E-1,-4.5E-1,-2.5E-1));
#1491=DIRECTION('',(0.E0,0.E0,-1.E0));
#1492=DIRECTION('',(-1.E0,0.E0,0.E0));
#1493=AXIS2_PLACEMENT_3D('',#1490,#1491,#1492);
#1494=PLANE('',#1493);
#1495=ORIENTED_EDGE('',*,*,#1120,.T.);
#1496=ORIENTED_EDGE('',*,*,#1218,.T.);
#1497=ORIENTED_EDGE('',*,*,#1304,.F.);
#1498=ORIENTED_EDGE('',*,*,#1483,.F.);
#1499=EDGE_LOOP('',(#1495,#1496,#1497,#1498));
#1500=FACE_OUTER_BOUND('',#1499,.F.);
#1501=ADVANCED_FACE('',(#1500),#1494,.F.);
#1502=CLOSED_SHELL('',(#913,#944,#959,#973,#986,#1014,#1028,#1041,#1053,#1066,
#1079,#1138,#1151,#1163,#1178,#1192,#1207,#1222,#1236,#1250,#1263,#1308,#1321,
#1334,#1347,#1360,#1373,#1387,#1400,#1413,#1425,#1438,#1451,#1463,#1476,#1489,
#1501));
#1503=MANIFOLD_SOLID_BREP('',#1502);
#1504=FILL_AREA_STYLE_COLOUR('',#37);
#1505=FILL_AREA_STYLE('',(#1504));
#1506=SURFACE_STYLE_FILL_AREA(#1505);
#1507=SURFACE_SIDE_STYLE('',(#1506));
#1508=SURFACE_STYLE_USAGE(.BOTH.,#1507);
#1509=PRESENTATION_STYLE_ASSIGNMENT((#1508));
#38=STYLED_ITEM('',(#1509),#1503);
#1511=DIMENSIONAL_EXPONENTS(0.E0,0.E0,0.E0,0.E0,0.E0,0.E0,0.E0);
#1513=PLANE_ANGLE_MEASURE_WITH_UNIT(PLANE_ANGLE_MEASURE(1.745329251994E-2),
#1512);
#1514=(CONVERSION_BASED_UNIT('DEGREE',#1513)NAMED_UNIT(*)PLANE_ANGLE_UNIT());
#1516=UNCERTAINTY_MEASURE_WITH_UNIT(LENGTH_MEASURE(3.643163203212E-4),#1510,
'closure',
'Maximum model space distance between geometric entities at asserted connectivities');
#1517=(GEOMETRIC_REPRESENTATION_CONTEXT(3)GLOBAL_UNCERTAINTY_ASSIGNED_CONTEXT((
#1516))GLOBAL_UNIT_ASSIGNED_CONTEXT((#1510,#1514,#1515))REPRESENTATION_CONTEXT(
'ID1','3'));
#1518=CARTESIAN_POINT('',(0.E0,0.E0,0.E0));
#1519=DIRECTION('',(0.E0,0.E0,1.E0));
#1520=DIRECTION('',(1.E0,0.E0,0.E0));
#1523=APPLICATION_CONTEXT(
'CONFIGURATION CONTROLLED 3D DESIGNS OF MECHANICAL PARTS AND ASSEMBLIES');
#1524=APPLICATION_PROTOCOL_DEFINITION('international standard',
'config_control_design',1994,#1523);
#1525=DESIGN_CONTEXT('',#1523,'design');
#1526=MECHANICAL_CONTEXT('',#1523,'mechanical');
#1527=PRODUCT('BODY-SOT','BODY-SOT','NOT SPECIFIED',(#1526));
#1528=PRODUCT_DEFINITION_FORMATION_WITH_SPECIFIED_SOURCE('12','LAST_VERSION',
#1527,.MADE.);
#1537=CARTESIAN_POINT('',(0.E0,0.E0,5.5E-1));
#1538=DIRECTION('',(-1.E0,0.E0,0.E0));
#1539=DIRECTION('',(0.E0,-1.E0,0.E0));
#1540=AXIS2_PLACEMENT_3D('',#1537,#1538,#1539);
#1541=ITEM_DEFINED_TRANSFORMATION('','',#1521,#1540);
#1542=(REPRESENTATION_RELATIONSHIP('','',#1522,#1534)REPRESENTATION_RELATIONSHIP_WITH_TRANSFORMATION(#1541)SHAPE_REPRESENTATION_RELATIONSHIP());
#1543=CONTEXT_DEPENDENT_SHAPE_REPRESENTATION(#1542,#1536);
#1545=DIRECTION('',(0.E0,0.E0,-1.E0));
#1546=VECTOR('',#1545,6.026056206769E-2);
#1547=CARTESIAN_POINT('',(-2.E-1,1.5E-1,-1.042759668707E-1));
#1548=LINE('',#1547,#1546);
#1549=CURVE_STYLE('',#43,POSITIVE_LENGTH_MEASURE(2.E-2),#31);
#1550=PRESENTATION_STYLE_ASSIGNMENT((#1549));
#1551=STYLED_ITEM('',(#1550),#1548);
#1552=DIRECTION('',(0.E0,1.E0,0.E0));
#1553=VECTOR('',#1552,1.5E-1);
#1554=CARTESIAN_POINT('',(-2.E-1,1.5E-1,-1.645365289384E-1));
#1555=LINE('',#1554,#1553);
#1556=CURVE_STYLE('',#43,POSITIVE_LENGTH_MEASURE(2.E-2),#31);
#1557=PRESENTATION_STYLE_ASSIGNMENT((#1556));
#1558=STYLED_ITEM('',(#1557),#1555);
#1559=DIRECTION('',(0.E0,0.E0,1.E0));
#1560=VECTOR('',#1559,6.026056206769E-2);
#1561=CARTESIAN_POINT('',(-2.E-1,3.E-1,-1.645365289384E-1));
#1562=LINE('',#1561,#1560);
#1563=CURVE_STYLE('',#43,POSITIVE_LENGTH_MEASURE(2.E-2),#31);
#1564=PRESENTATION_STYLE_ASSIGNMENT((#1563));
#1565=STYLED_ITEM('',(#1564),#1562);
#1566=DIRECTION('',(0.E0,-6.975647374413E-2,9.975640502598E-1));
#1567=VECTOR('',#1566,2.169789566192E-1);
#1568=CARTESIAN_POINT('',(-2.E-1,-8.522970557059E-2,2.440130642754E-1));
#1569=LINE('',#1568,#1567);
#1570=CURVE_STYLE('',#43,POSITIVE_LENGTH_MEASURE(2.E-2),#31);
#1571=PRESENTATION_STYLE_ASSIGNMENT((#1570));
#1572=STYLED_ITEM('',(#1571),#1569);
#1573=DIRECTION('',(0.E0,-9.975640502598E-1,-6.975647374413E-2));
#1574=VECTOR('',#1573,1.5E-1);
#1575=CARTESIAN_POINT('',(-2.E-1,-1.003653924610E-1,4.604634710616E-1));
#1576=LINE('',#1575,#1574);
#1577=CURVE_STYLE('',#43,POSITIVE_LENGTH_MEASURE(2.E-2),#31);
#1578=PRESENTATION_STYLE_ASSIGNMENT((#1577));
#1579=STYLED_ITEM('',(#1578),#1576);
#1580=DIRECTION('',(0.E0,6.975647374413E-2,-9.975640502598E-1));
#1581=VECTOR('',#1580,2.169789566192E-1);
#1582=CARTESIAN_POINT('',(-2.E-1,-2.5E-1,4.5E-1));
#1583=LINE('',#1582,#1581);
#1584=CURVE_STYLE('',#43,POSITIVE_LENGTH_MEASURE(2.E-2),#31);
#1585=PRESENTATION_STYLE_ASSIGNMENT((#1584));
#1586=STYLED_ITEM('',(#1585),#1583);
#1587=DIRECTION('',(0.E0,9.986295347546E-1,-5.233595624294E-2));
#1588=VECTOR('',#1587,5.083192119055E-2);
#1589=CARTESIAN_POINT('',(2.E-1,2.955075345083E-3,-1.548689364499E-4));
#1590=LINE('',#1589,#1588);
#1591=CURVE_STYLE('',#43,POSITIVE_LENGTH_MEASURE(2.E-2),#31);
#1592=PRESENTATION_STYLE_ASSIGNMENT((#1591));
#1593=STYLED_ITEM('',(#1592),#1590);
#1594=DIRECTION('',(0.E0,-9.986295347546E-1,5.233595624294E-2));
#1595=VECTOR('',#1594,5.083192119055E-2);
#1596=CARTESIAN_POINT('',(-2.E-1,5.371733315428E-2,-2.815206139623E-3));
#1597=LINE('',#1596,#1595);
#1598=CURVE_STYLE('',#43,POSITIVE_LENGTH_MEASURE(2.E-2),#31);
#1599=PRESENTATION_STYLE_ASSIGNMENT((#1598));
#1600=STYLED_ITEM('',(#1599),#1597);
#1601=DIRECTION('',(0.E0,0.E0,1.E0));
#1602=VECTOR('',#1601,6.026056206769E-2);
#1603=CARTESIAN_POINT('',(2.E-1,3.E-1,-1.645365289384E-1));
#1604=LINE('',#1603,#1602);
#1605=CURVE_STYLE('',#43,POSITIVE_LENGTH_MEASURE(2.E-2),#31);
#1606=PRESENTATION_STYLE_ASSIGNMENT((#1605));
#1607=STYLED_ITEM('',(#1606),#1604);
#1608=DIRECTION('',(0.E0,1.E0,0.E0));
#1609=VECTOR('',#1608,1.5E-1);
#1610=CARTESIAN_POINT('',(2.E-1,1.5E-1,-1.645365289384E-1));
#1611=LINE('',#1610,#1609);
#1612=CURVE_STYLE('',#43,POSITIVE_LENGTH_MEASURE(2.E-2),#31);
#1613=PRESENTATION_STYLE_ASSIGNMENT((#1612));
#1614=STYLED_ITEM('',(#1613),#1611);
#1615=DIRECTION('',(0.E0,0.E0,-1.E0));
#1616=VECTOR('',#1615,6.026056206769E-2);
#1617=CARTESIAN_POINT('',(2.E-1,1.5E-1,-1.042759668707E-1));
#1618=LINE('',#1617,#1616);
#1619=CURVE_STYLE('',#43,POSITIVE_LENGTH_MEASURE(2.E-2),#31);
#1620=PRESENTATION_STYLE_ASSIGNMENT((#1619));
#1621=STYLED_ITEM('',(#1620),#1618);
#1622=DIRECTION('',(0.E0,6.975647374413E-2,-9.975640502598E-1));
#1623=VECTOR('',#1622,2.169789566192E-1);
#1624=CARTESIAN_POINT('',(2.E-1,-2.5E-1,4.5E-1));
#1625=LINE('',#1624,#1623);
#1626=CURVE_STYLE('',#43,POSITIVE_LENGTH_MEASURE(2.E-2),#31);
#1627=PRESENTATION_STYLE_ASSIGNMENT((#1626));
#1628=STYLED_ITEM('',(#1627),#1625);
#1629=DIRECTION('',(0.E0,-9.975640502598E-1,-6.975647374413E-2));
#1630=VECTOR('',#1629,1.5E-1);
#1631=CARTESIAN_POINT('',(2.E-1,-1.003653924610E-1,4.604634710616E-1));
#1632=LINE('',#1631,#1630);
#1633=CURVE_STYLE('',#43,POSITIVE_LENGTH_MEASURE(2.E-2),#31);
#1634=PRESENTATION_STYLE_ASSIGNMENT((#1633));
#1635=STYLED_ITEM('',(#1634),#1632);
#1636=DIRECTION('',(0.E0,-6.975647374413E-2,9.975640502598E-1));
#1637=VECTOR('',#1636,2.169789566192E-1);
#1638=CARTESIAN_POINT('',(2.E-1,-8.522970557059E-2,2.440130642754E-1));
#1639=LINE('',#1638,#1637);
#1640=CURVE_STYLE('',#43,POSITIVE_LENGTH_MEASURE(2.E-2),#31);
#1641=PRESENTATION_STYLE_ASSIGNMENT((#1640));
#1642=STYLED_ITEM('',(#1641),#1639);
#1643=DIRECTION('',(0.E0,9.986295347546E-1,-5.233595624294E-2));
#1644=VECTOR('',#1643,5.083192119055E-2);
#1645=CARTESIAN_POINT('',(-2.E-1,1.080546878153E-2,1.496395612767E-1));
#1646=LINE('',#1645,#1644);
#1647=CURVE_STYLE('',#43,POSITIVE_LENGTH_MEASURE(2.E-2),#31);
#1648=PRESENTATION_STYLE_ASSIGNMENT((#1647));
#1649=STYLED_ITEM('',(#1648),#1646);
#1650=DIRECTION('',(0.E0,-9.986295347546E-1,5.233595624294E-2));
#1651=VECTOR('',#1650,5.083192119055E-2);
#1652=CARTESIAN_POINT('',(2.E-1,6.156772659072E-2,1.469792240736E-1));
#1653=LINE('',#1652,#1651);
#1654=CURVE_STYLE('',#43,POSITIVE_LENGTH_MEASURE(2.E-2),#31);
#1655=PRESENTATION_STYLE_ASSIGNMENT((#1654));
#1656=STYLED_ITEM('',(#1655),#1653);
#1657=DIRECTION('',(1.E0,0.E0,0.E0));
#1658=VECTOR('',#1657,4.E-1);
#1659=CARTESIAN_POINT('',(-2.E-1,6.156772659072E-2,1.469792240736E-1));
#1660=LINE('',#1659,#1658);
#1661=CURVE_STYLE('',#43,POSITIVE_LENGTH_MEASURE(2.E-2),#31);
#1662=PRESENTATION_STYLE_ASSIGNMENT((#1661));
#1663=STYLED_ITEM('',(#1662),#1660);
#1664=CARTESIAN_POINT('',(-2.E-1,4.84E-2,-1.042759668707E-1));
#1665=DIRECTION('',(-1.E0,0.E0,0.E0));
#1666=DIRECTION('',(0.E0,5.233595624294E-2,9.986295347546E-1));
#1667=AXIS2_PLACEMENT_3D('',#1664,#1665,#1666);
#1669=CURVE_STYLE('',#43,POSITIVE_LENGTH_MEASURE(2.E-2),#31);
#1670=PRESENTATION_STYLE_ASSIGNMENT((#1669));
#1671=STYLED_ITEM('',(#1670),#1668);
#1672=DIRECTION('',(1.E0,0.E0,0.E0));
#1673=VECTOR('',#1672,4.E-1);
#1674=CARTESIAN_POINT('',(-2.E-1,3.E-1,-1.042759668707E-1));
#1675=LINE('',#1674,#1673);
#1676=CURVE_STYLE('',#43,POSITIVE_LENGTH_MEASURE(2.E-2),#31);
#1677=PRESENTATION_STYLE_ASSIGNMENT((#1676));
#1678=STYLED_ITEM('',(#1677),#1675);
#1679=CARTESIAN_POINT('',(2.E-1,4.84E-2,-1.042759668707E-1));
#1680=DIRECTION('',(-1.E0,0.E0,0.E0));
#1681=DIRECTION('',(0.E0,5.233595624294E-2,9.986295347546E-1));
#1682=AXIS2_PLACEMENT_3D('',#1679,#1680,#1681);
#1684=CURVE_STYLE('',#43,POSITIVE_LENGTH_MEASURE(2.E-2),#31);
#1685=PRESENTATION_STYLE_ASSIGNMENT((#1684));
#1686=STYLED_ITEM('',(#1685),#1683);
#1687=DIRECTION('',(1.E0,0.E0,0.E0));
#1688=VECTOR('',#1687,4.E-1);
#1689=CARTESIAN_POINT('',(-2.E-1,3.E-1,-1.645365289384E-1));
#1690=LINE('',#1689,#1688);
#1691=CURVE_STYLE('',#43,POSITIVE_LENGTH_MEASURE(2.E-2),#31);
#1692=PRESENTATION_STYLE_ASSIGNMENT((#1691));
#1693=STYLED_ITEM('',(#1692),#1690);
#1694=DIRECTION('',(1.E0,0.E0,0.E0));
#1695=VECTOR('',#1694,4.E-1);
#1696=CARTESIAN_POINT('',(-2.E-1,1.5E-1,-1.645365289384E-1));
#1697=LINE('',#1696,#1695);
#1698=CURVE_STYLE('',#43,POSITIVE_LENGTH_MEASURE(2.E-2),#31);
#1699=PRESENTATION_STYLE_ASSIGNMENT((#1698));
#1700=STYLED_ITEM('',(#1699),#1697);
#1701=DIRECTION('',(1.E0,0.E0,0.E0));
#1702=VECTOR('',#1701,4.E-1);
#1703=CARTESIAN_POINT('',(-2.E-1,1.5E-1,-1.042759668707E-1));
#1704=LINE('',#1703,#1702);
#1705=CURVE_STYLE('',#43,POSITIVE_LENGTH_MEASURE(2.E-2),#31);
#1706=PRESENTATION_STYLE_ASSIGNMENT((#1705));
#1707=STYLED_ITEM('',(#1706),#1704);
#1708=CARTESIAN_POINT('',(-2.E-1,4.84E-2,-1.042759668707E-1));
#1709=DIRECTION('',(1.E0,0.E0,0.E0));
#1710=DIRECTION('',(0.E0,1.E0,0.E0));
#1711=AXIS2_PLACEMENT_3D('',#1708,#1709,#1710);
#1713=CURVE_STYLE('',#43,POSITIVE_LENGTH_MEASURE(2.E-2),#31);
#1714=PRESENTATION_STYLE_ASSIGNMENT((#1713));
#1715=STYLED_ITEM('',(#1714),#1712);
#1716=DIRECTION('',(1.E0,0.E0,0.E0));
#1717=VECTOR('',#1716,4.E-1);
#1718=CARTESIAN_POINT('',(-2.E-1,5.371733315428E-2,-2.815206139623E-3));
#1719=LINE('',#1718,#1717);
#1720=CURVE_STYLE('',#43,POSITIVE_LENGTH_MEASURE(2.E-2),#31);
#1721=PRESENTATION_STYLE_ASSIGNMENT((#1720));
#1722=STYLED_ITEM('',(#1721),#1719);
#1723=CARTESIAN_POINT('',(2.E-1,4.84E-2,-1.042759668707E-1));
#1724=DIRECTION('',(1.E0,0.E0,0.E0));
#1725=DIRECTION('',(0.E0,1.E0,0.E0));
#1726=AXIS2_PLACEMENT_3D('',#1723,#1724,#1725);
#1728=CURVE_STYLE('',#43,POSITIVE_LENGTH_MEASURE(2.E-2),#31);
#1729=PRESENTATION_STYLE_ASSIGNMENT((#1728));
#1730=STYLED_ITEM('',(#1729),#1727);
#1731=DIRECTION('',(1.E0,0.E0,0.E0));
#1732=VECTOR('',#1731,4.E-1);
#1733=CARTESIAN_POINT('',(-2.E-1,-8.522970557059E-2,2.440130642754E-1));
#1734=LINE('',#1733,#1732);
#1735=CURVE_STYLE('',#43,POSITIVE_LENGTH_MEASURE(2.E-2),#31);
#1736=PRESENTATION_STYLE_ASSIGNMENT((#1735));
#1737=STYLED_ITEM('',(#1736),#1734);
#1738=CARTESIAN_POINT('',(-2.E-1,1.612280193581E-2,2.511003220078E-1));
#1739=DIRECTION('',(1.E0,0.E0,0.E0));
#1740=DIRECTION('',(0.E0,-9.975640502598E-1,-6.975647374413E-2));
#1741=AXIS2_PLACEMENT_3D('',#1738,#1739,#1740);
#1743=CURVE_STYLE('',#43,POSITIVE_LENGTH_MEASURE(2.E-2),#31);
#1744=PRESENTATION_STYLE_ASSIGNMENT((#1743));
#1745=STYLED_ITEM('',(#1744),#1742);
#1746=DIRECTION('',(1.E0,0.E0,0.E0));
#1747=VECTOR('',#1746,4.E-1);
#1748=CARTESIAN_POINT('',(-2.E-1,1.080546878153E-2,1.496395612767E-1));
#1749=LINE('',#1748,#1747);
#1750=CURVE_STYLE('',#43,POSITIVE_LENGTH_MEASURE(2.E-2),#31);
#1751=PRESENTATION_STYLE_ASSIGNMENT((#1750));
#1752=STYLED_ITEM('',(#1751),#1749);
#1753=CARTESIAN_POINT('',(2.E-1,1.612280193581E-2,2.511003220078E-1));
#1754=DIRECTION('',(1.E0,0.E0,0.E0));
#1755=DIRECTION('',(0.E0,-9.975640502598E-1,-6.975647374413E-2));
#1756=AXIS2_PLACEMENT_3D('',#1753,#1754,#1755);
#1758=CURVE_STYLE('',#43,POSITIVE_LENGTH_MEASURE(2.E-2),#31);
#1759=PRESENTATION_STYLE_ASSIGNMENT((#1758));
#1760=STYLED_ITEM('',(#1759),#1757);
#1761=DIRECTION('',(1.E0,0.E0,0.E0));
#1762=VECTOR('',#1761,4.E-1);
#1763=CARTESIAN_POINT('',(-2.E-1,-1.003653924610E-1,4.604634710616E-1));
#1764=LINE('',#1763,#1762);
#1765=CURVE_STYLE('',#43,POSITIVE_LENGTH_MEASURE(2.E-2),#31);
#1766=PRESENTATION_STYLE_ASSIGNMENT((#1765));
#1767=STYLED_ITEM('',(#1766),#1764);
#1768=DIRECTION('',(1.E0,0.E0,0.E0));
#1769=VECTOR('',#1768,4.E-1);
#1770=CARTESIAN_POINT('',(-2.E-1,-2.5E-1,4.5E-1));
#1771=LINE('',#1770,#1769);
#1772=CURVE_STYLE('',#43,POSITIVE_LENGTH_MEASURE(2.E-2),#31);
#1773=PRESENTATION_STYLE_ASSIGNMENT((#1772));
#1774=STYLED_ITEM('',(#1773),#1771);
#1775=DIRECTION('',(1.E0,0.E0,0.E0));
#1776=VECTOR('',#1775,4.E-1);
#1777=CARTESIAN_POINT('',(-2.E-1,2.955075345083E-3,-1.548689364499E-4));
#1778=LINE('',#1777,#1776);
#1779=CURVE_STYLE('',#43,POSITIVE_LENGTH_MEASURE(2.E-2),#31);
#1780=PRESENTATION_STYLE_ASSIGNMENT((#1779));
#1781=STYLED_ITEM('',(#1780),#1778);
#1782=CARTESIAN_POINT('',(-2.E-1,1.612280193581E-2,2.511003220078E-1));
#1783=DIRECTION('',(-1.E0,0.E0,0.E0));
#1784=DIRECTION('',(0.E0,-5.233595624294E-2,-9.986295347546E-1));
#1785=AXIS2_PLACEMENT_3D('',#1782,#1783,#1784);
#1787=CURVE_STYLE('',#43,POSITIVE_LENGTH_MEASURE(2.E-2),#31);
#1788=PRESENTATION_STYLE_ASSIGNMENT((#1787));
#1789=STYLED_ITEM('',(#1788),#1786);
#1790=DIRECTION('',(1.E0,0.E0,0.E0));
#1791=VECTOR('',#1790,4.E-1);
#1792=CARTESIAN_POINT('',(-2.E-1,-2.348643131096E-1,2.335495932138E-1));
#1793=LINE('',#1792,#1791);
#1794=CURVE_STYLE('',#43,POSITIVE_LENGTH_MEASURE(2.E-2),#31);
#1795=PRESENTATION_STYLE_ASSIGNMENT((#1794));
#1796=STYLED_ITEM('',(#1795),#1793);
#1797=CARTESIAN_POINT('',(2.E-1,1.612280193581E-2,2.511003220078E-1));
#1798=DIRECTION('',(-1.E0,0.E0,0.E0));
#1799=DIRECTION('',(0.E0,-5.233595624294E-2,-9.986295347546E-1));
#1800=AXIS2_PLACEMENT_3D('',#1797,#1798,#1799);
#1802=CURVE_STYLE('',#43,POSITIVE_LENGTH_MEASURE(2.E-2),#31);
#1803=PRESENTATION_STYLE_ASSIGNMENT((#1802));
#1804=STYLED_ITEM('',(#1803),#1801);
#1805=CARTESIAN_POINT('',(-2.E-1,-1.003653924610E-1,4.604634710616E-1));
#1806=CARTESIAN_POINT('',(-2.E-1,-2.5E-1,4.5E-1));
#1807=VERTEX_POINT('',#1805);
#1808=VERTEX_POINT('',#1806);
#1809=CARTESIAN_POINT('',(2.E-1,-1.003653924610E-1,4.604634710616E-1));
#1810=CARTESIAN_POINT('',(2.E-1,-2.5E-1,4.5E-1));
#1811=VERTEX_POINT('',#1809);
#1812=VERTEX_POINT('',#1810);
#1813=CARTESIAN_POINT('',(-2.E-1,1.5E-1,-1.645365289384E-1));
#1814=CARTESIAN_POINT('',(-2.E-1,3.E-1,-1.645365289384E-1));
#1815=VERTEX_POINT('',#1813);
#1816=VERTEX_POINT('',#1814);
#1817=CARTESIAN_POINT('',(2.E-1,1.5E-1,-1.645365289384E-1));
#1818=CARTESIAN_POINT('',(2.E-1,3.E-1,-1.645365289384E-1));
#1819=VERTEX_POINT('',#1817);
#1820=VERTEX_POINT('',#1818);
#1821=CARTESIAN_POINT('',(-2.E-1,-8.522970557059E-2,2.440130642754E-1));
#1822=CARTESIAN_POINT('',(2.E-1,-8.522970557059E-2,2.440130642754E-1));
#1823=VERTEX_POINT('',#1821);
#1824=VERTEX_POINT('',#1822);
#1825=CARTESIAN_POINT('',(-2.E-1,1.080546878153E-2,1.496395612767E-1));
#1826=CARTESIAN_POINT('',(2.E-1,1.080546878153E-2,1.496395612767E-1));
#1827=VERTEX_POINT('',#1825);
#1828=VERTEX_POINT('',#1826);
#1829=CARTESIAN_POINT('',(-2.E-1,2.955075345083E-3,-1.548689364499E-4));
#1830=CARTESIAN_POINT('',(2.E-1,2.955075345083E-3,-1.548689364499E-4));
#1831=VERTEX_POINT('',#1829);
#1832=VERTEX_POINT('',#1830);
#1833=CARTESIAN_POINT('',(-2.E-1,-2.348643131096E-1,2.335495932138E-1));
#1834=CARTESIAN_POINT('',(2.E-1,-2.348643131096E-1,2.335495932138E-1));
#1835=VERTEX_POINT('',#1833);
#1836=VERTEX_POINT('',#1834);
#1837=CARTESIAN_POINT('',(-2.E-1,1.5E-1,-1.042759668707E-1));
#1838=CARTESIAN_POINT('',(2.E-1,1.5E-1,-1.042759668707E-1));
#1839=VERTEX_POINT('',#1837);
#1840=VERTEX_POINT('',#1838);
#1841=CARTESIAN_POINT('',(-2.E-1,5.371733315428E-2,-2.815206139623E-3));
#1842=CARTESIAN_POINT('',(2.E-1,5.371733315428E-2,-2.815206139623E-3));
#1843=VERTEX_POINT('',#1841);
#1844=VERTEX_POINT('',#1842);
#1845=CARTESIAN_POINT('',(-2.E-1,6.156772659072E-2,1.469792240736E-1));
#1846=CARTESIAN_POINT('',(2.E-1,6.156772659072E-2,1.469792240736E-1));
#1847=VERTEX_POINT('',#1845);
#1848=VERTEX_POINT('',#1846);
#1849=CARTESIAN_POINT('',(-2.E-1,3.E-1,-1.042759668707E-1));
#1850=CARTESIAN_POINT('',(2.E-1,3.E-1,-1.042759668707E-1));
#1851=VERTEX_POINT('',#1849);
#1852=VERTEX_POINT('',#1850);
#1853=CARTESIAN_POINT('',(-2.E-1,0.E0,0.E0));
#1854=DIRECTION('',(1.E0,0.E0,0.E0));
#1855=DIRECTION('',(0.E0,0.E0,-1.E0));
#1856=AXIS2_PLACEMENT_3D('',#1853,#1854,#1855);
#1857=PLANE('',#1856);
#1859=ORIENTED_EDGE('',*,*,#1858,.F.);
#1861=ORIENTED_EDGE('',*,*,#1860,.F.);
#1863=ORIENTED_EDGE('',*,*,#1862,.T.);
#1865=ORIENTED_EDGE('',*,*,#1864,.T.);
#1867=ORIENTED_EDGE('',*,*,#1866,.T.);
#1869=ORIENTED_EDGE('',*,*,#1868,.F.);
#1871=ORIENTED_EDGE('',*,*,#1870,.F.);
#1873=ORIENTED_EDGE('',*,*,#1872,.F.);
#1875=ORIENTED_EDGE('',*,*,#1874,.T.);
#1877=ORIENTED_EDGE('',*,*,#1876,.T.);
#1879=ORIENTED_EDGE('',*,*,#1878,.T.);
#1881=ORIENTED_EDGE('',*,*,#1880,.F.);
#1882=EDGE_LOOP('',(#1859,#1861,#1863,#1865,#1867,#1869,#1871,#1873,#1875,#1877,
#1879,#1881));
#1883=FACE_OUTER_BOUND('',#1882,.F.);
#1884=ADVANCED_FACE('',(#1883),#1857,.F.);
#1885=CARTESIAN_POINT('',(-2.E-1,-2.193367399341E-1,1.149495145513E-2));
#1886=DIRECTION('',(0.E0,-5.233595624294E-2,-9.986295347546E-1));
#1887=DIRECTION('',(0.E0,9.986295347546E-1,-5.233595624294E-2));
#1888=AXIS2_PLACEMENT_3D('',#1885,#1886,#1887);
#1889=PLANE('',#1888);
#1891=ORIENTED_EDGE('',*,*,#1890,.T.);
#1893=ORIENTED_EDGE('',*,*,#1892,.F.);
#1894=ORIENTED_EDGE('',*,*,#1858,.T.);
#1896=ORIENTED_EDGE('',*,*,#1895,.T.);
#1897=EDGE_LOOP('',(#1891,#1893,#1894,#1896));
#1898=FACE_OUTER_BOUND('',#1897,.F.);
#1899=ADVANCED_FACE('',(#1898),#1889,.T.);
#1900=CARTESIAN_POINT('',(2.E-1,0.E0,0.E0));
#1901=DIRECTION('',(1.E0,0.E0,0.E0));
#1902=DIRECTION('',(0.E0,0.E0,-1.E0));
#1903=AXIS2_PLACEMENT_3D('',#1900,#1901,#1902);
#1904=PLANE('',#1903);
#1906=ORIENTED_EDGE('',*,*,#1905,.F.);
#1908=ORIENTED_EDGE('',*,*,#1907,.T.);
#1910=ORIENTED_EDGE('',*,*,#1909,.F.);
#1912=ORIENTED_EDGE('',*,*,#1911,.F.);
#1914=ORIENTED_EDGE('',*,*,#1913,.F.);
#1916=ORIENTED_EDGE('',*,*,#1915,.T.);
#1917=ORIENTED_EDGE('',*,*,#1890,.F.);
#1919=ORIENTED_EDGE('',*,*,#1918,.T.);
#1921=ORIENTED_EDGE('',*,*,#1920,.F.);
#1923=ORIENTED_EDGE('',*,*,#1922,.F.);
#1925=ORIENTED_EDGE('',*,*,#1924,.F.);
#1927=ORIENTED_EDGE('',*,*,#1926,.T.);
#1928=EDGE_LOOP('',(#1906,#1908,#1910,#1912,#1914,#1916,#1917,#1919,#1921,#1923,
#1925,#1927));
#1929=FACE_OUTER_BOUND('',#1928,.F.);
#1930=ADVANCED_FACE('',(#1929),#1904,.T.);
#1931=CARTESIAN_POINT('',(-2.E-1,7.850393436442E-3,1.497944302132E-1));
#1932=DIRECTION('',(0.E0,5.233595624294E-2,9.986295347546E-1));
#1933=DIRECTION('',(0.E0,-9.986295347546E-1,5.233595624294E-2));
#1934=AXIS2_PLACEMENT_3D('',#1931,#1932,#1933);
#1935=PLANE('',#1934);
#1936=ORIENTED_EDGE('',*,*,#1870,.T.);
#1938=ORIENTED_EDGE('',*,*,#1937,.T.);
#1939=ORIENTED_EDGE('',*,*,#1905,.T.);
#1941=ORIENTED_EDGE('',*,*,#1940,.F.);
#1942=EDGE_LOOP('',(#1936,#1938,#1939,#1941));
#1943=FACE_OUTER_BOUND('',#1942,.F.);
#1944=ADVANCED_FACE('',(#1943),#1935,.T.);
#1945=CARTESIAN_POINT('',(-2.E-1,4.84E-2,-1.042759668707E-1));
#1946=DIRECTION('',(-1.E0,0.E0,0.E0));
#1947=DIRECTION('',(0.E0,5.233595624294E-2,9.986295347546E-1));
#1948=AXIS2_PLACEMENT_3D('',#1945,#1946,#1947);
#1949=CYLINDRICAL_SURFACE('',#1948,2.516E-1);
#1950=ORIENTED_EDGE('',*,*,#1937,.F.);
#1951=ORIENTED_EDGE('',*,*,#1868,.T.);
#1953=ORIENTED_EDGE('',*,*,#1952,.T.);
#1954=ORIENTED_EDGE('',*,*,#1907,.F.);
#1955=EDGE_LOOP('',(#1950,#1951,#1953,#1954));
#1956=FACE_OUTER_BOUND('',#1955,.F.);
#1957=ADVANCED_FACE('',(#1956),#1949,.T.);
#1958=CARTESIAN_POINT('',(-2.E-1,3.E-1,-1.645365289384E-1));
#1959=DIRECTION('',(0.E0,1.E0,0.E0));
#1960=DIRECTION('',(0.E0,0.E0,1.E0));
#1961=AXIS2_PLACEMENT_3D('',#1958,#1959,#1960);
#1962=PLANE('',#1961);
#1963=ORIENTED_EDGE('',*,*,#1866,.F.);
#1965=ORIENTED_EDGE('',*,*,#1964,.T.);
#1966=ORIENTED_EDGE('',*,*,#1909,.T.);
#1967=ORIENTED_EDGE('',*,*,#1952,.F.);
#1968=EDGE_LOOP('',(#1963,#1965,#1966,#1967));
#1969=FACE_OUTER_BOUND('',#1968,.F.);
#1970=ADVANCED_FACE('',(#1969),#1962,.T.);
#1971=CARTESIAN_POINT('',(-2.E-1,1.5E-1,-1.645365289384E-1));
#1972=DIRECTION('',(0.E0,0.E0,-1.E0));
#1973=DIRECTION('',(0.E0,1.E0,0.E0));
#1974=AXIS2_PLACEMENT_3D('',#1971,#1972,#1973);
#1975=PLANE('',#1974);
#1976=ORIENTED_EDGE('',*,*,#1864,.F.);
#1978=ORIENTED_EDGE('',*,*,#1977,.T.);
#1979=ORIENTED_EDGE('',*,*,#1911,.T.);
#1980=ORIENTED_EDGE('',*,*,#1964,.F.);
#1981=EDGE_LOOP('',(#1976,#1978,#1979,#1980));
#1982=FACE_OUTER_BOUND('',#1981,.F.);
#1983=ADVANCED_FACE('',(#1982),#1975,.T.);
#1984=CARTESIAN_POINT('',(-2.E-1,1.5E-1,-7.861166892456E-3));
#1985=DIRECTION('',(0.E0,-1.E0,0.E0));
#1986=DIRECTION('',(0.E0,0.E0,-1.E0));
#1987=AXIS2_PLACEMENT_3D('',#1984,#1985,#1986);
#1988=PLANE('',#1987);
#1989=ORIENTED_EDGE('',*,*,#1862,.F.);
#1991=ORIENTED_EDGE('',*,*,#1990,.T.);
#1992=ORIENTED_EDGE('',*,*,#1913,.T.);
#1993=ORIENTED_EDGE('',*,*,#1977,.F.);
#1994=EDGE_LOOP('',(#1989,#1991,#1992,#1993));
#1995=FACE_OUTER_BOUND('',#1994,.F.);
#1996=ADVANCED_FACE('',(#1995),#1988,.T.);
#1997=CARTESIAN_POINT('',(-2.E-1,4.84E-2,-1.042759668707E-1));
#1998=DIRECTION('',(1.E0,0.E0,0.E0));
#1999=DIRECTION('',(0.E0,1.E0,0.E0));
#2000=AXIS2_PLACEMENT_3D('',#1997,#1998,#1999);
#2001=CYLINDRICAL_SURFACE('',#2000,1.016E-1);
#2002=ORIENTED_EDGE('',*,*,#1990,.F.);
#2003=ORIENTED_EDGE('',*,*,#1860,.T.);
#2004=ORIENTED_EDGE('',*,*,#1892,.T.);
#2005=ORIENTED_EDGE('',*,*,#1915,.F.);
#2006=EDGE_LOOP('',(#2002,#2003,#2004,#2005));
#2007=FACE_OUTER_BOUND('',#2006,.F.);
#2008=ADVANCED_FACE('',(#2007),#2001,.F.);
#2009=CARTESIAN_POINT('',(-2.E-1,1.612280193581E-2,2.511003220078E-1));
#2010=DIRECTION('',(1.E0,0.E0,0.E0));
#2011=DIRECTION('',(0.E0,-9.975640502598E-1,-6.975647374412E-2));
#2012=AXIS2_PLACEMENT_3D('',#2009,#2010,#2011);
#2013=CYLINDRICAL_SURFACE('',#2012,1.016E-1);
#2015=ORIENTED_EDGE('',*,*,#2014,.F.);
#2016=ORIENTED_EDGE('',*,*,#1872,.T.);
#2017=ORIENTED_EDGE('',*,*,#1940,.T.);
#2018=ORIENTED_EDGE('',*,*,#1926,.F.);
#2019=EDGE_LOOP('',(#2015,#2016,#2017,#2018));
#2020=FACE_OUTER_BOUND('',#2019,.F.);
#2021=ADVANCED_FACE('',(#2020),#2013,.F.);
#2022=CARTESIAN_POINT('',(-2.E-1,-7.895942959831E-2,1.543439402584E-1));
#2023=DIRECTION('',(0.E0,9.975640502598E-1,6.975647374413E-2));
#2024=DIRECTION('',(0.E0,-6.975647374413E-2,9.975640502598E-1));
#2025=AXIS2_PLACEMENT_3D('',#2022,#2023,#2024);
#2026=PLANE('',#2025);
#2027=ORIENTED_EDGE('',*,*,#1874,.F.);
#2028=ORIENTED_EDGE('',*,*,#2014,.T.);
#2029=ORIENTED_EDGE('',*,*,#1924,.T.);
#2031=ORIENTED_EDGE('',*,*,#2030,.F.);
#2032=EDGE_LOOP('',(#2027,#2028,#2029,#2031));
#2033=FACE_OUTER_BOUND('',#2032,.F.);
#2034=ADVANCED_FACE('',(#2033),#2026,.T.);
#2035=CARTESIAN_POINT('',(-2.E-1,-1.003653924610E-1,4.604634710616E-1));
#2036=DIRECTION('',(0.E0,-6.975647374413E-2,9.975640502598E-1));
#2037=DIRECTION('',(0.E0,-9.975640502598E-1,-6.975647374413E-2));
#2038=AXIS2_PLACEMENT_3D('',#2035,#2036,#2037);
#2039=PLANE('',#2038);
#2040=ORIENTED_EDGE('',*,*,#1876,.F.);
#2041=ORIENTED_EDGE('',*,*,#2030,.T.);
#2042=ORIENTED_EDGE('',*,*,#1922,.T.);
#2044=ORIENTED_EDGE('',*,*,#2043,.F.);
#2045=EDGE_LOOP('',(#2040,#2041,#2042,#2044));
#2046=FACE_OUTER_BOUND('',#2045,.F.);
#2047=ADVANCED_FACE('',(#2046),#2039,.T.);
#2048=CARTESIAN_POINT('',(-2.E-1,-2.5E-1,4.5E-1));
#2049=DIRECTION('',(0.E0,-9.975640502598E-1,-6.975647374413E-2));
#2050=DIRECTION('',(0.E0,6.975647374413E-2,-9.975640502598E-1));
#2051=AXIS2_PLACEMENT_3D('',#2048,#2049,#2050);
#2052=PLANE('',#2051);
#2053=ORIENTED_EDGE('',*,*,#1878,.F.);
#2054=ORIENTED_EDGE('',*,*,#2043,.T.);
#2055=ORIENTED_EDGE('',*,*,#1920,.T.);
#2057=ORIENTED_EDGE('',*,*,#2056,.F.);
#2058=EDGE_LOOP('',(#2053,#2054,#2055,#2057));
#2059=FACE_OUTER_BOUND('',#2058,.F.);
#2060=ADVANCED_FACE('',(#2059),#2052,.T.);
#2061=CARTESIAN_POINT('',(-2.E-1,1.612280193581E-2,2.511003220078E-1));
#2062=DIRECTION('',(-1.E0,0.E0,0.E0));
#2063=DIRECTION('',(0.E0,-5.233595624294E-2,-9.986295347546E-1));
#2064=AXIS2_PLACEMENT_3D('',#2061,#2062,#2063);
#2065=CYLINDRICAL_SURFACE('',#2064,2.516E-1);
#2066=ORIENTED_EDGE('',*,*,#1895,.F.);
#2067=ORIENTED_EDGE('',*,*,#1880,.T.);
#2068=ORIENTED_EDGE('',*,*,#2056,.T.);
#2069=ORIENTED_EDGE('',*,*,#1918,.F.);
#2070=EDGE_LOOP('',(#2066,#2067,#2068,#2069));
#2071=FACE_OUTER_BOUND('',#2070,.F.);
#2072=ADVANCED_FACE('',(#2071),#2065,.T.);
#2073=CLOSED_SHELL('',(#1884,#1899,#1930,#1944,#1957,#1970,#1983,#1996,#2008,
#2021,#2034,#2047,#2060,#2072));
#2074=MANIFOLD_SOLID_BREP('',#2073);
#2075=FILL_AREA_STYLE_COLOUR('',#31);
#2076=FILL_AREA_STYLE('',(#2075));
#2077=SURFACE_STYLE_FILL_AREA(#2076);
#2078=SURFACE_SIDE_STYLE('',(#2077));
#2079=SURFACE_STYLE_USAGE(.BOTH.,#2078);
#2080=PRESENTATION_STYLE_ASSIGNMENT((#2079));
#1544=STYLED_ITEM('',(#2080),#2074);
#2082=DIMENSIONAL_EXPONENTS(0.E0,0.E0,0.E0,0.E0,0.E0,0.E0,0.E0);
#2084=PLANE_ANGLE_MEASURE_WITH_UNIT(PLANE_ANGLE_MEASURE(1.745329251994E-2),
#2083);
#2085=(CONVERSION_BASED_UNIT('DEGREE',#2084)NAMED_UNIT(*)PLANE_ANGLE_UNIT());
#2087=UNCERTAINTY_MEASURE_WITH_UNIT(LENGTH_MEASURE(9.236107141892E-5),#2081,
'closure',
'Maximum model space distance between geometric entities at asserted connectivities');
#2088=(GEOMETRIC_REPRESENTATION_CONTEXT(3)GLOBAL_UNCERTAINTY_ASSIGNED_CONTEXT((
#2087))GLOBAL_UNIT_ASSIGNED_CONTEXT((#2081,#2085,#2086))REPRESENTATION_CONTEXT(
'ID2','3'));
#2089=CARTESIAN_POINT('',(0.E0,0.E0,0.E0));
#2090=DIRECTION('',(0.E0,0.E0,1.E0));
#2091=DIRECTION('',(1.E0,0.E0,0.E0));
#2094=MECHANICAL_CONTEXT('',#1523,'mechanical');
#2095=PRODUCT('LEAD-SOT','LEAD-SOT','NOT SPECIFIED',(#2094));
#2096=PRODUCT_DEFINITION_FORMATION_WITH_SPECIFIED_SOURCE('7','LAST_VERSION',
#2095,.MADE.);
#2102=CARTESIAN_POINT('',(-9.645365289384E-1,-9.5E-1,2.5E-1));
#2103=DIRECTION('',(-1.E0,0.E0,0.E0));
#2104=DIRECTION('',(0.E0,-1.E0,0.E0));
#2105=AXIS2_PLACEMENT_3D('',#2102,#2103,#2104);
#2106=ITEM_DEFINED_TRANSFORMATION('','',#2092,#2105);
#2107=(REPRESENTATION_RELATIONSHIP('','',#2093,#1534)REPRESENTATION_RELATIONSHIP_WITH_TRANSFORMATION(#2106)SHAPE_REPRESENTATION_RELATIONSHIP());
#2108=CONTEXT_DEPENDENT_SHAPE_REPRESENTATION(#2107,#2101);
#2111=CARTESIAN_POINT('',(-9.645365289384E-1,0.E0,2.5E-1));
#2112=DIRECTION('',(-1.E0,0.E0,0.E0));
#2113=DIRECTION('',(0.E0,-1.E0,0.E0));
#2114=AXIS2_PLACEMENT_3D('',#2111,#2112,#2113);
#2115=ITEM_DEFINED_TRANSFORMATION('','',#2092,#2114);
#2116=(REPRESENTATION_RELATIONSHIP('','',#2093,#1534)REPRESENTATION_RELATIONSHIP_WITH_TRANSFORMATION(#2115)SHAPE_REPRESENTATION_RELATIONSHIP());
#2117=CONTEXT_DEPENDENT_SHAPE_REPRESENTATION(#2116,#2110);
#2120=CARTESIAN_POINT('',(-9.645365289384E-1,9.5E-1,2.5E-1));
#2121=DIRECTION('',(-1.E0,0.E0,0.E0));
#2122=DIRECTION('',(0.E0,-1.E0,0.E0));
#2123=AXIS2_PLACEMENT_3D('',#2120,#2121,#2122);
#2124=ITEM_DEFINED_TRANSFORMATION('','',#2092,#2123);
#2125=(REPRESENTATION_RELATIONSHIP('','',#2093,#1534)REPRESENTATION_RELATIONSHIP_WITH_TRANSFORMATION(#2124)SHAPE_REPRESENTATION_RELATIONSHIP());
#2126=CONTEXT_DEPENDENT_SHAPE_REPRESENTATION(#2125,#2119);
#2129=CARTESIAN_POINT('',(9.645365289384E-1,-9.5E-1,2.5E-1));
#2130=DIRECTION('',(1.E0,0.E0,0.E0));
#2131=DIRECTION('',(0.E0,1.E0,0.E0));
#2132=AXIS2_PLACEMENT_3D('',#2129,#2130,#2131);
#2133=ITEM_DEFINED_TRANSFORMATION('','',#2092,#2132);
#2134=(REPRESENTATION_RELATIONSHIP('','',#2093,#1534)REPRESENTATION_RELATIONSHIP_WITH_TRANSFORMATION(#2133)SHAPE_REPRESENTATION_RELATIONSHIP());
#2135=CONTEXT_DEPENDENT_SHAPE_REPRESENTATION(#2134,#2128);
#2138=CARTESIAN_POINT('',(9.645365289384E-1,9.5E-1,2.5E-1));
#2139=DIRECTION('',(1.E0,0.E0,0.E0));
#2140=DIRECTION('',(0.E0,1.E0,0.E0));
#2141=AXIS2_PLACEMENT_3D('',#2138,#2139,#2140);
#2142=ITEM_DEFINED_TRANSFORMATION('','',#2092,#2141);
#2143=(REPRESENTATION_RELATIONSHIP('','',#2093,#1534)REPRESENTATION_RELATIONSHIP_WITH_TRANSFORMATION(#2142)SHAPE_REPRESENTATION_RELATIONSHIP());
#2144=CONTEXT_DEPENDENT_SHAPE_REPRESENTATION(#2143,#2137);
#2146=DIRECTION('',(1.E0,0.E0,0.E0));
#2147=VECTOR('',#2146,1.73E-1);
#2148=CARTESIAN_POINT('',(-2.8E-1,0.E0,8.5E-1));
#2149=LINE('',#2148,#2147);
#2150=CURVE_STYLE('',#43,POSITIVE_LENGTH_MEASURE(2.E-2),#31);
#2151=PRESENTATION_STYLE_ASSIGNMENT((#2150));
#2152=STYLED_ITEM('',(#2151),#2149);
#2153=DIRECTION('',(0.E0,0.E0,1.E0));
#2154=VECTOR('',#2153,8.E-2);
#2155=CARTESIAN_POINT('',(-1.07E-1,0.E0,8.5E-1));
#2156=LINE('',#2155,#2154);
#2157=CURVE_STYLE('',#43,POSITIVE_LENGTH_MEASURE(2.E-2),#31);
#2158=PRESENTATION_STYLE_ASSIGNMENT((#2157));
#2159=STYLED_ITEM('',(#2158),#2156);
#2160=DIRECTION('',(1.E0,0.E0,0.E0));
#2161=VECTOR('',#2160,1.5E-1);
#2162=CARTESIAN_POINT('',(-1.07E-1,0.E0,9.3E-1));
#2163=LINE('',#2162,#2161);
#2164=CURVE_STYLE('',#43,POSITIVE_LENGTH_MEASURE(2.E-2),#31);
#2165=PRESENTATION_STYLE_ASSIGNMENT((#2164));
#2166=STYLED_ITEM('',(#2165),#2163);
#2167=DIRECTION('',(0.E0,0.E0,-1.E0));
#2168=VECTOR('',#2167,8.E-2);
#2169=CARTESIAN_POINT('',(4.3E-2,0.E0,9.3E-1));
#2170=LINE('',#2169,#2168);
#2171=CURVE_STYLE('',#43,POSITIVE_LENGTH_MEASURE(2.E-2),#31);
#2172=PRESENTATION_STYLE_ASSIGNMENT((#2171));
#2173=STYLED_ITEM('',(#2172),#2170);
#2174=DIRECTION('',(1.E0,0.E0,0.E0));
#2175=VECTOR('',#2174,1.38E-1);
#2176=CARTESIAN_POINT('',(4.3E-2,0.E0,8.5E-1));
#2177=LINE('',#2176,#2175);
#2178=CURVE_STYLE('',#43,POSITIVE_LENGTH_MEASURE(2.E-2),#31);
#2179=PRESENTATION_STYLE_ASSIGNMENT((#2178));
#2180=STYLED_ITEM('',(#2179),#2177);
#2181=DIRECTION('',(-4.453440431683E-1,0.E0,8.953595273489E-1));
#2182=VECTOR('',#2181,6.422001245718E-1);
#2183=CARTESIAN_POINT('',(4.67E-1,0.E0,2.75E-1));
#2184=LINE('',#2183,#2182);
#2185=CURVE_STYLE('',#43,POSITIVE_LENGTH_MEASURE(2.E-2),#31);
#2186=PRESENTATION_STYLE_ASSIGNMENT((#2185));
#2187=STYLED_ITEM('',(#2186),#2184);
#2188=DIRECTION('',(0.E0,0.E0,-1.E0));
#2189=VECTOR('',#2188,5.5E-1);
#2190=CARTESIAN_POINT('',(4.67E-1,0.E0,2.75E-1));
#2191=LINE('',#2190,#2189);
#2192=CURVE_STYLE('',#43,POSITIVE_LENGTH_MEASURE(2.E-2),#31);
#2193=PRESENTATION_STYLE_ASSIGNMENT((#2192));
#2194=STYLED_ITEM('',(#2193),#2191);
#2195=DIRECTION('',(4.453440431683E-1,0.E0,8.953595273489E-1));
#2196=VECTOR('',#2195,6.422001245718E-1);
#2197=CARTESIAN_POINT('',(1.81E-1,0.E0,-8.5E-1));
#2198=LINE('',#2197,#2196);
#2199=CURVE_STYLE('',#43,POSITIVE_LENGTH_MEASURE(2.E-2),#31);
#2200=PRESENTATION_STYLE_ASSIGNMENT((#2199));
#2201=STYLED_ITEM('',(#2200),#2198);
#2202=DIRECTION('',(-1.E0,0.E0,0.E0));
#2203=VECTOR('',#2202,1.38E-1);
#2204=CARTESIAN_POINT('',(1.81E-1,0.E0,-8.5E-1));
#2205=LINE('',#2204,#2203);
#2206=CURVE_STYLE('',#43,POSITIVE_LENGTH_MEASURE(2.E-2),#31);
#2207=PRESENTATION_STYLE_ASSIGNMENT((#2206));
#2208=STYLED_ITEM('',(#2207),#2205);
#2209=DIRECTION('',(0.E0,0.E0,-1.E0));
#2210=VECTOR('',#2209,8.E-2);
#2211=CARTESIAN_POINT('',(4.3E-2,0.E0,-8.5E-1));
#2212=LINE('',#2211,#2210);
#2213=CURVE_STYLE('',#43,POSITIVE_LENGTH_MEASURE(2.E-2),#31);
#2214=PRESENTATION_STYLE_ASSIGNMENT((#2213));
#2215=STYLED_ITEM('',(#2214),#2212);
#2216=DIRECTION('',(-1.E0,0.E0,0.E0));
#2217=VECTOR('',#2216,1.5E-1);
#2218=CARTESIAN_POINT('',(4.3E-2,0.E0,-9.3E-1));
#2219=LINE('',#2218,#2217);
#2220=CURVE_STYLE('',#43,POSITIVE_LENGTH_MEASURE(2.E-2),#31);
#2221=PRESENTATION_STYLE_ASSIGNMENT((#2220));
#2222=STYLED_ITEM('',(#2221),#2219);
#2223=DIRECTION('',(0.E0,0.E0,1.E0));
#2224=VECTOR('',#2223,8.E-2);
#2225=CARTESIAN_POINT('',(-1.07E-1,0.E0,-9.3E-1));
#2226=LINE('',#2225,#2224);
#2227=CURVE_STYLE('',#43,POSITIVE_LENGTH_MEASURE(2.E-2),#31);
#2228=PRESENTATION_STYLE_ASSIGNMENT((#2227));
#2229=STYLED_ITEM('',(#2228),#2226);
#2230=DIRECTION('',(-1.E0,0.E0,0.E0));
#2231=VECTOR('',#2230,1.73E-1);
#2232=CARTESIAN_POINT('',(-1.07E-1,0.E0,-8.5E-1));
#2233=LINE('',#2232,#2231);
#2234=CURVE_STYLE('',#43,POSITIVE_LENGTH_MEASURE(2.E-2),#31);
#2235=PRESENTATION_STYLE_ASSIGNMENT((#2234));
#2236=STYLED_ITEM('',(#2235),#2233);
#2237=DIRECTION('',(0.E0,0.E0,-1.E0));
#2238=VECTOR('',#2237,8.E-2);
#2239=CARTESIAN_POINT('',(-2.8E-1,0.E0,-8.5E-1));
#2240=LINE('',#2239,#2238);
#2241=CURVE_STYLE('',#43,POSITIVE_LENGTH_MEASURE(2.E-2),#31);
#2242=PRESENTATION_STYLE_ASSIGNMENT((#2241));
#2243=STYLED_ITEM('',(#2242),#2240);
#2244=DIRECTION('',(-1.E0,0.E0,0.E0));
#2245=VECTOR('',#2244,1.5E-1);
#2246=CARTESIAN_POINT('',(-2.8E-1,0.E0,-9.3E-1));
#2247=LINE('',#2246,#2245);
#2248=CURVE_STYLE('',#43,POSITIVE_LENGTH_MEASURE(2.E-2),#31);
#2249=PRESENTATION_STYLE_ASSIGNMENT((#2248));
#2250=STYLED_ITEM('',(#2249),#2247);
#2251=DIRECTION('',(0.E0,0.E0,1.E0));
#2252=VECTOR('',#2251,8.E-2);
#2253=CARTESIAN_POINT('',(-4.3E-1,0.E0,-9.3E-1));
#2254=LINE('',#2253,#2252);
#2255=CURVE_STYLE('',#43,POSITIVE_LENGTH_MEASURE(2.E-2),#31);
#2256=PRESENTATION_STYLE_ASSIGNMENT((#2255));
#2257=STYLED_ITEM('',(#2256),#2254);
#2258=DIRECTION('',(-1.E0,0.E0,0.E0));
#2259=VECTOR('',#2258,3.7E-2);
#2260=CARTESIAN_POINT('',(-4.3E-1,0.E0,-8.5E-1));
#2261=LINE('',#2260,#2259);
#2262=CURVE_STYLE('',#43,POSITIVE_LENGTH_MEASURE(2.E-2),#31);
#2263=PRESENTATION_STYLE_ASSIGNMENT((#2262));
#2264=STYLED_ITEM('',(#2263),#2261);
#2265=DIRECTION('',(0.E0,0.E0,1.E0));
#2266=VECTOR('',#2265,1.7E0);
#2267=CARTESIAN_POINT('',(-4.67E-1,0.E0,-8.5E-1));
#2268=LINE('',#2267,#2266);
#2269=CURVE_STYLE('',#43,POSITIVE_LENGTH_MEASURE(2.E-2),#31);
#2270=PRESENTATION_STYLE_ASSIGNMENT((#2269));
#2271=STYLED_ITEM('',(#2270),#2268);
#2272=DIRECTION('',(1.E0,0.E0,0.E0));
#2273=VECTOR('',#2272,3.7E-2);
#2274=CARTESIAN_POINT('',(-4.67E-1,0.E0,8.5E-1));
#2275=LINE('',#2274,#2273);
#2276=CURVE_STYLE('',#43,POSITIVE_LENGTH_MEASURE(2.E-2),#31);
#2277=PRESENTATION_STYLE_ASSIGNMENT((#2276));
#2278=STYLED_ITEM('',(#2277),#2275);
#2279=DIRECTION('',(0.E0,0.E0,1.E0));
#2280=VECTOR('',#2279,8.E-2);
#2281=CARTESIAN_POINT('',(-4.3E-1,0.E0,8.5E-1));
#2282=LINE('',#2281,#2280);
#2283=CURVE_STYLE('',#43,POSITIVE_LENGTH_MEASURE(2.E-2),#31);
#2284=PRESENTATION_STYLE_ASSIGNMENT((#2283));
#2285=STYLED_ITEM('',(#2284),#2282);
#2286=DIRECTION('',(1.E0,0.E0,0.E0));
#2287=VECTOR('',#2286,1.5E-1);
#2288=CARTESIAN_POINT('',(-4.3E-1,0.E0,9.3E-1));
#2289=LINE('',#2288,#2287);
#2290=CURVE_STYLE('',#43,POSITIVE_LENGTH_MEASURE(2.E-2),#31);
#2291=PRESENTATION_STYLE_ASSIGNMENT((#2290));
#2292=STYLED_ITEM('',(#2291),#2289);
#2293=DIRECTION('',(0.E0,0.E0,-1.E0));
#2294=VECTOR('',#2293,8.E-2);
#2295=CARTESIAN_POINT('',(-2.8E-1,0.E0,9.3E-1));
#2296=LINE('',#2295,#2294);
#2297=CURVE_STYLE('',#43,POSITIVE_LENGTH_MEASURE(2.E-2),#31);
#2298=PRESENTATION_STYLE_ASSIGNMENT((#2297));
#2299=STYLED_ITEM('',(#2298),#2296);
#2300=DIRECTION('',(0.E0,1.E0,0.E0));
#2301=VECTOR('',#2300,1.4E-1);
#2302=CARTESIAN_POINT('',(-4.3E-1,0.E0,8.5E-1));
#2303=LINE('',#2302,#2301);
#2304=CURVE_STYLE('',#43,POSITIVE_LENGTH_MEASURE(2.E-2),#31);
#2305=PRESENTATION_STYLE_ASSIGNMENT((#2304));
#2306=STYLED_ITEM('',(#2305),#2303);
#2307=DIRECTION('',(0.E0,1.E0,0.E0));
#2308=VECTOR('',#2307,1.4E-1);
#2309=CARTESIAN_POINT('',(-4.67E-1,0.E0,8.5E-1));
#2310=LINE('',#2309,#2308);
#2311=CURVE_STYLE('',#43,POSITIVE_LENGTH_MEASURE(2.E-2),#31);
#2312=PRESENTATION_STYLE_ASSIGNMENT((#2311));
#2313=STYLED_ITEM('',(#2312),#2310);
#2314=DIRECTION('',(0.E0,1.E0,0.E0));
#2315=VECTOR('',#2314,1.4E-1);
#2316=CARTESIAN_POINT('',(-2.8E-1,0.E0,8.5E-1));
#2317=LINE('',#2316,#2315);
#2318=CURVE_STYLE('',#43,POSITIVE_LENGTH_MEASURE(2.E-2),#31);
#2319=PRESENTATION_STYLE_ASSIGNMENT((#2318));
#2320=STYLED_ITEM('',(#2319),#2317);
#2321=DIRECTION('',(0.E0,1.E0,0.E0));
#2322=VECTOR('',#2321,1.4E-1);
#2323=CARTESIAN_POINT('',(-1.07E-1,0.E0,8.5E-1));
#2324=LINE('',#2323,#2322);
#2325=CURVE_STYLE('',#43,POSITIVE_LENGTH_MEASURE(2.E-2),#31);
#2326=PRESENTATION_STYLE_ASSIGNMENT((#2325));
#2327=STYLED_ITEM('',(#2326),#2324);
#2328=DIRECTION('',(0.E0,1.E0,0.E0));
#2329=VECTOR('',#2328,1.4E-1);
#2330=CARTESIAN_POINT('',(4.3E-2,0.E0,8.5E-1));
#2331=LINE('',#2330,#2329);
#2332=CURVE_STYLE('',#43,POSITIVE_LENGTH_MEASURE(2.E-2),#31);
#2333=PRESENTATION_STYLE_ASSIGNMENT((#2332));
#2334=STYLED_ITEM('',(#2333),#2331);
#2335=DIRECTION('',(0.E0,1.E0,0.E0));
#2336=VECTOR('',#2335,1.4E-1);
#2337=CARTESIAN_POINT('',(1.81E-1,0.E0,8.5E-1));
#2338=LINE('',#2337,#2336);
#2339=CURVE_STYLE('',#43,POSITIVE_LENGTH_MEASURE(2.E-2),#31);
#2340=PRESENTATION_STYLE_ASSIGNMENT((#2339));
#2341=STYLED_ITEM('',(#2340),#2338);
#2342=DIRECTION('',(1.E0,0.E0,0.E0));
#2343=VECTOR('',#2342,1.38E-1);
#2344=CARTESIAN_POINT('',(4.3E-2,1.4E-1,8.5E-1));
#2345=LINE('',#2344,#2343);
#2346=CURVE_STYLE('',#43,POSITIVE_LENGTH_MEASURE(2.E-2),#31);
#2347=PRESENTATION_STYLE_ASSIGNMENT((#2346));
#2348=STYLED_ITEM('',(#2347),#2345);
#2349=DIRECTION('',(0.E0,0.E0,-1.E0));
#2350=VECTOR('',#2349,8.E-2);
#2351=CARTESIAN_POINT('',(4.3E-2,1.4E-1,9.3E-1));
#2352=LINE('',#2351,#2350);
#2353=CURVE_STYLE('',#43,POSITIVE_LENGTH_MEASURE(2.E-2),#31);
#2354=PRESENTATION_STYLE_ASSIGNMENT((#2353));
#2355=STYLED_ITEM('',(#2354),#2352);
#2356=DIRECTION('',(1.E0,0.E0,0.E0));
#2357=VECTOR('',#2356,1.5E-1);
#2358=CARTESIAN_POINT('',(-1.07E-1,1.4E-1,9.3E-1));
#2359=LINE('',#2358,#2357);
#2360=CURVE_STYLE('',#43,POSITIVE_LENGTH_MEASURE(2.E-2),#31);
#2361=PRESENTATION_STYLE_ASSIGNMENT((#2360));
#2362=STYLED_ITEM('',(#2361),#2359);
#2363=DIRECTION('',(0.E0,0.E0,1.E0));
#2364=VECTOR('',#2363,8.E-2);
#2365=CARTESIAN_POINT('',(-1.07E-1,1.4E-1,8.5E-1));
#2366=LINE('',#2365,#2364);
#2367=CURVE_STYLE('',#43,POSITIVE_LENGTH_MEASURE(2.E-2),#31);
#2368=PRESENTATION_STYLE_ASSIGNMENT((#2367));
#2369=STYLED_ITEM('',(#2368),#2366);
#2370=DIRECTION('',(1.E0,0.E0,0.E0));
#2371=VECTOR('',#2370,1.73E-1);
#2372=CARTESIAN_POINT('',(-2.8E-1,1.4E-1,8.5E-1));
#2373=LINE('',#2372,#2371);
#2374=CURVE_STYLE('',#43,POSITIVE_LENGTH_MEASURE(2.E-2),#31);
#2375=PRESENTATION_STYLE_ASSIGNMENT((#2374));
#2376=STYLED_ITEM('',(#2375),#2373);
#2377=DIRECTION('',(0.E0,0.E0,-1.E0));
#2378=VECTOR('',#2377,8.E-2);
#2379=CARTESIAN_POINT('',(-2.8E-1,1.4E-1,9.3E-1));
#2380=LINE('',#2379,#2378);
#2381=CURVE_STYLE('',#43,POSITIVE_LENGTH_MEASURE(2.E-2),#31);
#2382=PRESENTATION_STYLE_ASSIGNMENT((#2381));
#2383=STYLED_ITEM('',(#2382),#2380);
#2384=DIRECTION('',(1.E0,0.E0,0.E0));
#2385=VECTOR('',#2384,1.5E-1);
#2386=CARTESIAN_POINT('',(-4.3E-1,1.4E-1,9.3E-1));
#2387=LINE('',#2386,#2385);
#2388=CURVE_STYLE('',#43,POSITIVE_LENGTH_MEASURE(2.E-2),#31);
#2389=PRESENTATION_STYLE_ASSIGNMENT((#2388));
#2390=STYLED_ITEM('',(#2389),#2387);
#2391=DIRECTION('',(0.E0,0.E0,1.E0));
#2392=VECTOR('',#2391,8.E-2);
#2393=CARTESIAN_POINT('',(-4.3E-1,1.4E-1,8.5E-1));
#2394=LINE('',#2393,#2392);
#2395=CURVE_STYLE('',#43,POSITIVE_LENGTH_MEASURE(2.E-2),#31);
#2396=PRESENTATION_STYLE_ASSIGNMENT((#2395));
#2397=STYLED_ITEM('',(#2396),#2394);
#2398=DIRECTION('',(1.E0,0.E0,0.E0));
#2399=VECTOR('',#2398,3.7E-2);
#2400=CARTESIAN_POINT('',(-4.67E-1,1.4E-1,8.5E-1));
#2401=LINE('',#2400,#2399);
#2402=CURVE_STYLE('',#43,POSITIVE_LENGTH_MEASURE(2.E-2),#31);
#2403=PRESENTATION_STYLE_ASSIGNMENT((#2402));
#2404=STYLED_ITEM('',(#2403),#2401);
#2405=DIRECTION('',(0.E0,0.E0,1.E0));
#2406=VECTOR('',#2405,1.7E0);
#2407=CARTESIAN_POINT('',(-4.67E-1,1.4E-1,-8.5E-1));
#2408=LINE('',#2407,#2406);
#2409=CURVE_STYLE('',#43,POSITIVE_LENGTH_MEASURE(2.E-2),#31);
#2410=PRESENTATION_STYLE_ASSIGNMENT((#2409));
#2411=STYLED_ITEM('',(#2410),#2408);
#2412=DIRECTION('',(-1.E0,0.E0,0.E0));
#2413=VECTOR('',#2412,3.7E-2);
#2414=CARTESIAN_POINT('',(-4.3E-1,1.4E-1,-8.5E-1));
#2415=LINE('',#2414,#2413);
#2416=CURVE_STYLE('',#43,POSITIVE_LENGTH_MEASURE(2.E-2),#31);
#2417=PRESENTATION_STYLE_ASSIGNMENT((#2416));
#2418=STYLED_ITEM('',(#2417),#2415);
#2419=DIRECTION('',(0.E0,0.E0,1.E0));
#2420=VECTOR('',#2419,8.E-2);
#2421=CARTESIAN_POINT('',(-4.3E-1,1.4E-1,-9.3E-1));
#2422=LINE('',#2421,#2420);
#2423=CURVE_STYLE('',#43,POSITIVE_LENGTH_MEASURE(2.E-2),#31);
#2424=PRESENTATION_STYLE_ASSIGNMENT((#2423));
#2425=STYLED_ITEM('',(#2424),#2422);
#2426=DIRECTION('',(-1.E0,0.E0,0.E0));
#2427=VECTOR('',#2426,1.5E-1);
#2428=CARTESIAN_POINT('',(-2.8E-1,1.4E-1,-9.3E-1));
#2429=LINE('',#2428,#2427);
#2430=CURVE_STYLE('',#43,POSITIVE_LENGTH_MEASURE(2.E-2),#31);
#2431=PRESENTATION_STYLE_ASSIGNMENT((#2430));
#2432=STYLED_ITEM('',(#2431),#2429);
#2433=DIRECTION('',(0.E0,0.E0,-1.E0));
#2434=VECTOR('',#2433,8.E-2);
#2435=CARTESIAN_POINT('',(-2.8E-1,1.4E-1,-8.5E-1));
#2436=LINE('',#2435,#2434);
#2437=CURVE_STYLE('',#43,POSITIVE_LENGTH_MEASURE(2.E-2),#31);
#2438=PRESENTATION_STYLE_ASSIGNMENT((#2437));
#2439=STYLED_ITEM('',(#2438),#2436);
#2440=DIRECTION('',(-1.E0,0.E0,0.E0));
#2441=VECTOR('',#2440,1.73E-1);
#2442=CARTESIAN_POINT('',(-1.07E-1,1.4E-1,-8.5E-1));
#2443=LINE('',#2442,#2441);
#2444=CURVE_STYLE('',#43,POSITIVE_LENGTH_MEASURE(2.E-2),#31);
#2445=PRESENTATION_STYLE_ASSIGNMENT((#2444));
#2446=STYLED_ITEM('',(#2445),#2443);
#2447=DIRECTION('',(0.E0,0.E0,1.E0));
#2448=VECTOR('',#2447,8.E-2);
#2449=CARTESIAN_POINT('',(-1.07E-1,1.4E-1,-9.3E-1));
#2450=LINE('',#2449,#2448);
#2451=CURVE_STYLE('',#43,POSITIVE_LENGTH_MEASURE(2.E-2),#31);
#2452=PRESENTATION_STYLE_ASSIGNMENT((#2451));
#2453=STYLED_ITEM('',(#2452),#2450);
#2454=DIRECTION('',(-1.E0,0.E0,0.E0));
#2455=VECTOR('',#2454,1.5E-1);
#2456=CARTESIAN_POINT('',(4.3E-2,1.4E-1,-9.3E-1));
#2457=LINE('',#2456,#2455);
#2458=CURVE_STYLE('',#43,POSITIVE_LENGTH_MEASURE(2.E-2),#31);
#2459=PRESENTATION_STYLE_ASSIGNMENT((#2458));
#2460=STYLED_ITEM('',(#2459),#2457);
#2461=DIRECTION('',(0.E0,0.E0,-1.E0));
#2462=VECTOR('',#2461,8.E-2);
#2463=CARTESIAN_POINT('',(4.3E-2,1.4E-1,-8.5E-1));
#2464=LINE('',#2463,#2462);
#2465=CURVE_STYLE('',#43,POSITIVE_LENGTH_MEASURE(2.E-2),#31);
#2466=PRESENTATION_STYLE_ASSIGNMENT((#2465));
#2467=STYLED_ITEM('',(#2466),#2464);
#2468=DIRECTION('',(-1.E0,0.E0,0.E0));
#2469=VECTOR('',#2468,1.38E-1);
#2470=CARTESIAN_POINT('',(1.81E-1,1.4E-1,-8.5E-1));
#2471=LINE('',#2470,#2469);
#2472=CURVE_STYLE('',#43,POSITIVE_LENGTH_MEASURE(2.E-2),#31);
#2473=PRESENTATION_STYLE_ASSIGNMENT((#2472));
#2474=STYLED_ITEM('',(#2473),#2471);
#2475=DIRECTION('',(4.453440431683E-1,0.E0,8.953595273489E-1));
#2476=VECTOR('',#2475,6.422001245718E-1);
#2477=CARTESIAN_POINT('',(1.81E-1,1.4E-1,-8.5E-1));
#2478=LINE('',#2477,#2476);
#2479=CURVE_STYLE('',#43,POSITIVE_LENGTH_MEASURE(2.E-2),#31);
#2480=PRESENTATION_STYLE_ASSIGNMENT((#2479));
#2481=STYLED_ITEM('',(#2480),#2478);
#2482=DIRECTION('',(0.E0,0.E0,-1.E0));
#2483=VECTOR('',#2482,5.5E-1);
#2484=CARTESIAN_POINT('',(4.67E-1,1.4E-1,2.75E-1));
#2485=LINE('',#2484,#2483);
#2486=CURVE_STYLE('',#43,POSITIVE_LENGTH_MEASURE(2.E-2),#31);
#2487=PRESENTATION_STYLE_ASSIGNMENT((#2486));
#2488=STYLED_ITEM('',(#2487),#2485);
#2489=DIRECTION('',(-4.453440431683E-1,0.E0,8.953595273489E-1));
#2490=VECTOR('',#2489,6.422001245718E-1);
#2491=CARTESIAN_POINT('',(4.67E-1,1.4E-1,2.75E-1));
#2492=LINE('',#2491,#2490);
#2493=CURVE_STYLE('',#43,POSITIVE_LENGTH_MEASURE(2.E-2),#31);
#2494=PRESENTATION_STYLE_ASSIGNMENT((#2493));
#2495=STYLED_ITEM('',(#2494),#2492);
#2496=DIRECTION('',(0.E0,1.E0,0.E0));
#2497=VECTOR('',#2496,1.4E-1);
#2498=CARTESIAN_POINT('',(4.3E-2,0.E0,9.3E-1));
#2499=LINE('',#2498,#2497);
#2500=CURVE_STYLE('',#43,POSITIVE_LENGTH_MEASURE(2.E-2),#31);
#2501=PRESENTATION_STYLE_ASSIGNMENT((#2500));
#2502=STYLED_ITEM('',(#2501),#2499);
#2503=DIRECTION('',(0.E0,1.E0,0.E0));
#2504=VECTOR('',#2503,1.4E-1);
#2505=CARTESIAN_POINT('',(-1.07E-1,0.E0,9.3E-1));
#2506=LINE('',#2505,#2504);
#2507=CURVE_STYLE('',#43,POSITIVE_LENGTH_MEASURE(2.E-2),#31);
#2508=PRESENTATION_STYLE_ASSIGNMENT((#2507));
#2509=STYLED_ITEM('',(#2508),#2506);
#2510=DIRECTION('',(0.E0,1.E0,0.E0));
#2511=VECTOR('',#2510,1.4E-1);
#2512=CARTESIAN_POINT('',(-2.8E-1,0.E0,9.3E-1));
#2513=LINE('',#2512,#2511);
#2514=CURVE_STYLE('',#43,POSITIVE_LENGTH_MEASURE(2.E-2),#31);
#2515=PRESENTATION_STYLE_ASSIGNMENT((#2514));
#2516=STYLED_ITEM('',(#2515),#2513);
#2517=DIRECTION('',(0.E0,1.E0,0.E0));
#2518=VECTOR('',#2517,1.4E-1);
#2519=CARTESIAN_POINT('',(-4.3E-1,0.E0,9.3E-1));
#2520=LINE('',#2519,#2518);
#2521=CURVE_STYLE('',#43,POSITIVE_LENGTH_MEASURE(2.E-2),#31);
#2522=PRESENTATION_STYLE_ASSIGNMENT((#2521));
#2523=STYLED_ITEM('',(#2522),#2520);
#2524=DIRECTION('',(0.E0,1.E0,0.E0));
#2525=VECTOR('',#2524,1.4E-1);
#2526=CARTESIAN_POINT('',(-4.67E-1,0.E0,-8.5E-1));
#2527=LINE('',#2526,#2525);
#2528=CURVE_STYLE('',#43,POSITIVE_LENGTH_MEASURE(2.E-2),#31);
#2529=PRESENTATION_STYLE_ASSIGNMENT((#2528));
#2530=STYLED_ITEM('',(#2529),#2527);
#2531=DIRECTION('',(0.E0,1.E0,0.E0));
#2532=VECTOR('',#2531,1.4E-1);
#2533=CARTESIAN_POINT('',(-2.8E-1,0.E0,-8.5E-1));
#2534=LINE('',#2533,#2532);
#2535=CURVE_STYLE('',#43,POSITIVE_LENGTH_MEASURE(2.E-2),#31);
#2536=PRESENTATION_STYLE_ASSIGNMENT((#2535));
#2537=STYLED_ITEM('',(#2536),#2534);
#2538=DIRECTION('',(0.E0,1.E0,0.E0));
#2539=VECTOR('',#2538,1.4E-1);
#2540=CARTESIAN_POINT('',(-1.07E-1,0.E0,-8.5E-1));
#2541=LINE('',#2540,#2539);
#2542=CURVE_STYLE('',#43,POSITIVE_LENGTH_MEASURE(2.E-2),#31);
#2543=PRESENTATION_STYLE_ASSIGNMENT((#2542));
#2544=STYLED_ITEM('',(#2543),#2541);
#2545=DIRECTION('',(0.E0,1.E0,0.E0));
#2546=VECTOR('',#2545,1.4E-1);
#2547=CARTESIAN_POINT('',(-4.3E-1,0.E0,-8.5E-1));
#2548=LINE('',#2547,#2546);
#2549=CURVE_STYLE('',#43,POSITIVE_LENGTH_MEASURE(2.E-2),#31);
#2550=PRESENTATION_STYLE_ASSIGNMENT((#2549));
#2551=STYLED_ITEM('',(#2550),#2548);
#2552=DIRECTION('',(0.E0,1.E0,0.E0));
#2553=VECTOR('',#2552,1.4E-1);
#2554=CARTESIAN_POINT('',(4.3E-2,0.E0,-8.5E-1));
#2555=LINE('',#2554,#2553);
#2556=CURVE_STYLE('',#43,POSITIVE_LENGTH_MEASURE(2.E-2),#31);
#2557=PRESENTATION_STYLE_ASSIGNMENT((#2556));
#2558=STYLED_ITEM('',(#2557),#2555);
#2559=DIRECTION('',(0.E0,1.E0,0.E0));
#2560=VECTOR('',#2559,1.4E-1);
#2561=CARTESIAN_POINT('',(1.81E-1,0.E0,-8.5E-1));
#2562=LINE('',#2561,#2560);
#2563=CURVE_STYLE('',#43,POSITIVE_LENGTH_MEASURE(2.E-2),#31);
#2564=PRESENTATION_STYLE_ASSIGNMENT((#2563));
#2565=STYLED_ITEM('',(#2564),#2562);
#2566=DIRECTION('',(0.E0,1.E0,0.E0));
#2567=VECTOR('',#2566,1.4E-1);
#2568=CARTESIAN_POINT('',(-2.8E-1,0.E0,-9.3E-1));
#2569=LINE('',#2568,#2567);
#2570=CURVE_STYLE('',#43,POSITIVE_LENGTH_MEASURE(2.E-2),#31);
#2571=PRESENTATION_STYLE_ASSIGNMENT((#2570));
#2572=STYLED_ITEM('',(#2571),#2569);
#2573=DIRECTION('',(0.E0,1.E0,0.E0));
#2574=VECTOR('',#2573,1.4E-1);
#2575=CARTESIAN_POINT('',(-4.3E-1,0.E0,-9.3E-1));
#2576=LINE('',#2575,#2574);
#2577=CURVE_STYLE('',#43,POSITIVE_LENGTH_MEASURE(2.E-2),#31);
#2578=PRESENTATION_STYLE_ASSIGNMENT((#2577));
#2579=STYLED_ITEM('',(#2578),#2576);
#2580=DIRECTION('',(0.E0,1.E0,0.E0));
#2581=VECTOR('',#2580,1.4E-1);
#2582=CARTESIAN_POINT('',(-1.07E-1,0.E0,-9.3E-1));
#2583=LINE('',#2582,#2581);
#2584=CURVE_STYLE('',#43,POSITIVE_LENGTH_MEASURE(2.E-2),#31);
#2585=PRESENTATION_STYLE_ASSIGNMENT((#2584));
#2586=STYLED_ITEM('',(#2585),#2583);
#2587=DIRECTION('',(0.E0,1.E0,0.E0));
#2588=VECTOR('',#2587,1.4E-1);
#2589=CARTESIAN_POINT('',(4.3E-2,0.E0,-9.3E-1));
#2590=LINE('',#2589,#2588);
#2591=CURVE_STYLE('',#43,POSITIVE_LENGTH_MEASURE(2.E-2),#31);
#2592=PRESENTATION_STYLE_ASSIGNMENT((#2591));
#2593=STYLED_ITEM('',(#2592),#2590);
#2594=DIRECTION('',(0.E0,1.E0,0.E0));
#2595=VECTOR('',#2594,1.4E-1);
#2596=CARTESIAN_POINT('',(4.67E-1,0.E0,2.75E-1));
#2597=LINE('',#2596,#2595);
#2598=CURVE_STYLE('',#43,POSITIVE_LENGTH_MEASURE(2.E-2),#31);
#2599=PRESENTATION_STYLE_ASSIGNMENT((#2598));
#2600=STYLED_ITEM('',(#2599),#2597);
#2601=DIRECTION('',(0.E0,1.E0,0.E0));
#2602=VECTOR('',#2601,1.4E-1);
#2603=CARTESIAN_POINT('',(4.67E-1,0.E0,-2.75E-1));
#2604=LINE('',#2603,#2602);
#2605=CURVE_STYLE('',#43,POSITIVE_LENGTH_MEASURE(2.E-2),#31);
#2606=PRESENTATION_STYLE_ASSIGNMENT((#2605));
#2607=STYLED_ITEM('',(#2606),#2604);
#2608=CARTESIAN_POINT('',(-4.67E-1,0.E0,-8.5E-1));
#2609=CARTESIAN_POINT('',(-4.67E-1,0.E0,8.5E-1));
#2610=VERTEX_POINT('',#2608);
#2611=VERTEX_POINT('',#2609);
#2612=CARTESIAN_POINT('',(-4.67E-1,1.4E-1,-8.5E-1));
#2613=CARTESIAN_POINT('',(-4.67E-1,1.4E-1,8.5E-1));
#2614=VERTEX_POINT('',#2612);
#2615=VERTEX_POINT('',#2613);
#2616=CARTESIAN_POINT('',(4.67E-1,0.E0,2.75E-1));
#2617=CARTESIAN_POINT('',(4.67E-1,0.E0,-2.75E-1));
#2618=VERTEX_POINT('',#2616);
#2619=VERTEX_POINT('',#2617);
#2620=CARTESIAN_POINT('',(4.67E-1,1.4E-1,2.75E-1));
#2621=CARTESIAN_POINT('',(4.67E-1,1.4E-1,-2.75E-1));
#2622=VERTEX_POINT('',#2620);
#2623=VERTEX_POINT('',#2621);
#2624=CARTESIAN_POINT('',(-2.8E-1,0.E0,-9.3E-1));
#2625=CARTESIAN_POINT('',(-4.3E-1,0.E0,-9.3E-1));
#2626=VERTEX_POINT('',#2624);
#2627=VERTEX_POINT('',#2625);
#2628=CARTESIAN_POINT('',(4.3E-2,0.E0,-9.3E-1));
#2629=CARTESIAN_POINT('',(-1.07E-1,0.E0,-9.3E-1));
#2630=VERTEX_POINT('',#2628);
#2631=VERTEX_POINT('',#2629);
#2632=CARTESIAN_POINT('',(-4.3E-1,0.E0,9.3E-1));
#2633=CARTESIAN_POINT('',(-2.8E-1,0.E0,9.3E-1));
#2634=VERTEX_POINT('',#2632);
#2635=VERTEX_POINT('',#2633);
#2636=CARTESIAN_POINT('',(-1.07E-1,0.E0,9.3E-1));
#2637=CARTESIAN_POINT('',(4.3E-2,0.E0,9.3E-1));
#2638=VERTEX_POINT('',#2636);
#2639=VERTEX_POINT('',#2637);
#2640=CARTESIAN_POINT('',(-2.8E-1,1.4E-1,-9.3E-1));
#2641=CARTESIAN_POINT('',(-4.3E-1,1.4E-1,-9.3E-1));
#2642=VERTEX_POINT('',#2640);
#2643=VERTEX_POINT('',#2641);
#2644=CARTESIAN_POINT('',(4.3E-2,1.4E-1,-9.3E-1));
#2645=CARTESIAN_POINT('',(-1.07E-1,1.4E-1,-9.3E-1));
#2646=VERTEX_POINT('',#2644);
#2647=VERTEX_POINT('',#2645);
#2648=CARTESIAN_POINT('',(-4.3E-1,1.4E-1,9.3E-1));
#2649=CARTESIAN_POINT('',(-2.8E-1,1.4E-1,9.3E-1));
#2650=VERTEX_POINT('',#2648);
#2651=VERTEX_POINT('',#2649);
#2652=CARTESIAN_POINT('',(-1.07E-1,1.4E-1,9.3E-1));
#2653=CARTESIAN_POINT('',(4.3E-2,1.4E-1,9.3E-1));
#2654=VERTEX_POINT('',#2652);
#2655=VERTEX_POINT('',#2653);
#2656=CARTESIAN_POINT('',(-4.3E-1,0.E0,8.5E-1));
#2657=CARTESIAN_POINT('',(-4.3E-1,1.4E-1,8.5E-1));
#2658=VERTEX_POINT('',#2656);
#2659=VERTEX_POINT('',#2657);
#2660=CARTESIAN_POINT('',(-2.8E-1,0.E0,8.5E-1));
#2661=CARTESIAN_POINT('',(-2.8E-1,1.4E-1,8.5E-1));
#2662=VERTEX_POINT('',#2660);
#2663=VERTEX_POINT('',#2661);
#2664=CARTESIAN_POINT('',(-1.07E-1,0.E0,8.5E-1));
#2665=CARTESIAN_POINT('',(-1.07E-1,1.4E-1,8.5E-1));
#2666=VERTEX_POINT('',#2664);
#2667=VERTEX_POINT('',#2665);
#2668=CARTESIAN_POINT('',(4.3E-2,0.E0,8.5E-1));
#2669=CARTESIAN_POINT('',(4.3E-2,1.4E-1,8.5E-1));
#2670=VERTEX_POINT('',#2668);
#2671=VERTEX_POINT('',#2669);
#2672=CARTESIAN_POINT('',(-2.8E-1,0.E0,-8.5E-1));
#2673=CARTESIAN_POINT('',(-2.8E-1,1.4E-1,-8.5E-1));
#2674=VERTEX_POINT('',#2672);
#2675=VERTEX_POINT('',#2673);
#2676=CARTESIAN_POINT('',(-4.3E-1,0.E0,-8.5E-1));
#2677=CARTESIAN_POINT('',(-4.3E-1,1.4E-1,-8.5E-1));
#2678=VERTEX_POINT('',#2676);
#2679=VERTEX_POINT('',#2677);
#2680=CARTESIAN_POINT('',(4.3E-2,0.E0,-8.5E-1));
#2681=CARTESIAN_POINT('',(4.3E-2,1.4E-1,-8.5E-1));
#2682=VERTEX_POINT('',#2680);
#2683=VERTEX_POINT('',#2681);
#2684=CARTESIAN_POINT('',(-1.07E-1,0.E0,-8.5E-1));
#2685=CARTESIAN_POINT('',(-1.07E-1,1.4E-1,-8.5E-1));
#2686=VERTEX_POINT('',#2684);
#2687=VERTEX_POINT('',#2685);
#2688=CARTESIAN_POINT('',(1.81E-1,0.E0,8.5E-1));
#2689=VERTEX_POINT('',#2688);
#2690=CARTESIAN_POINT('',(1.81E-1,0.E0,-8.5E-1));
#2691=VERTEX_POINT('',#2690);
#2692=CARTESIAN_POINT('',(1.81E-1,1.4E-1,8.5E-1));
#2693=VERTEX_POINT('',#2692);
#2694=CARTESIAN_POINT('',(1.81E-1,1.4E-1,-8.5E-1));
#2695=VERTEX_POINT('',#2694);
#2696=CARTESIAN_POINT('',(0.E0,0.E0,0.E0));
#2697=DIRECTION('',(0.E0,1.E0,0.E0));
#2698=DIRECTION('',(1.E0,0.E0,0.E0));
#2699=AXIS2_PLACEMENT_3D('',#2696,#2697,#2698);
#2700=PLANE('',#2699);
#2702=ORIENTED_EDGE('',*,*,#2701,.T.);
#2704=ORIENTED_EDGE('',*,*,#2703,.T.);
#2706=ORIENTED_EDGE('',*,*,#2705,.T.);
#2708=ORIENTED_EDGE('',*,*,#2707,.T.);
#2710=ORIENTED_EDGE('',*,*,#2709,.T.);
#2712=ORIENTED_EDGE('',*,*,#2711,.F.);
#2714=ORIENTED_EDGE('',*,*,#2713,.T.);
#2716=ORIENTED_EDGE('',*,*,#2715,.F.);
#2718=ORIENTED_EDGE('',*,*,#2717,.T.);
#2720=ORIENTED_EDGE('',*,*,#2719,.T.);
#2722=ORIENTED_EDGE('',*,*,#2721,.T.);
#2724=ORIENTED_EDGE('',*,*,#2723,.T.);
#2726=ORIENTED_EDGE('',*,*,#2725,.T.);
#2728=ORIENTED_EDGE('',*,*,#2727,.T.);
#2730=ORIENTED_EDGE('',*,*,#2729,.T.);
#2732=ORIENTED_EDGE('',*,*,#2731,.T.);
#2734=ORIENTED_EDGE('',*,*,#2733,.T.);
#2736=ORIENTED_EDGE('',*,*,#2735,.T.);
#2738=ORIENTED_EDGE('',*,*,#2737,.T.);
#2740=ORIENTED_EDGE('',*,*,#2739,.T.);
#2742=ORIENTED_EDGE('',*,*,#2741,.T.);
#2744=ORIENTED_EDGE('',*,*,#2743,.T.);
#2745=EDGE_LOOP('',(#2702,#2704,#2706,#2708,#2710,#2712,#2714,#2716,#2718,#2720,
#2722,#2724,#2726,#2728,#2730,#2732,#2734,#2736,#2738,#2740,#2742,#2744));
#2746=FACE_OUTER_BOUND('',#2745,.F.);
#2747=ADVANCED_FACE('',(#2746),#2700,.F.);
#2748=CARTESIAN_POINT('',(-4.67E-1,0.E0,8.5E-1));
#2749=DIRECTION('',(0.E0,0.E0,1.E0));
#2750=DIRECTION('',(1.E0,0.E0,0.E0));
#2751=AXIS2_PLACEMENT_3D('',#2748,#2749,#2750);
#2752=PLANE('',#2751);
#2754=ORIENTED_EDGE('',*,*,#2753,.F.);
#2755=ORIENTED_EDGE('',*,*,#2737,.F.);
#2757=ORIENTED_EDGE('',*,*,#2756,.T.);
#2759=ORIENTED_EDGE('',*,*,#2758,.T.);
#2760=EDGE_LOOP('',(#2754,#2755,#2757,#2759));
#2761=FACE_OUTER_BOUND('',#2760,.F.);
#2762=ADVANCED_FACE('',(#2761),#2752,.T.);
#2763=CARTESIAN_POINT('',(-4.67E-1,0.E0,8.5E-1));
#2764=DIRECTION('',(0.E0,0.E0,1.E0));
#2765=DIRECTION('',(1.E0,0.E0,0.E0));
#2766=AXIS2_PLACEMENT_3D('',#2763,#2764,#2765);
#2767=PLANE('',#2766);
#2769=ORIENTED_EDGE('',*,*,#2768,.T.);
#2771=ORIENTED_EDGE('',*,*,#2770,.T.);
#2773=ORIENTED_EDGE('',*,*,#2772,.F.);
#2774=ORIENTED_EDGE('',*,*,#2701,.F.);
#2775=EDGE_LOOP('',(#2769,#2771,#2773,#2774));
#2776=FACE_OUTER_BOUND('',#2775,.F.);
#2777=ADVANCED_FACE('',(#2776),#2767,.T.);
#2778=CARTESIAN_POINT('',(-4.67E-1,0.E0,8.5E-1));
#2779=DIRECTION('',(0.E0,0.E0,1.E0));
#2780=DIRECTION('',(1.E0,0.E0,0.E0));
#2781=AXIS2_PLACEMENT_3D('',#2778,#2779,#2780);
#2782=PLANE('',#2781);
#2784=ORIENTED_EDGE('',*,*,#2783,.T.);
#2786=ORIENTED_EDGE('',*,*,#2785,.T.);
#2788=ORIENTED_EDGE('',*,*,#2787,.F.);
#2789=ORIENTED_EDGE('',*,*,#2709,.F.);
#2790=EDGE_LOOP('',(#2784,#2786,#2788,#2789));
#2791=FACE_OUTER_BOUND('',#2790,.F.);
#2792=ADVANCED_FACE('',(#2791),#2782,.T.);
#2793=CARTESIAN_POINT('',(-4.3E-1,0.E0,8.5E-1));
#2794=DIRECTION('',(-1.E0,0.E0,0.E0));
#2795=DIRECTION('',(0.E0,0.E0,1.E0));
#2796=AXIS2_PLACEMENT_3D('',#2793,#2794,#2795);
#2797=PLANE('',#2796);
#2798=ORIENTED_EDGE('',*,*,#2753,.T.);
#2800=ORIENTED_EDGE('',*,*,#2799,.T.);
#2802=ORIENTED_EDGE('',*,*,#2801,.F.);
#2803=ORIENTED_EDGE('',*,*,#2739,.F.);
#2804=EDGE_LOOP('',(#2798,#2800,#2802,#2803));
#2805=FACE_OUTER_BOUND('',#2804,.F.);
#2806=ADVANCED_FACE('',(#2805),#2797,.T.);
#2807=CARTESIAN_POINT('',(0.E0,1.4E-1,0.E0));
#2808=DIRECTION('',(0.E0,1.E0,0.E0));
#2809=DIRECTION('',(1.E0,0.E0,0.E0));
#2810=AXIS2_PLACEMENT_3D('',#2807,#2808,#2809);
#2811=PLANE('',#2810);
#2812=ORIENTED_EDGE('',*,*,#2785,.F.);
#2814=ORIENTED_EDGE('',*,*,#2813,.F.);
#2816=ORIENTED_EDGE('',*,*,#2815,.F.);
#2818=ORIENTED_EDGE('',*,*,#2817,.F.);
#2819=ORIENTED_EDGE('',*,*,#2770,.F.);
#2821=ORIENTED_EDGE('',*,*,#2820,.F.);
#2823=ORIENTED_EDGE('',*,*,#2822,.F.);
#2824=ORIENTED_EDGE('',*,*,#2799,.F.);
#2825=ORIENTED_EDGE('',*,*,#2758,.F.);
#2827=ORIENTED_EDGE('',*,*,#2826,.F.);
#2829=ORIENTED_EDGE('',*,*,#2828,.F.);
#2831=ORIENTED_EDGE('',*,*,#2830,.F.);
#2833=ORIENTED_EDGE('',*,*,#2832,.F.);
#2835=ORIENTED_EDGE('',*,*,#2834,.F.);
#2837=ORIENTED_EDGE('',*,*,#2836,.F.);
#2839=ORIENTED_EDGE('',*,*,#2838,.F.);
#2841=ORIENTED_EDGE('',*,*,#2840,.F.);
#2843=ORIENTED_EDGE('',*,*,#2842,.F.);
#2845=ORIENTED_EDGE('',*,*,#2844,.F.);
#2847=ORIENTED_EDGE('',*,*,#2846,.T.);
#2849=ORIENTED_EDGE('',*,*,#2848,.F.);
#2851=ORIENTED_EDGE('',*,*,#2850,.T.);
#2852=EDGE_LOOP('',(#2812,#2814,#2816,#2818,#2819,#2821,#2823,#2824,#2825,#2827,
#2829,#2831,#2833,#2835,#2837,#2839,#2841,#2843,#2845,#2847,#2849,#2851));
#2853=FACE_OUTER_BOUND('',#2852,.F.);
#2854=ADVANCED_FACE('',(#2853),#2811,.T.);
#2855=CARTESIAN_POINT('',(4.3E-2,0.E0,9.3E-1));
#2856=DIRECTION('',(1.E0,0.E0,0.E0));
#2857=DIRECTION('',(0.E0,0.E0,-1.E0));
#2858=AXIS2_PLACEMENT_3D('',#2855,#2856,#2857);
#2859=PLANE('',#2858);
#2860=ORIENTED_EDGE('',*,*,#2783,.F.);
#2861=ORIENTED_EDGE('',*,*,#2707,.F.);
#2863=ORIENTED_EDGE('',*,*,#2862,.T.);
#2864=ORIENTED_EDGE('',*,*,#2813,.T.);
#2865=EDGE_LOOP('',(#2860,#2861,#2863,#2864));
#2866=FACE_OUTER_BOUND('',#2865,.F.);
#2867=ADVANCED_FACE('',(#2866),#2859,.T.);
#2868=CARTESIAN_POINT('',(-1.07E-1,0.E0,9.3E-1));
#2869=DIRECTION('',(0.E0,0.E0,1.E0));
#2870=DIRECTION('',(1.E0,0.E0,0.E0));
#2871=AXIS2_PLACEMENT_3D('',#2868,#2869,#2870);
#2872=PLANE('',#2871);
#2873=ORIENTED_EDGE('',*,*,#2705,.F.);
#2875=ORIENTED_EDGE('',*,*,#2874,.T.);
#2876=ORIENTED_EDGE('',*,*,#2815,.T.);
#2877=ORIENTED_EDGE('',*,*,#2862,.F.);
#2878=EDGE_LOOP('',(#2873,#2875,#2876,#2877));
#2879=FACE_OUTER_BOUND('',#2878,.F.);
#2880=ADVANCED_FACE('',(#2879),#2872,.T.);
#2881=CARTESIAN_POINT('',(-1.07E-1,0.E0,8.5E-1));
#2882=DIRECTION('',(-1.E0,0.E0,0.E0));
#2883=DIRECTION('',(0.E0,0.E0,1.E0));
#2884=AXIS2_PLACEMENT_3D('',#2881,#2882,#2883);
#2885=PLANE('',#2884);
#2886=ORIENTED_EDGE('',*,*,#2772,.T.);
#2887=ORIENTED_EDGE('',*,*,#2817,.T.);
#2888=ORIENTED_EDGE('',*,*,#2874,.F.);
#2889=ORIENTED_EDGE('',*,*,#2703,.F.);
#2890=EDGE_LOOP('',(#2886,#2887,#2888,#2889));
#2891=FACE_OUTER_BOUND('',#2890,.F.);
#2892=ADVANCED_FACE('',(#2891),#2885,.T.);
#2893=CARTESIAN_POINT('',(-2.8E-1,0.E0,9.3E-1));
#2894=DIRECTION('',(1.E0,0.E0,0.E0));
#2895=DIRECTION('',(0.E0,0.E0,-1.E0));
#2896=AXIS2_PLACEMENT_3D('',#2893,#2894,#2895);
#2897=PLANE('',#2896);
#2898=ORIENTED_EDGE('',*,*,#2768,.F.);
#2899=ORIENTED_EDGE('',*,*,#2743,.F.);
#2901=ORIENTED_EDGE('',*,*,#2900,.T.);
#2902=ORIENTED_EDGE('',*,*,#2820,.T.);
#2903=EDGE_LOOP('',(#2898,#2899,#2901,#2902));
#2904=FACE_OUTER_BOUND('',#2903,.F.);
#2905=ADVANCED_FACE('',(#2904),#2897,.T.);
#2906=CARTESIAN_POINT('',(-4.3E-1,0.E0,9.3E-1));
#2907=DIRECTION('',(0.E0,0.E0,1.E0));
#2908=DIRECTION('',(1.E0,0.E0,0.E0));
#2909=AXIS2_PLACEMENT_3D('',#2906,#2907,#2908);
#2910=PLANE('',#2909);
#2911=ORIENTED_EDGE('',*,*,#2741,.F.);
#2912=ORIENTED_EDGE('',*,*,#2801,.T.);
#2913=ORIENTED_EDGE('',*,*,#2822,.T.);
#2914=ORIENTED_EDGE('',*,*,#2900,.F.);
#2915=EDGE_LOOP('',(#2911,#2912,#2913,#2914));
#2916=FACE_OUTER_BOUND('',#2915,.F.);
#2917=ADVANCED_FACE('',(#2916),#2910,.T.);
#2918=CARTESIAN_POINT('',(-4.67E-1,0.E0,-8.5E-1));
#2919=DIRECTION('',(-1.E0,0.E0,0.E0));
#2920=DIRECTION('',(0.E0,0.E0,1.E0));
#2921=AXIS2_PLACEMENT_3D('',#2918,#2919,#2920);
#2922=PLANE('',#2921);
#2923=ORIENTED_EDGE('',*,*,#2735,.F.);
#2925=ORIENTED_EDGE('',*,*,#2924,.T.);
#2926=ORIENTED_EDGE('',*,*,#2826,.T.);
#2927=ORIENTED_EDGE('',*,*,#2756,.F.);
#2928=EDGE_LOOP('',(#2923,#2925,#2926,#2927));
#2929=FACE_OUTER_BOUND('',#2928,.F.);
#2930=ADVANCED_FACE('',(#2929),#2922,.T.);
#2931=CARTESIAN_POINT('',(4.67E-1,0.E0,-8.5E-1));
#2932=DIRECTION('',(0.E0,0.E0,-1.E0));
#2933=DIRECTION('',(-1.E0,0.E0,0.E0));
#2934=AXIS2_PLACEMENT_3D('',#2931,#2932,#2933);
#2935=PLANE('',#2934);
#2937=ORIENTED_EDGE('',*,*,#2936,.F.);
#2938=ORIENTED_EDGE('',*,*,#2725,.F.);
#2940=ORIENTED_EDGE('',*,*,#2939,.T.);
#2941=ORIENTED_EDGE('',*,*,#2836,.T.);
#2942=EDGE_LOOP('',(#2937,#2938,#2940,#2941));
#2943=FACE_OUTER_BOUND('',#2942,.F.);
#2944=ADVANCED_FACE('',(#2943),#2935,.T.);
#2945=CARTESIAN_POINT('',(4.67E-1,0.E0,-8.5E-1));
#2946=DIRECTION('',(0.E0,0.E0,-1.E0));
#2947=DIRECTION('',(-1.E0,0.E0,0.E0));
#2948=AXIS2_PLACEMENT_3D('',#2945,#2946,#2947);
#2949=PLANE('',#2948);
#2951=ORIENTED_EDGE('',*,*,#2950,.T.);
#2952=ORIENTED_EDGE('',*,*,#2828,.T.);
#2953=ORIENTED_EDGE('',*,*,#2924,.F.);
#2954=ORIENTED_EDGE('',*,*,#2733,.F.);
#2955=EDGE_LOOP('',(#2951,#2952,#2953,#2954));
#2956=FACE_OUTER_BOUND('',#2955,.F.);
#2957=ADVANCED_FACE('',(#2956),#2949,.T.);
#2958=CARTESIAN_POINT('',(4.67E-1,0.E0,-8.5E-1));
#2959=DIRECTION('',(0.E0,0.E0,-1.E0));
#2960=DIRECTION('',(-1.E0,0.E0,0.E0));
#2961=AXIS2_PLACEMENT_3D('',#2958,#2959,#2960);
#2962=PLANE('',#2961);
#2964=ORIENTED_EDGE('',*,*,#2963,.F.);
#2965=ORIENTED_EDGE('',*,*,#2717,.F.);
#2967=ORIENTED_EDGE('',*,*,#2966,.T.);
#2968=ORIENTED_EDGE('',*,*,#2844,.T.);
#2969=EDGE_LOOP('',(#2964,#2965,#2967,#2968));
#2970=FACE_OUTER_BOUND('',#2969,.F.);
#2971=ADVANCED_FACE('',(#2970),#2962,.T.);
#2972=CARTESIAN_POINT('',(-2.8E-1,0.E0,-8.5E-1));
#2973=DIRECTION('',(1.E0,0.E0,0.E0));
#2974=DIRECTION('',(0.E0,0.E0,-1.E0));
#2975=AXIS2_PLACEMENT_3D('',#2972,#2973,#2974);
#2976=PLANE('',#2975);
#2977=ORIENTED_EDGE('',*,*,#2936,.T.);
#2978=ORIENTED_EDGE('',*,*,#2834,.T.);
#2980=ORIENTED_EDGE('',*,*,#2979,.F.);
#2981=ORIENTED_EDGE('',*,*,#2727,.F.);
#2982=EDGE_LOOP('',(#2977,#2978,#2980,#2981));
#2983=FACE_OUTER_BOUND('',#2982,.F.);
#2984=ADVANCED_FACE('',(#2983),#2976,.T.);
#2985=CARTESIAN_POINT('',(-2.8E-1,0.E0,-9.3E-1));
#2986=DIRECTION('',(0.E0,0.E0,-1.E0));
#2987=DIRECTION('',(-1.E0,0.E0,0.E0));
#2988=AXIS2_PLACEMENT_3D('',#2985,#2986,#2987);
#2989=PLANE('',#2988);
#2990=ORIENTED_EDGE('',*,*,#2729,.F.);
#2991=ORIENTED_EDGE('',*,*,#2979,.T.);
#2992=ORIENTED_EDGE('',*,*,#2832,.T.);
#2994=ORIENTED_EDGE('',*,*,#2993,.F.);
#2995=EDGE_LOOP('',(#2990,#2991,#2992,#2994));
#2996=FACE_OUTER_BOUND('',#2995,.F.);
#2997=ADVANCED_FACE('',(#2996),#2989,.T.);
#2998=CARTESIAN_POINT('',(-4.3E-1,0.E0,-9.3E-1));
#2999=DIRECTION('',(-1.E0,0.E0,0.E0));
#3000=DIRECTION('',(0.E0,0.E0,1.E0));
#3001=AXIS2_PLACEMENT_3D('',#2998,#2999,#3000);
#3002=PLANE('',#3001);
#3003=ORIENTED_EDGE('',*,*,#2950,.F.);
#3004=ORIENTED_EDGE('',*,*,#2731,.F.);
#3005=ORIENTED_EDGE('',*,*,#2993,.T.);
#3006=ORIENTED_EDGE('',*,*,#2830,.T.);
#3007=EDGE_LOOP('',(#3003,#3004,#3005,#3006));
#3008=FACE_OUTER_BOUND('',#3007,.F.);
#3009=ADVANCED_FACE('',(#3008),#3002,.T.);
#3010=CARTESIAN_POINT('',(-1.07E-1,0.E0,-9.3E-1));
#3011=DIRECTION('',(-1.E0,0.E0,0.E0));
#3012=DIRECTION('',(0.E0,0.E0,1.E0));
#3013=AXIS2_PLACEMENT_3D('',#3010,#3011,#3012);
#3014=PLANE('',#3013);
#3015=ORIENTED_EDGE('',*,*,#2939,.F.);
#3016=ORIENTED_EDGE('',*,*,#2723,.F.);
#3018=ORIENTED_EDGE('',*,*,#3017,.T.);
#3019=ORIENTED_EDGE('',*,*,#2838,.T.);
#3020=EDGE_LOOP('',(#3015,#3016,#3018,#3019));
#3021=FACE_OUTER_BOUND('',#3020,.F.);
#3022=ADVANCED_FACE('',(#3021),#3014,.T.);
#3023=CARTESIAN_POINT('',(4.3E-2,0.E0,-9.3E-1));
#3024=DIRECTION('',(0.E0,0.E0,-1.E0));
#3025=DIRECTION('',(-1.E0,0.E0,0.E0));
#3026=AXIS2_PLACEMENT_3D('',#3023,#3024,#3025);
#3027=PLANE('',#3026);
#3028=ORIENTED_EDGE('',*,*,#2721,.F.);
#3030=ORIENTED_EDGE('',*,*,#3029,.T.);
#3031=ORIENTED_EDGE('',*,*,#2840,.T.);
#3032=ORIENTED_EDGE('',*,*,#3017,.F.);
#3033=EDGE_LOOP('',(#3028,#3030,#3031,#3032));
#3034=FACE_OUTER_BOUND('',#3033,.F.);
#3035=ADVANCED_FACE('',(#3034),#3027,.T.);
#3036=CARTESIAN_POINT('',(4.3E-2,0.E0,-8.5E-1));
#3037=DIRECTION('',(1.E0,0.E0,0.E0));
#3038=DIRECTION('',(0.E0,0.E0,-1.E0));
#3039=AXIS2_PLACEMENT_3D('',#3036,#3037,#3038);
#3040=PLANE('',#3039);
#3041=ORIENTED_EDGE('',*,*,#2963,.T.);
#3042=ORIENTED_EDGE('',*,*,#2842,.T.);
#3043=ORIENTED_EDGE('',*,*,#3029,.F.);
#3044=ORIENTED_EDGE('',*,*,#2719,.F.);
#3045=EDGE_LOOP('',(#3041,#3042,#3043,#3044));
#3046=FACE_OUTER_BOUND('',#3045,.F.);
#3047=ADVANCED_FACE('',(#3046),#3040,.T.);
#3048=CARTESIAN_POINT('',(1.81E-1,0.E0,-8.5E-1));
#3049=DIRECTION('',(-8.953595273489E-1,0.E0,4.453440431683E-1));
#3050=DIRECTION('',(4.453440431683E-1,0.E0,8.953595273489E-1));
#3051=AXIS2_PLACEMENT_3D('',#3048,#3049,#3050);
#3052=PLANE('',#3051);
#3053=ORIENTED_EDGE('',*,*,#2715,.T.);
#3055=ORIENTED_EDGE('',*,*,#3054,.T.);
#3056=ORIENTED_EDGE('',*,*,#2846,.F.);
#3057=ORIENTED_EDGE('',*,*,#2966,.F.);
#3058=EDGE_LOOP('',(#3053,#3055,#3056,#3057));
#3059=FACE_OUTER_BOUND('',#3058,.F.);
#3060=ADVANCED_FACE('',(#3059),#3052,.F.);
#3061=CARTESIAN_POINT('',(4.67E-1,0.E0,8.5E-1));
#3062=DIRECTION('',(1.E0,0.E0,0.E0));
#3063=DIRECTION('',(0.E0,0.E0,-1.E0));
#3064=AXIS2_PLACEMENT_3D('',#3061,#3062,#3063);
#3065=PLANE('',#3064);
#3066=ORIENTED_EDGE('',*,*,#2713,.F.);
#3068=ORIENTED_EDGE('',*,*,#3067,.T.);
#3069=ORIENTED_EDGE('',*,*,#2848,.T.);
#3070=ORIENTED_EDGE('',*,*,#3054,.F.);
#3071=EDGE_LOOP('',(#3066,#3068,#3069,#3070));
#3072=FACE_OUTER_BOUND('',#3071,.F.);
#3073=ADVANCED_FACE('',(#3072),#3065,.T.);
#3074=CARTESIAN_POINT('',(4.67E-1,0.E0,2.75E-1));
#3075=DIRECTION('',(-8.953595273489E-1,0.E0,-4.453440431683E-1));
#3076=DIRECTION('',(-4.453440431683E-1,0.E0,8.953595273489E-1));
#3077=AXIS2_PLACEMENT_3D('',#3074,#3075,#3076);
#3078=PLANE('',#3077);
#3079=ORIENTED_EDGE('',*,*,#2711,.T.);
#3080=ORIENTED_EDGE('',*,*,#2787,.T.);
#3081=ORIENTED_EDGE('',*,*,#2850,.F.);
#3082=ORIENTED_EDGE('',*,*,#3067,.F.);
#3083=EDGE_LOOP('',(#3079,#3080,#3081,#3082));
#3084=FACE_OUTER_BOUND('',#3083,.F.);
#3085=ADVANCED_FACE('',(#3084),#3078,.F.);
#3086=CLOSED_SHELL('',(#2747,#2762,#2777,#2792,#2806,#2854,#2867,#2880,#2892,
#2905,#2917,#2930,#2944,#2957,#2971,#2984,#2997,#3009,#3022,#3035,#3047,#3060,
#3073,#3085));
#3087=MANIFOLD_SOLID_BREP('',#3086);
#3088=FILL_AREA_STYLE_COLOUR('',#31);
#3089=FILL_AREA_STYLE('',(#3088));
#3090=SURFACE_STYLE_FILL_AREA(#3089);
#3091=SURFACE_SIDE_STYLE('',(#3090));
#3092=SURFACE_STYLE_USAGE(.BOTH.,#3091);
#3093=PRESENTATION_STYLE_ASSIGNMENT((#3092));
#2145=STYLED_ITEM('',(#3093),#3087);
#3095=DIMENSIONAL_EXPONENTS(0.E0,0.E0,0.E0,0.E0,0.E0,0.E0,0.E0);
#3097=PLANE_ANGLE_MEASURE_WITH_UNIT(PLANE_ANGLE_MEASURE(1.745329251994E-2),
#3096);
#3098=(CONVERSION_BASED_UNIT('DEGREE',#3097)NAMED_UNIT(*)PLANE_ANGLE_UNIT());
#3100=UNCERTAINTY_MEASURE_WITH_UNIT(LENGTH_MEASURE(2.133561944548E-4),#3094,
'closure',
'Maximum model space distance between geometric entities at asserted connectivities');
#3101=(GEOMETRIC_REPRESENTATION_CONTEXT(3)GLOBAL_UNCERTAINTY_ASSIGNED_CONTEXT((
#3100))GLOBAL_UNIT_ASSIGNED_CONTEXT((#3094,#3098,#3099))REPRESENTATION_CONTEXT(
'ID3','3'));
#3102=CARTESIAN_POINT('',(0.E0,0.E0,0.E0));
#3103=DIRECTION('',(0.E0,0.E0,1.E0));
#3104=DIRECTION('',(1.E0,0.E0,0.E0));
#3107=DESIGN_CONTEXT('',#1523,'design');
#3108=MECHANICAL_CONTEXT('',#1523,'mechanical');
#3109=PRODUCT('DIEPAD','DIEPAD','NOT SPECIFIED',(#3108));
#3110=PRODUCT_DEFINITION_FORMATION_WITH_SPECIFIED_SOURCE('13','LAST_VERSION',
#3109,.MADE.);
#3116=CARTESIAN_POINT('',(2.07E-1,0.E0,1.E-1));
#3117=DIRECTION('',(0.E0,-1.E0,0.E0));
#3118=DIRECTION('',(1.E0,0.E0,0.E0));
#3119=AXIS2_PLACEMENT_3D('',#3116,#3117,#3118);
#3120=ITEM_DEFINED_TRANSFORMATION('','',#3105,#3119);
#3121=(REPRESENTATION_RELATIONSHIP('','',#3106,#1534)REPRESENTATION_RELATIONSHIP_WITH_TRANSFORMATION(#3120)SHAPE_REPRESENTATION_RELATIONSHIP());
#3122=CONTEXT_DEPENDENT_SHAPE_REPRESENTATION(#3121,#3115);
#3124=DIMENSIONAL_EXPONENTS(0.E0,0.E0,0.E0,0.E0,0.E0,0.E0,0.E0);
#3126=PLANE_ANGLE_MEASURE_WITH_UNIT(PLANE_ANGLE_MEASURE(1.745329251994E-2),
#3125);
#3127=(CONVERSION_BASED_UNIT('DEGREE',#3126)NAMED_UNIT(*)PLANE_ANGLE_UNIT());
#3129=UNCERTAINTY_MEASURE_WITH_UNIT(LENGTH_MEASURE(4.239228966305E-4),#3123,
'closure',
'Maximum model space distance between geometric entities at asserted connectivities');
#3130=(GEOMETRIC_REPRESENTATION_CONTEXT(3)GLOBAL_UNCERTAINTY_ASSIGNED_CONTEXT((
#3129))GLOBAL_UNIT_ASSIGNED_CONTEXT((#3123,#3127,#3128))REPRESENTATION_CONTEXT(
'ID4','3'));
#3131=CARTESIAN_POINT('',(0.E0,0.E0,0.E0));
#3132=DIRECTION('',(0.E0,0.E0,1.E0));
#3133=DIRECTION('',(1.E0,0.E0,0.E0));
#3135=MECHANICAL_DESIGN_GEOMETRIC_PRESENTATION_REPRESENTATION('',(#46,#53,#60,
#67,#74,#81,#88,#95,#102,#110,#117,#125,#132,#139,#146,#153,#160,#167,#174,#182,
#189,#197,#204,#211,#218,#226,#233,#241,#248,#255,#262,#269,#276,#283,#290,#297,
#304,#311,#318,#325,#332,#339,#346,#353,#360,#367,#374,#381,#388,#395,#402,#409,
#416,#424,#431,#439,#446,#453,#460,#467,#474,#481,#488,#495,#502,#509,#516,#523,
#530,#537,#544,#551,#558,#565,#572,#579,#586,#593,#600,#607,#614,#621,#628,#635,
#642,#649,#656,#663,#670,#677,#684,#691,#698,#705,#712,#719,#726,#733,#740,#747,
#754,#761,#38,#1551,#1558,#1565,#1572,#1579,#1586,#1593,#1600,#1607,#1614,#1621,
#1628,#1635,#1642,#1649,#1656,#1663,#1671,#1678,#1686,#1693,#1700,#1707,#1715,
#1722,#1730,#1737,#1745,#1752,#1760,#1767,#1774,#1781,#1789,#1796,#1804,#1544,
#2152,#2159,#2166,#2173,#2180,#2187,#2194,#2201,#2208,#2215,#2222,#2229,#2236,
#2243,#2250,#2257,#2264,#2271,#2278,#2285,#2292,#2299,#2306,#2313,#2320,#2327,
#2334,#2341,#2348,#2355,#2362,#2369,#2376,#2383,#2390,#2397,#2404,#2411,#2418,
#2425,#2432,#2439,#2446,#2453,#2460,#2467,#2474,#2481,#2488,#2495,#2502,#2509,
#2516,#2523,#2530,#2537,#2544,#2551,#2558,#2565,#2572,#2579,#2586,#2593,#2600,
#2607,#2145),#3130);
#3136=MECHANICAL_CONTEXT('',#1523,'mechanical');
#3137=PRODUCT('DYD0005A_ASM','DYD0005A_ASM','NOT SPECIFIED',(#3136));
#3138=PRODUCT_DEFINITION_FORMATION_WITH_SPECIFIED_SOURCE('38','LAST_VERSION',
#3137,.MADE.);
#3140=PRODUCT_CATEGORY('part','');
#3141=PRODUCT_RELATED_PRODUCT_CATEGORY('assembly','',(#3137));
#3142=PRODUCT_CATEGORY_RELATIONSHIP('','',#3140,#3141);
#3143=PRODUCT_CATEGORY('part','');
#3144=PRODUCT_RELATED_PRODUCT_CATEGORY('detail','',(#1527,#2095,#3109));
#3145=PRODUCT_CATEGORY_RELATIONSHIP('','',#3143,#3144);
#3146=SECURITY_CLASSIFICATION_LEVEL('unclassified');
#3147=SECURITY_CLASSIFICATION('','',#3146);
#3148=CC_DESIGN_SECURITY_CLASSIFICATION(#3147,(#1528,#2096,#3110,#3138,#1535,
#2100,#2109,#2118,#2127,#2136,#3114));
#3149=APPROVAL_STATUS('approved');
#3150=APPROVAL(#3149,'');
#3151=CC_DESIGN_APPROVAL(#3150,(#3147,#1528,#2096,#3110,#3138,#1529,#2097,#3111,
#3139));
#3152=CALENDAR_DATE(126,26,6);
#3153=COORDINATED_UNIVERSAL_TIME_OFFSET(7,0,.BEHIND.);
#3154=LOCAL_TIME(10,0,5.7E1,#3153);
#3155=DATE_AND_TIME(#3152,#3154);
#3156=APPROVAL_DATE_TIME(#3155,#3150);
#3157=DATE_TIME_ROLE('creation_date');
#3158=CC_DESIGN_DATE_AND_TIME_ASSIGNMENT(#3155,#3157,(#1529,#2097,#3111,#3139));
#3159=DATE_TIME_ROLE('classification_date');
#3160=CC_DESIGN_DATE_AND_TIME_ASSIGNMENT(#3155,#3159,(#3147));
#3161=PERSON('UNSPECIFIED','UNSPECIFIED',$,$,$,$);
#3162=ORGANIZATION('UNSPECIFIED','UNSPECIFIED','UNSPECIFIED');
#3163=PERSON_AND_ORGANIZATION(#3161,#3162);
#3164=APPROVAL_ROLE('approver');
#3165=APPROVAL_PERSON_ORGANIZATION(#3163,#3150,#3164);
#3166=PERSON_AND_ORGANIZATION_ROLE('creator');
#3167=CC_DESIGN_PERSON_AND_ORGANIZATION_ASSIGNMENT(#3163,#3166,(#1528,#2096,
#3110,#3138,#1529,#2097,#3111,#3139));
#3168=PERSON_AND_ORGANIZATION_ROLE('design_supplier');
#3169=CC_DESIGN_PERSON_AND_ORGANIZATION_ASSIGNMENT(#3163,#3168,(#1528,#2096,
#3110,#3138));
#3170=PERSON_AND_ORGANIZATION_ROLE('classification_officer');
#3171=CC_DESIGN_PERSON_AND_ORGANIZATION_ASSIGNMENT(#3163,#3170,(#3147));
#3172=PERSON_AND_ORGANIZATION_ROLE('design_owner');
#3173=CC_DESIGN_PERSON_AND_ORGANIZATION_ASSIGNMENT(#3163,#3172,(#3137,#1527,
#2095,#3109));
#1=COLOUR_RGB('',0.E0,4.3E-1,1.E0);
#2=COLOUR_RGB('',0.E0,6.6E-1,0.E0);
#3=COLOUR_RGB('',9.8039E-2,9.8039E-2,9.8039E-2);
#4=COLOUR_RGB('',1.7E-1,2.2E-1,3.E-1);
#5=COLOUR_RGB('',1.80392E-1,2.7451E-1,9.8039E-2);
#6=COLOUR_RGB('',3.E-1,1.29412E-1,2.5098E-1);
#7=COLOUR_RGB('',3.13725E-1,3.13725E-1,3.13725E-1);
#8=COLOUR_RGB('',3.2E-1,4.9E-1,1.76471E-1);
#9=COLOUR_RGB('',3.33333E-1,2.15686E-1,3.33333E-1);
#10=COLOUR_RGB('',3.5E-1,3.5E-1,3.5E-1);
#11=COLOUR_RGB('',3.60784E-1,2.62745E-1,0.E0);
#12=COLOUR_RGB('',3.92157E-1,3.92157E-1,3.92157E-1);
#13=COLOUR_RGB('',4.4E-1,2.6E-1,0.E0);
#14=COLOUR_RGB('',5.2549E-1,5.60784E-1,9.21569E-1);
#15=COLOUR_RGB('',5.60784E-1,6.86275E-1,6.23529E-1);
#16=COLOUR_RGB('',5.7E-1,0.E0,1.E0);
#17=COLOUR_RGB('',5.9E-1,3.E-1,0.E0);
#18=COLOUR_RGB('',6.E-1,6.E-1,6.E-1);
#19=COLOUR_RGB('',6.2E-1,3.3E-1,2.3E-1);
#20=COLOUR_RGB('',6.23529E-1,5.60784E-1,6.86275E-1);
#21=COLOUR_RGB('',6.35294E-1,6.86275E-1,7.4902E-1);
#22=COLOUR_RGB('',6.66667E-1,6.66667E-1,6.66667E-1);
#23=COLOUR_RGB('',6.86275E-1,5.60784E-1,5.60784E-1);
#24=COLOUR_RGB('',6.86275E-1,6.86275E-1,5.60784E-1);
#25=COLOUR_RGB('',6.9E-1,0.E0,0.E0);
#26=COLOUR_RGB('',7.E-1,7.E-1,7.E-1);
#27=COLOUR_RGB('',8.23529E-1,7.05882E-1,4.31373E-1);
#28=COLOUR_RGB('',8.39216E-1,8.90196E-1,7.68627E-1);
#29=COLOUR_RGB('',8.62745E-1,4.98039E-1,3.92157E-1);
#30=COLOUR_RGB('',8.7E-1,7.5E-1,4.9E-1);
#31=COLOUR_RGB('',8.82353E-1,8.82353E-1,8.82353E-1);
#32=COLOUR_RGB('',9.80392E-1,9.80392E-1,9.80392E-1);
#33=COLOUR_RGB('',9.9E-1,1.E0,0.E0);
#34=COLOUR_RGB('',1.E0,5.E-1,0.E0);
#35=COLOUR_RGB('',1.E0,6.19608E-1,5.17647E-1);
#36=DRAUGHTING_PRE_DEFINED_COLOUR('white');
#37=COLOUR_RGB('',1.960784313725E-1,1.960784313725E-1,1.960784313725E-1);
#107=CIRCLE('',#106,7.62E-2);
#122=CIRCLE('',#121,7.62E-2);
#179=CIRCLE('',#178,7.62E-2);
#194=CIRCLE('',#193,7.62E-2);
#223=CIRCLE('',#222,7.62E-2);
#238=CIRCLE('',#237,7.62E-2);
#421=CIRCLE('',#420,7.62E-2);
#436=CIRCLE('',#435,7.62E-2);
#903=EDGE_CURVE('',#789,#780,#42,.T.);
#905=EDGE_CURVE('',#788,#789,#171,.T.);
#907=EDGE_CURVE('',#781,#788,#50,.T.);
#909=EDGE_CURVE('',#780,#781,#99,.T.);
#919=EDGE_CURVE('',#768,#777,#78,.T.);
#921=EDGE_CURVE('',#777,#809,#57,.T.);
#923=EDGE_CURVE('',#805,#809,#421,.T.);
#925=EDGE_CURVE('',#805,#796,#252,.T.);
#927=EDGE_CURVE('',#796,#800,#238,.T.);
#929=EDGE_CURVE('',#773,#800,#208,.T.);
#931=EDGE_CURVE('',#764,#773,#64,.T.);
#933=EDGE_CURVE('',#764,#793,#71,.T.);
#935=EDGE_CURVE('',#789,#793,#179,.T.);
#938=EDGE_CURVE('',#780,#784,#122,.T.);
#940=EDGE_CURVE('',#768,#784,#92,.T.);
#950=EDGE_CURVE('',#768,#769,#85,.T.);
#952=EDGE_CURVE('',#769,#776,#136,.T.);
#954=EDGE_CURVE('',#776,#777,#443,.T.);
#967=EDGE_CURVE('',#784,#785,#114,.T.);
#969=EDGE_CURVE('',#769,#785,#143,.T.);
#980=EDGE_CURVE('',#781,#785,#107,.T.);
#992=EDGE_CURVE('',#765,#772,#150,.T.);
#994=EDGE_CURVE('',#772,#801,#129,.T.);
#996=EDGE_CURVE('',#797,#801,#223,.T.);
#998=EDGE_CURVE('',#797,#804,#245,.T.);
#1000=EDGE_CURVE('',#804,#808,#436,.T.);
#1002=EDGE_CURVE('',#776,#808,#450,.T.);
#1008=EDGE_CURVE('',#788,#792,#194,.T.);
#1010=EDGE_CURVE('',#765,#792,#164,.T.);
#1020=EDGE_CURVE('',#764,#765,#157,.T.);
#1023=EDGE_CURVE('',#772,#773,#201,.T.);
#1036=EDGE_CURVE('',#792,#793,#186,.T.);
#1061=EDGE_CURVE('',#800,#801,#230,.T.);
#1072=EDGE_CURVE('',#796,#797,#215,.T.);
#1088=EDGE_CURVE('',#804,#805,#413,.T.);
#1092=EDGE_CURVE('',#816,#817,#259,.T.);
#1094=EDGE_CURVE('',#881,#816,#266,.T.);
#1096=EDGE_CURVE('',#885,#881,#273,.T.);
#1098=EDGE_CURVE('',#883,#885,#280,.T.);
#1100=EDGE_CURVE('',#879,#883,#287,.T.);
#1102=EDGE_CURVE('',#878,#879,#294,.T.);
#1104=EDGE_CURVE('',#889,#878,#301,.T.);
#1106=EDGE_CURVE('',#887,#889,#308,.T.);
#1108=EDGE_CURVE('',#827,#887,#315,.T.);
#1110=EDGE_CURVE('',#826,#827,#322,.T.);
#1112=EDGE_CURVE('',#826,#823,#329,.T.);
#1114=EDGE_CURVE('',#822,#823,#336,.T.);
#1116=EDGE_CURVE('',#822,#875,#343,.T.);
#1118=EDGE_CURVE('',#874,#875,#350,.T.);
#1120=EDGE_CURVE('',#897,#874,#357,.T.);
#1122=EDGE_CURVE('',#895,#897,#364,.T.);
#1124=EDGE_CURVE('',#871,#895,#371,.T.);
#1126=EDGE_CURVE('',#870,#871,#378,.T.);
#1128=EDGE_CURVE('',#893,#870,#385,.T.);
#1130=EDGE_CURVE('',#891,#893,#392,.T.);
#1132=EDGE_CURVE('',#819,#891,#399,.T.);
#1134=EDGE_CURVE('',#817,#819,#406,.T.);
#1146=EDGE_CURVE('',#808,#809,#428,.T.);
#1170=EDGE_CURVE('',#817,#813,#471,.T.);
#1172=EDGE_CURVE('',#812,#813,#611,.T.);
#1174=EDGE_CURVE('',#816,#812,#457,.T.);
#1185=EDGE_CURVE('',#819,#849,#464,.T.);
#1187=EDGE_CURVE('',#813,#849,#618,.T.);
#1199=EDGE_CURVE('',#871,#853,#478,.T.);
#1201=EDGE_CURVE('',#852,#853,#646,.T.);
#1203=EDGE_CURVE('',#870,#852,#485,.T.);
#1214=EDGE_CURVE('',#875,#857,#492,.T.);
#1216=EDGE_CURVE('',#856,#857,#520,.T.);
#1218=EDGE_CURVE('',#874,#856,#499,.T.);
#1229=EDGE_CURVE('',#891,#842,#506,.T.);
#1231=EDGE_CURVE('',#849,#842,#625,.T.);
#1243=EDGE_CURVE('',#893,#843,#513,.T.);
#1245=EDGE_CURVE('',#842,#843,#632,.T.);
#1258=EDGE_CURVE('',#843,#852,#639,.T.);
#1270=EDGE_CURVE('',#830,#857,#527,.T.);
#1272=EDGE_CURVE('',#830,#831,#534,.T.);
#1274=EDGE_CURVE('',#860,#831,#541,.T.);
#1276=EDGE_CURVE('',#860,#861,#548,.T.);
#1278=EDGE_CURVE('',#861,#838,#555,.T.);
#1280=EDGE_CURVE('',#838,#839,#562,.T.);
#1282=EDGE_CURVE('',#839,#864,#569,.T.);
#1284=EDGE_CURVE('',#864,#865,#576,.T.);
#1286=EDGE_CURVE('',#865,#834,#583,.T.);
#1288=EDGE_CURVE('',#834,#835,#590,.T.);
#1290=EDGE_CURVE('',#835,#867,#597,.T.);
#1292=EDGE_CURVE('',#867,#812,#604,.T.);
#1300=EDGE_CURVE('',#853,#846,#653,.T.);
#1302=EDGE_CURVE('',#846,#847,#660,.T.);
#1304=EDGE_CURVE('',#847,#856,#667,.T.);
#1315=EDGE_CURVE('',#822,#830,#681,.T.);
#1328=EDGE_CURVE('',#823,#831,#674,.T.);
#1341=EDGE_CURVE('',#826,#860,#695,.T.);
#1354=EDGE_CURVE('',#827,#861,#688,.T.);
#1368=EDGE_CURVE('',#881,#867,#702,.T.);
#1380=EDGE_CURVE('',#879,#865,#709,.T.);
#1383=EDGE_CURVE('',#878,#864,#716,.T.);
#1394=EDGE_CURVE('',#887,#838,#723,.T.);
#1407=EDGE_CURVE('',#889,#839,#730,.T.);
#1434=EDGE_CURVE('',#885,#835,#737,.T.);
#1447=EDGE_CURVE('',#883,#834,#744,.T.);
#1470=EDGE_CURVE('',#895,#846,#751,.T.);
#1483=EDGE_CURVE('',#897,#847,#758,.T.);
#1510=(LENGTH_UNIT()NAMED_UNIT(*)SI_UNIT(.MILLI.,.METRE.));
#1512=(NAMED_UNIT(*)PLANE_ANGLE_UNIT()SI_UNIT($,.RADIAN.));
#1515=(NAMED_UNIT(*)SI_UNIT($,.STERADIAN.)SOLID_ANGLE_UNIT());
#1521=AXIS2_PLACEMENT_3D('',#1518,#1519,#1520);
#1522=ADVANCED_BREP_SHAPE_REPRESENTATION('',(#1521,#1503),#1517);
#1529=PRODUCT_DEFINITION('design','',#1528,#1525);
#1530=PRODUCT_DEFINITION_SHAPE('','SHAPE FOR BODY-SOT.',#1529);
#1531=SHAPE_DEFINITION_REPRESENTATION(#1530,#1522);
#1532=SHAPE_DEFINITION_REPRESENTATION(#1533,#1534);
#1533=PRODUCT_DEFINITION_SHAPE('','SHAPE FOR DYD0005A_ASM.',#3139);
#1534=SHAPE_REPRESENTATION('',(#1540,#2105,#2114,#2123,#2132,#2141,#3119,#3134),
#3130);
#1535=NEXT_ASSEMBLY_USAGE_OCCURRENCE('0','Next assembly relationship','D',#3139,
#1529,$);
#1536=PRODUCT_DEFINITION_SHAPE('Placement #0',
'Placement of BODY-SOT with respect to DYD0005A_ASM',#1535);
#1668=CIRCLE('',#1667,2.516E-1);
#1683=CIRCLE('',#1682,2.516E-1);
#1712=CIRCLE('',#1711,1.016E-1);
#1727=CIRCLE('',#1726,1.016E-1);
#1742=CIRCLE('',#1741,1.016E-1);
#1757=CIRCLE('',#1756,1.016E-1);
#1786=CIRCLE('',#1785,2.516E-1);
#1801=CIRCLE('',#1800,2.516E-1);
#1858=EDGE_CURVE('',#1843,#1831,#1597,.T.);
#1860=EDGE_CURVE('',#1839,#1843,#1712,.T.);
#1862=EDGE_CURVE('',#1839,#1815,#1548,.T.);
#1864=EDGE_CURVE('',#1815,#1816,#1555,.T.);
#1866=EDGE_CURVE('',#1816,#1851,#1562,.T.);
#1868=EDGE_CURVE('',#1847,#1851,#1668,.T.);
#1870=EDGE_CURVE('',#1827,#1847,#1646,.T.);
#1872=EDGE_CURVE('',#1823,#1827,#1742,.T.);
#1874=EDGE_CURVE('',#1823,#1807,#1569,.T.);
#1876=EDGE_CURVE('',#1807,#1808,#1576,.T.);
#1878=EDGE_CURVE('',#1808,#1835,#1583,.T.);
#1880=EDGE_CURVE('',#1831,#1835,#1786,.T.);
#1890=EDGE_CURVE('',#1832,#1844,#1590,.T.);
#1892=EDGE_CURVE('',#1843,#1844,#1719,.T.);
#1895=EDGE_CURVE('',#1831,#1832,#1778,.T.);
#1905=EDGE_CURVE('',#1848,#1828,#1653,.T.);
#1907=EDGE_CURVE('',#1848,#1852,#1683,.T.);
#1909=EDGE_CURVE('',#1820,#1852,#1604,.T.);
#1911=EDGE_CURVE('',#1819,#1820,#1611,.T.);
#1913=EDGE_CURVE('',#1840,#1819,#1618,.T.);
#1915=EDGE_CURVE('',#1840,#1844,#1727,.T.);
#1918=EDGE_CURVE('',#1832,#1836,#1801,.T.);
#1920=EDGE_CURVE('',#1812,#1836,#1625,.T.);
#1922=EDGE_CURVE('',#1811,#1812,#1632,.T.);
#1924=EDGE_CURVE('',#1824,#1811,#1639,.T.);
#1926=EDGE_CURVE('',#1824,#1828,#1757,.T.);
#1937=EDGE_CURVE('',#1847,#1848,#1660,.T.);
#1940=EDGE_CURVE('',#1827,#1828,#1749,.T.);
#1952=EDGE_CURVE('',#1851,#1852,#1675,.T.);
#1964=EDGE_CURVE('',#1816,#1820,#1690,.T.);
#1977=EDGE_CURVE('',#1815,#1819,#1697,.T.);
#1990=EDGE_CURVE('',#1839,#1840,#1704,.T.);
#2014=EDGE_CURVE('',#1823,#1824,#1734,.T.);
#2030=EDGE_CURVE('',#1807,#1811,#1764,.T.);
#2043=EDGE_CURVE('',#1808,#1812,#1771,.T.);
#2056=EDGE_CURVE('',#1835,#1836,#1793,.T.);
#2081=(LENGTH_UNIT()NAMED_UNIT(*)SI_UNIT(.MILLI.,.METRE.));
#2083=(NAMED_UNIT(*)PLANE_ANGLE_UNIT()SI_UNIT($,.RADIAN.));
#2086=(NAMED_UNIT(*)SI_UNIT($,.STERADIAN.)SOLID_ANGLE_UNIT());
#2092=AXIS2_PLACEMENT_3D('',#2089,#2090,#2091);
#2093=ADVANCED_BREP_SHAPE_REPRESENTATION('',(#2092,#2074),#2088);
#2097=PRODUCT_DEFINITION('design','',#2096,#1525);
#2098=PRODUCT_DEFINITION_SHAPE('','SHAPE FOR LEAD-SOT.',#2097);
#2099=SHAPE_DEFINITION_REPRESENTATION(#2098,#2093);
#2100=NEXT_ASSEMBLY_USAGE_OCCURRENCE('1','Next assembly relationship',
'LEAD-SOT',#3139,#2097,$);
#2101=PRODUCT_DEFINITION_SHAPE('Placement #1',
'Placement of LEAD-SOT with respect to DYD0005A_ASM',#2100);
#2109=NEXT_ASSEMBLY_USAGE_OCCURRENCE('2','Next assembly relationship',
'LEAD-SOT',#3139,#2097,$);
#2110=PRODUCT_DEFINITION_SHAPE('Placement #2',
'Placement of LEAD-SOT with respect to DYD0005A_ASM',#2109);
#2118=NEXT_ASSEMBLY_USAGE_OCCURRENCE('3','Next assembly relationship',
'LEAD-SOT',#3139,#2097,$);
#2119=PRODUCT_DEFINITION_SHAPE('Placement #3',
'Placement of LEAD-SOT with respect to DYD0005A_ASM',#2118);
#2127=NEXT_ASSEMBLY_USAGE_OCCURRENCE('4','Next assembly relationship',
'LEAD-SOT',#3139,#2097,$);
#2128=PRODUCT_DEFINITION_SHAPE('Placement #4',
'Placement of LEAD-SOT with respect to DYD0005A_ASM',#2127);
#2136=NEXT_ASSEMBLY_USAGE_OCCURRENCE('5','Next assembly relationship',
'LEAD-SOT',#3139,#2097,$);
#2137=PRODUCT_DEFINITION_SHAPE('Placement #5',
'Placement of LEAD-SOT with respect to DYD0005A_ASM',#2136);
#2701=EDGE_CURVE('',#2662,#2666,#2149,.T.);
#2703=EDGE_CURVE('',#2666,#2638,#2156,.T.);
#2705=EDGE_CURVE('',#2638,#2639,#2163,.T.);
#2707=EDGE_CURVE('',#2639,#2670,#2170,.T.);
#2709=EDGE_CURVE('',#2670,#2689,#2177,.T.);
#2711=EDGE_CURVE('',#2618,#2689,#2184,.T.);
#2713=EDGE_CURVE('',#2618,#2619,#2191,.T.);
#2715=EDGE_CURVE('',#2691,#2619,#2198,.T.);
#2717=EDGE_CURVE('',#2691,#2682,#2205,.T.);
#2719=EDGE_CURVE('',#2682,#2630,#2212,.T.);
#2721=EDGE_CURVE('',#2630,#2631,#2219,.T.);
#2723=EDGE_CURVE('',#2631,#2686,#2226,.T.);
#2725=EDGE_CURVE('',#2686,#2674,#2233,.T.);
#2727=EDGE_CURVE('',#2674,#2626,#2240,.T.);
#2729=EDGE_CURVE('',#2626,#2627,#2247,.T.);
#2731=EDGE_CURVE('',#2627,#2678,#2254,.T.);
#2733=EDGE_CURVE('',#2678,#2610,#2261,.T.);
#2735=EDGE_CURVE('',#2610,#2611,#2268,.T.);
#2737=EDGE_CURVE('',#2611,#2658,#2275,.T.);
#2739=EDGE_CURVE('',#2658,#2634,#2282,.T.);
#2741=EDGE_CURVE('',#2634,#2635,#2289,.T.);
#2743=EDGE_CURVE('',#2635,#2662,#2296,.T.);
#2753=EDGE_CURVE('',#2658,#2659,#2303,.T.);
#2756=EDGE_CURVE('',#2611,#2615,#2310,.T.);
#2758=EDGE_CURVE('',#2615,#2659,#2401,.T.);
#2768=EDGE_CURVE('',#2662,#2663,#2317,.T.);
#2770=EDGE_CURVE('',#2663,#2667,#2373,.T.);
#2772=EDGE_CURVE('',#2666,#2667,#2324,.T.);
#2783=EDGE_CURVE('',#2670,#2671,#2331,.T.);
#2785=EDGE_CURVE('',#2671,#2693,#2345,.T.);
#2787=EDGE_CURVE('',#2689,#2693,#2338,.T.);
#2799=EDGE_CURVE('',#2659,#2650,#2394,.T.);
#2801=EDGE_CURVE('',#2634,#2650,#2520,.T.);
#2813=EDGE_CURVE('',#2655,#2671,#2352,.T.);
#2815=EDGE_CURVE('',#2654,#2655,#2359,.T.);
#2817=EDGE_CURVE('',#2667,#2654,#2366,.T.);
#2820=EDGE_CURVE('',#2651,#2663,#2380,.T.);
#2822=EDGE_CURVE('',#2650,#2651,#2387,.T.);
#2826=EDGE_CURVE('',#2614,#2615,#2408,.T.);
#2828=EDGE_CURVE('',#2679,#2614,#2415,.T.);
#2830=EDGE_CURVE('',#2643,#2679,#2422,.T.);
#2832=EDGE_CURVE('',#2642,#2643,#2429,.T.);
#2834=EDGE_CURVE('',#2675,#2642,#2436,.T.);
#2836=EDGE_CURVE('',#2687,#2675,#2443,.T.);
#2838=EDGE_CURVE('',#2647,#2687,#2450,.T.);
#2840=EDGE_CURVE('',#2646,#2647,#2457,.T.);
#2842=EDGE_CURVE('',#2683,#2646,#2464,.T.);
#2844=EDGE_CURVE('',#2695,#2683,#2471,.T.);
#2846=EDGE_CURVE('',#2695,#2623,#2478,.T.);
#2848=EDGE_CURVE('',#2622,#2623,#2485,.T.);
#2850=EDGE_CURVE('',#2622,#2693,#2492,.T.);
#2862=EDGE_CURVE('',#2639,#2655,#2499,.T.);
#2874=EDGE_CURVE('',#2638,#2654,#2506,.T.);
#2900=EDGE_CURVE('',#2635,#2651,#2513,.T.);
#2924=EDGE_CURVE('',#2610,#2614,#2527,.T.);
#2936=EDGE_CURVE('',#2674,#2675,#2534,.T.);
#2939=EDGE_CURVE('',#2686,#2687,#2541,.T.);
#2950=EDGE_CURVE('',#2678,#2679,#2548,.T.);
#2963=EDGE_CURVE('',#2682,#2683,#2555,.T.);
#2966=EDGE_CURVE('',#2691,#2695,#2562,.T.);
#2979=EDGE_CURVE('',#2626,#2642,#2569,.T.);
#2993=EDGE_CURVE('',#2627,#2643,#2576,.T.);
#3017=EDGE_CURVE('',#2631,#2647,#2583,.T.);
#3029=EDGE_CURVE('',#2630,#2646,#2590,.T.);
#3054=EDGE_CURVE('',#2619,#2623,#2604,.T.);
#3067=EDGE_CURVE('',#2618,#2622,#2597,.T.);
#3094=(LENGTH_UNIT()NAMED_UNIT(*)SI_UNIT(.MILLI.,.METRE.));
#3096=(NAMED_UNIT(*)PLANE_ANGLE_UNIT()SI_UNIT($,.RADIAN.));
#3099=(NAMED_UNIT(*)SI_UNIT($,.STERADIAN.)SOLID_ANGLE_UNIT());
#3105=AXIS2_PLACEMENT_3D('',#3102,#3103,#3104);
#3106=ADVANCED_BREP_SHAPE_REPRESENTATION('',(#3105,#3087),#3101);
#3111=PRODUCT_DEFINITION('design','',#3110,#3107);
#3112=PRODUCT_DEFINITION_SHAPE('','SHAPE FOR DIEPAD.',#3111);
#3113=SHAPE_DEFINITION_REPRESENTATION(#3112,#3106);
#3114=NEXT_ASSEMBLY_USAGE_OCCURRENCE('6','Next assembly relationship','DIEPAD',
#3139,#3111,$);
#3115=PRODUCT_DEFINITION_SHAPE('Placement #6',
'Placement of DIEPAD with respect to DYD0005A_ASM',#3114);
#3123=(LENGTH_UNIT()NAMED_UNIT(*)SI_UNIT(.MILLI.,.METRE.));
#3125=(NAMED_UNIT(*)PLANE_ANGLE_UNIT()SI_UNIT($,.RADIAN.));
#3128=(NAMED_UNIT(*)SI_UNIT($,.STERADIAN.)SOLID_ANGLE_UNIT());
#3134=AXIS2_PLACEMENT_3D('',#3131,#3132,#3133);
#3139=PRODUCT_DEFINITION('design','',#3138,#3107);
ENDSEC;
END-ISO-10303-21;
