time_s,switch_V,winding_A,bridge_A,capacitor_A
0.0,36.0,17.750117180176233,17.750117180176233,-7.736818783895773
8.333333333333334e-08,36.0,17.765304037616687,17.765304037616687,-7.752005641336227
1.6666666666666668e-07,36.0,17.780489629538437,17.780489629538437,-7.767191233257977
2.5000000000000004e-07,36.0,17.795673956046926,17.795673956046926,-7.782375559766466
3.3333333333333335e-07,36.0,17.8108570172476,17.8108570172476,-7.7975586209671395
4.1666666666666667e-07,36.0,17.826038813245873,17.826038813245873,-7.812740416965413
5.000000000000001e-07,36.0,17.84121934414719,17.84121934414719,-7.8279209478667315
5.833333333333334e-07,36.0,17.85639861005697,17.85639861005697,-7.843100213776511
6.666666666666667e-07,36.0,17.871576611080656,17.871576611080656,-7.858278214800196
7.5e-07,36.0,17.886753347323605,17.886753347323605,-7.873454951043145
8.333333333333333e-07,36.0,17.901928818891236,17.901928818891236,-7.888630422610776
9.166666666666667e-07,36.0,17.917103025888906,17.917103025888906,-7.903804629608446
1.0000000000000002e-06,36.0,17.932275968422033,17.932275968422033,-7.918977572141573
1.0833333333333335e-06,36.0,17.947447646595947,17.947447646595947,-7.934149250315487
1.1666666666666668e-06,36.0,17.962618060516064,17.962618060516064,-7.949319664235604
1.25e-06,36.0,17.97778721028766,17.97778721028766,-7.964488814007199
1.3333333333333334e-06,36.0,17.992955096016118,17.992955096016118,-7.979656699735658
1.4166666666666667e-06,36.0,18.008121717806745,18.008121717806745,-7.994823321526285
1.5e-06,36.0,18.023287075764927,18.023287075764927,-8.009988679484467
1.5833333333333336e-06,36.0,18.03845116999591,18.03845116999591,-8.02515277371545
1.6666666666666667e-06,36.0,18.053614000605023,18.053614000605023,-8.040315604324563
1.7500000000000002e-06,36.0,18.06877556769757,18.06877556769757,-8.055477171417111
1.8333333333333335e-06,36.0,18.083935871378827,18.083935871378827,-8.070637475098367
1.916666666666667e-06,36.0,18.099094911754094,18.099094911754094,-8.085796515473634
2.0000000000000003e-06,36.0,18.114252688928644,18.114252688928644,-8.100954292648185
2.0833333333333334e-06,36.0,18.129409203007697,18.129409203007697,-8.116110806727237
2.166666666666667e-06,36.0,18.144564454096553,18.144564454096553,-8.131266057816093
2.25e-06,36.0,18.15971844230043,18.15971844230043,-8.146420046019971
2.3333333333333336e-06,36.0,18.174871167724575,18.174871167724575,-8.161572771444115
2.4166666666666667e-06,36.0,18.190022630474232,18.190022630474232,-8.176724234193772
2.5e-06,36.0,18.20517283065456,18.20517283065456,-8.191874434374101
2.5833333333333333e-06,36.0,18.220321768370837,18.220321768370837,-8.207023372090378
2.666666666666667e-06,36.0,18.23546944372825,18.23546944372825,-8.22217104744779
2.7500000000000004e-06,36.0,18.250615856831956,18.250615856831956,-8.237317460551496
2.8333333333333335e-06,36.0,18.265761007787177,18.265761007787177,-8.252462611506717
2.916666666666667e-06,36.0,18.28090489669904,18.28090489669904,-8.267606500418582
3e-06,36.0,18.29604752367277,18.29604752367277,-8.282749127392309
3.0833333333333336e-06,36.0,18.31118888881346,18.31118888881346,-8.297890492533002
3.166666666666667e-06,36.0,18.326328992226337,18.326328992226337,-8.313030595945877
3.2500000000000002e-06,36.0,18.34146783401647,18.34146783401647,-8.32816943773601
3.3333333333333333e-06,36.0,18.35660541428905,18.35660541428905,-8.34330701800859
3.4166666666666664e-06,36.0,18.37174173314915,18.37174173314915,-8.35844333686869
3.5000000000000004e-06,36.0,18.386876790701905,18.386876790701905,-8.373578394421445
3.5833333333333335e-06,36.0,18.402010587052388,18.402010587052388,-8.388712190771928
3.666666666666667e-06,36.0,18.41714312230573,18.41714312230573,-8.403844726025271
3.75e-06,36.0,18.43227439656704,18.43227439656704,-8.418976000286579
3.833333333333334e-06,36.0,18.447404409941328,18.447404409941328,-8.434106013660868
3.916666666666667e-06,36.0,18.46253316253373,18.46253316253373,-8.449234766253271
4.000000000000001e-06,36.0,18.477660654449267,18.477660654449267,-8.464362258168807
4.083333333333334e-06,36.0,18.49278688579301,18.49278688579301,-8.47948848951255
4.166666666666667e-06,36.0,18.507911856669978,18.507911856669978,-8.494613460389518
4.250000000000001e-06,36.0,18.523035567185246,18.523035567185246,-8.509737170904787
4.333333333333334e-06,36.0,18.538158017443806,18.538158017443806,-8.524859621163346
4.416666666666667e-06,36.0,18.553279207550673,18.553279207550673,-8.539980811270214
4.5e-06,36.0,18.568399137610868,18.568399137610868,-8.555100741330408
4.583333333333333e-06,36.0,18.583517807729407,18.583517807729407,-8.570219411448948
4.666666666666667e-06,36.0,18.598635218011253,18.598635218011253,-8.585336821730793
4.75e-06,36.0,18.613751368561395,18.613751368561395,-8.600452972280936
4.833333333333333e-06,36.0,18.628866259484823,18.628866259484823,-8.615567863204364
4.9166666666666665e-06,36.0,18.64397989088647,18.64397989088647,-8.63068149460601
5e-06,36.0,18.659092262871326,18.659092262871326,-8.645793866590866
5.0833333333333335e-06,36.0,18.674203375544323,18.674203375544323,-8.660904979263863
5.166666666666667e-06,36.0,18.689313229010367,18.689313229010367,-8.676014832729907
5.25e-06,36.0,18.704421823374446,18.704421823374446,-8.691123427093986
5.333333333333334e-06,36.0,18.719529158741437,18.719529158741437,-8.706230762460978
5.416666666666667e-06,36.0,18.734635235216274,18.734635235216274,-8.721336838935814
5.500000000000001e-06,36.0,18.74974005290386,18.74974005290386,-8.7364416566234
5.583333333333334e-06,36.0,18.7648436119091,18.7648436119091,-8.75154521562864
5.666666666666667e-06,36.0,18.779945912336842,18.779945912336842,-8.766647516056382
5.750000000000001e-06,36.0,18.79504695429199,18.79504695429199,-8.78174855801153
5.833333333333334e-06,36.0,18.81014673787942,18.81014673787942,-8.796848341598961
5.916666666666667e-06,36.0,18.825245263203982,18.825245263203982,-8.811946866923522
6e-06,36.0,18.840342530370492,18.840342530370492,-8.827044134090032
6.083333333333334e-06,36.0,18.855438539483856,18.855438539483856,-8.842140143203396
6.166666666666667e-06,36.0,18.870533290648865,18.870533290648865,-8.857234894368405
6.25e-06,36.0,18.885626783970366,18.885626783970366,-8.872328387689906
6.333333333333334e-06,36.0,18.90071901955315,18.90071901955315,-8.887420623272691
6.4166666666666665e-06,36.0,18.915809997502038,18.915809997502038,-8.902511601221578
6.5000000000000004e-06,36.0,18.930899717921818,18.930899717921818,-8.917601321641358
6.583333333333333e-06,36.0,18.94598818091731,18.94598818091731,-8.932689784636851
6.666666666666667e-06,36.0,18.96107538659325,18.96107538659325,-8.947776990312791
6.750000000000001e-06,36.0,18.976161335054456,18.976161335054456,-8.962862938773997
6.833333333333333e-06,36.0,18.99124602640569,18.99124602640569,-8.97794763012523
6.916666666666667e-06,36.0,19.00632946075163,19.00632946075163,-8.99303106447117
7.000000000000001e-06,36.0,19.021411638197122,19.021411638197122,-9.008113241916663
7.083333333333334e-06,36.0,19.036492558846874,19.036492558846874,-9.023194162566414
7.166666666666667e-06,36.0,19.05157222280556,19.05157222280556,-9.038273826525101
7.25e-06,36.0,19.066650630177946,19.066650630177946,-9.053352233897487
7.333333333333334e-06,36.0,19.081727781068764,19.081727781068764,-9.068429384788304
7.416666666666668e-06,36.0,19.09680367558269,19.09680367558269,-9.083505279302232
7.5e-06,36.0,19.111878313824405,19.111878313824405,-9.098579917543946
7.583333333333334e-06,36.0,19.12695169589861,19.12695169589861,-9.113653299618152
7.666666666666667e-06,36.0,19.142023821909987,19.142023821909987,-9.128725425629527
7.75e-06,36.0,19.15709469196318,19.15709469196318,-9.143796295682721
7.833333333333333e-06,36.0,19.17216430616287,19.17216430616287,-9.15886590988241
7.916666666666667e-06,36.0,19.187232664613703,19.187232664613703,-9.173934268333243
8.000000000000001e-06,36.0,19.2022997674203,19.2022997674203,-9.18900137113984
8.083333333333333e-06,36.0,19.21736561468734,19.21736561468734,-9.204067218406879
8.166666666666668e-06,36.0,19.23243020651941,19.23243020651941,-9.21913181023895
8.25e-06,36.0,19.247493543021108,19.247493543021108,-9.234195146740648
8.333333333333334e-06,36.0,19.262555624297107,19.262555624297107,-9.249257228016647
8.416666666666667e-06,36.0,19.277616450451916,19.277616450451916,-9.264318054171456
8.500000000000002e-06,36.0,19.29267602159021,19.29267602159021,-9.27937762530975
8.583333333333333e-06,36.0,19.307734337816527,19.307734337816527,-9.294435941536067
8.666666666666668e-06,36.0,19.322791399235427,19.322791399235427,-9.309493002954968
8.75e-06,36.0,19.337847205951505,19.337847205951505,-9.324548809671045
8.833333333333334e-06,36.0,19.352901758069294,19.352901758069294,-9.339603361788834
8.916666666666667e-06,36.0,19.36795505569333,19.36795505569333,-9.35465665941287
9e-06,36.0,19.383007098928204,19.383007098928204,-9.369708702647744
9.083333333333333e-06,36.0,19.398057887878366,19.398057887878366,-9.384759491597906
9.166666666666666e-06,36.0,19.41310742264838,19.41310742264838,-9.39980902636792
9.25e-06,36.0,19.428155703342753,19.428155703342753,-9.414857307062293
9.333333333333334e-06,36.0,19.44320273006599,19.44320273006599,-9.429904333785531
9.416666666666667e-06,36.0,19.458248502922572,19.458248502922572,-9.444950106642112
9.5e-06,36.0,19.473293022017003,19.473293022017003,-9.459994625736543
9.583333333333334e-06,36.0,19.488336287453734,19.488336287453734,-9.475037891173274
9.666666666666667e-06,36.0,19.503378299337243,19.503378299337243,-9.490079903056783
9.750000000000002e-06,36.0,19.518419057772007,19.518419057772007,-9.505120661491548
9.833333333333333e-06,36.0,19.53345856286242,19.53345856286242,-9.520160166581961
9.916666666666668e-06,36.0,19.54849681471299,19.54849681471299,-9.53519841843253
1e-05,36.0,19.56353381342811,19.56353381342811,-9.550235417147649
1.0083333333333334e-05,36.0,19.578569559112225,19.578569559112225,-9.565271162831765
1.0166666666666667e-05,36.0,19.593604051869733,19.593604051869733,-9.580305655589273
1.025e-05,36.0,19.608637291805053,19.608637291805053,-9.595338895524593
1.0333333333333333e-05,36.0,19.62366927902255,19.62366927902255,-9.61037088274209
1.0416666666666668e-05,36.0,19.638700013626675,19.638700013626675,-9.625401617346215
1.05e-05,36.0,19.653729495721734,19.653729495721734,-9.640431099441274
1.0583333333333334e-05,36.0,19.668757725412178,19.668757725412178,-9.655459329131718
1.0666666666666667e-05,36.0,19.683784702802313,19.683784702802313,-9.670486306521854
1.075e-05,36.0,19.698810427996477,19.698810427996477,-9.685512031716017
1.0833333333333334e-05,36.0,19.71383490109909,19.71383490109909,-9.700536504818631
1.0916666666666667e-05,36.0,19.728858122214433,19.728858122214433,-9.715559725933973
1.1000000000000001e-05,36.0,19.74388009144681,19.74388009144681,-9.730581695166352
1.1083333333333335e-05,36.0,19.75890080890062,19.75890080890062,-9.74560241262016
1.1166666666666668e-05,36.0,19.77392027468011,19.77392027468011,-9.760621878399649
1.125e-05,36.0,19.788938488889585,19.788938488889585,-9.775640092609125
1.1333333333333334e-05,36.0,19.803955451633385,19.803955451633385,-9.790657055352925
1.1416666666666667e-05,36.0,19.81897116301576,19.81897116301576,-9.8056727667353
1.1500000000000002e-05,36.0,19.83398562314099,19.83398562314099,-9.82068722686053
1.1583333333333333e-05,36.0,19.848998832113324,19.848998832113324,-9.835700435832864
1.1666666666666668e-05,36.0,19.864010790037042,19.864010790037042,-9.850712393756583
1.175e-05,36.0,19.879021497016396,19.879021497016396,-9.865723100735936
1.1833333333333334e-05,36.0,19.894030953155607,19.894030953155607,-9.880732556875147
1.1916666666666667e-05,36.0,19.909039158558954,19.909039158558954,-9.895740762278495
1.2e-05,36.0,19.924046113330604,19.924046113330604,-9.910747717050144
1.2083333333333333e-05,36.0,19.939051817574807,19.939051817574807,-9.925753421294347
1.2166666666666668e-05,36.0,19.954056271395757,19.954056271395757,-9.940757875115297
1.225e-05,36.0,19.969059474897648,19.969059474897648,-9.955761078617188
1.2333333333333334e-05,36.0,19.984061428184646,19.984061428184646,-9.970763031904186
1.2416666666666667e-05,36.0,19.999062131361,19.999062131361,-9.98576373508054
1.25e-05,36.0,20.014061584530822,20.014061584530822,-10.000763188250362
1.2583333333333334e-05,36.0,20.029059787798275,20.029059787798275,-10.015761391517815
1.2666666666666668e-05,36.0,20.044056741267553,20.044056741267553,-10.030758344987094
1.2750000000000002e-05,36.0,20.059052445042795,20.059052445042795,-10.045754048762335
1.2833333333333333e-05,36.0,20.07404689922808,20.07404689922808,-10.06074850294762
1.2916666666666668e-05,36.0,20.08904010392763,20.08904010392763,-10.07574170764717
1.3000000000000001e-05,36.0,20.104032059245498,20.104032059245498,-10.090733662965038
1.3083333333333334e-05,36.0,20.11902276528579,20.11902276528579,-10.105724369005332
1.3166666666666665e-05,36.0,20.13401222215265,20.13401222215265,-10.120713825872189
1.3250000000000002e-05,36.0,20.14900042995012,20.14900042995012,-10.135702033669661
1.3333333333333333e-05,36.0,20.163987388782346,20.163987388782346,-10.150688992501886
1.3416666666666666e-05,36.0,20.178973098753346,20.178973098753346,-10.165674702472886
1.3500000000000001e-05,36.0,20.19395755996723,20.19395755996723,-10.180659163686771
1.3583333333333334e-05,36.0,20.208940772528052,20.208940772528052,-10.195642376247593
1.3666666666666666e-05,36.0,20.223922736539834,20.223922736539834,-10.210624340259374
1.3750000000000002e-05,36.0,20.238903452106626,20.238903452106626,-10.225605055826167
1.3833333333333334e-05,36.0,20.253882919332483,20.253882919332483,-10.240584523052023
1.3916666666666667e-05,36.0,20.268861138321427,20.268861138321427,-10.255562742040967
1.4000000000000001e-05,36.0,20.283838109177452,20.283838109177452,-10.270539712896992
1.4083333333333335e-05,36.0,20.298813832004555,20.298813832004555,-10.285515435724095
1.4166666666666668e-05,36.0,20.31378830690676,20.31378830690676,-10.300489910626299
1.4249999999999999e-05,36.0,20.328761533988057,20.328761533988057,-10.315463137707598
1.4333333333333334e-05,36.0,20.34373351335242,20.34373351335242,-10.330435117071959
1.4416666666666667e-05,36.0,20.358704245103837,20.358704245103837,-10.345405848823377
1.45e-05,36.0,20.373673729346223,20.373673729346223,-10.360375333065763
1.4583333333333335e-05,36.0,20.3886419661836,20.3886419661836,-10.375343569903139
1.4666666666666668e-05,36.0,20.403608955719847,20.403608955719847,-10.390310559439387
1.475e-05,36.0,20.41857469805896,20.41857469805896,-10.405276301778501
1.4833333333333336e-05,36.0,20.433539193304824,20.433539193304824,-10.420240797024364
1.4916666666666667e-05,36.0,20.448502441561374,20.448502441561374,-10.435204045280914
1.5e-05,36.0,20.46346444293252,20.46346444293252,-10.45016604665206
1.5083333333333335e-05,36.0,20.47842519752217,20.47842519752217,-10.465126801241711
1.5166666666666668e-05,36.0,20.493384705434238,20.493384705434238,-10.480086309153778
1.525e-05,36.0,20.508342966772545,20.508342966772545,-10.495044570492086
1.5333333333333334e-05,36.0,20.52329998164106,20.52329998164106,-10.5100015853606
1.5416666666666668e-05,36.0,20.538255750143577,20.538255750143577,-10.524957353863117
1.55e-05,36.0,20.553210272384007,20.553210272384007,-10.539911876103547
1.5583333333333334e-05,36.0,20.568163548466146,20.568163548466146,-10.554865152185686
1.5666666666666667e-05,36.0,20.583115578493874,20.583115578493874,-10.569817182213415
1.575e-05,36.0,20.59806636257099,20.59806636257099,-10.58476796629053
1.5833333333333333e-05,36.0,20.613015900801372,20.613015900801372,-10.599717504520912
1.591666666666667e-05,36.0,20.62796419328882,20.62796419328882,-10.614665797008358
1.6000000000000003e-05,36.0,20.642911240137096,20.642911240137096,-10.629612843856636
1.6083333333333332e-05,36.0,20.65785704145003,20.65785704145003,-10.64455864516957
1.6166666666666665e-05,36.0,20.672801597331443,20.672801597331443,-10.659503201050983
1.6250000000000002e-05,36.0,20.687744907885076,20.687744907885076,-10.674446511604616
1.6333333333333335e-05,36.0,20.702686973214696,20.702686973214696,-10.689388576934236
1.6416666666666665e-05,36.0,20.71762779342413,20.71762779342413,-10.704329397143669
1.65e-05,36.0,20.732567368617055,20.732567368617055,-10.719268972336595
1.6583333333333334e-05,36.0,20.74750569889727,20.74750569889727,-10.734207302616811
1.6666666666666667e-05,36.0,20.76244278436849,20.76244278436849,-10.749144388088029
1.675e-05,36.0,20.777378625134446,20.777378625134446,-10.764080228853986
1.6833333333333334e-05,36.0,20.792313221298855,20.792313221298855,-10.779014825018395
1.6916666666666667e-05,36.0,20.807246572965482,20.807246572965482,-10.793948176685022
1.7000000000000003e-05,36.0,20.822178680237954,20.822178680237954,-10.808880283957494
1.7083333333333333e-05,36.0,20.83710954322001,20.83710954322001,-10.82381114693955
1.7166666666666666e-05,36.0,20.852039162015302,20.852039162015302,-10.838740765734842
1.725e-05,36.0,20.866967536727543,20.866967536727543,-10.853669140447083
1.7333333333333336e-05,36.0,20.881894667460415,20.881894667460415,-10.868596271179955
1.741666666666667e-05,36.0,20.896820554317515,20.896820554317515,-10.883522158037055
1.75e-05,36.0,20.911745197402553,20.911745197402553,-10.898446801122093
1.7583333333333335e-05,36.0,20.926668596819184,20.926668596819184,-10.913370200538724
1.7666666666666668e-05,36.0,20.941590752670976,20.941590752670976,-10.928292356390516
1.775e-05,36.0,20.956511665061583,20.956511665061583,-10.943213268781124
1.7833333333333334e-05,36.0,20.97143133409466,20.97143133409466,-10.9581329378142
1.7916666666666667e-05,36.0,20.986349759873775,20.986349759873775,-10.973051363593315
1.8e-05,36.0,21.001266942502554,21.001266942502554,-10.987968546222094
1.8083333333333337e-05,36.0,21.016182882084564,21.016182882084564,-11.002884485804104
1.8166666666666667e-05,36.0,21.031097578723404,21.031097578723404,-11.017799182442944
1.825e-05,36.0,21.046011032522614,21.046011032522614,-11.032712636242154
1.8333333333333333e-05,36.0,21.060923243585847,21.060923243585847,-11.047624847305388
1.841666666666667e-05,36.0,21.07583421201656,21.07583421201656,-11.0625358157361
1.85e-05,36.0,21.090743937918347,21.090743937918347,-11.077445541637887
1.8583333333333332e-05,36.0,21.10565242139475,21.10565242139475,-11.092354025114291
1.866666666666667e-05,36.0,21.120559662549283,21.120559662549283,-11.107261266268823
1.8750000000000002e-05,36.0,21.135465661485483,21.135465661485483,-11.122167265205023
1.8833333333333335e-05,36.0,21.150370418306892,21.150370418306892,-11.137072022026432
1.8916666666666668e-05,36.0,21.165273933116936,21.165273933116936,-11.151975536836476
1.9e-05,36.0,21.180176206019183,21.180176206019183,-11.166877809738724
1.9083333333333334e-05,36.0,21.19507723711712,21.19507723711712,-11.181778840836659
1.9166666666666667e-05,36.0,21.209977026514167,21.209977026514167,-11.196678630233707
1.925e-05,36.0,21.22487557431384,21.22487557431384,-11.211577178033382
1.9333333333333333e-05,36.0,21.239772880619597,21.239772880619597,-11.226474484339137
1.9416666666666667e-05,36.0,21.25466894553489,21.25466894553489,-11.241370549254428
1.9500000000000003e-05,36.0,21.269563769163142,21.269563769163142,-11.256265372882682
1.9583333333333333e-05,36.0,21.28445735160784,21.28445735160784,-11.271158955327381
1.9666666666666666e-05,36.0,21.299349692972356,21.299349692972356,-11.286051296691896
1.9750000000000002e-05,36.0,21.314240793360142,21.314240793360142,-11.300942397079682
1.9833333333333335e-05,36.0,21.329130652874596,21.329130652874596,-11.315832256594136
1.9916666666666665e-05,36.0,21.344019271619118,21.344019271619118,-11.330720875338658
2e-05,36.0,21.358906649697133,21.358906649697133,-11.345608253416673
2.0083333333333335e-05,36.0,21.373792787211983,21.373792787211983,-11.360494390931523
2.0166666666666668e-05,36.0,21.388677684267066,21.388677684267066,-11.375379287986606
2.025e-05,36.0,21.403561340965723,21.403561340965723,-11.390262944685263
2.0333333333333334e-05,36.0,21.418443757411325,21.418443757411325,-11.405145361130865
2.0416666666666667e-05,36.0,21.43332493370727,21.43332493370727,-11.420026537426809
2.05e-05,36.0,21.44820486995684,21.44820486995684,-11.43490647367638
2.0583333333333333e-05,36.0,21.46308356626338,21.46308356626338,-11.449785169982919
2.0666666666666666e-05,36.0,21.477961022730227,21.477961022730227,-11.464662626449767
2.075e-05,36.0,21.492837239460698,21.492837239460698,-11.479538843180238
2.0833333333333336e-05,36.0,21.507712216558105,21.507712216558105,-11.494413820277645
2.091666666666667e-05,36.0,21.522585954125702,21.522585954125702,-11.509287557845242
2.1e-05,36.0,21.537458452266833,21.537458452266833,-11.524160055986373
2.1083333333333335e-05,36.0,21.552329711084752,21.552329711084752,-11.539031314804292
2.116666666666667e-05,36.0,21.567199730682745,21.567199730682745,-11.553901334402285
2.125e-05,36.0,21.58206851116404,21.58206851116404,-11.568770114883579
2.1333333333333335e-05,36.0,21.596936052631975,21.596936052631975,-11.583637656351515
2.1416666666666668e-05,36.0,21.611802355189695,21.611802355189695,-11.598503958909236
2.15e-05,36.0,21.626667418940485,21.626667418940485,-11.613369022660025
2.1583333333333334e-05,36.0,21.6415312439876,21.6415312439876,-11.62823284770714
2.1666666666666667e-05,36.0,21.65639383043427,21.65639383043427,-11.643095434153809
2.175e-05,36.0,21.671255178383632,21.671255178383632,-11.657956782103172
2.1833333333333333e-05,36.0,21.686115287938918,21.686115287938918,-11.672816891658458
2.191666666666667e-05,36.0,21.700974159203355,21.700974159203355,-11.687675762922895
2.2000000000000003e-05,36.0,21.715831792280113,21.715831792280113,-11.702533395999653
2.2083333333333333e-05,36.0,21.730688187272364,21.730688187272364,-11.717389790991904
2.216666666666667e-05,36.0,21.745543344283277,21.745543344283277,-11.732244948002817
2.2250000000000002e-05,36.0,21.760397263416053,21.760397263416053,-11.747098867135593
2.2333333333333335e-05,36.0,21.775249944773776,21.775249944773776,-11.761951548493316
2.2416666666666665e-05,36.0,21.790101388459618,21.790101388459618,-11.776802992179158
2.25e-05,36.0,21.80495159457675,21.80495159457675,-11.79165319829629
2.2583333333333335e-05,36.0,21.819800563228227,21.819800563228227,-11.806502166947768
2.2666666666666668e-05,36.0,21.83464829451725,21.83464829451725,-11.821349898236791
2.275e-05,36.0,21.84949478854685,21.84949478854685,-11.83619639226639
2.2833333333333334e-05,36.0,21.864340045420164,21.864340045420164,-11.851041649139704
2.2916666666666667e-05,36.0,21.87918406524031,21.87918406524031,-11.86588566895985
2.3000000000000003e-05,36.0,21.894026848110315,21.894026848110315,-11.880728451829855
2.3083333333333333e-05,36.0,21.90886839413332,21.90886839413332,-11.895569997852862
2.3166666666666666e-05,36.0,21.92370870341233,21.92370870341233,-11.91041030713187
2.3250000000000003e-05,36.0,21.938547776050427,21.938547776050427,-11.925249379769967
2.3333333333333336e-05,36.0,21.95338561215067,21.95338561215067,-11.940087215870209
2.341666666666667e-05,36.0,21.968222211816084,21.968222211816084,-11.954923815535624
2.35e-05,36.0,21.9830575751497,21.9830575751497,-11.969759178869241
2.3583333333333335e-05,36.0,21.99789170225455,21.99789170225455,-11.984593305974089
2.3666666666666668e-05,36.0,22.012724593233685,22.012724593233685,-11.999426196953225
2.375e-05,36.0,22.027556248190024,22.027556248190024,-12.014257851909564
2.3833333333333334e-05,36.0,22.042386667226623,22.042386667226623,-12.029088270946163
2.3916666666666668e-05,36.0,22.057215850446482,22.057215850446482,-12.043917454166023
2.4e-05,36.0,22.072043797952546,22.072043797952546,-12.058745401672086
2.4083333333333337e-05,36.0,22.086870509847813,22.086870509847813,-12.073572113567353
2.4166666666666667e-05,36.0,22.101695986235228,22.101695986235228,-12.088397589954768
2.425e-05,36.0,22.116520227217734,22.116520227217734,-12.103221830937274
2.4333333333333336e-05,36.0,22.13134323289836,22.13134323289836,-12.1180448366179
2.441666666666667e-05,36.0,22.146165003379934,22.146165003379934,-12.132866607099475
2.45e-05,36.0,22.160985538765402,22.160985538765402,-12.147687142484942
2.4583333333333332e-05,36.0,22.175804839157763,22.175804839157763,-12.162506442877303
2.466666666666667e-05,36.0,22.190622904659847,22.190622904659847,-12.177324508379387
2.4750000000000002e-05,36.0,22.205439735374597,22.205439735374597,-12.192141339094137
2.4833333333333335e-05,36.0,22.22025533140493,22.22025533140493,-12.206956935124468
2.4916666666666668e-05,36.0,22.23506969285367,22.23506969285367,-12.22177129657321
2.5e-05,0.0,22.249882819823767,0.0,10.01329839628046
2.5083333333333338e-05,0.0,22.234695962383313,0.0,10.01329839628046
2.5166666666666667e-05,0.0,22.219510370461563,0.0,10.01329839628046
2.525e-05,0.0,22.204326043953074,0.0,10.01329839628046
2.5333333333333337e-05,0.0,22.1891429827524,0.0,10.01329839628046
2.5416666666666667e-05,0.0,22.173961186754127,0.0,10.01329839628046
2.5500000000000003e-05,0.0,22.15878065585281,0.0,10.01329839628046
2.5583333333333336e-05,0.0,22.14360138994303,0.0,10.01329839628046
2.5666666666666666e-05,0.0,22.128423388919344,0.0,10.01329839628046
2.5750000000000002e-05,0.0,22.113246652676395,0.0,10.01329839628046
2.5833333333333336e-05,0.0,22.098071181108764,0.0,10.01329839628046
2.5916666666666665e-05,0.0,22.082896974111094,0.0,10.01329839628046
2.6000000000000002e-05,0.0,22.067724031577967,0.0,10.01329839628046
2.608333333333333e-05,0.0,22.052552353404053,0.0,10.01329839628046
2.6166666666666668e-05,0.0,22.037381939483936,0.0,10.01329839628046
2.625e-05,0.0,22.02221278971234,0.0,10.01329839628046
2.633333333333333e-05,0.0,22.007044903983882,0.0,10.01329839628046
2.6416666666666667e-05,0.0,21.991878282193255,0.0,10.01329839628046
2.6500000000000004e-05,0.0,21.976712924235073,0.0,10.01329839628046
2.6583333333333333e-05,0.0,21.96154883000409,0.0,10.01329839628046
2.6666666666666667e-05,0.0,21.946385999394977,0.0,10.01329839628046
2.6750000000000003e-05,0.0,21.93122443230243,0.0,10.01329839628046
2.6833333333333333e-05,0.0,21.916064128621173,0.0,10.01329839628046
2.691666666666667e-05,0.0,21.900905088245906,0.0,10.01329839628046
2.7000000000000002e-05,0.0,21.885747311071356,0.0,10.01329839628046
2.7083333333333332e-05,0.0,21.870590796992303,0.0,10.01329839628046
2.716666666666667e-05,0.0,21.855435545903447,0.0,10.01329839628046
2.725e-05,0.0,21.84028155769957,0.0,10.01329839628046
2.733333333333333e-05,0.0,21.825128832275425,0.0,10.01329839628046
2.7416666666666668e-05,0.0,21.809977369525768,0.0,10.01329839628046
2.7500000000000004e-05,0.0,21.79482716934544,0.0,10.01329839628046
2.7583333333333334e-05,0.0,21.779678231629163,0.0,10.01329839628046
2.7666666666666667e-05,0.0,21.76453055627175,0.0,10.01329839628046
2.7750000000000004e-05,0.0,21.749384143168044,0.0,10.01329839628046
2.7833333333333333e-05,0.0,21.734238992212823,0.0,10.01329839628046
2.791666666666667e-05,0.0,21.71909510330096,0.0,10.01329839628046
2.8000000000000003e-05,0.0,21.70395247632723,0.0,10.01329839628046
2.8083333333333333e-05,0.0,21.68881111118654,0.0,10.01329839628046
2.816666666666667e-05,0.0,21.673671007773663,0.0,10.01329839628046
2.825e-05,0.0,21.65853216598353,0.0,10.01329839628046
2.8333333333333335e-05,0.0,21.64339458571095,0.0,10.01329839628046
2.841666666666667e-05,0.0,21.62825826685085,0.0,10.01329839628046
2.8499999999999998e-05,0.0,21.613123209298095,0.0,10.01329839628046
2.8583333333333335e-05,0.0,21.597989412947612,0.0,10.01329839628046
2.8666666666666668e-05,0.0,21.58285687769427,0.0,10.01329839628046
2.8749999999999997e-05,0.0,21.56772560343296,0.0,10.01329839628046
2.8833333333333334e-05,0.0,21.552595590058672,0.0,10.01329839628046
2.891666666666667e-05,0.0,21.53746683746627,0.0,10.01329839628046
2.9e-05,0.0,21.522339345550733,0.0,10.01329839628046
2.9083333333333333e-05,0.0,21.50721311420699,0.0,10.01329839628046
2.916666666666667e-05,0.0,21.492088143330022,0.0,10.01329839628046
2.925e-05,0.0,21.476964432814754,0.0,10.01329839628046
2.9333333333333336e-05,0.0,21.461841982556194,0.0,10.01329839628046
2.941666666666667e-05,0.0,21.446720792449327,0.0,10.01329839628046
2.95e-05,0.0,21.431600862389132,0.0,10.01329839628046
2.9583333333333335e-05,0.0,21.416482192270593,0.0,10.01329839628046
2.9666666666666672e-05,0.0,21.401364781988747,0.0,10.01329839628046
2.975e-05,0.0,21.386248631438605,0.0,10.01329839628046
2.9833333333333335e-05,0.0,21.371133740515177,0.0,10.01329839628046
2.991666666666667e-05,0.0,21.35602010911353,0.0,10.01329839628046
3e-05,0.0,21.340907737128674,0.0,10.01329839628046
3.0083333333333337e-05,0.0,21.325796624455677,0.0,10.01329839628046
3.016666666666667e-05,0.0,21.310686770989633,0.0,10.01329839628046
3.025e-05,0.0,21.295578176625554,0.0,10.01329839628046
3.0333333333333337e-05,0.0,21.280470841258563,0.0,10.01329839628046
3.0416666666666666e-05,0.0,21.265364764783726,0.0,10.01329839628046
3.05e-05,0.0,21.25025994709614,0.0,10.01329839628046
3.0583333333333336e-05,0.0,21.2351563880909,0.0,10.01329839628046
3.066666666666667e-05,0.0,21.220054087663158,0.0,10.01329839628046
3.075e-05,0.0,21.20495304570801,0.0,10.01329839628046
3.0833333333333335e-05,0.0,21.18985326212058,0.0,10.01329839628046
3.091666666666667e-05,0.0,21.174754736796018,0.0,10.01329839628046
3.1e-05,0.0,21.159657469629508,0.0,10.01329839628046
3.1083333333333334e-05,0.0,21.144561460516144,0.0,10.01329839628046
3.116666666666667e-05,0.0,21.129466709351135,0.0,10.01329839628046
3.125e-05,0.0,21.114373216029634,0.0,10.01329839628046
3.1333333333333334e-05,0.0,21.09928098044685,0.0,10.01329839628046
3.141666666666667e-05,0.0,21.084190002497962,0.0,10.01329839628046
3.15e-05,0.0,21.069100282078182,0.0,10.01329839628046
3.158333333333334e-05,0.0,21.05401181908269,0.0,10.01329839628046
3.1666666666666666e-05,0.0,21.03892461340675,0.0,10.01329839628046
3.175e-05,0.0,21.023838664945544,0.0,10.01329839628046
3.183333333333334e-05,0.0,21.00875397359431,0.0,10.01329839628046
3.1916666666666665e-05,0.0,20.99367053924837,0.0,10.01329839628046
3.2000000000000005e-05,0.0,20.978588361802878,0.0,10.01329839628046
3.208333333333334e-05,0.0,20.963507441153126,0.0,10.01329839628046
3.2166666666666665e-05,0.0,20.94842777719444,0.0,10.01329839628046
3.2250000000000005e-05,0.0,20.933349369822054,0.0,10.01329839628046
3.233333333333333e-05,0.0,20.918272218931236,0.0,10.01329839628046
3.2416666666666664e-05,0.0,20.90319632441731,0.0,10.01329839628046
3.2500000000000004e-05,0.0,20.888121686175595,0.0,10.01329839628046
3.258333333333333e-05,0.0,20.87304830410139,0.0,10.01329839628046
3.266666666666667e-05,0.0,20.857976178090013,0.0,10.01329839628046
3.275e-05,0.0,20.84290530803682,0.0,10.01329839628046
3.283333333333333e-05,0.0,20.82783569383713,0.0,10.01329839628046
3.291666666666667e-05,0.0,20.812767335386297,0.0,10.01329839628046
3.3e-05,0.0,20.7977002325797,0.0,10.01329839628046
3.3083333333333336e-05,0.0,20.78263438531266,0.0,10.01329839628046
3.316666666666667e-05,0.0,20.76756979348059,0.0,10.01329839628046
3.325e-05,0.0,20.752506456978892,0.0,10.01329839628046
3.3333333333333335e-05,0.0,20.737444375702893,0.0,10.01329839628046
3.341666666666667e-05,0.0,20.722383549548084,0.0,10.01329839628046
3.35e-05,0.0,20.70732397840979,0.0,10.01329839628046
3.3583333333333334e-05,0.0,20.692265662183473,0.0,10.01329839628046
3.366666666666667e-05,0.0,20.677208600764573,0.0,10.01329839628046
3.375000000000001e-05,0.0,20.662152794048495,0.0,10.01329839628046
3.3833333333333334e-05,0.0,20.647098241930706,0.0,10.01329839628046
3.391666666666667e-05,0.0,20.63204494430667,0.0,10.01329839628046
3.4000000000000007e-05,0.0,20.616992901071796,0.0,10.01329839628046
3.408333333333333e-05,0.0,20.601942112121634,0.0,10.01329839628046
3.4166666666666666e-05,0.0,20.58689257735162,0.0,10.01329839628046
3.4250000000000006e-05,0.0,20.571844296657247,0.0,10.01329839628046
3.433333333333333e-05,0.0,20.55679726993401,0.0,10.01329839628046
3.441666666666667e-05,0.0,20.541751497077428,0.0,10.01329839628046
3.45e-05,0.0,20.526706977982997,0.0,10.01329839628046
3.458333333333333e-05,0.0,20.511663712546266,0.0,10.01329839628046
3.466666666666667e-05,0.0,20.496621700662757,0.0,10.01329839628046
3.475e-05,0.0,20.481580942227993,0.0,10.01329839628046
3.483333333333334e-05,0.0,20.46654143713758,0.0,10.01329839628046
3.491666666666667e-05,0.0,20.45150318528701,0.0,10.01329839628046
3.5e-05,0.0,20.43646618657189,0.0,10.01329839628046
3.508333333333334e-05,0.0,20.421430440887775,0.0,10.01329839628046
3.516666666666667e-05,0.0,20.406395948130267,0.0,10.01329839628046
3.525e-05,0.0,20.391362708194947,0.0,10.01329839628046
3.5333333333333336e-05,0.0,20.37633072097742,0.0,10.01329839628046
3.541666666666667e-05,0.0,20.361299986373325,0.0,10.01329839628046
3.55e-05,0.0,20.346270504278266,0.0,10.01329839628046
3.5583333333333335e-05,0.0,20.331242274587822,0.0,10.01329839628046
3.566666666666667e-05,0.0,20.316215297197687,0.0,10.01329839628046
3.575e-05,0.0,20.301189572003523,0.0,10.01329839628046
3.5833333333333335e-05,0.0,20.28616509890091,0.0,10.01329839628046
3.591666666666667e-05,0.0,20.271141877785567,0.0,10.01329839628046
3.6e-05,0.0,20.25611990855319,0.0,10.01329839628046
3.6083333333333334e-05,0.0,20.24109919109938,0.0,10.01329839628046
3.6166666666666674e-05,0.0,20.22607972531989,0.0,10.01329839628046
3.625e-05,0.0,20.211061511110415,0.0,10.01329839628046
3.633333333333333e-05,0.0,20.196044548366615,0.0,10.01329839628046
3.641666666666667e-05,0.0,20.18102883698424,0.0,10.01329839628046
3.65e-05,0.0,20.16601437685901,0.0,10.01329839628046
3.658333333333334e-05,0.0,20.151001167886676,0.0,10.01329839628046
3.6666666666666666e-05,0.0,20.135989209962958,0.0,10.01329839628046
3.675e-05,0.0,20.120978502983604,0.0,10.01329839628046
3.683333333333334e-05,0.0,20.105969046844393,0.0,10.01329839628046
3.6916666666666665e-05,0.0,20.090960841441046,0.0,10.01329839628046
3.7e-05,0.0,20.075953886669396,0.0,10.01329839628046
3.708333333333334e-05,0.0,20.060948182425193,0.0,10.01329839628046
3.7166666666666664e-05,0.0,20.045943728604243,0.0,10.01329839628046
3.7250000000000004e-05,0.0,20.030940525102352,0.0,10.01329839628046
3.733333333333334e-05,0.0,20.015938571815354,0.0,10.01329839628046
3.7416666666666664e-05,0.0,20.000937868639,0.0,10.01329839628046
3.7500000000000003e-05,0.0,19.985938415469178,0.0,10.01329839628046
3.7583333333333337e-05,0.0,19.970940212201725,0.0,10.01329839628046
3.766666666666667e-05,0.0,19.955943258732447,0.0,10.01329839628046
3.775e-05,0.0,19.940947554957205,0.0,10.01329839628046
3.7833333333333336e-05,0.0,19.92595310077192,0.0,10.01329839628046
3.791666666666667e-05,0.0,19.91095989607237,0.0,10.01329839628046
3.8e-05,0.0,19.895967940754502,0.0,10.01329839628046
3.8083333333333335e-05,0.0,19.88097723471421,0.0,10.01329839628046
3.816666666666667e-05,0.0,19.86598777784735,0.0,10.01329839628046
3.825e-05,0.0,19.85099957004988,0.0,10.01329839628046
3.8333333333333334e-05,0.0,19.836012611217654,0.0,10.01329839628046
3.841666666666667e-05,0.0,19.821026901246654,0.0,10.01329839628046
3.85e-05,0.0,19.80604244003277,0.0,10.01329839628046
3.8583333333333334e-05,0.0,19.791059227471948,0.0,10.01329839628046
3.866666666666667e-05,0.0,19.776077263460166,0.0,10.01329839628046
3.875e-05,0.0,19.761096547893374,0.0,10.01329839628046
3.883333333333333e-05,0.0,19.746117080667517,0.0,10.01329839628046
3.8916666666666666e-05,0.0,19.731138861678573,0.0,10.01329839628046
3.9000000000000006e-05,0.0,19.716161890822548,0.0,10.01329839628046
3.908333333333333e-05,0.0,19.701186167995445,0.0,10.01329839628046
3.9166666666666665e-05,0.0,19.68621169309324,0.0,10.01329839628046
3.9250000000000005e-05,0.0,19.671238466011943,0.0,10.01329839628046
3.933333333333333e-05,0.0,19.65626648664758,0.0,10.01329839628046
3.941666666666667e-05,0.0,19.641295754896163,0.0,10.01329839628046
3.9500000000000005e-05,0.0,19.626326270653777,0.0,10.01329839628046
3.958333333333333e-05,0.0,19.6113580338164,0.0,10.01329839628046
3.966666666666667e-05,0.0,19.596391044280153,0.0,10.01329839628046
3.9750000000000004e-05,0.0,19.58142530194104,0.0,10.01329839628046
3.983333333333333e-05,0.0,19.566460806695176,0.0,10.01329839628046
3.991666666666667e-05,0.0,19.551497558438626,0.0,10.01329839628046
4e-05,0.0,19.53653555706748,0.0,10.01329839628046
4.0083333333333336e-05,0.0,19.52157480247783,0.0,10.01329839628046
4.016666666666667e-05,0.0,19.506615294565762,0.0,10.01329839628046
4.025e-05,0.0,19.491657033227426,0.0,10.01329839628046
4.0333333333333336e-05,0.0,19.47670001835894,0.0,10.01329839628046
4.041666666666667e-05,0.0,19.461744249856423,0.0,10.01329839628046
4.05e-05,0.0,19.446789727615993,0.0,10.01329839628046
4.0583333333333335e-05,0.0,19.431836451533854,0.0,10.01329839628046
4.066666666666667e-05,0.0,19.416884421506126,0.0,10.01329839628046
4.075e-05,0.0,19.40193363742901,0.0,10.01329839628046
4.0833333333333334e-05,0.0,19.386984099198628,0.0,10.01329839628046
4.091666666666667e-05,0.0,19.37203580671121,0.0,10.01329839628046
4.1e-05,0.0,19.357088759862904,0.0,10.01329839628046
4.1083333333333334e-05,0.0,19.34214295854997,0.0,10.01329839628046
4.116666666666667e-05,0.0,19.327198402668557,0.0,10.01329839628046
4.125e-05,0.0,19.312255092114924,0.0,10.01329839628046
4.133333333333333e-05,0.0,19.297313026785304,0.0,10.01329839628046
4.141666666666667e-05,0.0,19.28237220657587,0.0,10.01329839628046
4.15e-05,0.0,19.267432631382945,0.0,10.01329839628046
4.158333333333333e-05,0.0,19.25249430110273,0.0,10.01329839628046
4.166666666666667e-05,0.0,19.23755721563151,0.0,10.01329839628046
4.175e-05,0.0,19.222621374865554,0.0,10.01329839628046
4.183333333333334e-05,0.0,19.207686778701145,0.0,10.01329839628046
4.191666666666667e-05,0.0,19.192753427034518,0.0,10.01329839628046
4.2e-05,0.0,19.177821319762046,0.0,10.01329839628046
4.208333333333334e-05,0.0,19.16289045677999,0.0,10.01329839628046
4.216666666666667e-05,0.0,19.147960837984698,0.0,10.01329839628046
4.2250000000000004e-05,0.0,19.133032463272457,0.0,10.01329839628046
4.233333333333334e-05,0.0,19.118105332539585,0.0,10.01329839628046
4.241666666666667e-05,0.0,19.103179445682485,0.0,10.01329839628046
4.25e-05,0.0,19.088254802597447,0.0,10.01329839628046
4.2583333333333336e-05,0.0,19.073331403180816,0.0,10.01329839628046
4.266666666666667e-05,0.0,19.058409247329024,0.0,10.01329839628046
4.275e-05,0.0,19.043488334938417,0.0,10.01329839628046
4.2833333333333335e-05,0.0,19.02856866590534,0.0,10.01329839628046
4.291666666666667e-05,0.0,19.013650240126225,0.0,10.01329839628046
4.3e-05,0.0,18.998733057497446,0.0,10.01329839628046
4.3083333333333335e-05,0.0,18.983817117915436,0.0,10.01329839628046
4.316666666666667e-05,0.0,18.968902421276596,0.0,10.01329839628046
4.325e-05,0.0,18.953988967477386,0.0,10.01329839628046
4.3333333333333334e-05,0.0,18.939076756414153,0.0,10.01329839628046
4.341666666666667e-05,0.0,18.92416578798344,0.0,10.01329839628046
4.35e-05,0.0,18.909256062081653,0.0,10.01329839628046
4.358333333333334e-05,0.0,18.89434757860525,0.0,10.01329839628046
4.3666666666666666e-05,0.0,18.879440337450717,0.0,10.01329839628046
4.375e-05,0.0,18.864534338514517,0.0,10.01329839628046
4.383333333333334e-05,0.0,18.849629581693108,0.0,10.01329839628046
4.3916666666666666e-05,0.0,18.834726066883064,0.0,10.01329839628046
4.4000000000000006e-05,0.0,18.819823793980817,0.0,10.01329839628046
4.408333333333334e-05,0.0,18.80492276288288,0.0,10.01329839628046
4.4166666666666665e-05,0.0,18.790022973485833,0.0,10.01329839628046
4.4250000000000005e-05,0.0,18.77512442568616,0.0,10.01329839628046
4.433333333333334e-05,0.0,18.760227119380403,0.0,10.01329839628046
4.4416666666666664e-05,0.0,18.74533105446511,0.0,10.01329839628046
4.4500000000000004e-05,0.0,18.730436230836858,0.0,10.01329839628046
4.458333333333334e-05,0.0,18.71554264839216,0.0,10.01329839628046
4.466666666666667e-05,0.0,18.700650307027644,0.0,10.01329839628046
4.4750000000000004e-05,0.0,18.685759206639858,0.0,10.01329839628046
4.483333333333333e-05,0.0,18.670869347125404,0.0,10.01329839628046
4.491666666666667e-05,0.0,18.655980728380882,0.0,10.01329839628046
4.5e-05,0.0,18.641093350302867,0.0,10.01329839628046
4.5083333333333336e-05,0.0,18.626207212788017,0.0,10.01329839628046
4.516666666666667e-05,0.0,18.611322315732934,0.0,10.01329839628046
4.525e-05,0.0,18.596438659034277,0.0,10.01329839628046
4.5333333333333335e-05,0.0,18.581556242588675,0.0,10.01329839628046
4.541666666666667e-05,0.0,18.56667506629273,0.0,10.01329839628046
4.55e-05,0.0,18.55179513004316,0.0,10.01329839628046
4.5583333333333335e-05,0.0,18.53691643373662,0.0,10.01329839628046
4.566666666666667e-05,0.0,18.522038977269773,0.0,10.01329839628046
4.575e-05,0.0,18.507162760539302,0.0,10.01329839628046
4.5833333333333334e-05,0.0,18.492287783441895,0.0,10.01329839628046
4.591666666666667e-05,0.0,18.477414045874298,0.0,10.01329839628046
4.600000000000001e-05,0.0,18.462541547733167,0.0,10.01329839628046
4.608333333333333e-05,0.0,18.447670288915248,0.0,10.01329839628046
4.6166666666666666e-05,0.0,18.432800269317255,0.0,10.01329839628046
4.6250000000000006e-05,0.0,18.41793148883596,0.0,10.01329839628046
4.633333333333333e-05,0.0,18.403063947368025,0.0,10.01329839628046
4.641666666666667e-05,0.0,18.388197644810305,0.0,10.01329839628046
4.6500000000000005e-05,0.0,18.373332581059515,0.0,10.01329839628046
4.658333333333333e-05,0.0,18.3584687560124,0.0,10.01329839628046
4.666666666666667e-05,0.0,18.34360616956573,0.0,10.01329839628046
4.6750000000000005e-05,0.0,18.328744821616368,0.0,10.01329839628046
4.683333333333334e-05,0.0,18.313884712061082,0.0,10.01329839628046
4.691666666666667e-05,0.0,18.299025840796645,0.0,10.01329839628046
4.7e-05,0.0,18.284168207719887,0.0,10.01329839628046
4.708333333333334e-05,0.0,18.269311812727636,0.0,10.01329839628046
4.716666666666667e-05,0.0,18.254456655716723,0.0,10.01329839628046
4.7249999999999997e-05,0.0,18.239602736583947,0.0,10.01329839628046
4.7333333333333336e-05,0.0,18.224750055226224,0.0,10.01329839628046
4.741666666666667e-05,0.0,18.209898611540382,0.0,10.01329839628046
4.75e-05,0.0,18.19504840542325,0.0,10.01329839628046
4.7583333333333336e-05,0.0,18.180199436771773,0.0,10.01329839628046
4.766666666666667e-05,0.0,18.16535170548275,0.0,10.01329839628046
4.775e-05,0.0,18.15050521145315,0.0,10.01329839628046
4.7833333333333335e-05,0.0,18.135659954579836,0.0,10.01329839628046
4.791666666666667e-05,0.0,18.12081593475969,0.0,10.01329839628046
4.8e-05,0.0,18.105973151889685,0.0,10.01329839628046
4.8083333333333334e-05,0.0,18.09113160586668,0.0,10.01329839628046
4.8166666666666674e-05,0.0,18.07629129658767,0.0,10.01329839628046
4.825e-05,0.0,18.061452223949573,0.0,10.01329839628046
4.8333333333333334e-05,0.0,18.04661438784933,0.0,10.01329839628046
4.8416666666666673e-05,0.0,18.031777788183916,0.0,10.01329839628046
4.85e-05,0.0,18.0169424248503,0.0,10.01329839628046
4.858333333333333e-05,0.0,18.00210829774545,0.0,10.01329839628046
4.866666666666667e-05,0.0,17.987275406766315,0.0,10.01329839628046
4.875e-05,0.0,17.972443751809976,0.0,10.01329839628046
4.883333333333334e-05,0.0,17.957613332773377,0.0,10.01329839628046
4.891666666666667e-05,0.0,17.942784149553518,0.0,10.01329839628046
4.9e-05,0.0,17.927956202047454,0.0,10.01329839628046
4.908333333333334e-05,0.0,17.913129490152187,0.0,10.01329839628046
4.9166666666666665e-05,0.0,17.898304013764772,0.0,10.01329839628046
4.9250000000000004e-05,0.0,17.883479772782266,0.0,10.01329839628046
4.933333333333334e-05,0.0,17.86865676710164,0.0,10.01329839628046
4.9416666666666664e-05,0.0,17.853834996620066,0.0,10.01329839628046
4.9500000000000004e-05,0.0,17.839014461234598,0.0,10.01329839628046
4.958333333333334e-05,0.0,17.824195160842237,0.0,10.01329839628046
4.966666666666667e-05,0.0,17.809377095340153,0.0,10.01329839628046
4.975e-05,0.0,17.794560264625403,0.0,10.01329839628046
4.9833333333333336e-05,0.0,17.77974466859507,0.0,10.01329839628046
4.991666666666667e-05,0.0,17.76493030714633,0.0,10.01329839628046
5e-05,36.0,17.750117180176233,17.750117180176233,-7.736818783895773
5.0083333333333335e-05,36.0,17.765304037616687,17.765304037616687,-7.752005641336227
5.0166666666666675e-05,36.0,17.780489629538437,17.780489629538437,-7.767191233257977
5.0249999999999995e-05,36.0,17.795673956046926,17.795673956046926,-7.782375559766466
5.0333333333333335e-05,36.0,17.8108570172476,17.8108570172476,-7.7975586209671395
5.041666666666667e-05,36.0,17.826038813245873,17.826038813245873,-7.812740416965413
5.05e-05,36.0,17.84121934414719,17.84121934414719,-7.8279209478667315
5.058333333333334e-05,36.0,17.85639861005697,17.85639861005697,-7.843100213776511
5.0666666666666674e-05,36.0,17.871576611080656,17.871576611080656,-7.858278214800196
5.075e-05,36.0,17.886753347323605,17.886753347323605,-7.873454951043145
5.0833333333333333e-05,36.0,17.901928818891236,17.901928818891236,-7.888630422610776
5.0916666666666666e-05,36.0,17.917103025888906,17.917103025888906,-7.903804629608446
5.1000000000000006e-05,36.0,17.932275968422033,17.932275968422033,-7.918977572141573
5.108333333333334e-05,36.0,17.947447646595947,17.947447646595947,-7.934149250315487
5.116666666666667e-05,36.0,17.962618060516064,17.962618060516064,-7.949319664235604
5.125e-05,36.0,17.97778721028766,17.97778721028766,-7.964488814007199
5.133333333333333e-05,36.0,17.992955096016118,17.992955096016118,-7.979656699735658
5.141666666666667e-05,36.0,18.008121717806745,18.008121717806745,-7.994823321526285
5.1500000000000005e-05,36.0,18.023287075764927,18.023287075764927,-8.009988679484467
5.158333333333334e-05,36.0,18.03845116999591,18.03845116999591,-8.02515277371545
5.166666666666667e-05,36.0,18.053614000605023,18.053614000605023,-8.040315604324563
5.175e-05,36.0,18.06877556769757,18.06877556769757,-8.055477171417111
5.183333333333333e-05,36.0,18.083935871378827,18.083935871378827,-8.070637475098367
5.191666666666667e-05,36.0,18.099094911754094,18.099094911754094,-8.085796515473634
5.2000000000000004e-05,36.0,18.114252688928644,18.114252688928644,-8.100954292648185
5.208333333333334e-05,36.0,18.129409203007697,18.129409203007697,-8.116110806727237
5.216666666666666e-05,36.0,18.144564454096553,18.144564454096553,-8.131266057816093
5.2249999999999996e-05,36.0,18.15971844230043,18.15971844230043,-8.146420046019971
5.2333333333333336e-05,36.0,18.174871167724575,18.174871167724575,-8.161572771444115
5.241666666666667e-05,36.0,18.190022630474232,18.190022630474232,-8.176724234193772
5.25e-05,36.0,18.20517283065456,18.20517283065456,-8.191874434374101
5.258333333333334e-05,36.0,18.220321768370837,18.220321768370837,-8.207023372090378
5.266666666666666e-05,36.0,18.23546944372825,18.23546944372825,-8.22217104744779
5.275e-05,36.0,18.250615856831956,18.250615856831956,-8.237317460551496
5.2833333333333335e-05,36.0,18.265761007787177,18.265761007787177,-8.252462611506717
5.291666666666667e-05,36.0,18.28090489669904,18.28090489669904,-8.267606500418582
5.300000000000001e-05,36.0,18.29604752367277,18.29604752367277,-8.282749127392309
5.308333333333334e-05,36.0,18.31118888881346,18.31118888881346,-8.297890492533002
5.316666666666667e-05,36.0,18.326328992226337,18.326328992226337,-8.313030595945877
5.325e-05,36.0,18.34146783401647,18.34146783401647,-8.32816943773601
5.333333333333333e-05,36.0,18.35660541428905,18.35660541428905,-8.34330701800859
5.341666666666667e-05,36.0,18.37174173314915,18.37174173314915,-8.35844333686869
5.3500000000000006e-05,36.0,18.386876790701905,18.386876790701905,-8.373578394421445
5.358333333333334e-05,36.0,18.402010587052388,18.402010587052388,-8.388712190771928
5.3666666666666666e-05,36.0,18.41714312230573,18.41714312230573,-8.403844726025271
5.375e-05,36.0,18.43227439656704,18.43227439656704,-8.418976000286579
5.383333333333334e-05,36.0,18.447404409941328,18.447404409941328,-8.434106013660868
5.391666666666667e-05,36.0,18.46253316253373,18.46253316253373,-8.449234766253271
5.4000000000000005e-05,36.0,18.477660654449267,18.477660654449267,-8.464362258168807
5.4083333333333345e-05,36.0,18.49278688579301,18.49278688579301,-8.47948848951255
5.4166666666666664e-05,36.0,18.507911856669978,18.507911856669978,-8.494613460389518
5.4250000000000004e-05,36.0,18.523035567185246,18.523035567185246,-8.509737170904787
5.433333333333334e-05,36.0,18.538158017443806,18.538158017443806,-8.524859621163346
5.441666666666667e-05,36.0,18.553279207550673,18.553279207550673,-8.539980811270214
5.45e-05,36.0,18.568399137610868,18.568399137610868,-8.555100741330408
5.458333333333333e-05,36.0,18.583517807729407,18.583517807729407,-8.570219411448948
5.466666666666666e-05,36.0,18.598635218011253,18.598635218011253,-8.585336821730793
5.475e-05,36.0,18.613751368561395,18.613751368561395,-8.600452972280936
5.4833333333333336e-05,36.0,18.628866259484823,18.628866259484823,-8.615567863204364
5.491666666666667e-05,36.0,18.64397989088647,18.64397989088647,-8.63068149460601
5.500000000000001e-05,36.0,18.659092262871326,18.659092262871326,-8.645793866590866
5.508333333333333e-05,36.0,18.674203375544323,18.674203375544323,-8.660904979263863
5.516666666666667e-05,36.0,18.689313229010367,18.689313229010367,-8.676014832729907
5.525e-05,36.0,18.704421823374446,18.704421823374446,-8.691123427093986
5.5333333333333334e-05,36.0,18.719529158741437,18.719529158741437,-8.706230762460978
5.5416666666666674e-05,36.0,18.734635235216274,18.734635235216274,-8.721336838935814
5.550000000000001e-05,36.0,18.74974005290386,18.74974005290386,-8.7364416566234
5.5583333333333334e-05,36.0,18.7648436119091,18.7648436119091,-8.75154521562864
5.566666666666667e-05,36.0,18.779945912336842,18.779945912336842,-8.766647516056382
5.575e-05,36.0,18.79504695429199,18.79504695429199,-8.78174855801153
5.583333333333334e-05,36.0,18.81014673787942,18.81014673787942,-8.796848341598961
5.591666666666667e-05,36.0,18.825245263203982,18.825245263203982,-8.811946866923522
5.6000000000000006e-05,36.0,18.840342530370492,18.840342530370492,-8.827044134090032
5.608333333333333e-05,36.0,18.855438539483856,18.855438539483856,-8.842140143203396
5.6166666666666665e-05,36.0,18.870533290648865,18.870533290648865,-8.857234894368405
5.6250000000000005e-05,36.0,18.885626783970366,18.885626783970366,-8.872328387689906
5.633333333333334e-05,36.0,18.90071901955315,18.90071901955315,-8.887420623272691
5.641666666666667e-05,36.0,18.915809997502038,18.915809997502038,-8.902511601221578
5.65e-05,36.0,18.930899717921818,18.930899717921818,-8.917601321641358
5.658333333333333e-05,36.0,18.94598818091731,18.94598818091731,-8.932689784636851
5.666666666666667e-05,36.0,18.96107538659325,18.96107538659325,-8.947776990312791
5.6750000000000004e-05,36.0,18.976161335054456,18.976161335054456,-8.962862938773997
5.683333333333334e-05,36.0,18.99124602640569,18.99124602640569,-8.97794763012523
5.691666666666668e-05,36.0,19.006329460751658,19.006329460751658,-8.993031064471198
5.6999999999999996e-05,36.0,19.021411638197122,19.021411638197122,-9.008113241916663
5.7083333333333336e-05,36.0,19.036492558846874,19.036492558846874,-9.023194162566414
5.716666666666667e-05,36.0,19.05157222280556,19.05157222280556,-9.038273826525101
5.725e-05,36.0,19.066650630177946,19.066650630177946,-9.053352233897487
5.7333333333333336e-05,36.0,19.081727781068764,19.081727781068764,-9.068429384788304
5.7416666666666675e-05,36.0,19.09680367558269,19.09680367558269,-9.083505279302232
5.7499999999999995e-05,36.0,19.111878313824405,19.111878313824405,-9.098579917543946
5.7583333333333335e-05,36.0,19.12695169589861,19.12695169589861,-9.113653299618152
5.766666666666667e-05,36.0,19.142023821909987,19.142023821909987,-9.128725425629527
5.775e-05,36.0,19.15709469196318,19.15709469196318,-9.143796295682721
5.783333333333334e-05,36.0,19.17216430616287,19.17216430616287,-9.15886590988241
5.7916666666666674e-05,36.0,19.187232664613703,19.187232664613703,-9.173934268333243
5.8e-05,36.0,19.2022997674203,19.2022997674203,-9.18900137113984
5.8083333333333333e-05,36.0,19.21736561468734,19.21736561468734,-9.204067218406879
5.8166666666666667e-05,36.0,19.23243020651941,19.23243020651941,-9.21913181023895
5.8250000000000006e-05,36.0,19.247493543021108,19.247493543021108,-9.234195146740648
5.833333333333334e-05,36.0,19.262555624297107,19.262555624297107,-9.249257228016647
5.8416666666666666e-05,36.0,19.277616450451916,19.277616450451916,-9.264318054171456
5.85e-05,36.0,19.29267602159021,19.29267602159021,-9.27937762530975
5.858333333333333e-05,36.0,19.307734337816527,19.307734337816527,-9.294435941536067
5.866666666666667e-05,36.0,19.322791399235427,19.322791399235427,-9.309493002954968
5.8750000000000005e-05,36.0,19.337847205951505,19.337847205951505,-9.324548809671045
5.883333333333334e-05,36.0,19.352901758069294,19.352901758069294,-9.339603361788834
5.8916666666666664e-05,36.0,19.36795505569333,19.36795505569333,-9.35465665941287
5.9e-05,36.0,19.383007098928204,19.383007098928204,-9.369708702647744
5.908333333333334e-05,36.0,19.398057887878366,19.398057887878366,-9.384759491597906
5.916666666666667e-05,36.0,19.41310742264838,19.41310742264838,-9.39980902636792
5.9250000000000004e-05,36.0,19.428155703342753,19.428155703342753,-9.414857307062293
5.9333333333333343e-05,36.0,19.44320273006599,19.44320273006599,-9.429904333785531
5.941666666666666e-05,36.0,19.458248502922572,19.458248502922572,-9.444950106642112
5.95e-05,36.0,19.473293022017003,19.473293022017003,-9.459994625736543
5.9583333333333336e-05,36.0,19.488336287453734,19.488336287453734,-9.475037891173274
5.966666666666667e-05,36.0,19.503378299337243,19.503378299337243,-9.490079903056783
5.975000000000001e-05,36.0,19.518419057772007,19.518419057772007,-9.505120661491548
5.983333333333334e-05,36.0,19.53345856286242,19.53345856286242,-9.520160166581961
5.991666666666667e-05,36.0,19.54849681471299,19.54849681471299,-9.53519841843253
6e-05,36.0,19.56353381342811,19.56353381342811,-9.550235417147649
6.0083333333333335e-05,36.0,19.578569559112225,19.578569559112225,-9.565271162831765
6.0166666666666674e-05,36.0,19.593604051869733,19.593604051869733,-9.580305655589273
6.025000000000001e-05,36.0,19.608637291805053,19.608637291805053,-9.595338895524593
6.033333333333334e-05,36.0,19.62366927902258,19.62366927902258,-9.610370882742119
6.041666666666667e-05,36.0,19.638700013626675,19.638700013626675,-9.625401617346215
6.05e-05,36.0,19.653729495721734,19.653729495721734,-9.640431099441274
6.058333333333333e-05,36.0,19.668757725412178,19.668757725412178,-9.655459329131718
6.066666666666667e-05,36.0,19.683784702802313,19.683784702802313,-9.670486306521854
6.0750000000000006e-05,36.0,19.698810427996477,19.698810427996477,-9.685512031716017
6.083333333333333e-05,36.0,19.71383490109909,19.71383490109909,-9.700536504818631
6.0916666666666666e-05,36.0,19.728858122214433,19.728858122214433,-9.715559725933973
6.1e-05,36.0,19.74388009144681,19.74388009144681,-9.730581695166352
6.108333333333333e-05,36.0,19.75890080890062,19.75890080890062,-9.74560241262016
6.116666666666667e-05,36.0,19.77392027468011,19.77392027468011,-9.760621878399649
6.125000000000001e-05,36.0,19.788938488889585,19.788938488889585,-9.775640092609125
6.133333333333334e-05,36.0,19.803955451633385,19.803955451633385,-9.790657055352925
6.141666666666666e-05,36.0,19.81897116301576,19.81897116301576,-9.8056727667353
6.15e-05,36.0,19.83398562314099,19.83398562314099,-9.82068722686053
6.158333333333334e-05,36.0,19.848998832113324,19.848998832113324,-9.835700435832864
6.166666666666667e-05,36.0,19.864010790037042,19.864010790037042,-9.850712393756583
6.175000000000001e-05,36.0,19.879021497016396,19.879021497016396,-9.865723100735936
6.183333333333334e-05,36.0,19.894030953155607,19.894030953155607,-9.880732556875147
6.191666666666666e-05,36.0,19.909039158558954,19.909039158558954,-9.895740762278495
6.2e-05,36.0,19.924046113330604,19.924046113330604,-9.910747717050144
6.208333333333334e-05,36.0,19.939051817574807,19.939051817574807,-9.925753421294347
6.216666666666667e-05,36.0,19.954056271395757,19.954056271395757,-9.940757875115297
6.225000000000001e-05,36.0,19.969059474897648,19.969059474897648,-9.955761078617188
6.233333333333334e-05,36.0,19.984061428184646,19.984061428184646,-9.970763031904186
6.241666666666666e-05,36.0,19.999062131361,19.999062131361,-9.98576373508054
6.25e-05,36.0,20.014061584530822,20.014061584530822,-10.000763188250362
6.258333333333334e-05,36.0,20.029059787798275,20.029059787798275,-10.015761391517815
6.266666666666667e-05,36.0,20.044056741267553,20.044056741267553,-10.030758344987094
6.275e-05,36.0,20.059052445042795,20.059052445042795,-10.045754048762335
6.283333333333333e-05,36.0,20.07404689922808,20.07404689922808,-10.06074850294762
6.291666666666667e-05,36.0,20.08904010392763,20.08904010392763,-10.07574170764717
6.3e-05,36.0,20.104032059245498,20.104032059245498,-10.090733662965038
6.308333333333334e-05,36.0,20.11902276528579,20.11902276528579,-10.105724369005332
6.316666666666668e-05,36.0,20.13401222215265,20.13401222215265,-10.120713825872189
6.324999999999999e-05,36.0,20.14900042995012,20.14900042995012,-10.135702033669661
6.333333333333333e-05,36.0,20.163987388782346,20.163987388782346,-10.150688992501886
6.341666666666667e-05,36.0,20.178973098753346,20.178973098753346,-10.165674702472886
6.35e-05,36.0,20.19395755996723,20.19395755996723,-10.180659163686771
6.358333333333334e-05,36.0,20.208940772528052,20.208940772528052,-10.195642376247593
6.366666666666668e-05,36.0,20.223922736539834,20.223922736539834,-10.210624340259374
6.375e-05,36.0,20.238903452106626,20.238903452106626,-10.225605055826167
6.383333333333333e-05,36.0,20.253882919332483,20.253882919332483,-10.240584523052023
6.391666666666667e-05,36.0,20.268861138321427,20.268861138321427,-10.255562742040967
6.400000000000001e-05,36.0,20.283838109177452,20.283838109177452,-10.270539712896992
6.408333333333334e-05,36.0,20.298813832004555,20.298813832004555,-10.285515435724095
6.416666666666668e-05,36.0,20.31378830690676,20.31378830690676,-10.300489910626299
6.425e-05,36.0,20.328761533988057,20.328761533988057,-10.315463137707598
6.433333333333333e-05,36.0,20.34373351335242,20.34373351335242,-10.330435117071959
6.441666666666667e-05,36.0,20.358704245103837,20.358704245103837,-10.345405848823377
6.450000000000001e-05,36.0,20.373673729346223,20.373673729346223,-10.360375333065763
6.458333333333334e-05,36.0,20.3886419661836,20.3886419661836,-10.375343569903139
6.466666666666666e-05,36.0,20.403608955719847,20.403608955719847,-10.390310559439387
6.475e-05,36.0,20.41857469805896,20.41857469805896,-10.405276301778501
6.483333333333333e-05,36.0,20.433539193304824,20.433539193304824,-10.420240797024364
6.491666666666667e-05,36.0,20.448502441561374,20.448502441561374,-10.435204045280914
6.500000000000001e-05,36.0,20.46346444293252,20.46346444293252,-10.45016604665206
6.508333333333333e-05,36.0,20.47842519752217,20.47842519752217,-10.465126801241711
6.516666666666666e-05,36.0,20.493384705434238,20.493384705434238,-10.480086309153778
6.525e-05,36.0,20.508342966772545,20.508342966772545,-10.495044570492086
6.533333333333334e-05,36.0,20.52329998164106,20.52329998164106,-10.5100015853606
6.541666666666667e-05,36.0,20.538255750143577,20.538255750143577,-10.524957353863117
6.55e-05,36.0,20.553210272384007,20.553210272384007,-10.539911876103547
6.558333333333335e-05,36.0,20.568163548466146,20.568163548466146,-10.554865152185686
6.566666666666666e-05,36.0,20.583115578493846,20.583115578493846,-10.569817182213386
6.575e-05,36.0,20.59806636257099,20.59806636257099,-10.58476796629053
6.583333333333334e-05,36.0,20.613015900801372,20.613015900801372,-10.599717504520912
6.591666666666667e-05,36.0,20.62796419328879,20.62796419328879,-10.61466579700833
6.6e-05,36.0,20.642911240137096,20.642911240137096,-10.629612843856636
6.608333333333334e-05,36.0,20.65785704145003,20.65785704145003,-10.64455864516957
6.616666666666667e-05,36.0,20.672801597331443,20.672801597331443,-10.659503201050983
6.625e-05,36.0,20.687744907885076,20.687744907885076,-10.674446511604616
6.633333333333334e-05,36.0,20.702686973214696,20.702686973214696,-10.689388576934236
6.641666666666668e-05,36.0,20.71762779342413,20.71762779342413,-10.704329397143669
6.65e-05,36.0,20.732567368617055,20.732567368617055,-10.719268972336595
6.658333333333334e-05,36.0,20.74750569889727,20.74750569889727,-10.734207302616811
6.666666666666667e-05,36.0,20.76244278436849,20.76244278436849,-10.749144388088029
6.675e-05,36.0,20.777378625134446,20.777378625134446,-10.764080228853986
6.683333333333334e-05,36.0,20.792313221298855,20.792313221298855,-10.779014825018395
6.691666666666668e-05,36.0,20.807246572965482,20.807246572965482,-10.793948176685022
6.7e-05,36.0,20.822178680237954,20.822178680237954,-10.808880283957494
6.708333333333333e-05,36.0,20.83710954322001,20.83710954322001,-10.82381114693955
6.716666666666667e-05,36.0,20.852039162015302,20.852039162015302,-10.838740765734842
6.725000000000001e-05,36.0,20.86696753672757,20.86696753672757,-10.853669140447112
6.733333333333333e-05,36.0,20.881894667460415,20.881894667460415,-10.868596271179955
6.741666666666667e-05,36.0,20.896820554317515,20.896820554317515,-10.883522158037055
6.750000000000001e-05,36.0,20.911745197402553,20.911745197402553,-10.898446801122093
6.758333333333333e-05,36.0,20.926668596819184,20.926668596819184,-10.913370200538724
6.766666666666667e-05,36.0,20.941590752670976,20.941590752670976,-10.928292356390516
6.775000000000001e-05,36.0,20.956511665061583,20.956511665061583,-10.943213268781124
6.783333333333333e-05,36.0,20.97143133409466,20.97143133409466,-10.9581329378142
6.791666666666667e-05,36.0,20.986349759873775,20.986349759873775,-10.973051363593315
6.800000000000001e-05,36.0,21.001266942502554,21.001266942502554,-10.987968546222094
6.808333333333333e-05,36.0,21.016182882084564,21.016182882084564,-11.002884485804104
6.816666666666667e-05,36.0,21.031097578723404,21.031097578723404,-11.017799182442944
6.825e-05,36.0,21.046011032522614,21.046011032522614,-11.032712636242154
6.833333333333333e-05,36.0,21.060923243585847,21.060923243585847,-11.047624847305388
6.841666666666667e-05,36.0,21.07583421201656,21.07583421201656,-11.0625358157361
6.850000000000001e-05,36.0,21.090743937918347,21.090743937918347,-11.077445541637887
6.858333333333334e-05,36.0,21.10565242139475,21.10565242139475,-11.092354025114291
6.866666666666666e-05,36.0,21.120559662549283,21.120559662549283,-11.107261266268823
6.875e-05,36.0,21.135465661485483,21.135465661485483,-11.122167265205023
6.883333333333334e-05,36.0,21.150370418306892,21.150370418306892,-11.137072022026432
6.891666666666667e-05,36.0,21.165273933116936,21.165273933116936,-11.151975536836476
6.9e-05,36.0,21.180176206019183,21.180176206019183,-11.166877809738724
6.908333333333334e-05,36.0,21.19507723711712,21.19507723711712,-11.181778840836659
6.916666666666666e-05,36.0,21.20997702651414,21.20997702651414,-11.196678630233679
6.925e-05,36.0,21.22487557431384,21.22487557431384,-11.211577178033382
6.933333333333334e-05,36.0,21.239772880619597,21.239772880619597,-11.226474484339137
6.941666666666667e-05,36.0,21.25466894553489,21.25466894553489,-11.241370549254428
6.95e-05,36.0,21.269563769163142,21.269563769163142,-11.256265372882682
6.958333333333334e-05,36.0,21.28445735160784,21.28445735160784,-11.271158955327381
6.966666666666668e-05,36.0,21.299349692972356,21.299349692972356,-11.286051296691896
6.975e-05,36.0,21.314240793360142,21.314240793360142,-11.300942397079682
6.983333333333334e-05,36.0,21.329130652874596,21.329130652874596,-11.315832256594136
6.991666666666668e-05,36.0,21.344019271619118,21.344019271619118,-11.330720875338658
7e-05,36.0,21.358906649697104,21.358906649697104,-11.345608253416644
7.008333333333333e-05,36.0,21.373792787211983,21.373792787211983,-11.360494390931523
7.016666666666667e-05,36.0,21.388677684267066,21.388677684267066,-11.375379287986606
7.025e-05,36.0,21.403561340965723,21.403561340965723,-11.390262944685263
7.033333333333334e-05,36.0,21.418443757411325,21.418443757411325,-11.405145361130865
7.041666666666668e-05,36.0,21.43332493370727,21.43332493370727,-11.420026537426809
7.05e-05,36.0,21.44820486995684,21.44820486995684,-11.43490647367638
7.058333333333333e-05,36.0,21.46308356626338,21.46308356626338,-11.449785169982919
7.066666666666667e-05,36.0,21.477961022730227,21.477961022730227,-11.464662626449767
7.075e-05,36.0,21.492837239460698,21.492837239460698,-11.479538843180238
7.083333333333334e-05,36.0,21.507712216558105,21.507712216558105,-11.494413820277645
7.091666666666666e-05,36.0,21.522585954125702,21.522585954125702,-11.509287557845242
7.1e-05,36.0,21.537458452266833,21.537458452266833,-11.524160055986373
7.108333333333333e-05,36.0,21.552329711084752,21.552329711084752,-11.539031314804292
7.116666666666667e-05,36.0,21.567199730682745,21.567199730682745,-11.553901334402285
7.125000000000001e-05,36.0,21.582068511164067,21.582068511164067,-11.568770114883607
7.133333333333334e-05,36.0,21.596936052631975,21.596936052631975,-11.583637656351515
7.141666666666666e-05,36.0,21.611802355189695,21.611802355189695,-11.598503958909236
7.15e-05,36.0,21.626667418940485,21.626667418940485,-11.613369022660025
7.158333333333333e-05,36.0,21.6415312439876,21.6415312439876,-11.62823284770714
7.166666666666667e-05,36.0,21.65639383043427,21.65639383043427,-11.643095434153809
7.175000000000001e-05,36.0,21.671255178383632,21.671255178383632,-11.657956782103172
7.183333333333334e-05,36.0,21.686115287938918,21.686115287938918,-11.672816891658458
7.191666666666666e-05,36.0,21.700974159203355,21.700974159203355,-11.687675762922895
7.2e-05,36.0,21.715831792280113,21.715831792280113,-11.702533395999653
7.208333333333334e-05,36.0,21.730688187272364,21.730688187272364,-11.717389790991904
7.216666666666667e-05,36.0,21.745543344283277,21.745543344283277,-11.732244948002817
7.225000000000001e-05,36.0,21.760397263416053,21.760397263416053,-11.747098867135593
7.233333333333335e-05,36.0,21.775249944773776,21.775249944773776,-11.761951548493316
7.241666666666666e-05,36.0,21.790101388459618,21.790101388459618,-11.776802992179158
7.25e-05,36.0,21.80495159457675,21.80495159457675,-11.79165319829629
7.258333333333334e-05,36.0,21.819800563228227,21.819800563228227,-11.806502166947768
7.266666666666667e-05,36.0,21.83464829451725,21.83464829451725,-11.821349898236791
7.275e-05,36.0,21.84949478854685,21.84949478854685,-11.83619639226639
7.283333333333335e-05,36.0,21.864340045420164,21.864340045420164,-11.851041649139704
7.291666666666667e-05,36.0,21.87918406524031,21.87918406524031,-11.86588566895985
7.3e-05,36.0,21.894026848110315,21.894026848110315,-11.880728451829855
7.308333333333334e-05,36.0,21.90886839413332,21.90886839413332,-11.895569997852862
7.316666666666668e-05,36.0,21.92370870341233,21.92370870341233,-11.91041030713187
7.325e-05,36.0,21.938547776050427,21.938547776050427,-11.925249379769967
7.333333333333333e-05,36.0,21.95338561215067,21.95338561215067,-11.940087215870209
7.341666666666667e-05,36.0,21.968222211816084,21.968222211816084,-11.954923815535624
7.35e-05,36.0,21.9830575751497,21.9830575751497,-11.969759178869241
7.358333333333334e-05,36.0,21.99789170225455,21.99789170225455,-11.984593305974089
7.366666666666668e-05,36.0,22.012724593233685,22.012724593233685,-11.999426196953225
7.375e-05,36.0,22.027556248190024,22.027556248190024,-12.014257851909564
7.383333333333333e-05,36.0,22.042386667226623,22.042386667226623,-12.029088270946163
7.391666666666667e-05,36.0,22.057215850446482,22.057215850446482,-12.043917454166023
7.4e-05,36.0,22.072043797952546,22.072043797952546,-12.058745401672086
7.408333333333334e-05,36.0,22.086870509847813,22.086870509847813,-12.073572113567353
7.416666666666668e-05,36.0,22.101695986235228,22.101695986235228,-12.088397589954768
7.425e-05,36.0,22.116520227217734,22.116520227217734,-12.103221830937274
7.433333333333333e-05,36.0,22.13134323289836,22.13134323289836,-12.1180448366179
7.441666666666667e-05,36.0,22.146165003379934,22.146165003379934,-12.132866607099475
7.450000000000001e-05,36.0,22.160985538765402,22.160985538765402,-12.147687142484942
7.458333333333333e-05,36.0,22.175804839157763,22.175804839157763,-12.162506442877303
7.466666666666667e-05,36.0,22.190622904659875,22.190622904659875,-12.177324508379415
7.475000000000001e-05,36.0,22.205439735374625,22.205439735374625,-12.192141339094166
7.483333333333333e-05,36.0,22.22025533140493,22.22025533140493,-12.206956935124468
7.491666666666667e-05,36.0,22.23506969285367,22.23506969285367,-12.22177129657321
7.500000000000001e-05,0.0,22.249882819823767,0.0,10.01329839628046
7.508333333333333e-05,0.0,22.234695962383313,0.0,10.01329839628046
7.516666666666667e-05,0.0,22.219510370461563,0.0,10.01329839628046
7.525e-05,0.0,22.204326043953074,0.0,10.01329839628046
7.533333333333334e-05,0.0,22.1891429827524,0.0,10.01329839628046
7.541666666666667e-05,0.0,22.173961186754156,0.0,10.01329839628046
7.55e-05,0.0,22.15878065585281,0.0,10.01329839628046
7.558333333333335e-05,0.0,22.14360138994303,0.0,10.01329839628046
7.566666666666667e-05,0.0,22.128423388919344,0.0,10.01329839628046
7.575e-05,0.0,22.113246652676395,0.0,10.01329839628046
7.583333333333334e-05,0.0,22.098071181108764,0.0,10.01329839628046
7.591666666666666e-05,0.0,22.082896974111094,0.0,10.01329839628046
7.6e-05,0.0,22.067724031577967,0.0,10.01329839628046
7.608333333333334e-05,0.0,22.052552353404053,0.0,10.01329839628046
7.616666666666667e-05,0.0,22.037381939483936,0.0,10.01329839628046
7.625e-05,0.0,22.02221278971234,0.0,10.01329839628046
7.633333333333334e-05,0.0,22.007044903983882,0.0,10.01329839628046
7.641666666666668e-05,0.0,21.991878282193255,0.0,10.01329839628046
7.65e-05,0.0,21.976712924235073,0.0,10.01329839628046
7.658333333333334e-05,0.0,21.96154883000409,0.0,10.01329839628046
7.666666666666667e-05,0.0,21.946385999394977,0.0,10.01329839628046
7.675e-05,0.0,21.93122443230243,0.0,10.01329839628046
7.683333333333334e-05,0.0,21.916064128621173,0.0,10.01329839628046
7.691666666666668e-05,0.0,21.900905088245906,0.0,10.01329839628046
7.7e-05,0.0,21.885747311071356,0.0,10.01329839628046
7.708333333333334e-05,0.0,21.870590796992303,0.0,10.01329839628046
7.716666666666667e-05,0.0,21.855435545903447,0.0,10.01329839628046
7.725e-05,0.0,21.84028155769957,0.0,10.01329839628046
7.733333333333333e-05,0.0,21.825128832275425,0.0,10.01329839628046
7.741666666666667e-05,0.0,21.809977369525768,0.0,10.01329839628046
7.75e-05,0.0,21.79482716934544,0.0,10.01329839628046
7.758333333333334e-05,0.0,21.779678231629163,0.0,10.01329839628046
7.766666666666667e-05,0.0,21.76453055627175,0.0,10.01329839628046
7.775e-05,0.0,21.749384143168044,0.0,10.01329839628046
7.783333333333333e-05,0.0,21.734238992212823,0.0,10.01329839628046
7.791666666666667e-05,0.0,21.71909510330096,0.0,10.01329839628046
7.800000000000001e-05,0.0,21.70395247632723,0.0,10.01329839628046
7.808333333333334e-05,0.0,21.68881111118654,0.0,10.01329839628046
7.816666666666666e-05,0.0,21.673671007773663,0.0,10.01329839628046
7.825e-05,0.0,21.65853216598353,0.0,10.01329839628046
7.833333333333333e-05,0.0,21.64339458571095,0.0,10.01329839628046
7.841666666666667e-05,0.0,21.62825826685085,0.0,10.01329839628046
7.850000000000001e-05,0.0,21.613123209298095,0.0,10.01329839628046
7.858333333333334e-05,0.0,21.597989412947612,0.0,10.01329839628046
7.866666666666666e-05,0.0,21.58285687769427,0.0,10.01329839628046
7.875e-05,0.0,21.56772560343296,0.0,10.01329839628046
7.883333333333334e-05,0.0,21.552595590058672,0.0,10.01329839628046
7.891666666666667e-05,0.0,21.53746683746627,0.0,10.01329839628046
7.900000000000001e-05,0.0,21.522339345550733,0.0,10.01329839628046
7.908333333333335e-05,0.0,21.50721311420699,0.0,10.01329839628046
7.916666666666666e-05,0.0,21.492088143330022,0.0,10.01329839628046
7.925e-05,0.0,21.476964432814754,0.0,10.01329839628046
7.933333333333334e-05,0.0,21.461841982556194,0.0,10.01329839628046
7.941666666666667e-05,0.0,21.446720792449327,0.0,10.01329839628046
7.950000000000001e-05,0.0,21.431600862389132,0.0,10.01329839628046
7.958333333333333e-05,0.0,21.416482192270593,0.0,10.01329839628046
7.966666666666666e-05,0.0,21.401364781988747,0.0,10.01329839628046
7.975e-05,0.0,21.386248631438605,0.0,10.01329839628046
7.983333333333334e-05,0.0,21.371133740515177,0.0,10.01329839628046
7.991666666666667e-05,0.0,21.35602010911353,0.0,10.01329839628046
8e-05,0.0,21.340907737128674,0.0,10.01329839628046
8.008333333333333e-05,0.0,21.325796624455677,0.0,10.01329839628046
8.016666666666667e-05,0.0,21.310686770989633,0.0,10.01329839628046
8.025e-05,0.0,21.295578176625554,0.0,10.01329839628046
8.033333333333334e-05,0.0,21.280470841258563,0.0,10.01329839628046
8.041666666666668e-05,0.0,21.265364764783698,0.0,10.01329839628046
8.05e-05,0.0,21.25025994709614,0.0,10.01329839628046
8.058333333333333e-05,0.0,21.2351563880909,0.0,10.01329839628046
8.066666666666667e-05,0.0,21.220054087663158,0.0,10.01329839628046
8.075e-05,0.0,21.20495304570801,0.0,10.01329839628046
8.083333333333334e-05,0.0,21.18985326212058,0.0,10.01329839628046
8.091666666666668e-05,0.0,21.174754736796018,0.0,10.01329839628046
8.1e-05,0.0,21.159657469629508,0.0,10.01329839628046
8.108333333333333e-05,0.0,21.144561460516144,0.0,10.01329839628046
8.116666666666667e-05,0.0,21.129466709351135,0.0,10.01329839628046
8.125000000000001e-05,0.0,21.114373216029634,0.0,10.01329839628046
8.133333333333334e-05,0.0,21.09928098044685,0.0,10.01329839628046
8.141666666666668e-05,0.0,21.084190002497962,0.0,10.01329839628046
8.15e-05,0.0,21.069100282078182,0.0,10.01329839628046
8.158333333333333e-05,0.0,21.054011819082717,0.0,10.01329839628046
8.166666666666667e-05,0.0,21.03892461340675,0.0,10.01329839628046
8.175000000000001e-05,0.0,21.023838664945544,0.0,10.01329839628046
8.183333333333333e-05,0.0,21.00875397359431,0.0,10.01329839628046
8.191666666666667e-05,0.0,20.99367053924837,0.0,10.01329839628046
8.2e-05,0.0,20.978588361802878,0.0,10.01329839628046
8.208333333333334e-05,0.0,20.963507441153126,0.0,10.01329839628046
8.216666666666667e-05,0.0,20.94842777719444,0.0,10.01329839628046
8.225000000000001e-05,0.0,20.933349369822054,0.0,10.01329839628046
8.233333333333333e-05,0.0,20.918272218931236,0.0,10.01329839628046
8.241666666666667e-05,0.0,20.90319632441731,0.0,10.01329839628046
8.25e-05,0.0,20.888121686175595,0.0,10.01329839628046
8.258333333333334e-05,0.0,20.87304830410139,0.0,10.01329839628046
8.266666666666667e-05,0.0,20.857976178090013,0.0,10.01329839628046
8.275e-05,0.0,20.84290530803682,0.0,10.01329839628046
8.283333333333335e-05,0.0,20.82783569383713,0.0,10.01329839628046
8.291666666666667e-05,0.0,20.812767335386297,0.0,10.01329839628046
8.3e-05,0.0,20.7977002325797,0.0,10.01329839628046
8.308333333333334e-05,0.0,20.78263438531266,0.0,10.01329839628046
8.316666666666666e-05,0.0,20.76756979348059,0.0,10.01329839628046
8.325e-05,0.0,20.752506456978892,0.0,10.01329839628046
8.333333333333334e-05,0.0,20.737444375702893,0.0,10.01329839628046
8.341666666666667e-05,0.0,20.722383549548084,0.0,10.01329839628046
8.35e-05,0.0,20.70732397840979,0.0,10.01329839628046
8.358333333333334e-05,0.0,20.692265662183473,0.0,10.01329839628046
8.366666666666668e-05,0.0,20.677208600764573,0.0,10.01329839628046
8.375e-05,0.0,20.662152794048495,0.0,10.01329839628046
8.383333333333334e-05,0.0,20.647098241930706,0.0,10.01329839628046
8.391666666666667e-05,0.0,20.63204494430667,0.0,10.01329839628046
8.4e-05,0.0,20.616992901071796,0.0,10.01329839628046
8.408333333333334e-05,0.0,20.601942112121634,0.0,10.01329839628046
8.416666666666668e-05,0.0,20.58689257735162,0.0,10.01329839628046
8.425e-05,0.0,20.571844296657247,0.0,10.01329839628046
8.433333333333334e-05,0.0,20.55679726993401,0.0,10.01329839628046
8.441666666666667e-05,0.0,20.541751497077428,0.0,10.01329839628046
8.450000000000001e-05,0.0,20.526706977982997,0.0,10.01329839628046
8.458333333333333e-05,0.0,20.511663712546266,0.0,10.01329839628046
8.466666666666667e-05,0.0,20.496621700662757,0.0,10.01329839628046
8.475000000000001e-05,0.0,20.481580942227993,0.0,10.01329839628046
8.483333333333334e-05,0.0,20.46654143713758,0.0,10.01329839628046
8.491666666666667e-05,0.0,20.45150318528701,0.0,10.01329839628046
8.5e-05,0.0,20.43646618657189,0.0,10.01329839628046
8.508333333333333e-05,0.0,20.421430440887775,0.0,10.01329839628046
8.516666666666667e-05,0.0,20.406395948130267,0.0,10.01329839628046
8.525000000000001e-05,0.0,20.391362708194947,0.0,10.01329839628046
8.533333333333334e-05,0.0,20.37633072097742,0.0,10.01329839628046
8.541666666666666e-05,0.0,20.361299986373325,0.0,10.01329839628046
8.55e-05,0.0,20.346270504278266,0.0,10.01329839628046
8.558333333333333e-05,0.0,20.331242274587822,0.0,10.01329839628046
8.566666666666667e-05,0.0,20.316215297197687,0.0,10.01329839628046
8.575000000000001e-05,0.0,20.301189572003523,0.0,10.01329839628046
8.583333333333334e-05,0.0,20.28616509890091,0.0,10.01329839628046
8.591666666666666e-05,0.0,20.271141877785567,0.0,10.01329839628046
8.6e-05,0.0,20.25611990855319,0.0,10.01329839628046
8.608333333333334e-05,0.0,20.24109919109938,0.0,10.01329839628046
8.616666666666667e-05,0.0,20.22607972531989,0.0,10.01329839628046
8.625000000000001e-05,0.0,20.211061511110415,0.0,10.01329839628046
8.633333333333334e-05,0.0,20.196044548366615,0.0,10.01329839628046
8.641666666666666e-05,0.0,20.18102883698424,0.0,10.01329839628046
8.65e-05,0.0,20.16601437685901,0.0,10.01329839628046
8.658333333333334e-05,0.0,20.151001167886676,0.0,10.01329839628046
8.666666666666667e-05,0.0,20.135989209962958,0.0,10.01329839628046
8.675000000000001e-05,0.0,20.120978502983604,0.0,10.01329839628046
8.683333333333333e-05,0.0,20.105969046844393,0.0,10.01329839628046
8.691666666666667e-05,0.0,20.090960841441046,0.0,10.01329839628046
8.7e-05,0.0,20.075953886669396,0.0,10.01329839628046
8.708333333333334e-05,0.0,20.060948182425193,0.0,10.01329839628046
8.716666666666668e-05,0.0,20.045943728604243,0.0,10.01329839628046
8.725e-05,0.0,20.030940525102352,0.0,10.01329839628046
8.733333333333333e-05,0.0,20.015938571815354,0.0,10.01329839628046
8.741666666666667e-05,0.0,20.000937868639,0.0,10.01329839628046
8.75e-05,0.0,19.985938415469178,0.0,10.01329839628046
8.758333333333334e-05,0.0,19.970940212201725,0.0,10.01329839628046
8.766666666666668e-05,0.0,19.955943258732447,0.0,10.01329839628046
8.775e-05,0.0,19.940947554957205,0.0,10.01329839628046
8.783333333333333e-05,0.0,19.92595310077192,0.0,10.01329839628046
8.791666666666667e-05,0.0,19.91095989607237,0.0,10.01329839628046
8.800000000000001e-05,0.0,19.895967940754502,0.0,10.01329839628046
8.808333333333334e-05,0.0,19.88097723471421,0.0,10.01329839628046
8.816666666666668e-05,0.0,19.86598777784735,0.0,10.01329839628046
8.825e-05,0.0,19.85099957004988,0.0,10.01329839628046
8.833333333333333e-05,0.0,19.836012611217654,0.0,10.01329839628046
8.841666666666667e-05,0.0,19.821026901246654,0.0,10.01329839628046
8.850000000000001e-05,0.0,19.80604244003277,0.0,10.01329839628046
8.858333333333334e-05,0.0,19.791059227471948,0.0,10.01329839628046
8.866666666666668e-05,0.0,19.776077263460166,0.0,10.01329839628046
8.875e-05,0.0,19.761096547893374,0.0,10.01329839628046
8.883333333333333e-05,0.0,19.746117080667517,0.0,10.01329839628046
8.891666666666667e-05,0.0,19.731138861678573,0.0,10.01329839628046
8.900000000000001e-05,0.0,19.716161890822548,0.0,10.01329839628046
8.908333333333333e-05,0.0,19.701186167995445,0.0,10.01329839628046
8.916666666666667e-05,0.0,19.68621169309324,0.0,10.01329839628046
8.925e-05,0.0,19.671238466011943,0.0,10.01329839628046
8.933333333333334e-05,0.0,19.65626648664758,0.0,10.01329839628046
8.941666666666667e-05,0.0,19.641295754896163,0.0,10.01329839628046
8.950000000000001e-05,0.0,19.626326270653777,0.0,10.01329839628046
8.958333333333335e-05,0.0,19.6113580338164,0.0,10.01329839628046
8.966666666666666e-05,0.0,19.596391044280153,0.0,10.01329839628046
8.975e-05,0.0,19.58142530194104,0.0,10.01329839628046
8.983333333333334e-05,0.0,19.566460806695176,0.0,10.01329839628046
8.991666666666667e-05,0.0,19.551497558438626,0.0,10.01329839628046
9e-05,0.0,19.53653555706748,0.0,10.01329839628046
9.008333333333335e-05,0.0,19.52157480247783,0.0,10.01329839628046
9.016666666666667e-05,0.0,19.506615294565762,0.0,10.01329839628046
9.025e-05,0.0,19.491657033227455,0.0,10.01329839628046
9.033333333333334e-05,0.0,19.47670001835894,0.0,10.01329839628046
9.041666666666668e-05,0.0,19.461744249856423,0.0,10.01329839628046
9.05e-05,0.0,19.446789727615993,0.0,10.01329839628046
9.058333333333334e-05,0.0,19.431836451533854,0.0,10.01329839628046
9.066666666666667e-05,0.0,19.416884421506126,0.0,10.01329839628046
9.075e-05,0.0,19.40193363742901,0.0,10.01329839628046
9.083333333333334e-05,0.0,19.386984099198628,0.0,10.01329839628046
9.091666666666668e-05,0.0,19.37203580671118,0.0,10.01329839628046
9.1e-05,0.0,19.357088759862904,0.0,10.01329839628046
9.108333333333334e-05,0.0,19.34214295854997,0.0,10.01329839628046
9.116666666666667e-05,0.0,19.327198402668557,0.0,10.01329839628046
9.125e-05,0.0,19.312255092114924,0.0,10.01329839628046
9.133333333333334e-05,0.0,19.297313026785304,0.0,10.01329839628046
9.141666666666668e-05,0.0,19.28237220657587,0.0,10.01329839628046
9.15e-05,0.0,19.267432631382945,0.0,10.01329839628046
9.158333333333334e-05,0.0,19.25249430110273,0.0,10.01329839628046
9.166666666666667e-05,0.0,19.23755721563151,0.0,10.01329839628046
9.175000000000001e-05,0.0,19.222621374865554,0.0,10.01329839628046
9.183333333333333e-05,0.0,19.207686778701145,0.0,10.01329839628046
9.191666666666667e-05,0.0,19.192753427034518,0.0,10.01329839628046
9.200000000000001e-05,0.0,19.177821319762046,0.0,10.01329839628046
9.208333333333333e-05,0.0,19.16289045677999,0.0,10.01329839628046
9.216666666666667e-05,0.0,19.147960837984698,0.0,10.01329839628046
9.225e-05,0.0,19.133032463272457,0.0,10.01329839628046
9.233333333333333e-05,0.0,19.118105332539585,0.0,10.01329839628046
9.241666666666667e-05,0.0,19.103179445682485,0.0,10.01329839628046
9.250000000000001e-05,0.0,19.088254802597447,0.0,10.01329839628046
9.258333333333334e-05,0.0,19.073331403180816,0.0,10.01329839628046
9.266666666666666e-05,0.0,19.058409247329024,0.0,10.01329839628046
9.275e-05,0.0,19.043488334938417,0.0,10.01329839628046
9.283333333333334e-05,0.0,19.02856866590534,0.0,10.01329839628046
9.291666666666667e-05,0.0,19.013650240126225,0.0,10.01329839628046
9.300000000000001e-05,0.0,18.998733057497446,0.0,10.01329839628046
9.308333333333334e-05,0.0,18.983817117915436,0.0,10.01329839628046
9.316666666666666e-05,0.0,18.968902421276596,0.0,10.01329839628046
9.325e-05,0.0,18.953988967477386,0.0,10.01329839628046
9.333333333333334e-05,0.0,18.939076756414153,0.0,10.01329839628046
9.341666666666667e-05,0.0,18.92416578798344,0.0,10.01329839628046
9.350000000000001e-05,0.0,18.909256062081653,0.0,10.01329839628046
9.358333333333334e-05,0.0,18.89434757860525,0.0,10.01329839628046
9.366666666666668e-05,0.0,18.879440337450717,0.0,10.01329839628046
9.375e-05,0.0,18.864534338514517,0.0,10.01329839628046
9.383333333333334e-05,0.0,18.849629581693108,0.0,10.01329839628046
9.391666666666668e-05,0.0,18.834726066883064,0.0,10.01329839628046
9.4e-05,0.0,18.819823793980817,0.0,10.01329839628046
9.408333333333333e-05,0.0,18.80492276288288,0.0,10.01329839628046
9.416666666666667e-05,0.0,18.790022973485833,0.0,10.01329839628046
9.425e-05,0.0,18.77512442568616,0.0,10.01329839628046
9.433333333333334e-05,0.0,18.760227119380403,0.0,10.01329839628046
9.441666666666668e-05,0.0,18.74533105446511,0.0,10.01329839628046
9.449999999999999e-05,0.0,18.730436230836858,0.0,10.01329839628046
9.458333333333333e-05,0.0,18.71554264839216,0.0,10.01329839628046
9.466666666666667e-05,0.0,18.700650307027644,0.0,10.01329839628046
9.475e-05,0.0,18.685759206639858,0.0,10.01329839628046
9.483333333333334e-05,0.0,18.670869347125404,0.0,10.01329839628046
9.491666666666668e-05,0.0,18.655980728380882,0.0,10.01329839628046
9.5e-05,0.0,18.641093350302867,0.0,10.01329839628046
9.508333333333333e-05,0.0,18.626207212788017,0.0,10.01329839628046
9.516666666666667e-05,0.0,18.611322315732934,0.0,10.01329839628046
9.525000000000001e-05,0.0,18.596438659034277,0.0,10.01329839628046
9.533333333333334e-05,0.0,18.581556242588675,0.0,10.01329839628046
9.541666666666668e-05,0.0,18.56667506629273,0.0,10.01329839628046
9.55e-05,0.0,18.55179513004316,0.0,10.01329839628046
9.558333333333333e-05,0.0,18.53691643373662,0.0,10.01329839628046
9.566666666666667e-05,0.0,18.522038977269773,0.0,10.01329839628046
9.575000000000001e-05,0.0,18.507162760539302,0.0,10.01329839628046
9.583333333333334e-05,0.0,18.492287783441895,0.0,10.01329839628046
9.591666666666666e-05,0.0,18.477414045874298,0.0,10.01329839628046
9.6e-05,0.0,18.462541547733167,0.0,10.01329839628046
9.608333333333334e-05,0.0,18.447670288915248,0.0,10.01329839628046
9.616666666666667e-05,0.0,18.432800269317255,0.0,10.01329839628046
9.625000000000001e-05,0.0,18.41793148883596,0.0,10.01329839628046
9.633333333333335e-05,0.0,18.403063947368025,0.0,10.01329839628046
9.641666666666666e-05,0.0,18.388197644810305,0.0,10.01329839628046
9.65e-05,0.0,18.373332581059515,0.0,10.01329839628046
9.658333333333334e-05,0.0,18.3584687560124,0.0,10.01329839628046
9.666666666666667e-05,0.0,18.34360616956573,0.0,10.01329839628046
9.675000000000001e-05,0.0,18.328744821616368,0.0,10.01329839628046
9.683333333333335e-05,0.0,18.313884712061082,0.0,10.01329839628046
9.691666666666667e-05,0.0,18.299025840796645,0.0,10.01329839628046
9.7e-05,0.0,18.284168207719887,0.0,10.01329839628046
9.708333333333334e-05,0.0,18.269311812727636,0.0,10.01329839628046
9.716666666666667e-05,0.0,18.254456655716723,0.0,10.01329839628046
9.725e-05,0.0,18.239602736583947,0.0,10.01329839628046
9.733333333333335e-05,0.0,18.224750055226224,0.0,10.01329839628046
9.741666666666667e-05,0.0,18.209898611540382,0.0,10.01329839628046
9.75e-05,0.0,18.19504840542325,0.0,10.01329839628046
9.758333333333334e-05,0.0,18.180199436771773,0.0,10.01329839628046
9.766666666666668e-05,0.0,18.16535170548275,0.0,10.01329839628046
9.775e-05,0.0,18.15050521145315,0.0,10.01329839628046
9.783333333333334e-05,0.0,18.135659954579836,0.0,10.01329839628046
9.791666666666667e-05,0.0,18.12081593475969,0.0,10.01329839628046
9.8e-05,0.0,18.105973151889685,0.0,10.01329839628046
9.808333333333334e-05,0.0,18.09113160586668,0.0,10.01329839628046
9.816666666666668e-05,0.0,18.07629129658767,0.0,10.01329839628046
9.825e-05,0.0,18.061452223949573,0.0,10.01329839628046
9.833333333333333e-05,0.0,18.04661438784933,0.0,10.01329839628046
9.841666666666667e-05,0.0,18.031777788183916,0.0,10.01329839628046
9.850000000000001e-05,0.0,18.0169424248503,0.0,10.01329839628046
9.858333333333334e-05,0.0,18.00210829774545,0.0,10.01329839628046
9.866666666666668e-05,0.0,17.987275406766315,0.0,10.01329839628046
9.875000000000002e-05,0.0,17.972443751809976,0.0,10.01329839628046
9.883333333333333e-05,0.0,17.957613332773377,0.0,10.01329839628046
9.891666666666667e-05,0.0,17.942784149553518,0.0,10.01329839628046
9.900000000000001e-05,0.0,17.927956202047454,0.0,10.01329839628046
9.908333333333333e-05,0.0,17.913129490152187,0.0,10.01329839628046
9.916666666666667e-05,0.0,17.898304013764772,0.0,10.01329839628046
9.925000000000001e-05,0.0,17.883479772782266,0.0,10.01329839628046
9.933333333333334e-05,0.0,17.86865676710164,0.0,10.01329839628046
9.941666666666667e-05,0.0,17.853834996620066,0.0,10.01329839628046
9.95e-05,0.0,17.839014461234598,0.0,10.01329839628046
9.958333333333335e-05,0.0,17.824195160842237,0.0,10.01329839628046
9.966666666666667e-05,0.0,17.809377095340153,0.0,10.01329839628046
9.975000000000001e-05,0.0,17.794560264625403,0.0,10.01329839628046
9.983333333333334e-05,0.0,17.77974466859507,0.0,10.01329839628046
9.991666666666666e-05,0.0,17.76493030714633,0.0,10.01329839628046
0.0001,36.0,17.750117180176233,17.750117180176233,-7.736818783895773
0.00010008333333333333,36.0,17.765304037616687,17.765304037616687,-7.752005641336227
0.00010016666666666667,36.0,17.780489629538437,17.780489629538437,-7.767191233257977
0.00010025,36.0,17.795673956046926,17.795673956046926,-7.782375559766466
0.00010033333333333335,36.0,17.8108570172476,17.8108570172476,-7.7975586209671395
0.00010041666666666666,36.0,17.826038813245844,17.826038813245844,-7.812740416965385
0.00010049999999999999,36.0,17.84121934414719,17.84121934414719,-7.8279209478667315
0.00010058333333333334,36.0,17.85639861005697,17.85639861005697,-7.843100213776511
0.00010066666666666667,36.0,17.871576611080656,17.871576611080656,-7.858278214800196
0.00010075000000000001,36.0,17.886753347323605,17.886753347323605,-7.873454951043145
0.00010083333333333334,36.0,17.901928818891236,17.901928818891236,-7.888630422610776
0.00010091666666666668,36.0,17.917103025888906,17.917103025888906,-7.903804629608446
0.000101,36.0,17.932275968422033,17.932275968422033,-7.918977572141573
0.00010108333333333333,36.0,17.947447646595947,17.947447646595947,-7.934149250315487
0.00010116666666666668,36.0,17.962618060516064,17.962618060516064,-7.949319664235604
0.00010125,36.0,17.97778721028766,17.97778721028766,-7.964488814007199
0.00010133333333333335,36.0,17.992955096016118,17.992955096016118,-7.979656699735658
0.00010141666666666667,36.0,18.008121717806745,18.008121717806745,-7.994823321526285
0.0001015,36.0,18.023287075764927,18.023287075764927,-8.009988679484467
0.00010158333333333334,36.0,18.03845116999591,18.03845116999591,-8.02515277371545
0.00010166666666666667,36.0,18.053614000605023,18.053614000605023,-8.040315604324563
0.00010175,36.0,18.06877556769757,18.06877556769757,-8.055477171417111
0.00010183333333333333,36.0,18.083935871378827,18.083935871378827,-8.070637475098367
0.00010191666666666669,36.0,18.099094911754094,18.099094911754094,-8.085796515473634
0.00010200000000000001,36.0,18.114252688928644,18.114252688928644,-8.100954292648185
0.00010208333333333333,36.0,18.129409203007697,18.129409203007697,-8.116110806727237
0.00010216666666666668,36.0,18.144564454096553,18.144564454096553,-8.131266057816093
0.00010225,36.0,18.15971844230043,18.15971844230043,-8.146420046019971
0.00010233333333333335,36.0,18.174871167724575,18.174871167724575,-8.161572771444115
0.00010241666666666667,36.0,18.190022630474232,18.190022630474232,-8.176724234193772
0.0001025,36.0,18.20517283065456,18.20517283065456,-8.191874434374101
0.00010258333333333334,36.0,18.220321768370837,18.220321768370837,-8.207023372090378
0.00010266666666666666,36.0,18.23546944372825,18.23546944372825,-8.22217104744779
0.00010275000000000002,36.0,18.250615856831956,18.250615856831956,-8.237317460551496
0.00010283333333333334,36.0,18.265761007787177,18.265761007787177,-8.252462611506717
0.00010291666666666666,36.0,18.28090489669904,18.28090489669904,-8.267606500418582
0.00010300000000000001,36.0,18.29604752367277,18.29604752367277,-8.282749127392309
0.00010308333333333334,36.0,18.31118888881346,18.31118888881346,-8.297890492533002
0.00010316666666666668,36.0,18.326328992226337,18.326328992226337,-8.313030595945877
0.00010325,36.0,18.34146783401647,18.34146783401647,-8.32816943773601
0.00010333333333333334,36.0,18.35660541428905,18.35660541428905,-8.34330701800859
0.00010341666666666667,36.0,18.37174173314915,18.37174173314915,-8.35844333686869
0.0001035,36.0,18.386876790701905,18.386876790701905,-8.373578394421445
0.00010358333333333335,36.0,18.402010587052388,18.402010587052388,-8.388712190771928
0.00010366666666666666,36.0,18.41714312230573,18.41714312230573,-8.403844726025271
0.00010375000000000001,36.0,18.43227439656704,18.43227439656704,-8.418976000286579
0.00010383333333333334,36.0,18.447404409941328,18.447404409941328,-8.434106013660868
0.00010391666666666667,36.0,18.46253316253373,18.46253316253373,-8.449234766253271
0.00010400000000000001,36.0,18.477660654449267,18.477660654449267,-8.464362258168807
0.00010408333333333333,36.0,18.49278688579301,18.49278688579301,-8.47948848951255
0.00010416666666666667,36.0,18.507911856669978,18.507911856669978,-8.494613460389518
0.00010425,36.0,18.523035567185246,18.523035567185246,-8.509737170904787
0.00010433333333333333,36.0,18.538158017443806,18.538158017443806,-8.524859621163346
0.00010441666666666668,36.0,18.553279207550673,18.553279207550673,-8.539980811270214
0.00010449999999999999,36.0,18.568399137610868,18.568399137610868,-8.555100741330408
0.00010458333333333335,36.0,18.583517807729407,18.583517807729407,-8.570219411448948
0.00010466666666666667,36.0,18.598635218011253,18.598635218011253,-8.585336821730793
0.00010475000000000001,36.0,18.613751368561395,18.613751368561395,-8.600452972280936
0.00010483333333333334,36.0,18.628866259484823,18.628866259484823,-8.615567863204364
0.00010491666666666666,36.0,18.64397989088647,18.64397989088647,-8.63068149460601
0.000105,36.0,18.659092262871326,18.659092262871326,-8.645793866590866
0.00010508333333333333,36.0,18.674203375544323,18.674203375544323,-8.660904979263863
0.00010516666666666668,36.0,18.689313229010367,18.689313229010367,-8.676014832729907
0.00010525000000000001,36.0,18.704421823374446,18.704421823374446,-8.691123427093986
0.00010533333333333332,36.0,18.719529158741437,18.719529158741437,-8.706230762460978
0.00010541666666666668,36.0,18.734635235216274,18.734635235216274,-8.721336838935814
0.0001055,36.0,18.74974005290386,18.74974005290386,-8.7364416566234
0.00010558333333333334,36.0,18.7648436119091,18.7648436119091,-8.75154521562864
0.00010566666666666667,36.0,18.779945912336842,18.779945912336842,-8.766647516056382
0.00010575000000000001,36.0,18.79504695429199,18.79504695429199,-8.78174855801153
0.00010583333333333334,36.0,18.81014673787942,18.81014673787942,-8.796848341598961
0.00010591666666666666,36.0,18.825245263203982,18.825245263203982,-8.811946866923522
0.00010600000000000002,36.0,18.840342530370492,18.840342530370492,-8.827044134090032
0.00010608333333333333,36.0,18.855438539483856,18.855438539483856,-8.842140143203396
0.00010616666666666668,36.0,18.870533290648865,18.870533290648865,-8.857234894368405
0.00010625000000000001,36.0,18.885626783970366,18.885626783970366,-8.872328387689906
0.00010633333333333333,36.0,18.90071901955315,18.90071901955315,-8.887420623272691
0.00010641666666666667,36.0,18.915809997502038,18.915809997502038,-8.902511601221578
0.0001065,36.0,18.930899717921818,18.930899717921818,-8.917601321641358
0.00010658333333333334,36.0,18.94598818091731,18.94598818091731,-8.932689784636851
0.00010666666666666667,36.0,18.96107538659325,18.96107538659325,-8.947776990312791
0.00010674999999999999,36.0,18.976161335054456,18.976161335054456,-8.962862938773997
0.00010683333333333335,36.0,18.99124602640569,18.99124602640569,-8.97794763012523
0.00010691666666666666,36.0,19.00632946075163,19.00632946075163,-8.99303106447117
0.00010700000000000001,36.0,19.021411638197122,19.021411638197122,-9.008113241916663
0.00010708333333333334,36.0,19.036492558846874,19.036492558846874,-9.023194162566414
0.00010716666666666668,36.0,19.05157222280556,19.05157222280556,-9.038273826525101
0.00010725,36.0,19.066650630177946,19.066650630177946,-9.053352233897487
0.00010733333333333333,36.0,19.081727781068764,19.081727781068764,-9.068429384788304
0.00010741666666666667,36.0,19.09680367558269,19.09680367558269,-9.083505279302232
0.0001075,36.0,19.111878313824405,19.111878313824405,-9.098579917543946
0.00010758333333333335,36.0,19.12695169589861,19.12695169589861,-9.113653299618152
0.00010766666666666668,36.0,19.142023821909987,19.142023821909987,-9.128725425629527
0.00010774999999999999,36.0,19.15709469196318,19.15709469196318,-9.143796295682721
0.00010783333333333334,36.0,19.17216430616287,19.17216430616287,-9.15886590988241
0.00010791666666666667,36.0,19.187232664613703,19.187232664613703,-9.173934268333243
0.00010800000000000001,36.0,19.2022997674203,19.2022997674203,-9.18900137113984
0.00010808333333333334,36.0,19.21736561468734,19.21736561468734,-9.204067218406879
0.00010816666666666669,36.0,19.23243020651941,19.23243020651941,-9.21913181023895
0.00010825,36.0,19.247493543021108,19.247493543021108,-9.234195146740648
0.00010833333333333333,36.0,19.262555624297107,19.262555624297107,-9.249257228016647
0.00010841666666666668,36.0,19.277616450451944,19.277616450451944,-9.264318054171484
0.00010850000000000001,36.0,19.29267602159021,19.29267602159021,-9.27937762530975
0.00010858333333333335,36.0,19.307734337816527,19.307734337816527,-9.294435941536067
0.00010866666666666667,36.0,19.322791399235427,19.322791399235427,-9.309493002954968
0.00010875,36.0,19.337847205951505,19.337847205951505,-9.324548809671045
0.00010883333333333334,36.0,19.352901758069294,19.352901758069294,-9.339603361788834
0.00010891666666666667,36.0,19.36795505569333,19.36795505569333,-9.35465665941287
0.000109,36.0,19.383007098928204,19.383007098928204,-9.369708702647744
0.00010908333333333333,36.0,19.398057887878366,19.398057887878366,-9.384759491597906
0.00010916666666666666,36.0,19.41310742264838,19.41310742264838,-9.39980902636792
0.00010925000000000001,36.0,19.428155703342753,19.428155703342753,-9.414857307062293
0.00010933333333333333,36.0,19.44320273006599,19.44320273006599,-9.429904333785531
0.00010941666666666668,36.0,19.458248502922572,19.458248502922572,-9.444950106642112
0.0001095,36.0,19.473293022017003,19.473293022017003,-9.459994625736543
0.00010958333333333335,36.0,19.488336287453734,19.488336287453734,-9.475037891173274
0.00010966666666666667,36.0,19.503378299337243,19.503378299337243,-9.490079903056783
0.00010975,36.0,19.518419057772007,19.518419057772007,-9.505120661491548
0.00010983333333333334,36.0,19.53345856286242,19.53345856286242,-9.520160166581961
0.00010991666666666666,36.0,19.54849681471299,19.54849681471299,-9.53519841843253
0.00011000000000000002,36.0,19.563533813428137,19.563533813428137,-9.550235417147677
0.00011008333333333334,36.0,19.578569559112225,19.578569559112225,-9.565271162831765
0.00011016666666666666,36.0,19.593604051869733,19.593604051869733,-9.580305655589273
0.00011025000000000001,36.0,19.608637291805053,19.608637291805053,-9.595338895524593
0.00011033333333333334,36.0,19.62366927902255,19.62366927902255,-9.61037088274209
0.00011041666666666668,36.0,19.638700013626675,19.638700013626675,-9.625401617346215
0.0001105,36.0,19.653729495721734,19.653729495721734,-9.640431099441274
0.00011058333333333333,36.0,19.668757725412178,19.668757725412178,-9.655459329131718
0.00011066666666666667,36.0,19.683784702802313,19.683784702802313,-9.670486306521854
0.00011075,36.0,19.698810427996477,19.698810427996477,-9.685512031716017
0.00011083333333333335,36.0,19.71383490109909,19.71383490109909,-9.700536504818631
0.00011091666666666667,36.0,19.728858122214433,19.728858122214433,-9.715559725933973
0.00011100000000000001,36.0,19.74388009144681,19.74388009144681,-9.730581695166352
0.00011108333333333334,36.0,19.75890080890062,19.75890080890062,-9.74560241262016
0.00011116666666666667,36.0,19.77392027468011,19.77392027468011,-9.760621878399649
0.00011125000000000001,36.0,19.788938488889585,19.788938488889585,-9.775640092609125
0.00011133333333333333,36.0,19.803955451633385,19.803955451633385,-9.790657055352925
0.00011141666666666669,36.0,19.81897116301576,19.81897116301576,-9.8056727667353
0.0001115,36.0,19.83398562314099,19.83398562314099,-9.82068722686053
0.00011158333333333333,36.0,19.848998832113324,19.848998832113324,-9.835700435832864
0.00011166666666666668,36.0,19.864010790037042,19.864010790037042,-9.850712393756583
0.00011175,36.0,19.879021497016396,19.879021497016396,-9.865723100735936
0.00011183333333333335,36.0,19.894030953155607,19.894030953155607,-9.880732556875147
0.00011191666666666667,36.0,19.909039158558954,19.909039158558954,-9.895740762278495
0.00011200000000000001,36.0,19.924046113330604,19.924046113330604,-9.910747717050144
0.00011208333333333334,36.0,19.939051817574807,19.939051817574807,-9.925753421294347
0.00011216666666666666,36.0,19.954056271395757,19.954056271395757,-9.940757875115297
0.00011225,36.0,19.969059474897648,19.969059474897648,-9.955761078617188
0.00011233333333333333,36.0,19.984061428184646,19.984061428184646,-9.970763031904186
0.00011241666666666668,36.0,19.999062131361,19.999062131361,-9.98576373508054
0.00011250000000000001,36.0,20.014061584530822,20.014061584530822,-10.000763188250362
0.00011258333333333332,36.0,20.029059787798275,20.029059787798275,-10.015761391517815
0.00011266666666666668,36.0,20.044056741267553,20.044056741267553,-10.030758344987094
0.00011275,36.0,20.059052445042795,20.059052445042795,-10.045754048762335
0.00011283333333333334,36.0,20.074046899228108,20.074046899228108,-10.060748502947648
0.00011291666666666667,36.0,20.08904010392763,20.08904010392763,-10.07574170764717
0.000113,36.0,20.104032059245498,20.104032059245498,-10.090733662965038
0.00011308333333333334,36.0,20.11902276528579,20.11902276528579,-10.105724369005332
0.00011316666666666666,36.0,20.13401222215265,20.13401222215265,-10.120713825872189
0.00011325000000000002,36.0,20.14900042995012,20.14900042995012,-10.135702033669661
0.00011333333333333334,36.0,20.163987388782346,20.163987388782346,-10.150688992501886
0.00011341666666666668,36.0,20.178973098753346,20.178973098753346,-10.165674702472886
0.00011350000000000001,36.0,20.19395755996723,20.19395755996723,-10.180659163686771
0.00011358333333333333,36.0,20.208940772528052,20.208940772528052,-10.195642376247593
0.00011366666666666667,36.0,20.223922736539834,20.223922736539834,-10.210624340259374
0.00011375,36.0,20.238903452106626,20.238903452106626,-10.225605055826167
0.00011383333333333335,36.0,20.253882919332483,20.253882919332483,-10.240584523052023
0.00011391666666666667,36.0,20.268861138321427,20.268861138321427,-10.255562742040967
0.00011399999999999999,36.0,20.283838109177452,20.283838109177452,-10.270539712896992
0.00011408333333333335,36.0,20.298813832004555,20.298813832004555,-10.285515435724095
0.00011416666666666667,36.0,20.31378830690676,20.31378830690676,-10.300489910626299
0.00011425000000000001,36.0,20.328761533988057,20.328761533988057,-10.315463137707598
0.00011433333333333334,36.0,20.34373351335242,20.34373351335242,-10.330435117071959
0.00011441666666666668,36.0,20.358704245103837,20.358704245103837,-10.345405848823377
0.0001145,36.0,20.373673729346223,20.373673729346223,-10.360375333065763
0.00011458333333333333,36.0,20.3886419661836,20.3886419661836,-10.375343569903139
0.00011466666666666667,36.0,20.403608955719847,20.403608955719847,-10.390310559439387
0.00011475,36.0,20.41857469805896,20.41857469805896,-10.405276301778501
0.00011483333333333335,36.0,20.433539193304824,20.433539193304824,-10.420240797024364
0.00011491666666666668,36.0,20.448502441561374,20.448502441561374,-10.435204045280914
0.00011499999999999999,36.0,20.46346444293252,20.46346444293252,-10.45016604665206
0.00011508333333333334,36.0,20.47842519752217,20.47842519752217,-10.465126801241711
0.00011516666666666667,36.0,20.493384705434238,20.493384705434238,-10.480086309153778
0.00011525000000000001,36.0,20.508342966772574,20.508342966772574,-10.495044570492114
0.00011533333333333334,36.0,20.52329998164106,20.52329998164106,-10.5100015853606
0.00011541666666666666,36.0,20.538255750143577,20.538255750143577,-10.524957353863117
0.0001155,36.0,20.553210272384007,20.553210272384007,-10.539911876103547
0.00011558333333333333,36.0,20.568163548466117,20.568163548466117,-10.554865152185657
0.00011566666666666668,36.0,20.583115578493874,20.583115578493874,-10.569817182213415
0.00011575000000000001,36.0,20.59806636257099,20.59806636257099,-10.58476796629053
0.00011583333333333335,36.0,20.613015900801372,20.613015900801372,-10.599717504520912
0.00011591666666666667,36.0,20.62796419328882,20.62796419328882,-10.614665797008358
0.000116,36.0,20.642911240137096,20.642911240137096,-10.629612843856636
0.00011608333333333334,36.0,20.65785704145003,20.65785704145003,-10.64455864516957
0.00011616666666666667,36.0,20.672801597331443,20.672801597331443,-10.659503201050983
0.00011625000000000002,36.0,20.687744907885076,20.687744907885076,-10.674446511604616
0.00011633333333333333,36.0,20.702686973214696,20.702686973214696,-10.689388576934236
0.00011641666666666666,36.0,20.71762779342413,20.71762779342413,-10.704329397143669
0.00011650000000000001,36.0,20.732567368617055,20.732567368617055,-10.719268972336595
0.00011658333333333334,36.0,20.74750569889727,20.74750569889727,-10.734207302616811
0.00011666666666666668,36.0,20.76244278436849,20.76244278436849,-10.749144388088029
0.00011675,36.0,20.777378625134446,20.777378625134446,-10.764080228853986
0.00011683333333333333,36.0,20.792313221298855,20.792313221298855,-10.779014825018395
0.00011691666666666667,36.0,20.807246572965482,20.807246572965482,-10.793948176685022
0.000117,36.0,20.822178680237954,20.822178680237954,-10.808880283957494
0.00011708333333333335,36.0,20.83710954322001,20.83710954322001,-10.82381114693955
0.00011716666666666666,36.0,20.852039162015302,20.852039162015302,-10.838740765734842
0.00011725000000000002,36.0,20.86696753672757,20.86696753672757,-10.853669140447112
0.00011733333333333334,36.0,20.881894667460415,20.881894667460415,-10.868596271179955
0.00011741666666666667,36.0,20.896820554317515,20.896820554317515,-10.883522158037055
0.00011750000000000001,36.0,20.911745197402553,20.911745197402553,-10.898446801122093
0.00011758333333333334,36.0,20.926668596819184,20.926668596819184,-10.913370200538724
0.00011766666666666668,36.0,20.941590752670976,20.941590752670976,-10.928292356390516
0.00011775,36.0,20.956511665061583,20.956511665061583,-10.943213268781124
0.00011783333333333333,36.0,20.97143133409466,20.97143133409466,-10.9581329378142
0.00011791666666666667,36.0,20.986349759873775,20.986349759873775,-10.973051363593315
0.000118,36.0,21.001266942502554,21.001266942502554,-10.987968546222094
0.00011808333333333335,36.0,21.016182882084564,21.016182882084564,-11.002884485804104
0.00011816666666666667,36.0,21.031097578723404,21.031097578723404,-11.017799182442944
0.00011825000000000001,36.0,21.046011032522642,21.046011032522642,-11.032712636242183
0.00011833333333333334,36.0,21.060923243585847,21.060923243585847,-11.047624847305388
0.00011841666666666667,36.0,21.07583421201656,21.07583421201656,-11.0625358157361
0.00011850000000000001,36.0,21.090743937918347,21.090743937918347,-11.077445541637887
0.00011858333333333333,36.0,21.10565242139475,21.10565242139475,-11.092354025114291
0.00011866666666666669,36.0,21.120559662549283,21.120559662549283,-11.107261266268823
0.00011875,36.0,21.135465661485483,21.135465661485483,-11.122167265205023
0.00011883333333333333,36.0,21.150370418306863,21.150370418306863,-11.137072022026404
0.00011891666666666668,36.0,21.165273933116936,21.165273933116936,-11.151975536836476
0.000119,36.0,21.180176206019183,21.180176206019183,-11.166877809738724
0.00011908333333333335,36.0,21.19507723711712,21.19507723711712,-11.181778840836659
0.00011916666666666667,36.0,21.209977026514167,21.209977026514167,-11.196678630233707
0.00011925,36.0,21.22487557431384,21.22487557431384,-11.211577178033382
0.00011933333333333334,36.0,21.239772880619597,21.239772880619597,-11.226474484339137
0.00011941666666666666,36.0,21.25466894553489,21.25466894553489,-11.241370549254428
0.00011950000000000002,36.0,21.269563769163142,21.269563769163142,-11.256265372882682
0.00011958333333333333,36.0,21.28445735160784,21.28445735160784,-11.271158955327381
0.00011966666666666668,36.0,21.299349692972356,21.299349692972356,-11.286051296691896
0.00011975000000000001,36.0,21.314240793360142,21.314240793360142,-11.300942397079682
0.00011983333333333334,36.0,21.329130652874596,21.329130652874596,-11.315832256594136
0.00011991666666666668,36.0,21.344019271619118,21.344019271619118,-11.330720875338658
0.00012,36.0,21.358906649697133,21.358906649697133,-11.345608253416673
0.00012008333333333334,36.0,21.373792787211983,21.373792787211983,-11.360494390931523
0.00012016666666666667,36.0,21.388677684267066,21.388677684267066,-11.375379287986606
0.00012025,36.0,21.403561340965723,21.403561340965723,-11.390262944685263
0.00012033333333333335,36.0,21.418443757411325,21.418443757411325,-11.405145361130865
0.00012041666666666666,36.0,21.43332493370727,21.43332493370727,-11.420026537426809
0.00012050000000000002,36.0,21.44820486995684,21.44820486995684,-11.43490647367638
0.00012058333333333334,36.0,21.46308356626338,21.46308356626338,-11.449785169982919
0.00012066666666666668,36.0,21.477961022730227,21.477961022730227,-11.464662626449767
0.00012075000000000001,36.0,21.492837239460698,21.492837239460698,-11.479538843180238
0.00012083333333333333,36.0,21.507712216558076,21.507712216558076,-11.494413820277616
0.00012091666666666667,36.0,21.522585954125702,21.522585954125702,-11.509287557845242
0.000121,36.0,21.537458452266833,21.537458452266833,-11.524160055986373
0.00012108333333333335,36.0,21.552329711084752,21.552329711084752,-11.539031314804292
0.00012116666666666667,36.0,21.567199730682745,21.567199730682745,-11.553901334402285
0.00012124999999999999,36.0,21.58206851116404,21.58206851116404,-11.568770114883579
0.00012133333333333335,36.0,21.596936052631975,21.596936052631975,-11.583637656351515
0.00012141666666666667,36.0,21.611802355189695,21.611802355189695,-11.598503958909236
0.00012150000000000001,36.0,21.626667418940485,21.626667418940485,-11.613369022660025
0.00012158333333333334,36.0,21.6415312439876,21.6415312439876,-11.62823284770714
0.00012166666666666667,36.0,21.65639383043427,21.65639383043427,-11.643095434153809
0.00012175,36.0,21.671255178383632,21.671255178383632,-11.657956782103172
0.00012183333333333333,36.0,21.686115287938918,21.686115287938918,-11.672816891658458
0.00012191666666666668,36.0,21.700974159203355,21.700974159203355,-11.687675762922895
0.000122,36.0,21.715831792280113,21.715831792280113,-11.702533395999653
0.00012208333333333334,36.0,21.730688187272364,21.730688187272364,-11.717389790991904
0.00012216666666666666,36.0,21.745543344283277,21.745543344283277,-11.732244948002817
0.00012225,36.0,21.760397263416053,21.760397263416053,-11.747098867135593
0.00012233333333333334,36.0,21.775249944773776,21.775249944773776,-11.761951548493316
0.00012241666666666667,36.0,21.790101388459618,21.790101388459618,-11.776802992179158
0.00012250000000000002,36.0,21.80495159457675,21.80495159457675,-11.79165319829629
0.00012258333333333335,36.0,21.819800563228227,21.819800563228227,-11.806502166947768
0.00012266666666666668,36.0,21.83464829451725,21.83464829451725,-11.821349898236791
0.00012275,36.0,21.84949478854685,21.84949478854685,-11.83619639226639
0.00012283333333333333,36.0,21.864340045420164,21.864340045420164,-11.851041649139704
0.00012291666666666668,36.0,21.87918406524031,21.87918406524031,-11.86588566895985
0.000123,36.0,21.894026848110315,21.894026848110315,-11.880728451829855
0.00012308333333333333,36.0,21.90886839413332,21.90886839413332,-11.895569997852862
0.0001231666666666667,36.0,21.92370870341233,21.92370870341233,-11.91041030713187
0.00012325,36.0,21.938547776050427,21.938547776050427,-11.925249379769967
0.00012333333333333334,36.0,21.95338561215067,21.95338561215067,-11.940087215870209
0.00012341666666666667,36.0,21.968222211816084,21.968222211816084,-11.954923815535624
0.00012350000000000002,36.0,21.9830575751497,21.9830575751497,-11.969759178869241
0.00012358333333333335,36.0,21.99789170225455,21.99789170225455,-11.984593305974089
0.00012366666666666667,36.0,22.012724593233685,22.012724593233685,-11.999426196953225
0.00012375,36.0,22.027556248190024,22.027556248190024,-12.014257851909564
0.00012383333333333333,36.0,22.042386667226623,22.042386667226623,-12.029088270946163
0.00012391666666666668,36.0,22.057215850446482,22.057215850446482,-12.043917454166023
0.000124,36.0,22.072043797952546,22.072043797952546,-12.058745401672086
0.00012408333333333333,36.0,22.086870509847813,22.086870509847813,-12.073572113567353
0.00012416666666666669,36.0,22.101695986235228,22.101695986235228,-12.088397589954768
0.00012425,36.0,22.116520227217734,22.116520227217734,-12.103221830937274
0.00012433333333333334,36.0,22.13134323289836,22.13134323289836,-12.1180448366179
0.00012441666666666666,36.0,22.146165003379934,22.146165003379934,-12.132866607099475
0.00012450000000000002,36.0,22.160985538765402,22.160985538765402,-12.147687142484942
0.00012458333333333334,36.0,22.175804839157763,22.175804839157763,-12.162506442877303
0.00012466666666666667,36.0,22.190622904659847,22.190622904659847,-12.177324508379387
0.00012475000000000002,36.0,22.205439735374625,22.205439735374625,-12.192141339094166
0.00012483333333333332,36.0,22.22025533140493,22.22025533140493,-12.206956935124468
0.00012491666666666668,36.0,22.23506969285367,22.23506969285367,-12.22177129657321
0.000125,36.0,22.24988281982374,22.24988281982374,-12.23658442354328
0.00012508333333333333,0.0,22.234695962383313,0.0,10.01329839628046
0.00012516666666666668,0.0,22.219510370461563,0.0,10.01329839628046
0.00012525,0.0,22.204326043953074,0.0,10.01329839628046
0.00012533333333333334,0.0,22.1891429827524,0.0,10.01329839628046
0.00012541666666666666,0.0,22.173961186754156,0.0,10.01329839628046
0.0001255,0.0,22.15878065585281,0.0,10.01329839628046
0.00012558333333333334,0.0,22.14360138994303,0.0,10.01329839628046
0.00012566666666666667,0.0,22.128423388919344,0.0,10.01329839628046
0.00012575000000000002,0.0,22.113246652676395,0.0,10.01329839628046
0.00012583333333333335,0.0,22.098071181108764,0.0,10.01329839628046
0.00012591666666666667,0.0,22.082896974111094,0.0,10.01329839628046
0.000126,0.0,22.067724031577967,0.0,10.01329839628046
0.00012608333333333333,0.0,22.052552353404053,0.0,10.01329839628046
0.00012616666666666668,0.0,22.037381939483936,0.0,10.01329839628046
0.00012625,0.0,22.02221278971234,0.0,10.01329839628046
0.00012633333333333336,0.0,22.007044903983882,0.0,10.01329839628046
0.00012641666666666669,0.0,21.991878282193227,0.0,10.01329839628046
0.00012649999999999998,0.0,21.976712924235073,0.0,10.01329839628046
0.00012658333333333334,0.0,21.96154883000409,0.0,10.01329839628046
0.00012666666666666666,0.0,21.946385999394977,0.0,10.01329839628046
0.00012675000000000002,0.0,21.93122443230243,0.0,10.01329839628046
0.00012683333333333334,0.0,21.916064128621173,0.0,10.01329839628046
0.00012691666666666667,0.0,21.900905088245906,0.0,10.01329839628046
0.000127,0.0,21.885747311071356,0.0,10.01329839628046
0.00012708333333333332,0.0,21.870590796992303,0.0,10.01329839628046
0.00012716666666666668,0.0,21.855435545903447,0.0,10.01329839628046
0.00012725,0.0,21.84028155769957,0.0,10.01329839628046
0.00012733333333333336,0.0,21.825128832275425,0.0,10.01329839628046
0.00012741666666666668,0.0,21.809977369525768,0.0,10.01329839628046
0.0001275,0.0,21.79482716934544,0.0,10.01329839628046
0.00012758333333333334,0.0,21.779678231629163,0.0,10.01329839628046
0.00012766666666666666,0.0,21.76453055627175,0.0,10.01329839628046
0.00012775000000000002,0.0,21.749384143168044,0.0,10.01329839628046
0.00012783333333333334,0.0,21.734238992212823,0.0,10.01329839628046
0.00012791666666666667,0.0,21.71909510330096,0.0,10.01329839628046
0.00012800000000000002,0.0,21.70395247632723,0.0,10.01329839628046
0.00012808333333333332,0.0,21.68881111118654,0.0,10.01329839628046
0.00012816666666666667,0.0,21.673671007773663,0.0,10.01329839628046
0.00012825,0.0,21.65853216598353,0.0,10.01329839628046
0.00012833333333333335,0.0,21.64339458571095,0.0,10.01329839628046
0.00012841666666666668,0.0,21.62825826685085,0.0,10.01329839628046
0.0001285,0.0,21.613123209298095,0.0,10.01329839628046
0.00012858333333333333,0.0,21.597989412947612,0.0,10.01329839628046
0.00012866666666666666,0.0,21.58285687769427,0.0,10.01329839628046
0.00012875,0.0,21.56772560343296,0.0,10.01329839628046
0.00012883333333333334,0.0,21.552595590058672,0.0,10.01329839628046
0.00012891666666666667,0.0,21.53746683746627,0.0,10.01329839628046
0.00012900000000000002,0.0,21.522339345550733,0.0,10.01329839628046
0.00012908333333333334,0.0,21.50721311420699,0.0,10.01329839628046
0.00012916666666666667,0.0,21.492088143330022,0.0,10.01329839628046
0.00012925,0.0,21.476964432814754,0.0,10.01329839628046
0.00012933333333333332,0.0,21.461841982556194,0.0,10.01329839628046
0.00012941666666666668,0.0,21.446720792449327,0.0,10.01329839628046
0.0001295,0.0,21.431600862389132,0.0,10.01329839628046
0.00012958333333333336,0.0,21.416482192270593,0.0,10.01329839628046
0.00012966666666666666,0.0,21.401364781988747,0.0,10.01329839628046
0.00012975,0.0,21.386248631438605,0.0,10.01329839628046
0.00012983333333333334,0.0,21.371133740515177,0.0,10.01329839628046
0.00012991666666666666,0.0,21.35602010911353,0.0,10.01329839628046
0.00013000000000000002,0.0,21.340907737128674,0.0,10.01329839628046
0.00013008333333333334,0.0,21.325796624455677,0.0,10.01329839628046
0.00013016666666666667,0.0,21.310686770989633,0.0,10.01329839628046
0.00013025,0.0,21.295578176625554,0.0,10.01329839628046
0.00013033333333333332,0.0,21.280470841258563,0.0,10.01329839628046
0.00013041666666666667,0.0,21.265364764783726,0.0,10.01329839628046
0.0001305,0.0,21.25025994709614,0.0,10.01329839628046
0.00013058333333333335,0.0,21.2351563880909,0.0,10.01329839628046
0.00013066666666666668,0.0,21.220054087663158,0.0,10.01329839628046
0.00013075,0.0,21.20495304570801,0.0,10.01329839628046
0.00013083333333333333,0.0,21.18985326212058,0.0,10.01329839628046
0.00013091666666666666,0.0,21.174754736796018,0.0,10.01329839628046
0.000131,0.0,21.159657469629508,0.0,10.01329839628046
0.00013108333333333334,0.0,21.144561460516144,0.0,10.01329839628046
0.0001311666666666667,0.0,21.129466709351135,0.0,10.01329839628046
0.00013125000000000002,0.0,21.114373216029634,0.0,10.01329839628046
0.00013133333333333332,0.0,21.09928098044685,0.0,10.01329839628046
0.00013141666666666667,0.0,21.084190002497962,0.0,10.01329839628046
0.0001315,0.0,21.069100282078182,0.0,10.01329839628046
0.00013158333333333335,0.0,21.05401181908269,0.0,10.01329839628046
0.00013166666666666668,0.0,21.03892461340675,0.0,10.01329839628046
0.00013175,0.0,21.023838664945544,0.0,10.01329839628046
0.00013183333333333333,0.0,21.00875397359431,0.0,10.01329839628046
0.00013191666666666666,0.0,20.99367053924837,0.0,10.01329839628046
0.000132,0.0,20.978588361802878,0.0,10.01329839628046
0.00013208333333333334,0.0,20.963507441153126,0.0,10.01329839628046
0.0001321666666666667,0.0,20.94842777719444,0.0,10.01329839628046
0.00013225000000000002,0.0,20.933349369822054,0.0,10.01329839628046
0.00013233333333333334,0.0,20.918272218931236,0.0,10.01329839628046
0.00013241666666666667,0.0,20.90319632441731,0.0,10.01329839628046
0.0001325,0.0,20.888121686175595,0.0,10.01329839628046
0.00013258333333333335,0.0,20.87304830410139,0.0,10.01329839628046
0.00013266666666666667,0.0,20.857976178090013,0.0,10.01329839628046
0.00013275,0.0,20.84290530803682,0.0,10.01329839628046
0.00013283333333333335,0.0,20.82783569383713,0.0,10.01329839628046
0.00013291666666666665,0.0,20.812767335386297,0.0,10.01329839628046
0.000133,0.0,20.7977002325797,0.0,10.01329839628046
0.00013308333333333333,0.0,20.78263438531266,0.0,10.01329839628046
0.0001331666666666667,0.0,20.76756979348059,0.0,10.01329839628046
0.00013325,0.0,20.752506456978892,0.0,10.01329839628046
0.00013333333333333334,0.0,20.737444375702893,0.0,10.01329839628046
0.00013341666666666667,0.0,20.722383549548084,0.0,10.01329839628046
0.0001335,0.0,20.70732397840979,0.0,10.01329839628046
0.00013358333333333335,0.0,20.692265662183473,0.0,10.01329839628046
0.00013366666666666667,0.0,20.677208600764573,0.0,10.01329839628046
0.00013375,0.0,20.662152794048495,0.0,10.01329839628046
0.00013383333333333335,0.0,20.647098241930706,0.0,10.01329839628046
0.00013391666666666668,0.0,20.63204494430667,0.0,10.01329839628046
0.000134,0.0,20.616992901071796,0.0,10.01329839628046
0.00013408333333333333,0.0,20.601942112121634,0.0,10.01329839628046
0.00013416666666666666,0.0,20.58689257735162,0.0,10.01329839628046
0.00013425,0.0,20.571844296657247,0.0,10.01329839628046
0.00013433333333333334,0.0,20.55679726993401,0.0,10.01329839628046
0.0001344166666666667,0.0,20.541751497077428,0.0,10.01329839628046
0.00013450000000000002,0.0,20.526706977982997,0.0,10.01329839628046
0.00013458333333333334,0.0,20.511663712546266,0.0,10.01329839628046
0.00013466666666666667,0.0,20.496621700662757,0.0,10.01329839628046
0.00013475,0.0,20.481580942227993,0.0,10.01329839628046
0.00013483333333333335,0.0,20.46654143713758,0.0,10.01329839628046
0.00013491666666666668,0.0,20.45150318528701,0.0,10.01329839628046
0.00013500000000000003,0.0,20.436466186571863,0.0,10.01329839628046
0.00013508333333333333,0.0,20.421430440887775,0.0,10.01329839628046
0.00013516666666666665,0.0,20.406395948130267,0.0,10.01329839628046
0.00013525,0.0,20.391362708194947,0.0,10.01329839628046
0.00013533333333333333,0.0,20.37633072097745,0.0,10.01329839628046
0.0001354166666666667,0.0,20.361299986373325,0.0,10.01329839628046
0.00013550000000000001,0.0,20.346270504278237,0.0,10.01329839628046
0.00013558333333333334,0.0,20.331242274587822,0.0,10.01329839628046
0.00013566666666666667,0.0,20.316215297197687,0.0,10.01329839628046
0.00013575,0.0,20.301189572003523,0.0,10.01329839628046
0.00013583333333333335,0.0,20.28616509890091,0.0,10.01329839628046
0.00013591666666666667,0.0,20.271141877785567,0.0,10.01329839628046
0.00013600000000000003,0.0,20.25611990855319,0.0,10.01329839628046
0.00013608333333333335,0.0,20.24109919109938,0.0,10.01329839628046
0.00013616666666666665,0.0,20.22607972531989,0.0,10.01329839628046
0.00013625,0.0,20.211061511110415,0.0,10.01329839628046
0.00013633333333333333,0.0,20.196044548366615,0.0,10.01329839628046
0.00013641666666666668,0.0,20.18102883698424,0.0,10.01329839628046
0.0001365,0.0,20.16601437685901,0.0,10.01329839628046
0.00013658333333333334,0.0,20.151001167886676,0.0,10.01329839628046
0.00013666666666666666,0.0,20.135989209962958,0.0,10.01329839628046
0.00013675,0.0,20.120978502983604,0.0,10.01329839628046
0.00013683333333333334,0.0,20.105969046844393,0.0,10.01329839628046
0.00013691666666666667,0.0,20.090960841441046,0.0,10.01329839628046
0.00013700000000000002,0.0,20.075953886669396,0.0,10.01329839628046
0.00013708333333333335,0.0,20.060948182425193,0.0,10.01329839628046
0.00013716666666666668,0.0,20.045943728604243,0.0,10.01329839628046
0.00013725,0.0,20.030940525102352,0.0,10.01329839628046
0.00013733333333333333,0.0,20.015938571815354,0.0,10.01329839628046
0.00013741666666666668,0.0,20.000937868639,0.0,10.01329839628046
0.0001375,0.0,19.985938415469178,0.0,10.01329839628046
0.00013758333333333333,0.0,19.970940212201725,0.0,10.01329839628046
0.0001376666666666667,0.0,19.955943258732418,0.0,10.01329839628046
0.00013775000000000001,0.0,19.940947554957205,0.0,10.01329839628046
0.00013783333333333334,0.0,19.92595310077192,0.0,10.01329839628046
0.00013791666666666667,0.0,19.91095989607237,0.0,10.01329839628046
0.000138,0.0,19.895967940754502,0.0,10.01329839628046
0.00013808333333333335,0.0,19.88097723471421,0.0,10.01329839628046
0.00013816666666666667,0.0,19.86598777784735,0.0,10.01329839628046
0.00013825,0.0,19.85099957004988,0.0,10.01329839628046
0.00013833333333333333,0.0,19.836012611217654,0.0,10.01329839628046
0.00013841666666666668,0.0,19.821026901246654,0.0,10.01329839628046
0.0001385,0.0,19.80604244003277,0.0,10.01329839628046
0.00013858333333333333,0.0,19.791059227471948,0.0,10.01329839628046
0.00013866666666666669,0.0,19.776077263460166,0.0,10.01329839628046
0.00013875,0.0,19.761096547893374,0.0,10.01329839628046
0.00013883333333333334,0.0,19.746117080667517,0.0,10.01329839628046
0.00013891666666666666,0.0,19.731138861678573,0.0,10.01329839628046
0.000139,0.0,19.716161890822548,0.0,10.01329839628046
0.00013908333333333334,0.0,19.701186167995445,0.0,10.01329839628046
0.00013916666666666667,0.0,19.68621169309324,0.0,10.01329839628046
0.00013925000000000002,0.0,19.671238466011943,0.0,10.01329839628046
0.00013933333333333335,0.0,19.65626648664758,0.0,10.01329839628046
0.00013941666666666668,0.0,19.641295754896163,0.0,10.01329839628046
0.0001395,0.0,19.626326270653777,0.0,10.01329839628046
0.00013958333333333333,0.0,19.6113580338164,0.0,10.01329839628046
0.00013966666666666668,0.0,19.596391044280153,0.0,10.01329839628046
0.00013975,0.0,19.58142530194104,0.0,10.01329839628046
0.00013983333333333336,0.0,19.566460806695176,0.0,10.01329839628046
0.00013991666666666666,0.0,19.551497558438626,0.0,10.01329839628046
0.00014,0.0,19.53653555706748,0.0,10.01329839628046
0.00014008333333333334,0.0,19.52157480247783,0.0,10.01329839628046
0.00014016666666666667,0.0,19.506615294565762,0.0,10.01329839628046
0.00014025000000000002,0.0,19.491657033227426,0.0,10.01329839628046
0.00014033333333333335,0.0,19.47670001835894,0.0,10.01329839628046
0.00014041666666666667,0.0,19.461744249856423,0.0,10.01329839628046
0.0001405,0.0,19.44678972761602,0.0,10.01329839628046
0.00014058333333333333,0.0,19.431836451533883,0.0,10.01329839628046
0.00014066666666666668,0.0,19.416884421506126,0.0,10.01329839628046
0.00014075,0.0,19.40193363742901,0.0,10.01329839628046
0.00014083333333333336,0.0,19.386984099198628,0.0,10.01329839628046
0.00014091666666666669,0.0,19.37203580671118,0.0,10.01329839628046
0.000141,0.0,19.357088759862904,0.0,10.01329839628046
0.00014108333333333334,0.0,19.34214295854997,0.0,10.01329839628046
0.00014116666666666666,0.0,19.327198402668557,0.0,10.01329839628046
0.00014125000000000002,0.0,19.312255092114924,0.0,10.01329839628046
0.00014133333333333334,0.0,19.297313026785304,0.0,10.01329839628046
0.00014141666666666667,0.0,19.28237220657587,0.0,10.01329839628046
0.0001415,0.0,19.267432631382945,0.0,10.01329839628046
0.00014158333333333332,0.0,19.25249430110273,0.0,10.01329839628046
0.00014166666666666668,0.0,19.23755721563151,0.0,10.01329839628046
0.00014175,0.0,19.222621374865554,0.0,10.01329839628046
0.00014183333333333333,0.0,19.207686778701145,0.0,10.01329839628046
0.00014191666666666668,0.0,19.192753427034518,0.0,10.01329839628046
0.000142,0.0,19.177821319762046,0.0,10.01329839628046
0.00014208333333333334,0.0,19.16289045677999,0.0,10.01329839628046
0.00014216666666666666,0.0,19.147960837984698,0.0,10.01329839628046
0.00014225000000000002,0.0,19.13303246327243,0.0,10.01329839628046
0.00014233333333333334,0.0,19.118105332539585,0.0,10.01329839628046
0.00014241666666666667,0.0,19.103179445682485,0.0,10.01329839628046
0.00014250000000000002,0.0,19.08825480259742,0.0,10.01329839628046
0.00014258333333333335,0.0,19.073331403180816,0.0,10.01329839628046
0.00014266666666666667,0.0,19.058409247329024,0.0,10.01329839628046
0.00014275,0.0,19.043488334938417,0.0,10.01329839628046
0.00014283333333333333,0.0,19.02856866590534,0.0,10.01329839628046
0.00014291666666666668,0.0,19.013650240126225,0.0,10.01329839628046
0.000143,0.0,18.998733057497446,0.0,10.01329839628046
0.00014308333333333336,0.0,18.983817117915436,0.0,10.01329839628046
0.00014316666666666666,0.0,18.968902421276596,0.0,10.01329839628046
0.00014325,0.0,18.953988967477386,0.0,10.01329839628046
0.00014333333333333334,0.0,18.939076756414153,0.0,10.01329839628046
0.00014341666666666667,0.0,18.92416578798344,0.0,10.01329839628046
0.00014350000000000002,0.0,18.909256062081653,0.0,10.01329839628046
0.00014358333333333334,0.0,18.89434757860525,0.0,10.01329839628046
0.00014366666666666667,0.0,18.879440337450717,0.0,10.01329839628046
0.00014375,0.0,18.864534338514517,0.0,10.01329839628046
0.00014383333333333332,0.0,18.849629581693137,0.0,10.01329839628046
0.00014391666666666668,0.0,18.834726066883064,0.0,10.01329839628046
0.000144,0.0,18.819823793980817,0.0,10.01329839628046
0.00014408333333333336,0.0,18.80492276288288,0.0,10.01329839628046
0.00014416666666666668,0.0,18.790022973485833,0.0,10.01329839628046
0.00014425,0.0,18.77512442568616,0.0,10.01329839628046
0.00014433333333333334,0.0,18.760227119380403,0.0,10.01329839628046
0.00014441666666666666,0.0,18.74533105446511,0.0,10.01329839628046
0.00014450000000000002,0.0,18.730436230836858,0.0,10.01329839628046
0.00014458333333333334,0.0,18.71554264839216,0.0,10.01329839628046
0.0001446666666666667,0.0,18.700650307027644,0.0,10.01329839628046
0.00014475,0.0,18.685759206639858,0.0,10.01329839628046
0.00014483333333333332,0.0,18.670869347125404,0.0,10.01329839628046
0.00014491666666666667,0.0,18.655980728380882,0.0,10.01329839628046
0.000145,0.0,18.641093350302896,0.0,10.01329839628046
0.00014508333333333335,0.0,18.626207212788017,0.0,10.01329839628046
0.00014516666666666668,0.0,18.611322315732934,0.0,10.01329839628046
0.00014525,0.0,18.596438659034277,0.0,10.01329839628046
0.00014533333333333333,0.0,18.581556242588675,0.0,10.01329839628046
0.00014541666666666666,0.0,18.56667506629273,0.0,10.01329839628046
0.0001455,0.0,18.55179513004316,0.0,10.01329839628046
0.00014558333333333334,0.0,18.53691643373662,0.0,10.01329839628046
0.0001456666666666667,0.0,18.522038977269773,0.0,10.01329839628046
0.00014575000000000002,0.0,18.507162760539302,0.0,10.01329839628046
0.00014583333333333335,0.0,18.492287783441895,0.0,10.01329839628046
0.00014591666666666667,0.0,18.477414045874298,0.0,10.01329839628046
0.000146,0.0,18.462541547733167,0.0,10.01329839628046
0.00014608333333333335,0.0,18.447670288915248,0.0,10.01329839628046
0.00014616666666666668,0.0,18.432800269317255,0.0,10.01329839628046
0.00014625,0.0,18.41793148883596,0.0,10.01329839628046
0.00014633333333333336,0.0,18.403063947368025,0.0,10.01329839628046
0.00014641666666666666,0.0,18.388197644810305,0.0,10.01329839628046
0.0001465,0.0,18.373332581059515,0.0,10.01329839628046
0.00014658333333333334,0.0,18.3584687560124,0.0,10.01329839628046
0.00014666666666666666,0.0,18.34360616956573,0.0,10.01329839628046
0.00014675000000000002,0.0,18.328744821616368,0.0,10.01329839628046
0.00014683333333333334,0.0,18.313884712061082,0.0,10.01329839628046
0.00014691666666666667,0.0,18.299025840796645,0.0,10.01329839628046
0.000147,0.0,18.284168207719887,0.0,10.01329839628046
0.00014708333333333335,0.0,18.269311812727636,0.0,10.01329839628046
0.00014716666666666668,0.0,18.254456655716723,0.0,10.01329839628046
0.00014725,0.0,18.239602736583947,0.0,10.01329839628046
0.00014733333333333335,0.0,18.224750055226224,0.0,10.01329839628046
0.00014741666666666668,0.0,18.209898611540382,0.0,10.01329839628046
0.0001475,0.0,18.19504840542325,0.0,10.01329839628046
0.00014758333333333333,0.0,18.180199436771773,0.0,10.01329839628046
0.00014766666666666666,0.0,18.165351705482777,0.0,10.01329839628046
0.00014775,0.0,18.15050521145315,0.0,10.01329839628046
0.00014783333333333334,0.0,18.135659954579836,0.0,10.01329839628046
0.0001479166666666667,0.0,18.12081593475969,0.0,10.01329839628046
0.000148,0.0,18.105973151889685,0.0,10.01329839628046
0.00014808333333333332,0.0,18.09113160586668,0.0,10.01329839628046
0.00014816666666666667,0.0,18.07629129658767,0.0,10.01329839628046
0.00014825,0.0,18.061452223949573,0.0,10.01329839628046
0.00014833333333333335,0.0,18.04661438784933,0.0,10.01329839628046
0.00014841666666666668,0.0,18.031777788183916,0.0,10.01329839628046
0.0001485,0.0,18.0169424248503,0.0,10.01329839628046
0.00014858333333333333,0.0,18.00210829774545,0.0,10.01329839628046
0.00014866666666666666,0.0,17.987275406766344,0.0,10.01329839628046
0.00014875,0.0,17.972443751809976,0.0,10.01329839628046
0.00014883333333333334,0.0,17.957613332773377,0.0,10.01329839628046
0.0001489166666666667,0.0,17.942784149553518,0.0,10.01329839628046
0.00014900000000000002,0.0,17.927956202047454,0.0,10.01329839628046
0.00014908333333333334,0.0,17.913129490152187,0.0,10.01329839628046
0.00014916666666666667,0.0,17.898304013764772,0.0,10.01329839628046
0.00014925,0.0,17.883479772782266,0.0,10.01329839628046
0.00014933333333333335,0.0,17.86865676710164,0.0,10.01329839628046
0.00014941666666666668,0.0,17.853834996620066,0.0,10.01329839628046
0.00014950000000000003,0.0,17.839014461234598,0.0,10.01329839628046
0.00014958333333333336,0.0,17.824195160842237,0.0,10.01329839628046
0.00014966666666666665,0.0,17.809377095340153,0.0,10.01329839628046
0.00014975,0.0,17.794560264625403,0.0,10.01329839628046
0.00014983333333333333,0.0,17.77974466859507,0.0,10.01329839628046
0.0001499166666666667,0.0,17.76493030714633,0.0,10.01329839628046
