time_s,bus_V,bridge_A,source_A,cap_branch_0_A
0.0,34.39102715480683,8.041263771422776e-13,26.427531263366014,26.42753126336521
7.8125e-07,34.51242048246163,4.6149527443044545e-17,26.607601504575236,26.607601504575236
1.5625e-06,34.64567223844545,2.6485623948628296e-21,26.696225003404194,26.696225003404194
2.34375e-06,34.99005811764395,1.520033497231136e-25,26.696768323461523,26.696768323461523
3.125e-06,34.5495379370104,49.116692793672655,26.837247665424037,-22.279445128248618
3.90625e-06,34.491228784539466,49.16062429620549,26.90617565959627,-22.254448636609222
4.6875e-06,34.40992358190939,49.19493217390965,27.043000090128054,-22.151932083781595
5.46875e-06,34.3240742910265,49.229165416875546,27.244771537239714,-21.98439387963583
6.25e-06,34.23711991536136,49.26332452157656,27.508417959437118,-21.75490656213944
7.03125e-06,34.15033061620624,49.29740943660113,27.83079031431739,-21.46661912228374
7.8125e-06,34.06437831459071,49.331420110618,28.208676074301174,-21.122744036316824
8.59375e-06,33.97970951089513,49.365356492407706,28.63881202319197,-20.726544469215735
9.375e-06,33.89666725509686,49.39921853086267,29.117896630935846,-20.281321899926823
1.015625e-05,33.81554117178745,49.433006174987284,29.642602042266393,-19.79040413272089
1.09375e-05,33.73659347873993,49.466719373897945,30.209585672001975,-19.25713370189597
1.171875e-05,33.66007831783252,49.50035807682321,30.815501391338785,-18.684856685484426
1.25e-05,33.58626484701642,49.53392223310378,31.457010289261138,-18.076911943842642
1.328125e-05,33.51547857826376,49.56741179219266,32.13079099677479,-17.43662079541787
1.40625e-05,33.44819796907325,49.60082670365516,32.833549571796766,-16.76727713185839
1.484375e-05,33.385337226318796,49.63416691716904,33.56202897814313,-16.072137939025904
1.5625e-05,33.32935749709113,49.66743238252455,34.31301837697162,-15.354414005552934
1.640625e-05,33.291754166325134,49.70062304962447,35.08336420921231,-14.617258840412157
1.71875e-05,33.82746618131577,49.73373886848428,35.87014425398689,-13.863594614497387
1.796875e-05,33.32586620705962,0.042999494043953944,36.42328835259158,36.38028885854762
1.875e-05,33.50018421807355,2.4677791980230203e-06,36.98017435656309,36.98017188878389
1.953125e-05,33.6631993206938,1.4165061556173432e-10,37.39807687704069,37.39807687689903
2.03125e-05,33.82350400642346,2.54201932305106e-14,37.68099068032198,37.680990680321955
2.109375e-05,33.982956086895314,1.926547826272095e-14,37.83330153724253,37.833301537242505
2.1875e-05,34.14184480827921,-2.0164894864947715e-14,37.859637379681644,37.859637379681665
2.265625e-05,34.30001923082607,-1.387568894089585e-14,37.76484450413659,37.764844504136605
2.34375e-05,34.45717708104973,-1.005185422533988e-14,37.55396374707392,37.55396374707393
2.421875e-05,34.61296281151738,-1.6899653505400938e-14,37.232206913277246,37.23220691327726
2.5e-05,34.76700831210959,-1.084625476729045e-14,36.80493356565015,36.80493356565017
2.578125e-05,34.91895332852399,3.991465257647407e-15,36.277628248065106,36.2776282480651
2.65625e-05,35.068458605848306,2.7273625291589368e-15,35.65587820084011,35.65587820084011
2.734375e-05,35.215218028268474,2.3339807390846823e-15,34.94535162236533,34.94535162236533
2.8125e-05,35.35897523504442,4.262017820485875e-15,34.151776526399516,34.15177652639951
2.890625e-05,35.49955413492259,3.1653820082872503e-15,33.28092024222092,33.28092024222092
2.96875e-05,35.636927000669054,1.3659902926349864e-14,32.338569606160334,32.33856960616032
3.046875e-05,35.77139135606145,1.2566099840641608e-14,31.330511906268413,31.3305119062684
3.125e-05,35.90403755476384,1.3880661138950428e-14,30.262516677551655,30.26251667755164
3.203125e-05,36.010678824061266,1.148189458620095e-14,29.140310262651628,29.140310262651617
3.28125e-05,36.379117516741076,2.9105614910763586,27.98417608347709,25.073614592400734
3.359375e-05,35.94453926587694,50.40256043815159,27.00272197251243,-23.39983846563916
3.4375e-05,35.87596442396375,50.443250009890605,26.001690613325945,-24.44155939656466
3.515625e-05,35.78133407672417,50.47463131357104,25.117362311471087,-25.35726900209995
3.59375e-05,35.67849599885917,50.505936073518896,24.34810656872482,-26.157829504794076
3.671875e-05,35.57091284304337,50.53716477240938,23.691960734919476,-26.845204037489907
3.75e-05,35.45999516369584,50.568317363243025,23.14667924931446,-27.421638113928566
3.828125e-05,35.34659643326128,50.599393799104604,22.709752323736232,-27.88964147536837
3.90625e-05,35.23136445423398,50.63039403319356,22.378424358820435,-28.251969674373125
3.984375e-05,35.11485514782915,50.66131801882409,22.149712341818557,-28.511605677005534
4.0625e-05,34.997579067556686,50.692165709425254,22.0204242239789,-28.671741485446354
4.140625e-05,34.880026318722436,50.72293705854098,21.987177234971984,-28.735759823568994
4.21875e-05,34.76268695918968,50.75363201983015,22.046416084411874,-28.707215935418276
4.296875e-05,34.64607865052123,50.78425054706673,22.19443100125858,-28.589819545808155
4.375e-05,34.53080072368729,50.81479259413977,22.427375567158112,-28.387417026981655
4.453125e-05,34.41766802029588,50.8452581150535,22.741284314650628,-28.10397380040287
4.53125e-05,34.30812661225077,50.87564706392738,23.132090117030522,-27.74355694689686
4.609375e-05,34.206049005220635,50.905959394996216,23.595641719953687,-27.31031767504253
4.6875e-05,34.13292045545329,50.93619506261018,24.12772567754781,-26.80846938506237
4.765625e-05,33.99250786266724,4.435372638915238,24.575943748604658,20.14057110968942
4.84375e-05,34.111186760646554,0.0002545499776380684,25.07383917560064,25.073584625623003
4.921875e-05,34.238510239566956,1.4608849445260643e-08,25.485233691745314,25.485233677136463
5e-05,34.35664656855557,8.384148531246036e-13,25.799682637888502,25.799682637887663
5.078125e-05,34.47598710416869,4.8117373553192157e-17,26.019985125845,26.019985125845
5.15625e-05,34.60778512977586,2.761498832026708e-21,26.149130657058095,26.149130657058095
5.234375e-05,34.95966207178293,1.5848487222301773e-25,26.190348801154876,26.190348801154876
5.3125e-05,34.49398773225519,51.1653649635056,26.38089205927489,-24.784472904230714
5.390625e-05,34.426646604277764,51.20485816960379,26.500144658029257,-24.704713511574532
5.46875e-05,34.33552147033716,51.234325288375665,26.69309090874376,-24.541234379631906
5.546875e-05,34.23983931177768,51.263714678199115,26.956362512347283,-24.30735216585183
5.625e-05,34.14318250812065,51.293026865761945,27.286466538800365,-24.00656032696158
5.703125e-05,34.046868971417354,51.322261806953286,27.679833760954025,-23.64242804599926
5.78125e-05,33.95158688917141,51.35141945774585,28.132833496516067,-23.21858596122978
5.859375e-05,33.85778071099869,51.38049977422874,28.641787655785347,-22.73871211844339
5.9375e-05,33.765774240600976,51.40950271260751,29.202984304199262,-22.20651840840825
6.015625e-05,33.675815927631724,51.43842822920429,29.81269077605147,-21.625737453152823
6.09375e-05,33.58809362467693,51.46727628045776,30.467166330689917,-21.000109949767843
6.171875e-05,33.502730838415225,51.496046822923276,31.162674332696533,-20.333372490226743
6.25e-05,33.419760453252074,51.524739813272916,31.89549393430143,-19.629245878971485
6.328125e-05,33.339048964083965,51.55335520829556,32.66193123248535,-18.891423975810206
6.40625e-05,33.26006789843712,51.58189296489692,33.45832984829157,-18.12356311660535
6.484375e-05,33.18102155462486,51.6103530400997,34.281080739527326,-17.329272300572377
6.5625e-05,33.09348291113109,51.6387353910435,35.126629857066725,-16.512105533976772
6.640625e-05,32.81225633737851,51.667039974985016,35.9914285785367,-15.675611396448318
6.71875e-05,33.26602596327482,5.964340815737469,36.66292870059681,30.698587884859336
6.796875e-05,33.37209467662944,6.024466352676036,37.33837606262353,31.313909709947495
6.875e-05,33.48872902190046,0.045900857903488544,37.866471042714245,37.820570184810755
6.953125e-05,33.64982957959915,2.6342910189169565e-06,38.27148007027275,38.27147743598173
7.03125e-05,33.8084781780977,1.5118470975295605e-10,38.53936398881212,38.53936398866094
7.109375e-05,33.96765842101796,1.0305745332755123e-14,38.674510648858785,38.67451064885878
7.1875e-05,34.12712085021659,5.463321315596837e-15,38.681685772507,38.681685772506995
7.265625e-05,34.28634134851729,9.662836233154527e-15,38.56587444828777,38.565874448287765
7.34375e-05,34.444789416243545,1.2718568867811083e-14,38.33225681262407,38.33225681262405
7.421875e-05,34.60196025675092,2.9654965172952555e-15,37.986183995018244,37.986183995018244
7.5e-05,34.757377646200574,9.555997165648415e-15,37.53315445260684,37.53315445260683
7.578125e-05,34.91059263502783,7.84800886638673e-15,36.978790762098036,36.97879076209803
7.65625e-05,35.06118218975725,1.302353425787536e-14,36.328816926168585,36.32881692616857
7.734375e-05,35.20874905371024,1.2034267450965915e-14,35.58903624662144,35.589036246621426
7.8125e-05,35.35292561500911,1.5061660934469487e-14,34.76530981332701,34.76530981332699
7.890625e-05,35.49339389438847,-2.0637521037368173e-14,33.86353565747567,33.863535657475694
7.96875e-05,35.62998804459397,-1.564393022566667e-14,32.88962863327533,32.88962863327534
8.046875e-05,35.763453250507524,-2.0443498751535245e-14,31.849501270351343,31.849501270351364
8.125e-05,35.92200850325703,-1.8202572240330414e-14,30.74905426628167,30.74905426628169
8.203125e-05,35.95647321490781,7.263947859497225,29.627305740711638,22.363357881214412
8.28125e-05,36.02775414817493,7.33418901212632,28.45852657531623,21.12433756318991
8.359375e-05,35.55872671839802,7.403017668028108,27.268368317879933,19.865350649851823
8.4375e-05,36.06497534839357,52.29391020357998,26.286693483093174,-26.00721672048681
8.515625e-05,35.92977550170998,52.32291066903041,25.29905566731477,-27.023855001715642
8.59375e-05,35.80686589752684,52.34925767778627,24.435814588546293,-27.913443089239976
8.671875e-05,35.68456897140212,52.375525701744145,23.694927474455696,-28.68059822728845
8.75e-05,35.56097331268782,52.40171484909837,23.074039004059976,-29.327675845038392
8.828125e-05,35.435767200096286,52.42782508041704,22.570505641003276,-29.85731943941376
8.90625e-05,35.30907685722778,52.45385635637862,22.181414919918357,-30.272441436460266
8.984375e-05,35.18117706429856,52.47980863778048,21.903605114958154,-30.576203522822325
9.0625e-05,35.052391985123236,52.505681885538955,21.733684991308614,-30.77199689423034
9.140625e-05,34.92305005080163,52.5314760606894,21.668053529254685,-30.863422531434715
9.21875e-05,34.79345341808821,52.55719112438626,21.702919546284235,-30.854271578102022
9.296875e-05,34.66384259646386,52.58282703790309,21.834321152336358,-30.74850588556673
9.375e-05,34.534331733469195,52.6083837626327,22.058144974211032,-30.550238788421666
9.453125e-05,34.40474944419673,52.63386126008711,22.370145073513306,-30.263716186573802
9.53125e-05,34.27413236686032,52.65925949189766,22.76596141834803,-29.893298073549627
9.609375e-05,34.13841592800715,52.68457841981508,23.241137341301545,-29.443441078513537
9.6875e-05,33.967768174262964,52.70981800570953,23.79112929920374,-28.91868870650579
9.765625e-05,34.25626284223961,1.3539020478246562,24.239003242441694,22.885101194617036
9.84375e-05,34.19453528721637,7.770164179084374e-05,24.750022838887926,24.749945137246137
9.921875e-05,34.27854228665955,4.4593662788923705e-09,25.166399348917622,25.166399344458256
0.0001,34.37290690389349,2.5592699396045086e-13,25.48665238781826,25.486652387818005
0.00010078125,34.46812798261466,1.468787763581093e-17,25.713524343955722,25.713524343955722
0.0001015625,34.554083892828025,8.429503512157564e-22,25.849946298722354,25.849946298722354
0.00010234375,34.52005639146492,4.83776698195196e-26,25.898985852869863,25.898985852869863
0.000103125,34.67916578021191,52.873999238721964,26.08601812611629,-26.787981112605674
0.00010390625,34.524730135066186,52.933395654007626,26.202638994260784,-26.73075665974684
0.0001046875,34.40212898632642,52.957841750215856,26.399426246186746,-26.55841550402911
0.00010546875,34.28699635126181,52.98220609161661,26.672786466980114,-26.309419624636497
0.00010625,34.17558629873647,53.00649064265765,27.0189319114066,-25.987558731251053
0.00010703125,34.06696149164604,53.0306953668817,27.43399283052958,-25.596702536352122
0.0001078125,33.96090160456091,53.05482022783692,27.914032281065865,-25.140787946771056
0.00010859375,33.8574356480251,53.07886518919169,28.455061091272114,-24.623804097919574
0.000109375,33.75669815711608,53.10283021473472,29.053052512596338,-24.049777702138385
0.00011015625,33.65887916226654,53.126715268375136,29.70395644787389,-23.422758820501247
0.0001109375,33.56421238182377,53.150520314142476,30.40371320952245,-22.746807104620025
0.00011171875,33.47299144175732,53.174245316186756,31.148266779528214,-22.025978536658542
0.0001125,33.38563168505683,53.19789023877857,31.93357755537324,-21.26431268340533
0.00011328125,33.3028586624853,53.22145504630908,32.75563459123762,-20.465820455071455
0.0001140625,33.226398033051915,53.244939703290115,33.610467451301034,-19.63447225198908
0.00011484375,33.162853590457786,53.26834417435421,34.494158622864916,-18.774185551489296
0.000115625,33.20168100464102,53.291668424254645,35.40288147878819,-17.88878694546646
0.00011640625,33.087307774585874,10.310870477123906,36.1521693281972,25.841298851073294
0.0001171875,33.232606805357555,10.350731158459354,36.91085876968398,26.56012761122463
0.00011796875,33.35746335098248,10.418969760855123,37.555743603762764,27.13677384290764
0.00011875,33.5032683796989,10.487194301999459,38.08938210701869,27.60218780501923
0.00011953125,33.61082246515476,0.006926234291592784,38.47036840207389,38.4634421677823
0.0001203125,33.780958286504635,3.975027224204962e-07,38.74379925383517,38.74379885633245
0.00012109375,33.94515538979258,2.2799603458732976e-11,38.883644734617214,38.88364473459441
0.000121875,34.10796228997682,-1.1656968216105988e-14,38.89467085255539,38.89467085255541
0.00012265625,34.26976330681435,-1.3656647986844195e-14,38.78188395186635,38.78188395186636
0.0001234375,34.430363427833534,-1.1299383231465972e-14,38.550487030046654,38.55048703004667
0.00012421875,34.58942458323891,-1.2640213070598912e-14,38.20585567807732,38.205855678077334
0.000125,34.74656995276214,-7.292902164729743e-15,37.753514307797374,37.75351430779738
0.00012578125,34.901420978828064,-1.015413924462909e-14,37.19911281561438,37.199112815614384
0.0001265625,35.05361718308115,-7.050201776549091e-15,36.548403755925136,36.54840375592514
0.00012734375,35.20283680967736,4.2029223937043414e-17,35.8072200827946,35.8072200827946
0.000128125,35.348840695076184,3.006642408453028e-15,34.98145351625023,34.98145351625023
0.00012890625,35.491621009888874,2.5179026603758473e-15,34.07703360690745,34.07703360690745
0.0001296875,35.6321926539393,3.1060989721285265e-15,33.09990773222686,33.09990773222686
0.00013046875,35.784499166474895,6.931755330492594e-15,32.05602578818045,32.05602578818044
0.00013125,35.823106597369126,11.550790584672505,30.995922965431443,19.44513238075894
0.00013203125,35.909513502173745,11.644509868371053,29.882939088104614,18.23842921973356
0.0001328125,35.97694264030594,11.712435909205754,28.7556413662564,17.043205457050643
0.00013359375,36.02418799852397,11.780342832032932,27.61845332927122,15.838110497238285
0.000134375,35.56837028343723,11.848232013791819,26.475433594273568,14.627201580481751
0.00013515625,36.025401714551,53.84619295999048,25.541167380825748,-28.305025579164734
0.0001359375,35.88235541933914,53.86982856232532,24.614535318624863,-29.255293243700454
0.00013671875,35.75087509049603,53.89097409849006,23.81698634639768,-30.073987752092382
0.0001375,35.62005671663953,53.91203833757058,23.146069189006987,-30.76596914856359
0.00013828125,35.48814616627211,53.93302138608773,22.59902269993886,-31.33399868614887
0.0001390625,35.35488725411809,53.953923212449354,22.172801075458867,-31.781122136990486
0.00013984375,35.22042990866989,53.974743785177694,21.864094300508462,-32.11064948466923
0.000140625,35.08505566614655,53.995483072917324,21.669348898473466,-32.32613417444386
0.00014140625,34.94907979426535,54.01614104443526,21.584788698697366,-32.43135234573789
0.0001421875,34.8127996203255,54.036717668620966,21.60643551240792,-32.430282156213046
0.00014296875,34.67644525509339,54.05721291448643,21.730129640357006,-32.32708327412942
0.00014375,34.54009457390607,54.07762675116618,21.951550140196332,-32.12607661096985
0.00014453125,34.403458787715344,54.09795914791733,22.266234764740126,-31.831724383177203
0.0001453125,34.265152648940166,54.11821007411967,22.669599380824835,-31.44861069329484
0.00014609375,34.11890797359293,54.138379499275665,23.156955909435965,-30.9814235898397
0.000146875,33.89753812913366,54.15846739301054,23.723511233639595,-30.434956159370945
0.00014765625,34.185805096113306,0.12106077323630683,24.155578160034093,24.034517386797788
0.0001484375,34.2229057709359,6.947785367518942e-06,24.6485939242173,24.648586976431933
0.00014921875,34.31035885303655,3.987395770129887e-10,25.044483843160112,25.044483842761373
0.00015,34.405480308356964,2.2884018700375272e-14,25.345437687776318,25.345437687776297
0.00015078125,34.50143133554678,1.3133341711451598e-18,25.554213679961357,25.554213679961357
0.0001515625,34.59101483482404,7.537341529393428e-23,25.673754261617376,25.673754261617376
0.00015234375,34.62885989993316,4.325747291047956e-27,25.707156043341048,25.707156043341048
0.000153125,34.78737891879,53.904823092680154,25.85106674418112,-28.053756348499032
0.00015390625,34.60427301249603,54.33556096053585,25.92019423210728,-28.41536672842857
0.0001546875,34.470789748004485,54.35485550623777,26.07562850745468,-28.279226998783088
0.00015546875,34.3472831740542,54.37404458610786,26.314708539413118,-28.05933604669474
0.00015625,34.22804921414434,54.39315177829457,26.633461546775397,-27.759690231519176
0.00015703125,34.11177310360692,54.412177055377626,27.027818581988193,-27.384358473389433
0.0001578125,33.9981384210835,54.43112038870537,27.493630166421553,-26.937490222283813
0.00015859375,33.887157337056415,54.44998174974949,28.026682386555514,-26.423299363193976
0.000159375,33.778979455171005,54.468761110105135,28.62271272094506,-25.846048389160075
0.00016015625,33.6738313795162,54.48745844149091,29.27742544491776,-25.210032996573148
0.0001609375,33.5720118560183,54.50607371574898,29.98650655645978,-24.519567159289203
0.00016171875,33.47394005399103,54.52460690484507,30.74563819480039,-23.778968710044683
0.0001625,33.380325967489675,54.54305798086854,31.550512551282168,-22.99254542958637
0.00016328125,33.29280896577373,54.5614269160324,32.39684537384312,-22.16458154218928
0.0001640625,33.21756404688812,54.579713682673365,33.28038994076818,-21.299323741905184
0.00016484375,33.237901183709894,54.597918253251905,34.19697476694377,-20.400943486308133
0.000165625,33.11574790704804,14.574525119814705,34.97422230289167,20.399697183076963
0.00016640625,33.23539383868193,14.615156718605508,35.76874737349176,21.15359065488625
0.0001671875,33.33477889587248,14.682207289468348,36.46520930926796,21.78300201979961
0.00016796875,33.43291351250902,14.749237266663819,37.0653805885441,22.316143321880283
0.00016875,33.5360126406671,14.816245031861595,37.57134034125056,22.75509530938897
0.00016953125,33.81631160373242,14.883230484062139,37.985436907510405,23.10220642344827
0.0001703125,33.772039339821546,0.0008541618247975686,38.23519800784022,38.23434384601542
0.00017109375,33.939362758671244,4.902111026676621e-08,38.39599484100657,38.39599479198546
0.000171875,34.10133322914887,2.817473087372351e-12,38.428700444667534,38.42870044466471
0.00017265625,34.261544451029245,7.176330908138352e-15,38.33822252394942,38.33822252394941
0.0001734375,34.420330723798365,5.686258307548192e-15,38.12966884462181,38.129668844621804
0.00017421875,34.57749031554628,1.3043301187966081e-14,37.808321669583286,37.80832166958327
0.000175,34.73267410191319,5.501032926411999e-15,37.37961430006307,37.37961430006306
0.00017578125,34.885477210346586,4.9332832805121835e-15,36.84910795892077,36.84910795892076
0.0001765625,35.03545628601911,-2.9317146072132505e-14,36.222469148148406,36.222469148148434
0.00017734375,35.182101523300275,-2.4787130415487072e-14,35.50544754272469,35.50544754272471
0.000178125,35.324713146848005,-2.06690515967243e-14,34.70385445120969,34.703854451209715
0.00017890625,35.461845627426605,-1.953444759004525e-14,33.82354176724581,33.82354176724583
0.0001796875,35.58659385132683,-1.3498363503834623e-14,32.87038011825391,32.87038011825393
0.00018046875,35.72835355104882,14.443250356779522,31.89622109038375,17.45297073360423
0.00018125,35.78580149403466,15.885187256918636,30.864351144826728,14.97916388790809
0.00018203125,35.836100523983724,15.951880934537435,29.821525415212285,13.86964448067485
0.0001828125,35.88420774803307,16.018471663854008,28.775575602850974,12.757103938996966
0.00018359375,35.92552195817019,16.08503826511216,27.73015177418293,11.645113509070768
0.000184375,35.950136379350646,16.151580642593128,26.688757189102958,10.53717654650983
0.00018515625,35.510325998143514,16.218098696085537,25.654608518921137,9.436509822835601
0.0001859375,35.91527353227883,55.056046160555155,24.82557897137437,-30.230467189180786
0.00018671875,35.76563035908537,55.074166591491405,24.015091512824153,-31.059075078667252
0.0001875,35.62704613702538,55.089976182112366,23.334859078553507,-31.75511710355886
0.00018828125,35.489428213864855,55.10570268036366,22.78199520402672,-32.32370747633694
0.0001890625,35.35115876166079,55.12134619041526,22.353318533709896,-32.768027656705364
0.00018984375,35.212008415648164,55.136906688715655,22.04537845350714,-33.091528235208514
0.000190625,35.07211962211197,55.152384151831015,21.854476242559848,-33.29790790927117
0.00019140625,34.931745102463395,55.16777855645256,21.77668642984016,-33.3910921266124
0.0001921875,34.79114468479452,55.1830898793966,21.807878085517245,-33.37521179387935
0.00019296875,34.65051059449876,55.198318097604556,21.943735939179113,-33.25458215842544
0.00019375,34.50985307508677,55.21346318814301,22.179781241034497,-33.03368194710851
0.00019453125,34.368708193935895,55.228525128203735,22.51139226010727,-32.71713286809646
0.0001953125,34.22506673376424,55.243503895103714,22.93382415095737,-32.309679744146344
0.00019609375,34.06886375406096,55.258399466285184,23.44222646887012,-31.816172997415062
0.000196875,33.676409312945836,55.273211819315705,24.031591776761292,-31.241620042554413
0.00019765625,34.169081084858796,0.010752681562900096,24.44417428915769,24.43342160759479
0.0001984375,34.23304498217691,6.171059512273364e-07,24.91708595283009,24.91708533572414
0.00019921875,34.324168133196935,3.541625898735211e-11,25.292488156904415,25.292488156869
0.0002,34.42116210338148,2.0325705791113353e-15,25.572968737695152,25.57296873769515
0.00020078125,34.51891854545844,1.1665103196089625e-19,25.76135088936187,25.76135088936187
0.0002015625,34.61211330377789,6.69470639661201e-24,25.860639306404508,25.860639306404508
0.00020234375,34.67694889839846,3.8421514995136973e-28,25.873997026351528,25.873997026351528
0.000203125,34.81790777877947,50.56807617498295,25.965720397331058,-24.60235577765189
0.00020390625,34.68021913882014,55.40249787992115,25.989376158077025,-29.413121721844124
0.0002046875,34.53636331753144,55.416753489949215,26.091815056061503,-29.324938433887713
0.00020546875,34.40643688977861,55.43064901452038,26.283286255689013,-29.147362758831363
0.00020625,34.28139988866457,55.44446104565989,26.559740041930382,-28.88472100372951
0.00020703125,34.15935223921953,55.45818957844217,26.917016870612624,-28.54117270782955
0.0002078125,34.039789616457334,55.47183459219319,27.350863779728613,-28.120970812464577
0.00020859375,33.92261686569892,55.485396066363805,27.856951214502057,-27.628444851861747
0.000209375,33.8078712452762,55.49887398053069,28.430889668210014,-27.067984312320675
0.00021015625,33.695607145626774,55.51226831439634,29.06824591413693,-26.444022400259406
0.0002109375,33.58580598231768,55.52557904778912,29.76455874794687,-25.76102029984225
0.00021171875,33.4782166214278,55.538806160663334,30.51535417651438,-25.023451984148956
0.0002125,33.371853347022004,55.551949633099184,31.316159928121024,-24.23578970497816
0.00021328125,33.26241730073283,55.56500944530282,32.16251863826926,-23.402490807033555
0.0002140625,33.10413997930482,55.5779855776064,33.04998776612559,-22.52799781148081
0.00021484375,33.29495082109916,18.809239055252057,33.83205988850867,15.022820833256606
0.000215625,33.31709404704152,18.792270776289616,34.640974870790274,15.848704094500656
0.00021640625,33.375869325772605,18.85772940163116,35.368266470411186,16.51053706878002
0.0002171875,33.4427006118492,18.923164359750533,36.01478761987358,17.091623260123047
0.00021796875,33.5142924987667,18.988570820197957,36.58185477026798,17.593283950070028
0.00021875,33.59067678692954,19.053948684200886,37.07098593878824,18.017037254587354
0.00021953125,33.679102572729505,19.11929785330146,37.483889458178155,18.364591604876694
0.0002203125,33.742926150379056,1.6683767454640068,37.76668602710921,36.0983092816452
0.00022109375,33.904207566571344,9.574962415465707e-05,37.97310555827876,37.97300980865461
0.000221875,34.068317899487326,5.495135405009674e-09,38.0556995273764,38.05569952188126
0.00022265625,34.22786176840787,3.038395832498404e-13,38.01434024601134,38.01434024601104
0.0002234375,34.38553807124324,-8.30771397053003e-15,37.85401028617099,37.854010286171
0.00022421875,34.541588854527944,-1.2255637781154554e-14,37.57987410231337,37.57987410231338
0.000225,34.69577606461026,-8.335299396476631e-15,37.197254901214926,37.19725490121493
0.00022578125,34.84770307975297,-1.02946863248675e-14,36.711611647229915,36.71161164722992
0.0002265625,34.99686560393689,7.377281937636545e-15,36.1285164475386,36.128516447538594
0.00022734375,35.1425642588552,4.93365217062048e-15,35.453632415329295,35.45363241532929
0.000228125,35.28345032732095,8.38846224433448e-15,34.692691978212736,34.69269197821273
0.00022890625,35.41439930283321,5.9093350885075225e-15,33.851474851453496,33.85147485145349
0.0002296875,35.30477415932319,4.979294670920451e-15,32.93571884034139,32.93571884034138
0.00023046875,35.62741433938434,20.029972346434292,32.05171604389575,12.021743697461464
0.00023125,35.662429510436866,20.096025117906283,31.107760648571105,11.011735530664822
0.00023203125,35.70018503661811,20.16090187977168,30.165874797917702,10.004972918146024
0.0002328125,35.73499785245264,20.225748213927865,29.229172493935913,9.003424280008046
0.00023359375,35.76522662092727,20.290564088468972,28.300627393561612,8.010063305092638
0.000234375,35.788802271116246,20.355349405787273,27.383070624961494,7.0277212191742215
0.00023515625,35.79715795299451,20.420104068317222,26.47918520951134,6.059081141194118
0.0002359375,35.38199226058935,20.484827978539474,25.591380953377694,5.106552974838221
0.00023671875,35.73789275304434,55.91577586311519,24.89962705537751,-31.016148807737682
0.0002375,35.58819120835256,55.928265887558645,24.233152116001015,-31.69511377155763
0.00023828125,35.44906010149221,55.938638993102835,23.693309243494554,-32.24532974960828
0.0002390625,35.311365528076884,55.948927739409626,23.276890928505686,-32.67203681090394
0.00023984375,35.17371680252631,55.95913222763566,22.98042015723413,-32.978712070401535
0.000240625,35.03601176997991,55.96925244241987,22.80017564184434,-33.16907680057553
0.00024140625,34.89852707132561,55.979288368521374,22.732212888949732,-33.24707547957164
0.0002421875,34.76171374917853,55.98923999082626,22.772385381765744,-33.21685460906052
0.00024296875,34.62617681975603,55.99910729434758,22.91636563553108,-33.0827416588165
0.00024375,34.49278904644053,56.00889026422532,23.159666050326514,-32.84922421389881
0.00024453125,34.36313118458352,56.01858888572654,23.49765957399938,-32.52092931172716
0.0002453125,34.24145509042172,56.02820314424525,23.925600550277217,-32.10260259396804
0.00024609375,34.15137394034138,56.03773302530259,24.438650432042376,-31.599082593260217
0.000246875,33.986926494138544,4.878050088343907,24.86899183163674,19.990941743292833
0.00024765625,34.1070272326649,0.00027995562988570097,25.363320974045653,25.363041018415768
0.0002484375,34.23593016874844,1.6066902406758158e-08,25.7716200574054,25.771620041338497
0.00024921875,34.35339520063271,9.220938084141603e-13,26.082185534645127,26.082185534644204
0.00025,34.46885706028286,5.29197831660501e-17,26.297859218384612,26.297859218384612
0.00025078125,34.58499465253964,3.0371133877995934e-21,26.421671343593843,26.421671343593843
0.0002515625,34.70461769581926,1.7430263652835747e-25,26.456825066756547,26.456825066756547
0.00025234375,34.838261063645625,1.0003383219995026e-29,26.406682248646014,26.406682248646014
0.000253125,35.21315620320658,5.741030533970031e-34,26.274818659417885,26.274818659417885
0.00025390625,34.69083086234967,56.11747077817384,26.321451926418277,-29.796018851755562
0.0002546875,34.60507635118324,56.13698816420927,26.304446545307005,-29.832541618902265
0.00025546875,34.49284894398276,56.145505059162886,26.382709695502765,-29.76279536366012
0.00025625,34.37525463221157,56.153936773524514,26.552329435274252,-29.60160733825026
0.00025703125,34.256242432350966,56.16228392103622,26.80922051191024,-29.35306340912598
0.0002578125,34.13727363567273,56.17054648916329,27.149179622564617,-29.021366866598676
0.00025859375,34.0191034466913,56.178724465462494,27.567903949284066,-28.61082051617843
0.000259375,33.90218416999465,56.186817837617916,28.06100883317412,-28.125809004443795
0.00026015625,33.786754810188306,56.19482659344108,28.62404491307947,-27.57078168036161
0.0002609375,33.672765600757074,56.20275072087097,29.252514741769133,-26.950235979101834
0.00026171875,33.55945387592092,56.210590207973965,29.94188877882831,-26.268701429145654
0.0002625,33.443019445306966,56.21834504294395,30.687620172675828,-25.530724870268124
0.00026328125,33.282013972023655,56.226015214102304,31.48514748884422,-24.740867725258084
0.0002640625,33.43745698892349,22.868405430262,32.2010127684981,9.332607338236105
0.00026484375,33.439677414847196,22.857111177697522,32.95462693208276,10.097515754385242
0.000265625,33.47485690311629,22.92059041578419,33.64700097165955,10.726410555875363
0.00026640625,33.51691579506604,22.984039429168515,34.278316989827715,11.294277560659202
0.0002671875,33.56242487683316,23.04745382925124,34.84916187395693,11.801708044705695
0.00026796875,33.60998850500689,23.110833520285027,35.36029192724219,12.24945840695716
0.00026875,33.65828126195776,23.174178406821184,35.812623176271806,12.638444769450624
0.00026953125,33.70407204501827,23.237488393463497,36.207221511277204,12.969733117813707
0.0002703125,33.71798660587889,23.300763384868212,36.54528477905051,13.2445213941823
0.00027109375,33.95180596311762,0.05213013625200371,36.73810009768702,36.68596996143501
0.000271875,34.07726988821019,2.9917948582112492e-06,36.87329452004375,36.87329152824889
0.00027265625,34.224231814366554,1.7170940007332135e-10,36.886383264034166,36.886383263862456
0.0002734375,34.37424873749628,1.8685570617939596e-14,36.78195027310102,36.781950273100996
0.00027421875,34.52474730374846,-1.8797679954010306e-15,36.564925064286115,36.564925064286115
0.000275,34.67472793607668,4.300620388881425e-16,36.24040192921927,36.24040192921927
0.00027578125,34.82364598359654,2.8877111248315604e-15,35.81361695483254,35.81361695483254
0.0002765625,34.97126071448658,-2.913666869967494e-14,35.28992581906177,35.2899258190618
0.00027734375,35.117882797486466,-2.840637666165124e-14,34.67478221463969,34.67478221463972
0.000278125,35.26602297773842,-1.3563036081630882e-14,33.97371731139135,33.97371731139136
0.00027890625,35.445229587268415,-1.3586940365343369e-14,33.192328057430544,33.19232805743056
0.0002796875,35.39562093187232,24.003618822453667,32.428962731771065,8.425343909317395
0.00028046875,35.45462353696373,24.120107340919123,31.600530413555518,7.480423072636393
0.00028125,35.487987339513985,24.18288549826135,30.780689357668297,6.597803859406949
0.00028203125,35.5141795451086,24.245624156214372,29.97206052197362,5.726436365759247
0.0002828125,35.535325720221664,24.30832630051881,29.176969926938067,4.8686436264192565
0.00028359375,35.55187980919389,24.370991836923125,28.39760894705187,4.026617110128746
0.000284375,35.56362063016051,24.43362067105419,27.63603295349595,3.202412282441758
0.00028515625,35.56915909265705,24.496212708594072,26.89415992760616,2.3979472190120887
0.0002859375,35.56103054910501,24.55876785528032,26.17376797709252,1.6150001218122
0.00028671875,35.17288016976184,24.621286016905998,25.47638535907096,0.8550993421649615
0.0002875,35.47706386197161,56.41991470138127,24.962881466618917,-31.457033234762356
0.00028828125,35.32766723127814,56.42669489025281,24.479333130398203,-31.94736175985461
0.0002890625,35.18803767541353,56.431565543978095,24.116053395059275,-32.31551214891882
0.00028984375,35.04996121837447,56.43635110807254,23.869505935996685,-32.56684517207586
0.000290625,34.91213733052591,56.44105168003614,23.735919336034705,-32.705132344001434
0.00029140625,34.77436544341561,56.4456672527959,23.71131152139317,-32.73435573140273
0.0002921875,34.636685217895995,56.450197819400884,23.791510355915563,-32.65868746348532
0.00029296875,34.499092907132145,56.45464337302812,23.972174217835764,-32.482469155192355
0.00029375,34.3612565662771,56.4590039069827,24.24881230315635,-32.21019160382635
0.00029453125,34.22173412179893,56.46327941469772,24.6168044255132,-31.84647498918452
0.0002953125,34.07402068250962,56.46746988973437,25.071419304462943,-31.396050585271425
0.00029609375,33.848133274496945,56.47157532578184,25.607813039999442,-30.8637622857824
0.000296875,34.153745640562015,0.1262171640419861,26.00338319880663,25.877166034764645
0.00029765625,34.19795058796304,7.243715218544903e-06,26.462066727614896,26.46205948389968
0.0002984375,34.29539884140081,4.157232541679071e-10,26.819230847768694,26.81923084735297
0.00029921875,34.40233593319395,2.3858727026360252e-14,27.077345261968677,27.077345261968652
0.0003,34.51346143985707,1.3692735482351977e-18,27.239465651077378,27.239465651077378
0.00030078125,34.627457567740656,7.858382586066386e-23,27.30883395570116,27.30883395570116
0.0003015625,34.74473909218873,4.509995606691148e-27,27.28886007196175,27.28886007196175
0.00030234375,34.86933381911535,2.5883265607910462e-31,27.183105165573284,27.183105165573284
0.000303125,35.032985312135686,1.4854636167177076e-35,26.995273137732017,26.995273137732017
0.00030390625,34.70610398203225,55.05695474709458,26.91384393571424,-28.14311081138034
0.0003046875,34.75570461055536,56.51103759837082,26.760577761858563,-29.750459836512256
0.00030546875,34.64996255641238,56.51420539013228,26.703542631830402,-29.81066275830188
0.00030625,34.5331311352548,56.51720480810123,26.74330333776338,-29.773901470337854
0.00030703125,34.413234310101686,56.52011910740251,26.87595802840555,-29.64416107899696
0.0003078125,34.292523030854795,56.52294828842558,27.097460488285336,-29.425487800140246
0.00030859375,34.17197369687,56.52569234691002,27.40364031714242,-29.1220520297676
0.000309375,34.05207723174797,56.52835127872332,27.79022127448556,-28.73813000423776
0.00031015625,33.9329575299319,56.53092507986118,28.25283902034175,-28.278086059519428
0.0003109375,33.81405521362238,56.53341374644751,28.787058288824493,-27.746355457623014
0.00031171875,33.692078957017074,56.53581727473441,29.38838898988219,-27.14742828485222
0.0003125,33.530151846770835,56.53813566110223,30.052291568266426,-26.485844092835805
0.00031328125,33.65025253416274,26.79094986071668,30.659262661582215,3.868312800865536
0.0003140625,33.63366114183855,26.785397109422977,31.315272854411543,4.529875744988566
0.00031484375,33.64645251741279,26.846517718380074,31.93149785948289,5.0849801411028155
0.000315625,33.66545612244476,26.907601725725108,32.50753801076766,5.599936285042549
0.00031640625,33.68772805488758,26.968645210927953,33.04333134797694,6.074686137048983
0.0003171875,33.71222116917834,27.02964808183851,33.53894650293461,6.509298421096097
0.00031796875,33.73825081259486,27.090610246587545,33.99457685835283,6.903966611765284
0.00031875,33.76499605557211,27.15153161336714,34.410534882002246,7.259003268635107
0.00031953125,33.79062739942407,27.212412090430796,34.78724616160926,7.574834071178464
0.0003203125,33.80644340843053,27.273251586093636,35.12524151253001,7.851989926436372
0.00032109375,34.41770269570261,8.06192258716177,35.36633512271929,27.30441253555752
0.000321875,34.07928542166612,0.0004626809022134077,35.53760608494356,35.53714340404135
0.00032265625,34.21449218793653,2.655365290807889e-08,35.61233977363449,35.61233974708084
0.0003234375,34.357779155661454,1.512103227497229e-12,35.57118375770177,35.571183757700254
0.00032421875,34.50287869090739,-8.30520457415921e-15,35.418800468942905,35.41880046894291
0.000325,34.64818467416835,-6.547529856630052e-15,35.160025531849705,35.16002553184971
0.00032578125,34.79305365425371,-7.222138315184697e-15,34.79984314724406,34.79984314724407
0.0003265625,34.937414380862016,-2.545809909355621e-15,34.34336434741797,34.34336434741797
0.00032734375,35.08241296710957,1.187271939954379e-14,33.795806059620915,33.7958060596209
0.000328125,35.23631962677115,9.4124186112237e-15,33.16247254686664,33.16247254686663
0.00032890625,34.77990797614654,19.69912044536278,32.508854333852526,12.809733888489749
0.0003296875,35.29202638338406,27.999622758791613,31.813424423933398,3.813801665141783
0.00033046875,35.31736535427033,28.06039409139211,31.10976530107822,3.049371209686112
0.00033125,35.33135840094404,28.120650282482245,30.424022963864292,2.3033726813820468
0.00033203125,35.34002654732312,28.180864097242075,29.75786594855873,1.5770018513166548
0.0003328125,35.344683293087904,28.2410354721283,29.112832371900442,0.8717968997721415
0.00033359375,35.3457562932088,28.3011643165255,28.490332725009555,0.18916840848405345
0.000334375,35.34332697843615,28.361250539880686,27.89165056679732,-0.46959997308336626
0.00033515625,35.337118337397825,28.42129405170511,27.31794340863849,-1.1033506430666193
0.0003359375,35.32589384659477,28.48129476157432,26.77024375439498,-1.7110510071793386
0.00033671875,35.30309546063371,28.54125257912834,26.249459140023003,-2.2917934391053385
0.0003375,34.946520030649054,28.601167414071774,25.75627755945883,-2.844889854612945
0.00033828125,35.19940440152602,56.56525665411067,25.43150153544296,-31.13375511866771
0.0003390625,35.053838876362995,56.566283889467535,25.139095540316433,-31.427188349151102
0.00033984375,34.91738238983843,56.56562111693174,24.95782297919141,-31.60779813774033
0.000340625,34.782789616903436,56.564873065490744,24.883909798626004,-31.68096326686474
0.00034140625,34.64886193918877,56.56403982836788,24.91338622630751,-31.650653602060373
0.0003421875,34.515297627886625,56.563121406823264,25.042109887842894,-31.52101151898037
0.00034296875,34.38183716022697,56.562117802240024,25.26578541802826,-31.296332384211766
0.00034375,34.247692159887976,56.56102901612958,25.579983872016772,-30.98104514411281
0.00034453125,34.109873424840664,56.5598550501316,25.980161397165226,-30.579693652966377
0.0003453125,33.951106362658095,56.558595906014084,26.46167378262484,-30.096922123389245
0.00034609375,35.02413513865134,16.685721538568785,26.89811230520592,10.212390766637133
0.000346875,34.132527443931544,0.0009576083883577586,27.33968252330271,27.33872491491435
0.00034765625,34.22187294311694,5.49579964722221e-08,27.724636189880485,27.724636134922488
0.0003484375,34.32928321489805,3.154088260881415e-12,28.006585969548805,28.00658596954565
0.00034921875,34.44232611898699,1.8101592845470976e-16,28.188661679029305,28.188661679029305
0.00035,34.55816695138895,1.0388665010015884e-20,28.274193287420793,28.274193287420793
0.00035078125,34.675884062687025,5.962147177414336e-25,28.266687337021892,28.266687337021892
0.0003515625,34.795550461626725,3.4217292530732385e-29,28.169808622104256,28.169808622104256
0.00035234375,34.919009179506794,1.963760828597117e-33,27.98736266454127,27.98736266454127
0.000353125,35.05641892372664,1.1270197922494414e-37,27.72328050564698,27.72328050564698
0.00035390625,35.43646242488174,6.468066750416688e-42,27.381673837141193,27.381673837141193
0.0003546875,34.912150273394715,56.525844575452126,27.225136394705977,-29.30070818074615
0.00035546875,34.82703657439468,56.5344762302689,27.01016062548125,-29.52431560478765
0.00035625,34.714628405816406,56.532025481122616,26.89721188517001,-29.634813595952608
0.00035703125,34.596144874207305,56.52948896462486,26.88268577865469,-29.64680318597017
0.0003578125,34.47550913226248,56.5268673157021,26.962769872094587,-29.564097443607512
0.00035859375,34.35409092787074,56.524160538338734,27.133499698978767,-29.390660839359967
0.000359375,34.23240815118961,56.52136863661111,27.39077783771824,-29.130590798892868
0.00036015625,34.110202794565154,56.518491614723764,27.73039212380964,-28.788099490914124
0.0003609375,33.984759210107384,56.51552947700947,28.148032887817816,-28.367496589191656
0.00036171875,33.82401851699963,56.512482227929134,28.63930082957853,-27.873181398350603
0.0003625,33.90901054224929,30.553438021502,29.099446736788845,-1.4539912847131562
0.00036328125,33.87447688876345,30.55365994509418,29.620447674362882,-0.9332122707312962
0.0003640625,33.865395331502675,30.612056774125616,30.124248921623067,-0.4878078525025501
0.00036484375,33.86163372445588,30.67041084330305,30.609939878051442,-0.060470965251606404
0.000365625,33.86071635762148,30.728718723587782,31.07687281489486,0.34815409130707736
0.00036640625,33.86184122628879,30.786980326977478,31.524485261808486,0.7375049348310085
0.0003671875,33.86457701231513,30.845195565731178,31.95229802010096,1.1071024543697832
0.00036796875,33.868549472933495,30.90336435217779,32.35991331967418,1.4565489674963885
0.00036875,33.87324070686659,30.961486598716196,32.74701282363665,1.7855262249204544
0.00036953125,33.87754270319877,31.01956221781532,33.11335536782286,2.0937931500075395
0.0003703125,33.877570322890215,31.077591122014333,33.45877391391357,2.3811827918992328
0.00037109375,33.83442271068338,31.13557322392274,33.78316165407784,2.647588430155093
0.000371875,34.08455342717095,0.06963646578312258,33.96625875226407,33.89662228648095
0.00037265625,34.18989705146638,3.996498674496114e-06,34.12325613988627,34.123252143387596
0.0003734375,34.32405667579467,2.2937221375798322e-10,34.166070013213556,34.166070012984186
0.00037421875,34.462667959268344,1.9551051789649523e-14,34.09882870765041,34.09882870765039
0.000375,34.60261396321945,6.820730860780754e-15,33.9260513936178,33.92605139361779
0.00037578125,34.743034116002484,-5.763163669999937e-16,33.65241592348847,33.65241592348847
0.0003765625,34.884209694745664,-7.083693052356476e-15,33.28273742541563,33.28273742541564
0.00037734375,35.02945076631596,-1.043268355498713e-14,32.82194835182746,32.821948351827466
0.000378125,35.21776948886209,-6.444716861282597e-15,32.275089924324845,32.27508992432485
0.00037890625,35.10663876057372,31.642003263810487,31.769504658405403,0.1275013945949146
0.0003796875,35.14100037063269,31.77025840773389,31.19328447129267,-0.57697393644122
0.00038046875,35.14399442556858,31.82767615439354,30.641289752824694,-1.1863864015688463
0.00038125,35.140088491199734,31.885041906472793,30.114713182600447,-1.7703287238723449
0.00038203125,35.13225348499202,31.942359640022012,29.614413353793864,-2.3279462862281464
0.0003828125,35.12138904908797,31.999629268954866,29.141131066222492,-2.858498202732375
0.00038359375,35.10787748565309,32.05685070702434,28.69549210241629,-3.3613586046080517
0.000384375,35.09189321028739,32.11402386805601,28.278009843298143,-3.8360140247578642
0.00038515625,35.07345348598101,32.17114866594807,27.889088052469692,-4.282060613478375
0.0003859375,35.05231240407256,32.22822501467164,27.52902384449959,-4.699201170172047
0.00038671875,35.027416481496964,32.285252828270785,27.19801071713469,-5.087242111136096
0.0003875,34.99315648891206,32.34223202086263,26.89614063756362,-5.446091383299015
0.00038828125,34.67352054356498,32.39916250663754,26.623324980952333,-5.775837525685205
0.0003890625,34.876611950309396,56.350877433483106,26.499478746549844,-29.851398686933262
0.00038984375,34.73891178869231,56.34614518272335,26.40740016482312,-29.938745017900228
0.000390625,34.609562030996436,56.33995319876306,26.41388886700306,-29.926064331760003
0.00039140625,34.48226752096411,56.33367628894602,26.51504906175167,-29.81862722719435
0.0003921875,34.35580563625315,56.32731454162604,26.706834581851922,-29.620479959774116
0.00039296875,34.22944156793046,56.320867966388306,26.98506999520757,-29.335797971180735
0.00039375,34.101552871432155,56.31433657294127,27.34546843170595,-28.968868141235323
0.00039453125,33.965546248817844,56.307720371121064,27.783648069803775,-28.52407230131729
0.0003953125,33.75157796211662,56.301019370891574,28.295128920723528,-28.005890450168046
0.00039609375,34.067299954705845,0.1258269150987352,28.658381596071376,28.53255468097264
0.000396875,34.122254115857956,7.221318484862094e-06,29.07710342483341,29.077096203514927
0.00039765625,34.22998665283293,4.1443788571698956e-10,29.387573053425957,29.38757305301152
0.0003984375,34.3467580067421,2.3784958588604416e-14,29.592672888781742,29.592672888781717
0.00039921875,34.46707631503778,1.365039912031468e-18,29.695874042027086,29.695874042027086
0.0004,34.5891949396216,7.834085371633221e-23,29.700836270107164,29.700836270107164
0.00040078125,34.712395464984496,4.496051219389021e-27,29.61138808239196,29.61138808239196
0.0004015625,34.836566071606924,2.580323752989081e-31,29.431507861412385,29.431507861412385
0.00040234375,34.96255917267491,1.480870734196048e-35,29.165305515181746,29.165305515181746
0.000403125,35.0945803319136,8.49884875437808e-40,28.81700516175013,28.81700516175013
0.00040390625,35.264314063468014,4.877564832760852e-44,28.390935945579145,28.390935945579145
0.0004046875,34.94500680937739,54.77044298389912,28.07520445832657,-26.695238525572552
0.00040546875,34.999201957424795,56.206111631742644,27.693024689002,-28.513086942740642
0.00040625,34.89787352626959,56.198307413564095,27.412119393384646,-28.78618802017945
0.00040703125,34.78452677180562,56.19033572441741,27.233510109128765,-28.956825615288643
0.0004078125,34.6670889927913,56.182279408886494,27.153737613725188,-29.028541795161306
0.00040859375,34.54762012436609,56.17413848385786,27.16916211387397,-29.00497636998389
0.000409375,34.4265110311839,56.16591296159184,27.275983443066327,-28.889929518525516
0.00041015625,34.30176891557389,56.157602854475954,27.470259103827207,-28.687343750648747
0.0004109375,34.146403655133035,56.14920817502505,27.747914252910533,-28.40129392211452
0.00041171875,34.19884950809085,34.13339180628654,28.01973409645117,-6.11365770983537
0.0004125,34.14951371921319,34.13938707893393,28.363303352820147,-5.776083726113781
0.00041328125,34.121430100775974,34.19471124983031,28.711949729415267,-5.482761520415047
0.0004140625,34.0976454307546,34.2499867580895,29.064399244313968,-5.1855875137755305
0.00041484375,34.07618983143643,34.30521068665025,29.41955967712981,-4.885651009520439
0.000415625,34.05653421936816,34.36038295218367,29.776373264477343,-4.5840096877063266
0.00041640625,34.038508860953264,34.41550347160134,30.13381834722009,-4.281685124381252
0.0004171875,34.022089622225074,34.47057216189273,30.490911129233332,-3.9796610326594024
0.00041796875,34.00736352006635,34.52558894012542,30.846707306551323,-3.6788816335740933
0.00041875,33.994592183556854,34.58055372344511,31.200303541604093,-3.3802501818410153
0.00041953125,33.98448178873712,34.635466429075834,31.55083882442242,-3.084627604653411
0.0004203125,33.97939895293333,34.69032697432007,31.89749598877142,-2.792830985548651
0.00042109375,33.99372814082769,34.74513527655879,32.23950632264886,-2.505628953909931
0.000421875,33.96159094544,3.027734688950497,32.47499905535875,29.447264366408252
0.00042265625,34.1053305987174,0.00017376438465413293,32.6972884701205,32.69711470573584
0.0004234375,34.253586442553264,9.972487174787935e-09,32.815704739503516,32.81570472953103
0.00042421875,34.39336309312381,5.675054538022604e-13,32.825387062864095,32.82538706286353
0.000425,34.52984160653328,-5.245669330469141e-15,32.73056108135826,32.73056108135827
0.00042578125,34.663392310341884,-1.4779359433868406e-15,32.53561750511791,32.53561750511791
0.0004265625,34.79235670757077,7.806154544204632e-15,32.24509210434721,32.2450921043472
0.00042734375,34.90813918969128,1.312551492364664e-14,31.863643849101997,31.863643849101983
0.000428125,34.60415602706211,1.8623706243478036e-14,31.395913601419824,31.395913601419807
0.00042890625,35.06821756555781,35.288304585914844,31.02383163135886,-4.264472954555984
0.0004296875,35.03011764101918,35.34455489673778,30.580227091707705,-4.76432780503008
0.00043046875,35.00275803244554,35.3987299834428,30.169145802560728,-5.22958418088207
0.00043125,34.97667127041094,35.45285164425605,29.790793475395954,-5.662058168860096
0.00043203125,34.95008799213738,35.50691991370877,29.445260560985467,-6.061659352723305
0.0004328125,34.9225092797408,35.56093471038179,29.13253010480597,-6.428404605575818
0.00043359375,34.89378798313546,35.61489595292981,28.85248170451389,-6.762414248415917
0.000434375,34.863895028786665,35.668803560088136,28.604895863450526,-7.063907696637611
0.00043515625,34.832828847825475,35.72265745067293,28.389458534464566,-7.333198916208367
0.0004359375,34.80054663549063,35.77645754358119,28.20576579201,-7.570691751571189
0.00043671875,34.76683449319849,35.830203757790926,28.05332858359141,-7.7768751741995175
0.0004375,34.73084062212717,35.88389601236135,27.931577442841938,-7.952318569519409
0.00043828125,34.68797310206022,35.937534226432874,27.839866322011385,-8.097667904421488
0.0004390625,34.410230293336035,35.99111831922731,27.777409268038348,-8.213709051188966
0.00043984375,34.5655556361514,55.77814036301821,27.842550218438767,-27.935590144579443
0.000440625,34.440510755461425,55.76767872042399,27.93774561711709,-27.829933103306896
0.00044140625,34.32396427673577,55.75599690235079,28.117485486818374,-27.638511415532413
0.0004421875,34.211338308427564,55.7442310515469,28.37785572147723,-27.36637533006967
0.00044296875,34.103067851892995,55.73238125093472,28.714837792606932,-27.01754345832779
0.00044375,34.002946760952845,55.720447518363585,29.124328334873177,-26.59611918349041
0.00044453125,33.93420015622523,55.70842987180548,29.602161295579652,-26.106268576225826
0.0004453125,33.791261692427945,4.847981511348688,29.982239628701752,25.134258117353063
0.00044609375,33.93071453900219,0.00027822996752881413,30.411113982812566,30.41083575284504
0.000446875,34.0782481796891,1.596786511043218e-08,30.740422070188114,30.74042205422025
0.00044765625,34.21345931054508,9.164099699596583e-13,30.959325444738457,30.95932544473754
0.0004484375,34.34525649238949,5.259358262569465e-17,31.071452368065053,31.071452368065053
0.00044921875,34.47535317999425,3.0183924488812992e-21,31.080626278076295,31.080626278076295
0.00045,34.604019728957006,1.7322822520579928e-25,30.990847100916877,30.990847100916877
0.00045078125,34.731031232292246,9.941721799321666e-30,30.806271963038654,30.806271963038654
0.0004515625,34.855846728542836,5.705642496636209e-34,30.53119590667068,30.53119590667068
0.00045234375,34.97745630478782,3.274518937116334e-38,30.170032807935474,30.170032807935474
0.000453125,35.09353054625792,1.8792755199532706e-42,29.727296413425826,29.727296413425826
0.00045390625,35.19544261115734,1.0785329227644548e-46,29.207580311186923,29.207580311186923
0.0004546875,35.167723938347834,6.189796297222887e-51,28.61550463685435,28.61550463685435
0.00045546875,35.33976147674609,55.494759705134115,28.188916785929763,-27.305842919204352
0.00045625,35.17954072538351,55.51810600061266,27.710086320972245,-27.808019679640417
0.00045703125,35.04995743292291,55.504750379166126,27.338099939831555,-28.16665043933457
0.0004578125,34.925364595626796,55.49130906701138,27.070009072995497,-28.421299994015882
0.00045859375,34.801387975377274,55.47778418582741,26.902554161544423,-28.575230024282988
0.000459375,34.67497444993305,55.464175756103046,26.83228406792142,-28.631891688181625
0.00046015625,34.523580993235875,55.45048379833236,26.855567157357733,-28.594916640974624
0.0004609375,34.54121698641434,37.50942361771516,26.899343965208708,-10.61007965250645
0.00046171875,34.47556484509386,37.52115642206225,27.026424685484184,-10.494731736578064
0.0004625,34.4268154358491,37.57307741349226,27.181992492466897,-10.391084921025358
0.00046328125,34.381163017894984,37.624944130225394,27.36448574846193,-10.260458381763463
0.0004640625,34.337024016432466,37.6767541846052,27.57243580720342,-10.10431837740178
0.00046484375,34.29398634523054,37.7285074984741,27.804350949776996,-9.924156548697107
0.000465625,34.25191318708937,37.780203993892556,28.05872172100888,-9.721482272883678
0.00046640625,34.21074657768418,37.83184359300656,28.334026347201114,-9.497817245805447
0.0004671875,34.17043625537496,37.88342621804781,28.628736021500856,-9.254690196546951
0.00046796875,34.13088946958338,37.93495179133382,28.94132001091601,-8.993631780417816
0.00046875,34.09189310240162,37.986420235267985,29.270250558893462,-8.716169676374523
0.00046953125,34.05291257694578,38.037831472339796,29.614007541422758,-8.423823930917038
0.0004703125,34.01235220126204,38.08918542512482,29.971082721145812,-8.118102703979005
0.00047109375,33.96305598372643,38.14048201628494,30.33998243939431,-7.800499576890633
0.000471875,33.750227211932085,38.19172116856842,30.7191827723423,-7.47253839622612
0.00047265625,34.14896885058195,0.007430697693982365,30.932437232041423,30.92500653434744
0.0004734375,34.25082194203859,4.2645433748883576e-07,31.145641967545973,31.145641541091635
0.00047421875,34.370840579746236,2.4468342281275665e-11,31.25173015811617,31.251730158091704
0.000475,34.494150037079166,-3.831818772155085e-15,31.254531368084137,31.25453136808414
0.00047578125,34.61706276827185,-5.7310446588840104e-15,31.158077490293067,31.158077490293074
0.0004765625,34.735735834792436,-1.264099000584029e-14,30.966557369235037,30.96655736923505
0.00047734375,34.833459283961275,-6.01050528284947e-15,30.684292829208147,30.684292829208154
0.000478125,34.98276097518859,35.24101929195746,30.42791444321451,-4.813104848742947
0.00047890625,34.936466242695445,38.650083336560776,30.09766945165078,-8.552413884909994
0.0004796875,34.88419334354632,38.70093660874179,29.798045379030086,-8.902891229711706
0.00048046875,34.83983904349184,38.75153887065138,29.538439129715787,-9.213099740935593
0.00048125,34.79702082138927,38.802082762382966,29.318267106634472,-9.483815655748495
0.00048203125,34.75434122159247,38.852568218878496,29.136844346387242,-9.715723872491253
0.0004828125,34.71138624539681,38.90299516410845,28.993389905354327,-9.909605258754118
0.00048359375,34.668039567797976,38.95336352213075,28.887032869180004,-10.066330652950747
0.000484375,34.624293308139805,39.00367321709156,28.816818574324866,-10.186854642766694
0.00048515625,34.580176160464156,39.05392417322538,28.78171488995016,-10.272209283275224
0.0004859375,34.5357124615353,39.10411631485517,28.78061850945926,-10.323497805395911
0.00048671875,34.4908765065502,39.154249566392494,28.812361219245098,-10.341888347147396
0.0004875,34.44549085854153,39.20432385233758,28.875716107316407,-10.328607745021174
0.00048828125,34.39885552421023,39.254339097279434,28.96940361738746,-10.284935479891974
0.0004890625,34.34730605987984,39.30429522589603,29.09209678545715,-10.212198440438877
0.00048984375,34.11209132987393,39.354192162954334,29.242373731168925,-10.111818431785407
0.000490625,34.21638251425927,54.8506877076538,29.496441400193536,-25.35424630746026
0.00049140625,34.10068761137253,54.83456320300988,29.777096957214766,-25.057466245795112
0.0004921875,33.99038240217869,54.817465840194174,30.12623873912135,-24.691227101072823
0.00049296875,33.87916974099632,54.80028587217171,30.540025127300378,-24.260260744871335
0.00049375,33.75617129523486,54.78302337590617,31.014555209038107,-23.76846816686806
0.00049453125,33.39945648804633,54.76567837739745,31.54581482486131,-23.21986355253614
0.0004953125,33.91960894748088,0.010653168918606615,31.879533730137922,31.868880561219317
0.00049609375,34.01519970948611,6.113948321305191e-07,32.25166773448842,32.25166712309359
0.000496875,34.13783154479406,3.5088492786688804e-11,32.50696914707448,32.50696914703939
0.00049765625,34.26677947834985,2.0137597855565097e-15,32.6491634621717,32.6491634621717
0.0004984375,34.39804273010139,1.1557146380089013e-19,32.682224624277076,32.682224624277076
0.00049921875,34.5300207249624,6.632749020454427e-24,32.610318035174664,32.610318035174664
0.0005,34.66175556744624,3.806593610697205e-28,32.437779273251806,32.437779273251806
0.00050078125,34.792499374145585,2.1846379038789594e-32,32.16909353854418,32.16909353854418
0.0005015625,34.92153734028249,1.253783108775436e-36,31.808875509962753,31.808875509962753
0.00050234375,35.048026514237506,7.195572689915631e-41,31.361849582489107,31.361849582489107
0.000503125,35.17064824416675,4.1296031166370786e-45,30.832830460630124,30.832830460630124
0.00050390625,35.28632253142455,2.3700159300508198e-49,30.226703884116525,30.226703884116525
0.0005046875,35.381654500124036,1.3601732055231519e-53,29.548405259271018,29.548405259271018
0.00050546875,34.82783325492144,7.80615491045858e-58,28.802713727448005,28.802713727448005
0.00050625,35.4627781981389,54.49249256999124,28.268174232935397,-26.224318337055845
0.00050703125,35.32126174197688,54.476959611310875,27.683532776643546,-26.79342683466733
0.0005078125,35.19673578993058,54.45821635199507,27.206742655591167,-27.251473696403902
0.00050859375,35.07308164318632,54.43939090005604,26.835039706983835,-27.604351193072205
0.000509375,34.930572158306035,54.42048346336786,26.565423790021867,-27.85505967334599
0.00051015625,34.917244115107565,40.66136414261194,26.34159119406005,-14.319772948551885
0.0005109375,34.83947520263065,40.67876438376078,26.21136288391405,-14.46740149984673
0.00051171875,34.77401211905208,40.72697200589351,26.13226167631401,-14.594710329579499
0.0005125,34.71030670342329,40.775120065521264,26.102600074088894,-14.67251999143237
0.00051328125,34.64721616250372,40.823206718656735,26.120689704686537,-14.702517013970198
0.0005140625,34.5845119325834,40.871231892780685,26.184756899324377,-14.68647499345631
0.00051484375,34.52218516001862,40.91919551556802,26.292951426090326,-14.626244089477693
0.000515625,34.46029347653748,40.9670975147864,26.44335530508092,-14.523742209705484
0.00051640625,34.398907802199076,41.014937818296296,26.633991525969748,-14.380946292326549
0.0005171875,34.33808195194691,41.06271635405106,26.862832618836826,-14.199883735214236
0.00051796875,34.277819226864885,41.110433050097086,27.12780904808158,-13.982624002015507
0.00051875,34.21800965010594,41.1580878345739,27.42681740030708,-13.731270434266817
0.00051953125,34.158267416982284,41.20568063571425,27.75772832268676,-13.447952313027493
0.0005203125,34.09737425698444,41.25321138184423,28.11839408968561,-13.134817292158623
0.00052109375,34.030387964570274,41.300680001383405,28.506655087569456,-12.794024913813947
0.000521875,33.90584482966991,41.34808642284489,28.920331831075657,-12.427754591769228
0.00052265625,34.17037934675102,0.0924525242621597,29.19769890752052,29.10524638325836
0.0005234375,34.24263769386398,5.30593252208634e-06,29.489534020789907,29.489528714857386
0.00052421875,34.35289368564831,3.044955101719593e-10,29.676675210788385,29.67667521048389
0.000525,34.46842078822107,1.1432069213783301e-14,29.76235452611304,29.76235452611303
0.00052578125,34.58387120020278,-1.5640599479702088e-14,29.75026896398719,29.750268963987203
0.0005265625,34.69361317777753,-2.2020133260262377e-15,29.644280780794585,29.64428078079459
0.00052734375,34.76270108766194,-5.612830309525887e-15,29.448388402960518,29.448388402960525
0.000528125,34.923296243717985,41.40917190615301,29.315282374057592,-12.093889532095421
0.00052890625,34.82041668374962,41.77191542279085,29.10438756781538,-12.667527854975468
0.0005296875,34.75431626695425,41.81871408214348,28.941094815432454,-12.877619266711026
0.00053046875,34.694465562602964,41.865431634522636,28.82508949362636,-13.040342140896275
0.00053125,34.63640568746368,41.91208613727792,28.75503579064332,-13.1570503466346
0.00053203125,34.57905096121373,41.95867752118887,28.729505248405548,-13.22917227278332
0.0005328125,34.522082444404546,42.00520571608975,28.746984123125074,-13.258221592964674
0.00053359375,34.46542971000314,42.051670651909944,28.805881355499878,-13.245789296410067
0.000534375,34.40911724098708,42.09807225867413,28.904536593187803,-13.193535665486326
0.00053515625,34.353205268307725,42.14441046650226,29.04122814986822,-13.103182316634037
0.0005359375,34.29775989583566,42.190685205609874,29.214180856796908,-12.976504348812966
0.00053671875,34.242829897567816,42.23689640630805,29.42157377864427,-12.815322627663779
0.0005375,34.18841399490053,42.283043999003546,29.661547768807488,-12.621496230196056
0.00053828125,34.13438356911199,42.32912791419892,29.932212833862664,-12.396915080336257
0.0005390625,34.08020592066014,42.375148082492636,30.231655235190903,-12.143492847301733
0.00053984375,34.02316815267136,42.421104434579156,30.557943846687703,-11.863160587891453
0.000540625,33.83486502032034,42.46699690124903,30.90909851399909,-11.55789838724994
0.00054140625,33.89017034883718,53.57441751112124,31.33877319621042,-22.23564431491082
0.0005421875,33.786243765417794,53.55273268662532,31.79066500420459,-21.762067682420728
0.00054296875,33.67890743899494,53.530328508060435,32.29388069907914,-21.236447808981296
0.00054375,33.49869623351784,53.507843677132406,32.8447213288715,-20.663122348260902
0.00054453125,33.82226273304489,0.11957095086845687,33.23331195315719,33.113741002288734
0.0005453125,33.89825328907357,6.862283137764093e-06,33.65390004194273,33.65389317965959
0.00054609375,34.02435721057042,3.938325280581516e-10,33.95162591111397,33.95162591072014
0.000546875,34.158836421958696,2.2602398799769085e-14,34.13000242715259,34.13000242715257
0.00054765625,34.29628499003109,1.2971717547626497e-18,34.193132568343394,34.193132568343394
0.0005484375,34.434806516315525,7.44458398535647e-23,34.14532549149797,34.14532549149797
0.00054921875,34.573366028468214,4.2725129121522405e-27,33.99107391282168,33.99107391282168
0.00055,34.71122535454235,2.4520331317927285e-31,33.73503248838777,33.73503248838777
0.00055078125,34.84776278340061,1.4072436065220763e-35,33.38199665210251,33.38199665210251
0.0005515625,34.98238666483182,8.076296125123723e-40,32.93688186534224,32.93688186534224
0.00055234375,35.114455838759795,4.635058123439783e-44,32.40470329883942,32.40470329883942
0.000553125,35.2431311774969,2.6601010506330342e-48,31.790555967568675,31.790555967568675
0.00055390625,35.36694119392594,1.5266556343262443e-52,31.099595285376918,31.099595285376918
0.0005546875,35.481916656575024,8.761612365310058e-57,30.33701767047671,30.33701767047671
0.00055546875,35.56577416118534,5.028367204358632e-61,29.508036754496285,29.508036754496285
0.00055625,35.71928611112202,48.51166191534209,28.772311046018473,-19.739350869323616
0.00055703125,35.60240730770605,53.11303516899605,27.991124904186158,-25.12191026480989
0.0005578125,35.47779918234311,53.08937060875964,27.30711969425482,-25.782250914504818
0.00055859375,35.372686024815266,53.06536066645049,26.73165088207953,-26.333709784370956
0.000559375,35.24787317924838,43.62124127322052,26.228415237839037,-17.392826035381482
0.00056015625,35.18292629416001,43.59334949191456,25.82793438598827,-17.765415105926287
0.0005609375,35.10858630430487,43.63755282093368,25.499724321251865,-18.137828499681813
0.00056171875,35.031802243859936,43.68169457395708,25.241936652886604,-18.439757921070477
0.0005625,34.95373136151632,43.72577054337554,25.052773558064555,-18.672996985310984
0.00056328125,34.87482582883626,43.76978066257381,24.93028945286159,-18.839491209712218
0.0005640625,34.79538815568801,43.813724865273414,24.872403115090087,-18.941321750183327
0.00056484375,34.71566914400335,43.85760308529517,24.876909626040945,-18.980693459254223
0.000565625,34.635889758636786,43.901415256559275,24.94149221237096,-18.959923044188315
0.00056640625,34.55624275908507,43.94516131308539,25.06373397265374,-18.881427340431653
0.0005671875,34.47688410428867,43.98884118899278,25.24112945906782,-18.74771172992496
0.00056796875,34.39791142320831,44.0324548185003,25.471096082007108,-18.56135873649319
0.00056875,34.319313938190945,44.07600213592661,25.75098530259458,-18.32501683333203
0.00056953125,34.24084119119073,44.119483075690276,26.07809356666972,-18.041389509020558
0.0005703125,34.16157916148864,44.16289757230973,26.44967287891093,-17.7132246933988
0.00057109375,34.078011855190375,44.20624556040359,26.86294055575434,-17.34330500464925
0.000571875,33.96498665631572,44.24952697469052,27.315082557866095,-16.934444416824423
0.00057265625,34.237425153068884,1.1369459559871076,27.658529103634955,26.521583147647846
0.0005734375,34.21544184696648,6.525033886151269e-05,28.03307271729244,28.03300746695358
0.00057421875,34.31553465096348,3.744770293103755e-09,28.307279900448776,28.307279896704006
0.000575,34.42392987630171,2.082824854742857e-13,28.480963104890872,28.480963104890662
0.00057578125,34.53256226295663,-5.330276963893242e-15,28.55750238921441,28.557502389214417
0.0005765625,34.63283276297638,-2.1074397102625986e-15,28.540453515626574,28.540453515626577
0.00057734375,34.63138262084279,-5.290678772221868e-15,28.43349989456901,28.433499894569014
0.000578125,34.79185139164224,44.56399122865258,28.427692145987056,-16.136299082665527
0.00057890625,34.68736897355014,44.63605147396163,28.3485845570068,-16.28746691695483
0.0005796875,34.60879992010128,44.67866526801101,28.32420606523388,-16.35445920277713
0.00058046875,34.53555597757219,44.721210090697795,28.352703652282653,-16.368506438415142
0.00058125,34.46442476052995,44.763687563953624,28.432051528411264,-16.33163603554236
0.00058203125,34.39456128372105,44.80609762390496,28.560142426137322,-16.24595519776764
0.0005828125,34.32572394446155,44.84844020668303,28.734796903626417,-16.113643303056612
0.00058359375,34.25787773698206,44.89071524852065,28.953772953163615,-15.936942295357035
0.000584375,34.19106854383255,44.932922685752374,29.214775520504865,-15.71814716524751
0.00058515625,34.12537304651764,44.975062454814555,29.51546584457457,-15.459596610239984
0.0005859375,34.06087392020631,45.017134492245475,29.853470578454804,-15.16366391379067
0.00058671875,33.99764315551715,45.05913873468541,30.226390665640153,-14.832748069045259
0.0005875,33.93572455741113,45.10107511887672,30.631809949933338,-14.469265168943384
0.00058828125,33.87510492880187,45.14294358166398,31.067303498344415,-14.075640083319565
0.0005890625,33.81564733308555,45.18474405999404,31.530445612156914,-13.654298447837125
0.00058984375,33.756876586766225,45.22647649091612,32.01881747310391,-13.207659017812214
0.000590625,33.696781504507946,45.26814081158196,32.530014113127734,-12.738126698454224
0.00059140625,33.557334446055975,45.309736959245825,33.06162829265101,-12.248108666594815
0.0005921875,33.55952777560919,51.957446087917695,33.644537845287516,-18.312908242630183
0.00059296875,33.433143871088156,51.9303388460734,34.243807522203646,-17.68653132386975
0.00059375,33.76157867319419,1.3330401124755222,34.706068419930915,33.37302830745539
0.00059453125,33.74642664860214,7.650435678033162e-05,35.195373513777824,35.19529700942104
0.0005953125,33.87555918547041,4.390653028064634e-09,35.55769142497038,35.55769142057973
0.00059609375,34.01612778574704,2.51983479427269e-13,35.79303870797867,35.79303870797842
0.000596875,34.160500001817766,1.446155583199461e-17,35.90563495127888,35.90563495127888
0.00059765625,34.30635893936103,8.299615417536182e-22,35.8999259462804,35.8999259462804
0.0005984375,34.452537750392686,4.763223050081985e-26,35.780559163928956,35.780559163928956
0.00059921875,34.598247842182424,2.7336560410852824e-30,35.55236086777829,35.55236086777829
0.0006,34.742857725845475,1.568869497059021e-34,35.22031373510358,35.22031373510358
0.00060078125,34.88580807801636,9.003881475246057e-39,34.78953490188126,34.78953490188126
0.0006015625,35.026565550835514,5.1674075996921034e-43,34.26525445272448,34.26525445272448
0.00060234375,35.164579324185006,2.965621146254149e-47,33.652794394510195,33.652794394510195
0.000603125,35.29920817570236,1.7019963324808764e-51,32.95754815006424,32.95754815006424
0.00060390625,35.429541463065206,9.767908215239387e-56,32.1849605888303,32.1849605888303
0.0006046875,35.55381226225329,5.605889335981465e-60,31.34050852741125,31.34050852741125
0.00060546875,35.66655741953396,3.217269711670866e-64,30.429681076518115,30.429681076518115
0.00060625,35.72528644419713,1.846419680673654e-68,29.457949778689812,29.457949778689812
0.00060703125,35.89341029545647,51.032512947040175,28.613864637710694,-22.41864830932948
0.0006078125,35.73018096201003,51.39318890872369,27.724027326955394,-23.669161581768293
0.00060859375,35.65466047708788,46.340559299819624,26.926126832200914,-19.41443246761871
0.000609375,35.5503016535677,46.24749747048615,26.236269580697837,-20.011227889788316
0.00061015625,35.460267455635844,46.2874312735507,25.63730694987698,-20.650124323673722
0.0006109375,35.370208411432884,46.32730300531496,25.127328464442908,-21.199974540872052
0.00061171875,35.27920208849939,46.367104969436404,24.704595673244594,-21.66250929619181
0.0006125,35.187160766188065,46.40683710553573,24.36716146913868,-22.03967563639705
0.00061328125,35.09423200568386,46.44649935377707,24.112884214651906,-22.333615139125165
0.0006140625,35.00065482031316,46.48609165442975,23.9394421014921,-22.546649552937648
0.00061484375,34.9067103826343,46.525613947868514,23.844347550501126,-22.681266397367388
0.000615625,34.812703064532265,46.565066174573474,23.824961583875254,-22.74010459069822
0.00061640625,34.71895510464855,46.60444827513032,23.87850811975747,-22.725940155372854
0.0006171875,34.62581115625185,46.643760190230296,24.002088145791106,-22.64167204443919
0.00061796875,34.53365604439607,46.68300186067038,24.192693732752893,-22.490308127917487
0.00061875,34.442960136171145,46.72217322735334,24.447221855407562,-22.274951371945775
0.00061953125,34.35439992079244,46.76127423128776,24.762488001686478,-21.99878622960128
0.0006203125,34.26923907141835,46.80030481358828,25.135239602629827,-21.665065210958456
0.00062109375,34.1909799476464,46.83926491547554,25.56216961291602,-21.27709530255952
0.000621875,34.13934227115157,46.878154478276315,26.0399341731907,-20.838220305085613
0.00062265625,34.02572928173965,4.082732675390324,26.42879551824118,22.346062842850856
0.0006234375,34.150488833476984,0.00023431165672543753,26.85221321152331,26.851978899866584
0.00062421875,34.2830710675042,1.3447349645887673e-08,27.185407620243623,27.185407606796275
0.000625,34.40702252899091,7.57155948472975e-13,27.419323605584797,27.41932360558404
0.00062578125,34.531871394857255,-1.3399988941758179e-14,27.55710680863803,27.557106808638043
0.0006265625,34.667952828199354,-1.4607832268649847e-14,27.602085903239082,27.602085903239097
0.00062734375,35.006639228282616,-1.3644119305112827e-14,27.557816282844684,27.557816282844698
0.000628125,34.5912436146424,47.17755183571539,27.643632248370526,-19.533919587344865
0.00062890625,34.54272389338677,47.224976129734834,27.656744406617893,-19.56823172311694
0.0006296875,34.47186817176308,47.263157624459616,27.731421148485502,-19.531736475974114
0.00063046875,34.39638419957259,47.301267415352335,27.86516897210434,-19.436098443247996
0.00063125,34.319562068563435,47.33930597136095,28.05537381907211,-19.28393215228884
0.00063203125,34.24261011310238,47.3772732352303,28.299343931800234,-19.077929303430064
0.0006328125,34.16616327201747,47.415169149782365,28.594321925619596,-18.82084722416277
0.00063359375,34.09064098961897,47.4529936579466,28.937496220471708,-18.51549743747489
0.000634375,34.01636406913302,47.49074670275992,29.326012118528382,-18.16473458423154
0.00063515625,33.94360218624748,47.528428227367016,29.756982562532574,-17.77144566483444
0.0006359375,33.87259784207841,47.566038175020104,30.227498568197273,-17.33853960682283
0.00063671875,33.803582762573754,47.60357648907933,30.73463931559891,-16.868937173480422
0.0006375,33.736795147347756,47.64104311301266,31.275481883758093,-16.365561229254563
0.00063828125,33.67250692034155,47.67843799039604,31.84711061476081,-15.831327375635233
0.0006390625,33.61108042563384,47.71576106491345,32.4466260992956,-15.269134965617852
0.00063984375,33.55311336234261,47.753012280357034,33.07115379134508,-14.681858489011951
0.000640625,33.49990654768083,47.79019158062712,33.717852324380075,-14.072339256247052
0.00064140625,33.455686057746725,47.82729890973236,34.383922031762594,-13.443376877969769
0.0006421875,33.393191067521514,49.39739589778667,35.071296296859174,-14.326099600927499
0.00064296875,33.340593825439974,4.353473305874,35.62956462112903,31.27609131525503
0.00064375,33.50460171618246,0.000249849702127662,36.193760740800684,36.193510891098555
0.00064453125,33.67590050757931,1.433909645639806e-08,36.63335522336742,36.63335520902832
0.0006453125,33.83653166192794,8.229334893536519e-13,36.93953606842715,36.93953606842633
0.00064609375,33.99450991860772,4.722888432747823e-17,37.11655489944881,37.11655489944881
0.000646875,34.15134518633109,2.7105076457275428e-21,37.16890527823423,37.16890527823423
0.00064765625,34.307271544851375,1.5555844272342884e-25,37.101299972676834,37.101299972676834
0.0006484375,34.46214505757775,8.92763727882533e-30,36.91864772132169,36.91864772132169
0.00064921875,34.615689361368936,5.12365037775398e-34,36.62603007291634,36.62603007291634
0.00065,34.76758399115361,2.940508487696158e-38,36.228678532882505,36.228678532882505
0.00065078125,34.91750428441343,1.6875839545483374e-42,35.73195211276897,35.73195211276897
0.0006515625,35.06514558084732,9.685194297399632e-47,35.14131534887605,35.14131534887605
0.00065234375,35.21024603866459,5.558419083421996e-51,34.462316846239176,34.462316846239176
0.000653125,35.35262109073893,3.190026111840116e-55,33.70056840008433,33.70056840008433
0.00065390625,35.49223600634366,1.8307843366061625e-59,32.86172474799914,32.86172474799914
0.0006546875,35.62939953934381,1.0507034016812639e-63,31.951464022564682,31.951464022564682
0.00065546875,35.765432194047435,6.030080202407077e-68,30.975469067254352,30.975469067254352
0.00065625,35.90614255496369,3.4607166198641783e-72,29.939410484068446,29.939410484068446
0.00065703125,36.113157312220686,1.9861360248945547e-76,28.848947474140495,28.848947474140495
0.0006578125,35.85170652332141,48.54972022347602,27.897744944950183,-20.65197527852584
0.00065859375,35.820644327103665,48.62533719247515,26.91094113182747,-21.71439606064768
0.000659375,35.74086518123681,48.66077628329526,26.031542172573804,-22.62923411072146
0.00066015625,35.65053957914201,48.696139790224215,25.25837220401504,-23.437767586209176
0.0006609375,35.5547563139769,48.73142996151461,24.589840486540766,-24.14158947497384
0.00066171875,35.45527376730538,48.76664674415214,24.024085277618216,-24.742561466533925
0.0006625,35.35304118746169,48.801790085101,23.558991169552687,-25.24279891554831
0.00066328125,35.24872720536198,48.83685993143596,23.192205899054464,-25.644654032381496
0.0006640625,35.1428796333713,48.87185623034243,22.921157130048375,-25.950699100294056
0.00066484375,35.03598635289198,48.90677892911665,22.743069245615143,-26.163709683501505
0.000665625,34.928503815212615,48.94162797516564,22.654980117186575,-26.286647857979062
0.00066640625,34.82087477603862,48.97640331600737,22.65375780579328,-26.32264551021409
0.0006671875,34.713545301065494,49.011104899270826,22.736117148427972,-26.274987750842854
0.00066796875,34.606990243763654,49.04573267269603,22.898636184664678,-26.147096488031355
0.00066875,34.50176489282163,49.08028658413421,23.137772384112537,-25.94251420002167
0.00066953125,34.39863401333832,49.11476658154777,23.44987864969389,-25.66488793185388
0.0006703125,34.29897343120813,49.149172613010464,23.831219125642548,-25.317953487367916
0.00067109375,34.20650475877084,49.183504626707446,24.27798515143638,-24.905519475271067
0.000671875,34.141970661851296,49.21776257093528,24.786315483750414,-24.431447087184864
0.00067265625,34.012376688941885,4.286065797054028,25.209154994111497,20.923089197057468
0.0006734375,34.1330809507046,0.0002459811252873868,25.675758449701647,25.675512468576358
0.00067421875,34.26206493426509,1.4117069039695683e-08,26.054754611476252,26.05475459735918
0.000675,34.38208311163586,8.103399119070783e-13,26.33626650403569,26.33626650403488
0.00067578125,34.50316352139924,-1.4009708993220411e-15,26.523218706227752,26.523218706227752
0.0006765625,34.63617273983313,-4.858236528612681e-15,26.61872254630796,26.618722546307964
0.00067734375,34.981862960686016,2.1970788706961155e-16,26.626123336259695,26.626123336259695
0.000678125,34.53682633893974,49.47953203845785,26.775076119610006,-22.70445591884784
0.00067890625,34.47681309045936,49.52274191491158,26.852480169605045,-22.670261745306533
0.0006796875,34.39361690249518,49.556256897490435,26.99876695428662,-22.557489943203816
0.00068046875,34.30582101875344,49.58969669712367,27.210916164771817,-22.378780532351854
0.00068125,34.216881892031935,49.62306181553818,27.48578450255636,-22.13727731298182
0.00068203125,34.12806752984196,49.656352202518384,27.820151770558148,-21.836200431960236
0.0006828125,34.040038409136756,49.68956780792956,28.2107346138378,-21.478833194091763
0.00068359375,33.9532210075271,49.72270858174963,28.65419952812026,-21.06850905362937
0.000684375,33.86792738236511,49.75577447406918,29.147175435428437,-20.60859903864074
0.00068515625,33.784400055729066,49.788765435091555,29.686265862377194,-20.10249957271436
0.0006859375,33.70282855200876,49.82168141513297,30.268060713120803,-19.553620702012168
0.00068671875,33.62335084928413,49.85452236462256,30.889147619690274,-18.965374744932287
0.0006875,33.54604046540044,49.88728823410244,31.546122850259128,-18.341165383843315
0.00068828125,33.470868153959984,49.91997897422782,32.23560175387941,-17.684377220348406
0.0006890625,33.39759816096285,49.952594535767005,32.954228712019194,-16.99836582374781
0.00068984375,33.325465016420615,49.98513486960159,33.698686528625785,-16.286448340975802
0.000690625,33.251829875994574,50.01759992672639,34.46570496096921,-15.55189496575718
0.00069140625,33.162064920623074,50.04998965824963,35.25206560461468,-14.79792405363495
0.0006921875,34.116044423809434,16.372488008425908,35.951732264482786,19.579244256056874
0.00069296875,33.40683438855698,0.20234776640733987,36.601458863276555,36.39911109686921
0.00069375,33.5393318273577,1.1612918148563656e-05,37.156175308042606,37.156163695124455
0.00069453125,33.68791361844503,6.664756934047743e-10,37.57189358231949,37.571893581653015
0.0006953125,33.84096189191093,3.824963236775369e-14,37.852159583511614,37.85215958351158
0.00069609375,33.99610835640182,2.1951803955433353e-18,38.00138422196007,38.00138422196007
0.000696875,34.15215291593513,1.2598335384369061e-22,38.024221893320565,38.024221893320565
0.00069765625,34.30828381978982,7.230296643468371e-27,37.92554589799325,37.92554589799325
0.0006984375,34.46385413763567,4.149531502186477e-31,37.71042434266342,37.71042434266342
0.00069921875,34.61830261677283,2.3814530076290478e-35,37.38409641404164,37.38409641404164
0.0007,34.771120395530325,1.3667370459911189e-39,36.951949053310436,36.951949053310436
0.00070078125,34.92183438587794,7.84382537425865e-44,36.419494080053084,36.419494080053084
0.0007015625,35.069996681276486,4.501641093459e-48,35.7923458171472,35.7923458171472
0.00070234375,35.21517478650533,2.5835318313972593e-52,35.07619926624718,35.07619926624718
0.000703125,35.356938265404516,1.4827118789059605e-56,34.27680887998797,34.27680887998797
0.00070390625,35.49483482227291,8.509415247498067e-61,33.399967972355434,33.399967972355434
0.0007046875,35.62834050027515,4.883629037071005e-65,32.45148880194767,32.45148880194767
0.00070546875,35.756753048425786,2.80275810711381e-69,31.43718335358294,31.43718335358294
0.00070625,35.87920253222179,1.6085277868901273e-73,30.362844913737906,30.362844913737906
0.00070703125,35.90895275369615,2.526850070216396,29.241940494482257,26.715090424265863
0.0007078125,35.9505964453979,3.649893181092615,28.076911445320626,24.42701826422801
0.00070859375,36.096918510333005,50.712383231845735,27.074455170570626,-23.637928061275108
0.000709375,35.958078665995004,50.774051086254275,26.054449855946288,-24.719601230307987
0.00071015625,35.84255257576404,50.80462041231748,25.1527257610178,-25.651894651299685
0.0007109375,35.729079155822305,50.83511144715668,24.367692139002646,-26.46741930815403
0.00071171875,35.614618337905675,50.86552592513458,23.697368381998366,-27.16815754313621
0.0007125,35.49858997190426,50.89586380054966,23.139488062704686,-27.756375737844976
0.00071328125,35.381035691929256,50.926125027713674,22.691516715637576,-28.234608312076098
0.0007140625,35.26221021666184,50.956309561053715,22.35067023298987,-28.605639328063845
0.00071484375,35.14245514527246,50.986417355112465,22.11393342472796,-28.872483930384504
0.000715625,35.02215273196948,51.01644836454811,21.978078611536155,-29.038369753011956
0.00071640625,34.90170941020375,51.04640254413448,21.93968417400324,-29.10671837013124
0.0007171875,34.78155539599441,51.076279848761146,21.995152996584874,-29.081126852176272
0.00071796875,34.66216058278413,51.10608023343342,22.140730752294207,-28.96534948113921
0.00071875,34.544080940635176,51.13580365327245,22.37252398167181,-28.763279671600635
0.00071953125,34.428086432970346,51.16545006351532,22.68651793540063,-28.478932128114693
0.0007203125,34.31557182814657,51.19501941951506,23.07859420639197,-28.116425213123094
0.00072109375,34.21035249477395,51.224511676740754,23.544548502375857,-27.679963174364897
0.000721875,34.13392746734322,51.25392679077762,24.080112846438467,-27.17381394433915
0.00072265625,33.98926909869371,4.4629738978173865,24.531912119730286,20.068938221912898
0.0007234375,34.10445087961489,0.00025613403841448924,25.034293541780077,25.03403740774166
0.00072421875,34.226813378645396,1.4699741884110734e-08,25.45020128407183,25.450201269372087
0.000725,34.33695596570548,8.464356939335991e-13,25.769096818709983,25.769096818709137
0.00072578125,34.44125603573254,-7.350251696761946e-15,25.993766273891175,25.993766273891183
0.0007265625,34.53365258353719,-1.0166551335437276e-14,26.127182112794873,26.127182112794884
0.00072734375,34.50777782590426,-3.1348642034173417e-15,26.172454421470675,26.17245442147068
0.000728125,34.66889895660281,51.45253062541326,26.349026869742232,-25.103503755671028
0.00072890625,34.52431823659092,51.51518215518924,26.45425257159988,-25.060929583589356
0.0007296875,34.41026269754751,51.54382536754179,26.634799888600746,-24.909025478941047
0.00073046875,34.3031224975823,51.57238900850973,26.887327422351024,-24.685061586158707
0.00073125,34.19931273851934,51.600874982280075,27.20830661921592,-24.392568363064154
0.00073203125,34.09795780313352,51.62928324606523,27.594130500237416,-24.035152745827812
0.0007328125,33.99886457371655,51.65761375708287,28.04112751774086,-23.61648623934201
0.00073359375,33.90207179121143,51.685866472667755,28.54557558203297,-23.140290890634784
0.000734375,33.807711970880526,51.71404135027181,29.103715801562373,-22.61032554870944
0.00073515625,33.71596225081756,51.742138347464184,29.711765831204662,-22.030372516259522
0.0007359375,33.627029097632274,51.77015742193129,30.365932783770994,-21.404224638160294
0.00073671875,33.54115319717755,51.79809853147691,31.062425676610246,-20.735672854866664
0.0007375,33.45863919331809,51.82596163402224,31.797467394009864,-20.028494240012378
0.00073828125,33.37994140159566,51.85374668760596,32.567306157885966,-19.286440529719997
0.0007390625,33.305927694766346,51.88145365038427,33.36822653410765,-18.51322711627662
0.00073984375,33.23892912469244,51.90908248063099,34.19656017775401,-17.712522302876984
0.000740625,33.18982505573065,51.93663313673761,35.04869818668007,-16.887934950057538
0.00074140625,33.68121373133811,51.96410557721334,35.92125682655945,-16.04284875065389
0.0007421875,33.18359232061895,6.693872528369214,36.58334238841369,29.88946986004448
0.00074296875,33.327369150966334,6.7601981034546075,37.25301489946022,30.492816796005613
0.00074375,33.516110445811755,0.17469640857141236,37.7775020431581,37.60280563458669
0.00074453125,33.6568633840962,1.0025982147506703e-05,38.18184044420527,38.18183041822312
0.0007453125,33.81591002319019,5.754000259314572e-10,38.449734352364786,38.44973435178939
0.00074609375,33.976169378670754,3.30227188689197e-14,38.58517519608535,38.585175196085316
0.000746875,34.13652238375748,1.8952031844809265e-18,38.59291633717465,38.59291633717465
0.00074765625,34.29638727028185,1.0876739509923173e-22,38.47793041035985,38.47793041035985
0.0007484375,34.45527199933459,6.2422574706218476e-27,38.245384794553885,38.245384794553885
0.00074921875,34.612712243562186,3.5824870397957603e-31,37.90061757949354,37.90061757949354
0.00075,34.76825961397696,2.0560211511150724e-35,37.44911394775479,37.44911394775479
0.00075078125,34.92147799182664,1.179968811296396e-39,36.896483017027805,36.896483017027805
0.0007515625,35.07193928422267,6.771945876515468e-44,36.24843519520586,36.24843519520586
0.00075234375,35.219214259279816,3.886479923488035e-48,35.510760098513536,35.510760098513536
0.000753125,35.362850587991296,2.2304853687708087e-52,34.68930507781128,34.68930507781128
0.00075390625,35.502312776890115,1.2800953763413845e-56,33.789954388164865,33.789954388164865
0.0007546875,35.636768291897496,7.346581131951678e-61,32.81860900063183,32.81860900063183
0.00075546875,35.76377398240304,4.216268203593192e-65,31.7811667539135,31.7811667539135
0.00075625,35.79093799643818,2.4197537936817677e-69,30.683476263367528,30.683476263367528
0.00075703125,35.98371005869794,7.998598757716854,29.571452003550377,21.572853245833524
0.0007578125,36.049469757520455,8.067770324216188,28.412143243429302,20.344372919213114
0.00075859375,36.0113793774656,8.13647466461683,27.2336946541337,19.09721998951687
0.000759375,36.13092700546875,52.545013373366125,26.227101262130695,-26.31791211123543
0.00076015625,35.98245400558064,52.599871975279854,25.219040310237233,-27.38083166504262
0.0007609375,35.85627174910618,52.62537756624068,24.33723478309477,-28.288142783145908
0.00076171875,35.73216593517696,52.65080222428476,23.579698024106108,-29.071104200178652
0.0007625,35.607248014084355,52.67614759107579,22.944049608112962,-29.732097982962827
0.00076328125,35.48099397673776,52.70141362854049,22.427616126146912,-30.27379750239358
0.0007640625,35.353485177738385,52.7266002986287,22.027450563549515,-30.69914973507919
0.00076484375,35.22501460013714,52.75170756340977,21.74035222739988,-31.011355336009885
0.000765625,35.095966035552884,52.776735385072556,21.562886787963855,-31.2138485971087
0.00076640625,34.96677285826646,52.80168372592565,21.491406303089455,-31.310277422836194
0.0007671875,34.83791012794793,52.82655254839729,21.522069147746834,-31.304483400650454
0.00076796875,34.70991249592952,52.85134181503547,21.65085978710937,-31.2004820279261
0.00076875,34.58343488662963,52.876051488508025,21.87360834304065,-31.002443145467375
0.00076953125,34.459427814872505,52.90068153160262,22.186009926305516,-30.714671605297106
0.0007703125,34.33973369633207,52.92523190722685,22.583643793574872,-30.34158811365198
0.00077109375,34.229998241412815,52.949702578408306,23.06199295994458,-29.887709618463727
0.000771875,34.17396507473747,52.97409350829461,23.61647460845134,-29.357618899843267
0.00077265625,34.00322731541539,0.40140680760723696,24.05373742032794,23.652330612720704
0.0007734375,34.168799338422865,2.3037093439268963e-05,24.55316888699597,24.55314584990253
0.00077421875,34.28912712759901,1.3221244243924585e-09,24.956286988473625,24.9562869871515
0.000775,34.403430266972315,8.641267387130212e-14,25.26446169971541,25.264461699715326
0.00077578125,34.518881137626295,-4.021485428873144e-15,25.48043327470776,25.480433274707764
0.0007765625,34.64314384559963,1.7321907406096456e-15,25.607127621896453,25.607127621896453
0.00077734375,34.84265940343234,6.862648719475644e-15,25.647660420369952,25.647660420369945
0.000778125,34.5437429359759,53.04755243925271,25.810226558094012,-27.2373258811587
0.00077890625,34.49292716565315,53.19001068017111,25.901647058594104,-27.28836362157701
0.0007796875,34.394080627107996,53.2136090139409,26.075725688230847,-27.137883325710057
0.00078046875,34.28850287335541,53.2371203920987,26.329098690776007,-26.908021701322696
0.00078125,34.18139028757153,53.26055159572405,26.65793543709779,-26.60261615862626
0.00078203125,34.07444332830216,53.28390258992122,27.058314408977527,-26.225588180943692
0.0007828125,33.96849316128495,53.307173339524034,27.526240069326334,-25.7809332701977
0.00078359375,33.8640550623762,53.330363809487196,28.057658613567543,-25.272705195919652
0.000784375,33.76149303540469,53.353473964886234,28.648473162496394,-24.70500080238984
0.00078515625,33.66107594764921,53.376503770917715,29.29455846169546,-24.081945309222256
0.0007859375,33.562990715446055,53.39945319289911,29.991775081412925,-23.407678111486184
0.00078671875,33.46732448732646,53.422322196269064,30.735983094898007,-22.686339101371058
0.0007875,33.37399571901826,53.44511074658723,31.523055204537364,-21.92205554204987
0.00078828125,33.282538941944914,53.46781880953448,32.34888926098584,-21.118929548548632
0.0007890625,33.19128425388281,53.490446350912876,33.20941999297094,-20.281026357941933
0.00078984375,33.09234198853834,53.51299333664578,34.10062864604916,-19.41236469059662
0.000790625,32.813237532208284,53.53545973277778,35.01849928122738,-18.5169604515504
0.00079140625,33.217262287958505,11.018001529521063,35.76459486595115,24.74659333643009
0.0007921875,33.29222951939754,11.077801569709699,36.52171828271709,25.443916713007393
0.00079296875,33.3877832378543,11.145868664482453,37.16859531962358,26.022726655141128
0.00079375,33.47375262044229,11.213919449189486,37.7076706169251,26.49375116773561
0.00079453125,33.66867437679486,0.025120095773010578,38.09819183970795,38.07307174393494
0.0007953125,33.81296514142763,1.4416646216336497e-06,38.38456453274947,38.38456309108485
0.00079609375,33.96869786196864,8.27384138998051e-11,38.538041881937836,38.5380418818551
0.000796875,34.12650405058127,4.74843110660383e-15,38.563263851228186,38.56326385122818
0.00079765625,34.2847447967608,2.72516681326133e-19,38.46516902294283,38.46516902294283
0.0007984375,34.442573679163786,1.563997453763736e-23,38.24889415934048,38.24889415934048
0.00079921875,34.599363554503896,8.9759203857767e-28,37.919749961748614,37.919749961748614
0.0008,34.754579807742424,5.1513604819444e-32,37.48319737576953,37.48319737576953
0.00080078125,34.907737830894284,2.956411562761672e-36,36.9448243745546,36.9448243745546
0.0008015625,35.05838083401877,1.6967108706653408e-40,36.31032325414481,36.31032325414481
0.00080234375,35.20605583279677,9.737574480140176e-45,35.58546848537699,35.58546848537699
0.000803125,35.350259729659754,5.5884805358201524e-49,34.77609516080877,34.77609516080877
0.00080390625,35.490248347441444,3.2072786465394116e-53,33.88807804299426,33.88807804299426
0.0008046875,35.62394682125949,1.840685719600173e-57,32.92731098211124,32.92731098211124
0.00080546875,35.72578546615908,1.0563858933790249e-61,31.899679626073024,31.899679626073024
0.00080625,35.868153569660066,12.292288596635768,30.862670275180342,18.570381678544575
0.00080703125,35.934436724383815,12.368114942277607,29.773143873489733,17.405028931212126
0.0008078125,36.00609123748779,12.435846552557654,28.671087287183262,16.23524073462561
0.00080859375,36.085153243996665,12.503558971182448,27.560725414681386,15.057166443498938
0.000809375,36.338680171520345,12.571252559646796,26.44617822532252,13.874925665675722
0.00081015625,35.92568167160746,54.06276337906303,25.520810753580722,-28.541952625482306
0.0008109375,35.83144940299291,54.0911902700886,24.60666062751551,-29.484529642573094
0.00081171875,35.71420560385066,54.111468819527275,23.821804327582356,-30.28966449194492
0.0008125,35.58974170436699,54.131665415106326,23.163763907055838,-30.96790150805049
0.00081328125,35.461193065050814,54.15178048934897,22.629729006696095,-31.522051482652877
0.0008140625,35.32987141126457,54.17181401198886,22.216605024494456,-31.9552089874944
0.00081484375,35.196580708024776,54.19176595285582,21.92103448555136,-32.27073146730446
0.000815625,35.061922169840216,54.21163628190262,21.739418078899092,-32.47221820300353
0.00081640625,34.92638482218552,54.231424969204895,21.66793556806161,-32.563489401143286
0.0008171875,34.79036775865879,54.25113198496125,21.702566561505442,-32.548565423455806
0.00081796875,34.65416385114144,54.27075729949326,21.8391110918853,-32.43164620760796
0.00081875,34.517890765270145,54.29030088324558,22.073209940587112,-32.217090942658466
0.00081953125,34.38128440268387,54.309762706785904,22.40036462194425,-31.909398084841655
0.0008203125,34.24297120022304,54.32914274080508,22.815956837846173,-31.51318590295891
0.00082109375,34.09666996072274,54.34844095611714,23.315266440733755,-31.033174515383383
0.000821875,33.87494217666716,54.36765732365932,23.893470284585952,-30.47418703907337
0.00082265625,34.164802733209,0.1215275813669393,24.336050099220927,24.214522517853986
0.0008234375,34.202522651146474,6.9745759117156815e-06,24.839191532352004,24.839184557776093
0.00082421875,34.29077916583066,4.0027903701567607e-10,25.244207630177865,25.244207629777584
0.000825,34.38672223855574,1.7044059811998325e-14,25.553296956563717,25.5532969565637
0.00082578125,34.48348392136587,2.5249294602654745e-15,25.769230685547427,25.769230685547424
0.0008265625,34.5738356610891,-2.65494664926337e-15,25.894966804576992,25.894966804576995
0.00082734375,34.61223132324573,-1.5998922968234276e-15,25.93361986184743,25.93361986184743
0.000828125,34.77172290132913,54.105494420788226,26.082577888367176,-28.02291653242105
0.00082890625,34.58827336792054,54.536893048370516,26.155864984891526,-28.38102806347899
0.0008296875,34.45458028125571,54.555313064756675,26.315182018291708,-28.240131046464967
0.00083046875,34.3308332123874,54.573627225331386,26.55786797893308,-28.015759246398307
0.00083125,34.211284713522936,54.59185919764978,26.879946688634348,-27.711912509015434
0.00083203125,34.094585010376555,54.61000895561473,27.27734682563498,-27.332662129979752
0.0008328125,33.980374174751624,54.62807647189312,27.745917521878788,-26.88215895001433
0.00083359375,33.86860260232714,54.64606171927559,28.28144442146759,-26.364617297808003
0.000834375,33.75932586990583,54.66396467067669,28.879665466697034,-25.784299203979657
0.00083515625,33.652618112507426,54.681785299134866,29.536286255983033,-25.145499043151833
0.0008359375,33.54851158000971,54.69952357781263,30.246994911201018,-24.45252866661161
0.00083671875,33.44691110143152,54.7171794799964,31.007476408729588,-23.709703071266816
0.0008375,33.34738301399434,54.73475297909674,31.81342631352344,-22.9213266655733
0.00083828125,33.24838732109444,54.75224404864825,32.66056373989943,-22.091680308748817
0.0008390625,33.142615599837185,54.76965266230974,33.54464232384379,-21.22501033846595
0.00083984375,32.86980261095817,54.786978793864094,34.46141156887836,-20.325567224985733
0.000840625,33.23239890843367,15.270088913936558,35.2259271770869,19.955838263150344
0.00084140625,33.28989683142975,15.329222942242517,36.007581777368806,20.67835883512629
0.0008421875,33.368309593415205,15.396033537302834,36.69314454174328,21.297111004440442
0.00084296875,33.45197005198838,15.46282138810474,37.284386279642305,21.821564891537566
0.00084375,33.53502967269816,15.529585952202474,37.783332432225336,22.25374648002286
0.00084453125,33.55304808308524,15.5963271290244,38.19220159908112,22.595874470056724
0.0008453125,33.822375252617256,0.00303558304263389,38.44187162636379,38.43883604332116
0.00084609375,33.97100620107596,1.742148086592196e-07,38.60328455266051,38.6032843784457
0.000846875,34.12749189319893,9.998342700529112e-12,38.63593502982709,38.63593502981709
0.00084765625,34.285507228691806,5.738137735051459e-16,38.54474784884819,38.54474784884819
0.0008484375,34.443535362020924,3.293168243240855e-20,38.33485802547067,38.33485802547067
0.00084921875,34.60078115472202,1.889978522481877e-24,38.01157640531568,38.01157640531568
0.00085,34.75667373702873,1.0846754710374296e-28,37.58036577369784,37.58036577369784
0.00085078125,34.91075557344475,6.225048927673998e-33,37.046817544944496,37.046817544944496
0.0008515625,35.06266268962326,3.572610904058877e-37,36.416628986108094,36.416628986108094
0.00085234375,35.21215890325364,2.0503531490425586e-41,35.69558101504439,35.69558101504439
0.000853125,35.35928804437815,1.1767158945332089e-45,34.88951664460174,34.88951664460174
0.00085390625,35.50509526095531,6.753277098111985e-50,34.00432027932655,34.00432027932655
0.0008546875,35.65872647056813,3.875765745645474e-54,33.04589998499065,33.04589998499065
0.00085546875,35.66506760627245,16.104415358091433,32.074175971136086,15.96976061304465
0.00085625,35.77768061734827,16.59454572499369,31.042012950376733,14.447467225383043
0.00085703125,35.84104326884762,16.66092337982521,30.00326501275495,13.342341632929744
0.0008578125,35.897748779153765,16.727251625496724,28.962904733509724,12.235653108013
0.00085859375,35.95167126709926,16.79355467883395,27.92450720623099,11.13095252739704
0.000859375,36.010580834295055,16.859832441381243,26.89150271639997,10.031670275018726
0.00086015625,36.2297748030533,16.92608481332558,25.86722111447287,8.941136301147287
0.0008609375,35.83356758288866,55.21606788420779,25.02960128205858,-30.18646660214921
0.00086171875,35.73143032248664,55.238519788337825,24.21388222890246,-31.024637559435366
0.0008625,35.60809376848726,55.25344352122286,23.52848770124092,-31.724955819981943
0.00086328125,35.47821850594587,55.26828361614632,22.970564797879682,-32.29771881826664
0.0008640625,35.34476353909306,55.28304047800894,22.536942855371677,-32.746097622637265
0.00086484375,35.20898985642439,55.29771408461169,22.224180165960945,-33.073533918650746
0.000865625,35.07167629194741,55.31230441385637,22.02858589925711,-33.28371851459926
0.00086640625,34.933398205319165,55.32681144377021,21.946241649642985,-33.380569794127226
0.0008671875,34.79460163698741,55.34123515250588,21.97302279520985,-33.36821235729603
0.00086796875,34.65559946953504,55.35557551834155,22.104619648645745,-33.25095586969581
0.00086875,34.51648999582431,55.369832519680905,22.336558339833154,-33.03327417984775
0.00086953125,34.3768822453157,55.38400613505311,22.66422133187342,-32.71978480317969
0.0008703125,34.23483454233107,55.398096343113,23.082867304589293,-32.315229038523704
0.00087109375,34.08033791448785,55.41210312264096,23.587648682443202,-31.824454440197755
0.000871875,33.689194614558275,55.42602645254303,24.173560067910305,-31.252466384632722
0.00087265625,34.18603273794343,0.010782387040683275,24.58216214688755,24.571379759846867
0.0008734375,34.25365593520493,6.188107903448649e-07,25.05123753758767,25.05123691877688
0.00087421875,34.349650294417856,3.551975118174075e-11,25.42252862337717,25.42252862334165
0.000875,34.45360602047432,2.7984023072302165e-15,25.698647288489365,25.69864728848936
0.00087578125,34.56264521784387,1.5349863681157264e-15,25.88244120843981,25.88244120843981
0.0008765625,34.678515372805656,-3.7886396620948433e-16,25.9769410828448,25.9769410828448
0.00087734375,34.8176657021672,4.1649258784264635e-15,25.98534755668044,25.985347556680438
0.000878125,33.74971114968846,39.15098579169677,26.0304980781451,-13.120487713551668
0.00087890625,34.61311897497187,55.54663751115686,26.06193529706188,-29.48470221409498
0.0008796875,34.515482433758095,55.56066541740399,26.13915756328371,-29.42150785412028
0.00088046875,34.40220945011202,55.573669499144344,26.306692977382937,-29.266976521761407
0.00088125,34.28551478767703,55.586589833986636,26.560523565757414,-29.026066268229222
0.00088203125,34.16827218830702,55.59942645642613,26.896508904612727,-28.702917551813403
0.0008828125,34.051650700621,55.612179347134166,27.31040916909479,-28.301770178039376
0.00088359375,33.93629185009063,55.624848486905144,27.79790285624541,-27.826945630659733
0.000884375,33.82260346739719,55.637433856659555,28.354603785054206,-27.28283007160535
0.00088515625,33.710836967913885,55.64993543744408,28.976077565131675,-26.673857872312404
0.0008859375,33.60106471386115,55.66235321043155,29.65785753970743,-26.00449567072412
0.00088671875,33.49301284411823,55.674687156921,30.395460155238165,-25.279227001682838
0.0008875,33.385370437769865,55.686937258337764,31.18439959344934,-24.502537664888425
0.00088828125,33.27151773613345,55.6991034962334,32.02020054479057,-23.678902951442826
0.0008890625,33.0043935595928,55.711185852285766,32.89836537895671,-22.812820473329054
0.00088984375,33.32080397081929,19.430948720315797,33.64849875785587,14.217550037540072
0.000890625,33.35738220936584,19.489063454304908,34.42551220440589,14.936448750100979
0.00089140625,33.41361680950395,19.554218405364274,35.12482606842447,15.570607663060196
0.0008921875,33.47562404055775,19.619344313852874,35.747444895687806,16.128100581834936
0.00089296875,33.54039583031506,19.684440675986792,36.29460056137434,16.610159885387542
0.00089375,33.605733707172725,19.749507393708775,36.76771625635254,17.018208862643764
0.00089453125,33.66485143089408,19.81454436902954,37.168392576703496,17.35384820767396
0.0008953125,34.15767925867934,5.862521248497242,37.45561725201966,31.593096003522415
0.00089609375,33.96024228965812,0.0003364553047052767,37.65040143881959,37.65006498351489
0.000896875,34.107465615833476,1.9309468958144593e-08,37.734779440585456,37.73477942127599
0.00089765625,34.2606025725272,1.1081875845951022e-12,37.69615649314073,37.69615649313962
0.0008984375,34.41490049160075,6.359987036995813e-17,37.53946612874548,37.53946612874548
0.00089921875,34.56898333847701,3.6500530842469026e-21,37.26982538716442,37.26982538716442
0.0009,34.72212262199937,2.0947979045116875e-25,36.89250957041133,36.89250957041133
0.00090078125,34.873830919361446,1.2022231346950257e-29,36.41292918341866,36.41292918341866
0.0009015625,35.02379858224863,6.899665416329757e-34,35.83660746131425,35.83660746131425
0.00090234375,35.17199960141267,3.959779302481414e-38,35.16915847740948,35.16915847740948
0.000903125,35.319266461512285,2.27255253381562e-42,34.41626598893984,34.41626598893984
0.00090390625,35.47169043048263,1.3042380962281006e-46,33.58366426878743,33.58366426878743
0.0009046875,35.1713847543086,14.56529348021307,32.72156933060082,18.156275850387754
0.00090546875,35.585667013815076,20.72153468072399,31.81590710166052,11.09437242093653
0.00090625,35.63859179580333,20.786463396229436,30.893253604246745,10.10679020801731
0.00090703125,35.68173938309415,20.85101122365049,29.97470461299278,9.12369338934229
0.0009078125,35.71978985856463,20.915527629762558,29.063220556103154,8.147692926340598
0.00090859375,35.75425776295499,20.980012537466827,28.1616214992008,7.181608961733971
0.000909375,35.78700515256179,21.044465849651374,27.272585842183176,6.228119992531804
0.00091015625,35.824780201223554,21.108887469250668,26.398648992040194,5.289761522789528
0.0009109375,36.00884643115508,21.17327729924692,25.542245629604658,4.36896833035774
0.00091171875,35.63331960076495,56.01823124897165,24.864689404169926,-31.153541844801726
0.0009125,35.52587698812932,56.034565385535174,24.21541675205627,-31.819148633478903
0.00091328125,35.399672066535366,56.04403939585852,23.692472696534928,-32.35156669932359
0.0009140625,35.26810243145068,56.05342861600569,23.292625807352508,-32.76080280865318
0.00091484375,35.133930036430044,56.06273342068002,23.012357811132297,-33.05037560954772
0.000915625,34.99839305011603,56.07195379589102,22.847908027384953,-33.224045768506066
0.00091640625,34.86232829641442,56.081089727752925,22.795295151722726,-33.2857945760302
0.0009171875,34.7264574172669,56.0901412025072,22.85033861356709,-33.23980258894011
0.00091796875,34.591526195077385,56.09910820652251,23.008679683549246,-33.09042852297326
0.00091875,34.45848063324863,56.10799072629468,23.265802335590415,-32.842188390704266
0.00091953125,34.32893442331301,56.11678874844681,23.617053898357838,-32.49973485008897
0.0009203125,34.20714617702562,56.12550225972923,24.057665879234165,-32.067836380495066
0.00092109375,34.116740002167624,56.13413124701958,24.582779651612178,-31.551351595407404
0.000921875,33.9515066036706,4.886381614666293,25.02428294210425,20.13790132743796
0.00092265625,34.07086182357744,0.00028043378359897224,25.529119129835703,25.528838696052105
0.0009234375,34.198387501552254,1.6094352477319435e-08,25.947011390202388,25.947011374108037
0.00092421875,34.31344916660117,9.395416386638207e-13,26.266237841369804,26.266237841368866
0.000925,34.424790444280355,7.992308969659327e-16,26.489649037426048,26.489649037426048
0.00092578125,34.533504280404834,1.0769317644067721e-14,26.620286213715357,26.620286213715346
0.0009265625,34.63795008995276,2.083243920469553e-15,26.66136494401436,26.661364944014355
0.00092734375,34.72969162751278,-9.815833559410754e-16,26.616256611833137,26.616256611833137
0.000928125,34.69199938938671,1.225627929166146e-14,26.488435675900156,26.488435675900146
0.00092890625,34.85819554019751,56.178706097743856,26.517546036244607,-29.66116006149925
0.0009296875,34.689991632978284,56.223465771086865,26.48221523057282,-29.741250540514045
0.00093046875,34.554662435265975,56.231081620258706,26.542524995553006,-29.6885566247057
0.00093125,34.426421304646446,56.23861065958015,26.694661607749904,-29.543949051830243
0.00093203125,34.3013552967056,56.24605500444821,26.934571456052055,-29.311483548396154
0.0009328125,34.17850121875273,56.253414643773915,27.25808181434357,-28.995332829430346
0.00093359375,34.05761662235373,56.26068956647381,27.660918019266028,-28.59977154720778
0.000934375,33.93866020699037,56.26787976159194,28.138720848907226,-28.129158912684716
0.00093515625,33.8215789164158,56.27498521830005,28.687063588308504,-27.58792162999155
0.0009359375,33.70608040969724,56.28200592589744,29.301468632172764,-26.980537293724673
0.00093671875,33.59097353293025,56.28894187381103,29.977423441230957,-26.31151843258007
0.0009375,33.470286004485104,56.29579305159541,30.71039482052431,-25.5853982310711
0.00093828125,33.21097877483043,56.30255944893284,31.495801925026228,-24.80675752390661
0.0009390625,33.47975771150961,23.4757228640187,32.17894598365123,8.703223119632531
0.00093984375,33.495487635635065,23.53247111079248,32.899453994096355,9.366982883303875
0.000940625,33.52920803390773,23.59558116482065,33.56213666638712,9.966555501566464
0.00094140625,33.56847128012121,23.658656051473695,34.16733286409679,10.5086768126231
0.0009421875,33.610804436587344,23.72169530863936,34.715571697639405,10.993876389000047
0.00094296875,33.655020756555324,23.784698841360612,35.207542550626044,11.422843709265432
0.00094375,33.69985052084103,23.84766655475523,35.64408616113673,11.7964196063815
0.00094453125,33.74201894051708,23.91059835399499,36.02618534419234,12.115586990197352
0.0009453125,33.75133855306591,23.973494144305747,36.35494741258417,12.381453268278422
0.00094609375,33.98686368216625,0.05363336873136524,36.538970627602616,36.48533725887125
0.000946875,34.110905979993554,3.078066697584685e-06,36.668267615759724,36.66826453769303
0.00094765625,34.25707616765862,1.7665298337374667e-10,36.676344564538546,36.67634456436189
0.0009484375,34.406421424444396,1.013827171429792e-14,36.56776225330981,36.5677622533098
0.00094921875,34.556316020152195,5.818444239657751e-19,36.34742959338283,36.34742959338283
0.00095,34.70575375544833,3.339256859950009e-23,36.02041842178962,36.02041842178962
0.00095078125,34.85419731306083,1.9164291892189876e-27,35.59194065507109,35.59194065507109
0.0009515625,35.00142343872317,1.0998557437553725e-31,35.06732622770841,35.06732622770841
0.00095234375,35.147778139855156,6.312169861933024e-36,34.45200166206775,34.45200166206775
0.000953125,35.29587256738545,3.622610382508261e-40,33.751469689900084,33.751469689900084
0.00095390625,35.4761135500321,2.0790482940897594e-44,32.971297941182314,32.971297941182314
0.0009546875,35.421447432070764,24.670226558863465,32.212379697347586,7.542153138484124
0.00095546875,35.47873885673693,24.78781641640363,31.38911973821925,6.601303321815621
0.00095625,35.510100584754326,24.85020132734996,30.57703271920934,5.726831391859377
0.00095703125,35.53465263363216,24.91254564822364,29.778617155184154,4.8660715069605125
0.0009578125,35.55481765573933,24.974852451072106,28.996069288282428,4.021216837210322
0.00095859375,35.57151967441674,25.037121642244102,28.231448467144695,3.194326824900591
0.000959375,35.5855619691053,25.099353127963383,27.486676434956372,2.3873233069929882
0.00096015625,35.59848392909333,25.16154681451045,26.763536920157016,1.6019901056465657
0.0009609375,35.616305675853454,25.223702608222737,26.06367673020259,0.8399741219798529
0.00096171875,35.765451887995276,25.28582041549474,25.388645873398666,0.1028254579039242
0.0009625,35.414356364200906,56.464152194515506,24.882136301873146,-31.58201589264236
0.00096328125,35.30364379830098,56.47426468818132,24.408771966368917,-32.065492721812404
0.0009640625,35.17670943217247,56.478228726908284,24.055631229094068,-32.422597497814216
0.00096484375,35.045592160510104,56.48210736245922,23.819162998274628,-32.66294436418459
0.000965625,34.91282566840531,56.485900936957265,23.695564601918683,-32.79033633503858
0.00096640625,34.779603642022686,56.4896094447093,23.68082343217427,-32.80878601253503
0.0009671875,34.6468105331462,56.4932328801304,23.77073822817691,-32.72249465195349
0.00096796875,34.51534464708923,56.496771237763745,23.96093989515414,-32.535831342609605
0.00096875,34.38644385940389,56.50022451228061,24.24691204834872,-32.25331246393189
0.00096953125,34.262619566083295,56.50359269848046,24.62401144283177,-31.87958125564869
0.0009703125,34.152752880627965,56.50687579129084,25.087489511096383,-31.419386280194455
0.00097109375,34.17441337557342,56.510073785767474,25.632547773430684,-30.87752601233679
0.000971875,33.99260706901904,0.03726182562278937,26.017022541114695,25.979760715491906
0.00097265625,34.14862293636712,2.1384893021389933e-06,26.462285099219503,26.4622829607302
0.0009734375,34.27330479617253,1.2274503897804366e-10,26.806274594612876,26.80627459449013
0.00097421875,34.392709274910935,1.4753005074837822e-14,27.05176626365338,27.051766263653366
0.000975,34.51100152623307,1.2592271872664693e-14,27.20183732355101,27.201837323550997
0.00097578125,34.62964365726591,8.716463659040328e-15,27.259746399349208,27.2597463993492
0.0009765625,34.7501646351541,9.151256359298028e-15,27.22891700482999,27.22891700482998
0.00097734375,34.87712959099243,1.2540478614670426e-14,27.11292128841934,27.112921288419326
0.000978125,35.0425892397436,7.106713715181435e-15,26.915471680575124,26.915471680575116
0.00097890625,34.716852203406944,55.0856116018426,26.8251504662141,-28.2604611356285
0.0009796875,34.76749422281079,56.5395506313803,26.663623409523446,-29.875927221856855
0.00098046875,34.66248822652786,56.54181041991069,26.59904556203736,-29.94276485787333
0.00098125,34.546214515315995,56.543901749221305,26.63197685476797,-29.911924894453335
0.00098203125,34.42673763401893,56.545907919656614,26.758506319035707,-29.787401600620907
0.0009828125,34.306334712432104,56.54782893297623,26.974576740033225,-29.573252192943006
0.00098359375,34.185995862447925,56.549664786287416,27.276004945389737,-29.27365984089768
0.000984375,34.06620577855347,56.5514154768254,27.658500256787008,-28.89291522003839
0.00098515625,33.94702913258171,56.553081001953686,28.11768232961199,-28.435398672341694
0.0009859375,33.82763213915023,56.554661359164015,28.64909837981778,-27.905562979346236
0.00098671875,33.70287912893129,56.5561565460764,29.248238911754484,-27.307917634321917
0.0009875,33.45465797732665,56.55756656043912,29.91051675435936,-26.64704980607976
0.00098828125,33.67567634845462,27.38024678707095,30.497898499836634,3.1176517127656838
0.0009890625,33.67176821133106,27.435289517489473,31.133932154800632,3.69864263731116
0.00098984375,33.68396595081603,27.495977638215678,31.73342236359863,4.237444725382955
0.000990625,33.70137628126644,27.55662467686164,32.29607043092877,4.7394457540671295
0.00099140625,33.72204476663112,27.617230215747604,32.82172501796185,5.204494802214246
0.0009921875,33.745338051288705,27.67779416358394,33.310358360323825,5.632564196739887
0.00099296875,33.77106872116559,27.73831642916247,33.76206123635721,6.0237448071947455
0.00099375,33.79944246390705,27.798796921337768,34.17703802930105,6.378241107963283
0.00099453125,33.831641574663564,27.859235549027265,34.55560184772449,6.696366298697225
0.0009953125,33.87418500277939,27.9196322212115,34.89817085350502,6.978538632293525
0.00099609375,34.24960134300561,27.979986846934185,35.20535951687272,7.225372669938534
0.000996875,34.01434355314964,0.0016057963120641996,35.337094732581754,35.33548893626969
0.00099765625,34.17667689061047,9.215807748392572e-08,35.43072357906013,35.43072348690205
0.0009984375,34.32901800765634,5.289033971323323e-12,35.40829678583918,35.40829678583389
0.00099921875,34.47859278670412,3.0354236018748745e-16,35.274425009358005,35.274425009358005
0.001,34.626579488360974,1.742056582123584e-20,35.0338945773245,35.0338945773245
0.00100078125,34.77327755275982,9.997817548251386e-25,34.69164257059863,34.69164257059863
0.0010015625,34.919032708052455,5.737836345492036e-29,34.25273557138652,34.25273557138652
0.00100234375,35.065232302813115,3.292995273094135e-33,33.7223488780353,33.7223488780353
0.001003125,35.22046033578539,1.88987925337742e-37,33.10574805310597,33.10574805310597
0.00100390625,34.75135659741543,20.151308234990058,32.46976789146237,12.318459656472312
0.0010046875,35.27307121979406,28.640602914564397,31.792223280663094,3.1516203660986974
0.00100546875,35.29692296415781,28.700929682591223,31.107312196214426,2.406382513623203
0.00100625,35.30929522014684,28.760729484052398,30.44162339459984,1.6808939105474423
0.00100703125,35.31637582389444,28.82048594461228,29.796709346664016,0.9762234020517383
0.0010078125,35.31953802629007,28.880199002039607,29.173992804710398,0.2937938026707926
0.00100859375,35.319256660873485,28.939868566409146,28.574769996387854,-0.3650985700212907
0.001009375,35.315675799644026,28.999494547859626,28.000211647188767,-0.999282900670859
0.00101015625,35.30864648171649,29.059076856595404,27.451364185153757,-1.607712671441648
0.0010109375,35.297344273523,29.11861540288659,26.92915114399431,-2.189464258892278
0.00101171875,35.27783686704517,29.178110097069222,26.434374161444197,-2.7437359356250255
0.0010125,35.19367580063343,29.237560849545346,25.967697713246316,-3.2698631362990316
0.00101328125,35.20735276314404,56.538303862401364,25.644157833235276,-30.894146029166087
0.0010140625,35.057428592335306,56.554820743555965,25.35477419522428,-31.200046548331684
0.00101484375,34.92281280799818,56.55325033008292,25.17564005332865,-31.377610276754268
0.001015625,34.79132291738734,56.551593715279026,25.103051000042413,-31.448542715236613
0.00101640625,34.66145239798578,56.54985193473771,25.13306196650058,-31.41678996823713
0.0010171875,34.53323824197206,56.54802499114136,25.261557038110244,-31.286467953031117
0.00101796875,34.40732849078976,56.54611288724131,25.48426890241116,-31.061843984830148
0.00101875,34.28519877193153,56.54411562591716,25.796798399266372,-30.747317226650786
0.00101953125,34.171063414363,56.54203321017675,26.19463433217205,-30.347398878004697
0.0010203125,34.088685361650526,56.53986564315616,26.67317822482818,-29.86668741832798
0.00102109375,33.931075068971616,4.920991253381661,27.063432580258063,22.1424413268764
0.001021875,34.060275419587626,0.00028242006152434884,27.51371347253092,27.513431052469397
0.00102265625,34.19799421454735,1.6208346922770117e-08,27.872987750765628,27.87298773455728
0.0010234375,34.32366823516718,9.442548994149666e-13,28.12978082177937,28.129780821778425
0.00102421875,34.44653537231108,7.740274825139097e-15,28.28729078320024,28.287290783200234
0.001025,34.56863164117339,1.2258728717170823e-14,28.34890398813401,28.348903988133998
0.00102578125,34.69074807690222,8.625765535873635e-15,28.318178074464438,28.31817807446443
0.0010265625,34.81371953369522,1.4209559746811865e-14,28.198824408159382,28.198824408159368
0.00102734375,34.93978395350569,9.059538586090062e-15,27.994690778429543,27.994690778429533
0.001028125,35.07932686893374,1.877253934356932e-14,27.70974628846108,27.709746288461062
0.00102890625,35.46106596180849,1.7267552738784902e-14,27.348136520323596,27.34813652032358
0.0010296875,34.93871730459184,56.49622143829865,27.172350253703346,-29.3238711845953
0.00103046875,34.85523892629154,56.503939534782525,26.93903153785779,-29.564907996924735
0.00103125,34.74447948418246,56.5005808817875,26.808585620089232,-29.691995261698267
0.00103203125,34.62777029730403,56.497136509117865,26.77742765853423,-29.719708850583636
0.0010328125,34.50921501144274,56.49360705274546,26.84176130425837,-29.65184574848709
0.00103359375,34.390503165081526,56.48999251802181,26.997634802716174,-29.492357715305634
0.001034375,34.27282497866299,56.48629291039031,27.240960241246036,-29.245332669144275
0.00103515625,34.15770297863684,56.4825082354225,27.56753213170393,-28.91497610371857
0.0010359375,34.04941269620778,56.47863849881808,27.973046223278192,-28.505592275539886
0.00103671875,34.00100834910885,56.47468370640475,28.45313331496932,-28.021550391435426
0.0010375,33.86180366018813,31.132999786697955,28.896869722602933,-2.2361300640950232
0.00103828125,33.875503470557064,31.17420287535608,29.401565011125573,-1.7726378642305065
0.0010390625,33.87612332441804,31.23210581826826,29.89223164846125,-1.339874169807007
0.00103984375,33.87546917419862,31.289962687307344,30.368002311125473,-0.9219603761818718
0.001040625,33.87545374148812,31.34777243428328,30.82813481114067,-0.5196376231426072
0.00104140625,33.876654198861694,31.40553497208044,31.271965031980088,-0.13356994010034953
0.0010421875,33.87933315340779,31.4632502137095,31.698906310285277,0.23565609657577796
0.00104296875,33.88370359321393,31.520918072252357,32.10844835369588,0.5875302814435202
0.00104375,33.89010650865953,31.578538460862234,32.500155932920585,0.9216174720583497
0.00104453125,33.899396522881545,31.636111292763886,32.87366746416299,1.2375561713991035
0.0010453125,33.91469998941931,31.69363648125365,33.22869391058434,1.535057429330692
0.00104609375,33.961991346572795,31.751113939699657,33.56502424816369,1.8139103084640285
0.001046875,33.940171018930606,0.24075377724563696,33.769262035049564,33.52850825780393
0.00104765625,34.11930768050441,1.3817073243511191e-05,33.95163946569154,33.9516256486183
0.0010484375,34.270333008125775,7.929741132234417e-10,34.01984935375173,34.01984935295876
0.00104921875,34.4162674277974,4.5509489105285444e-14,33.97747099298906,33.97747099298902
0.00105,34.56036876623085,2.6118300258315025e-18,33.8289675897146,33.8289675897146
0.00105078125,34.70355145574364,1.498952464188996e-22,33.57896362265912,33.57896362265912
0.0010515625,34.84680259736574,8.60262140980232e-27,33.232224625433844,33.232224625433844
0.00105234375,34.993828993569046,4.937120881977368e-31,32.79363749381359,32.79363749381359
0.001053125,35.184575215673206,2.8334575523087105e-35,32.26820221228663,32.26820221228663
0.00105390625,35.0700279540739,32.25108162945871,31.785577243393735,-0.4655043860649755
0.0010546875,35.10376749788793,32.38018695372484,31.231561077525612,-1.1486258761992247
0.00105546875,35.10557931620979,32.43708906189846,30.702710311658958,-1.7343787502395032
0.00105625,35.10043861741806,32.493938179394036,30.200109803552095,-2.293828375841939
0.00105703125,35.091402708721915,32.5507383613683,29.72450791551335,-2.8262304458549523
0.0010578125,35.07941482594263,32.60748952251882,29.276537223546434,-3.330952298972383
0.00105859375,35.06489204501448,32.66419157737943,28.85671756955793,-3.8074740078214955
0.001059375,35.048046859046195,32.72084444055781,28.465458927917414,-4.255385512640397
0.00106015625,35.028952813342855,32.77744802673581,28.103064423978918,-4.674383602756893
0.0010609375,35.00748022024558,32.83400225066945,27.769733528475623,-5.064268722193828
0.00106171875,34.98294140318727,32.890507027189074,27.46556535105631,-5.4249416761327645
0.0010625,34.952008098184805,32.946962271199524,27.190561499184724,-5.756400772014802
0.00106328125,34.86660353890365,33.00336789768019,26.94461498023118,-6.058752917449012
0.0010640625,34.865298172688114,56.26739158249301,26.82507029296199,-29.442321289531023
0.00106484375,34.72528271713829,56.27572282307223,26.738384256745533,-29.537338566326696
0.001065625,34.59913135051392,56.26862711298237,26.748742656419598,-29.519884456562774
0.00106640625,34.4765759828636,56.26144578285448,26.85233232955874,-29.40911345329574
0.0010671875,34.35656047208198,56.254179723955446,27.045152986143915,-29.20902673781153
0.00106796875,34.23965829060283,56.24682894727839,27.323078102766353,-28.923750844512035
0.00106875,34.12805271085435,56.23939346389345,27.68187298348213,-28.55752048041132
0.00106953125,34.030386434251135,56.2318732849983,28.117214188737897,-28.114659096260404
0.0010703125,34.06348166643777,56.22426842191821,28.624742738400926,-27.599525683517285
0.00107109375,33.89387531993792,0.03707159208717794,28.96398775771757,28.926916165630395
0.001071875,34.05999948333871,2.1275716341475756e-06,29.355641170211534,29.3556390426399
0.00107265625,34.19438700198386,1.2210917940529534e-10,29.638940463849917,29.638940463727806
0.0010734375,34.32273010487227,1.5271203412403426e-14,29.817130910936896,29.817130910936882
0.00107421875,34.44879869038096,1.5422905746472916e-14,29.8937617866071,29.893761786607087
0.001075,34.573339818264856,1.5635035934107393e-14,29.872564654287714,29.8725646542877
0.00107578125,34.69624182198992,1.1049903360443861e-14,29.757435090894386,29.757435090894376
0.0010765625,34.81688707999173,1.762701112775472e-14,29.55241401977091,29.552414019770893
0.00107734375,34.93385365054507,1.584191869906866e-14,29.261669088881472,29.261669088881458
0.001078125,35.04300400888112,5.0299502784045876e-15,28.889475794921577,28.889475794921573
0.00107890625,35.12079686483488,8.710427252437172e-15,28.440193682341064,28.440193682341057
0.0010796875,35.2735250770992,51.24106971306395,28.08138341675416,-23.15968629630979
0.00108046875,35.14182167219036,56.11742395210793,27.665575160534715,-28.451848791573212
0.00108125,35.00207615901768,56.10891512884878,27.342493402402113,-28.766421726446666
0.00108203125,34.87484973468668,56.10004146479515,27.123302037343013,-28.976739427452134
0.0010828125,34.75121925520305,56.091083299003856,27.004600421660356,-29.0864828773435
0.00108359375,34.6296492809524,56.08204066105387,26.98280356444116,-29.099237096612708
0.001084375,34.51052024449445,56.07291356456416,27.054159745156667,-29.018753819407493
0.00108515625,34.39706169456498,56.063702023280015,27.21476931301009,-28.848932710269924
0.0010859375,34.33384951260495,56.054406051073784,27.46061648387085,-28.593789567202933
0.00108671875,34.19368586962335,34.68617050626635,27.6978000951987,-6.988370411067649
0.0010875,34.18212189821721,34.726872462976466,28.00795455614988,-6.7189179068265865
0.00108828125,34.15915029052341,34.78164508010863,28.327374096464826,-6.454270983643807
0.0010890625,34.134739209225664,34.83636612724099,28.654819922989898,-6.181546204251096
0.00108984375,34.11050791510825,34.891034711482064,28.989113273465577,-5.901921438016487
0.001090625,34.0869281329733,34.945650750455414,29.329099255012096,-5.616551495443317
0.00109140625,34.06416065840852,35.00021416191028,29.673649843028443,-5.326564318881836
0.0010921875,34.04222904930032,35.054724863675155,30.021666463691297,-5.033058399983858
0.00109296875,34.02104618635126,35.10918277365788,30.372082333204396,-4.737100440453481
0.00109375,34.00035603736892,35.16358780984586,30.723864575040132,-4.439723234805728
0.00109453125,33.979498085043666,35.21793989030607,31.076016082625575,-4.141923807680496
0.0010953125,33.956402090527654,35.27223893318528,31.427576916848924,-3.844662016336355
0.00109609375,33.92004323247045,35.326484856710096,31.777623172826484,-3.5488616838836125
0.001096875,34.65399574156524,10.436103825718675,32.0491408679545,21.613037042235824
0.00109765625,34.15842800680121,0.0005989372735353647,32.27548557835269,32.274886641079156
0.0010984375,34.27573240606719,3.437354242738889e-08,32.420228783209154,32.42022874883561
0.00109921875,34.40328865418416,1.9727281490316845e-12,32.45646956743008,32.4564695674281
0.0011,34.53282127432647,1.1321662171429556e-16,32.38833469933348,32.38833469933348
0.00110078125,34.66167270089348,6.497602540263659e-21,32.220124044309834,32.220124044309834
0.0011015625,34.78709828286123,3.7290318446156127e-25,31.95628658193797,31.95628658193797
0.00110234375,34.89989739522744,2.1401245170027065e-29,31.60139818302241,31.60139818302241
0.001103125,34.58660445482814,1.2282364804391165e-33,31.160018312259226,31.160018312259226
0.00110390625,35.054325918631086,35.863949295279454,30.81689183518397,-5.047057460095485
0.0011046875,35.01200175372896,35.91966071327475,30.401961815820464,-5.51769889745429
0.00110546875,34.98087266739854,35.9732629734139,30.02082223924354,-5.952440734170364
0.00110625,34.951280862188916,36.02681094052721,29.67353245979624,-6.353278480730971
0.00110703125,34.92140189514191,36.08030465190756,29.360038690611063,-6.720265961296497
0.0011078125,34.89070816116097,36.13374402700114,29.080182291822922,-7.053561735178221
0.00110859375,34.859033120784275,36.18712898532924,28.83370407206114,-7.3534249132681015
0.001109375,34.82633314580877,36.24045944649505,28.620248967443803,-7.6202104790512495
0.00111015625,34.792597110701244,36.2937353301839,28.43937088949572,-7.854364440688181
0.0011109375,34.75778444353289,36.34695655616323,28.2905376806196,-8.056418875543626
0.00111171875,34.72172494986434,36.400123044282864,28.173136134019916,-8.226986910262948
0.0011125,34.68380399170385,36.45323471447501,28.086476996034108,-8.366757718440901
0.00111328125,34.64123871529747,36.50629148675446,28.02979950458551,-8.47649198216895
0.0011140625,34.55452676100464,36.5592932812187,28.002264367770408,-8.557028913448294
0.00111484375,34.53728853988872,55.638652372786446,28.082944640880303,-27.555707731906143
0.001115625,34.406528001687,55.638744991087144,28.19436880212779,-27.444376188959353
0.00111640625,34.287104272584905,55.62616910884929,28.38844693058384,-27.23772217826545
0.0011171875,34.16991995190001,55.613508732358355,28.661321395621915,-26.95218733673644
0.00111796875,34.0524882544778,55.60076460288689,29.00900187437194,-26.59176272851495
0.00111875,33.93008290320532,55.58793673966875,29.427415781352526,-26.160520958316223
0.00111953125,33.77110907296149,55.575025162022456,29.912415569094268,-25.662609592928188
0.0011203125,34.09603347887751,1.426863327513459,30.278234849728907,28.851371522215448
0.00112109375,34.05219492590492,8.188895449146538e-05,30.699814322189958,30.699732433235468
0.001121875,34.162374611042885,4.699693196406186e-09,31.011585598668194,31.0115855939685
0.00112265625,34.28462181086624,2.8296726431810526e-13,31.21278567267125,31.212785672670964
0.0011234375,34.410960764808735,2.2332933904078395e-14,31.307100559090202,31.30710055909018
0.00112421875,34.53910165398522,1.1087261144220583e-14,31.298413164157104,31.298413164157093
0.001125,34.668012793559974,9.560629639183598e-15,31.190781595281123,31.190781595281113
0.00112578125,34.79713513084564,1.4377162456716585e-14,30.988419177126232,30.988419177126218
0.0011265625,34.926229500547976,3.0196426992251555e-14,30.695674965644237,30.69567496564421
0.00112734375,35.055507673466984,9.479914335996615e-15,30.31701469200878,30.31701469200877
0.001128125,35.18633965737726,2.055083393308642e-14,29.857002289777625,29.857002289777604
0.00112890625,35.32510507724539,1.8938419415240774e-14,29.320282969758257,29.32028296975824
0.0011296875,35.54048056341635,9.656063882677172e-15,28.71158578283639,28.71158578283638
0.00113046875,35.234621472819335,55.26167812409118,28.249173891761696,-27.012504232329487
0.00113125,35.185292588649325,55.37131218274001,27.732902617442754,-27.63840956529726
0.00113203125,35.08413598229844,55.3570710092792,27.32412930745472,-28.032941701824484
0.0011328125,34.97446023077278,55.34273936454591,27.02026180695895,-28.322477557586964
0.00113359375,34.86238048745453,55.32832437423959,26.81811516520955,-28.51020920903004
0.001134375,34.752348208577494,55.31382606047663,26.714305640737244,-28.599520419739385
0.00113515625,34.681214106286355,55.299244445091254,26.705281216202266,-28.59396322888899
0.0011359375,34.546569606831476,38.032116805304284,26.714808994431877,-11.317307810872407
0.00113671875,34.5149120347072,38.07207446573692,26.808443551264773,-11.263630914472145
0.0011375,34.47327370971984,38.12338953088677,26.934222616972306,-11.189166913914464
0.00113828125,34.42990561117908,38.174647838003054,27.090622423172686,-11.084025414830368
0.0011390625,34.386293884534396,38.225848654827196,27.27611156064114,-10.949737094186055
0.00113984375,34.3429941374242,38.276991904214086,27.48912579033367,-10.787866113880415
0.001140625,34.30032202712395,38.328077509142915,27.728074513134676,-10.60000299600824
0.00114140625,34.25851460753025,38.379105392679705,27.991346899784048,-10.387758492895658
0.0011421875,34.2177915850565,38.430075477977326,28.277317812709356,-10.152757665267972
0.00114296875,34.178400216832,38.480987688275825,28.584353536775943,-9.896634151499882
0.00114375,34.14068532496327,38.531841946902276,28.910817322663146,-9.62102462423913
0.00114453125,34.10526609165237,38.582638177271114,29.255074762113722,-9.327563415157393
0.0011453125,34.07365994679621,38.63337630288415,29.615499107868715,-9.017877195015435
0.00114609375,34.051771747354486,38.68405624733062,29.99047739669416,-8.693578850636465
0.001146875,34.120061395615544,38.73467793428752,30.378439868956633,-8.356238065330883
0.00114765625,34.0489218717378,0.025549001371937833,30.61500217170954,30.589453170337602
0.0011484375,34.20920331795555,1.4662798951414192e-06,30.85374081494764,30.853739348667744
0.00114921875,34.347896551340156,8.41511063229811e-11,30.985328043256846,30.985328043172697
0.00115,34.483002951244025,4.829506780285415e-15,31.013473391535317,31.013473391535314
0.00115078125,34.61800769026299,2.7716968629387027e-19,30.942136829790613,30.942136829790613
0.0011515625,34.75663393507866,1.590701462804497e-23,30.775439103389278,30.775439103389278
0.00115234375,34.92118510585232,9.129177066952308e-28,30.517648915379127,30.517648915379127
0.001153125,34.744884696861476,38.13304254604656,30.3010525370772,-7.83199000896936
0.00115390625,34.82823520055179,39.18758133078818,30.004165985765127,-9.183415345023052
0.0011546875,34.80280452415334,39.23767391041973,29.74520848103156,-9.492465429388167
0.00115546875,34.768418697677866,39.28764975615006,29.526541922720966,-9.761107833429094
0.00115625,34.73058591461579,39.3375664320817,29.34744364941791,-9.990122782663791
0.00115703125,34.6908278021484,39.387423866349025,29.20709211677387,-10.180331749575155
0.0011578125,34.64980947921074,39.437221983867815,29.104574551846852,-10.332647432020964
0.00115859375,34.60791605655768,39.48696070964301,29.038893606392868,-10.448067103250139
0.001159375,34.565413717056245,39.536639968768995,29.008973882513672,-10.527666086255323
0.00116015625,34.52250440140026,39.58625968642969,29.01366841573349,-10.5725912706962
0.0011609375,34.47934189208739,39.63581978789872,29.05176511862635,-10.58405466927237
0.00116171875,34.43602207625478,39.685320198539436,29.121993169945398,-10.563327028594038
0.0011625,34.39252658642967,39.734760843805134,29.22302932326594,-10.511731520539193
0.00116328125,34.3484950952958,39.78414164923912,29.35350407296496,-10.430637576274156
0.0011640625,34.30190844737882,39.833462540474734,29.512007332136392,-10.321455208338342
0.00116484375,34.22236009517431,39.882723443235655,29.697085030766566,-10.18563841246909
0.001165625,34.19821820512284,54.6560846383032,29.9691516025347,-24.686933035768497
0.00116640625,34.08820927390069,54.64793804532845,30.267418592585297,-24.380519452743155
0.0011671875,33.99022035131378,54.6299619660259,30.6313117242593,-23.9986502417666
0.00116796875,33.900347339451365,54.611903055588165,31.057077733877417,-23.554825321710748
0.00116875,33.83077748301909,54.59376190057928,31.54089178333912,-23.05287011724016
0.00116953125,34.41058670007148,54.57553852835159,32.07908684947154,-22.496451678880053
0.0011703125,33.79952053378106,0.0031321386596025506,32.3939184860281,32.3907863473685
0.00117109375,33.96474126088012,1.7975623655498225e-07,32.74804379318658,32.74804361343035
0.001171875,34.11139432620577,1.0345684265203958e-11,32.98443072498562,32.984430724975276
0.00117265625,34.25389303092582,1.5885511529247443e-14,33.1069328001709,33.10693280017089
0.0011734375,34.394751559235566,9.488027333769174e-15,33.1196189923059,33.119618992305895
0.00117421875,34.534540426410025,1.4438444153258627e-14,33.026746765328404,33.02674676532839
0.001175,34.673313207548354,1.5787633757826365e-14,32.83274165667379,32.832741656673775
0.00117578125,34.81097626486443,1.5647226768165306e-14,32.542176782690206,32.54217678269019
0.0011765625,34.94744499982824,7.751976922211599e-15,32.15975260920476,32.15975260920475
0.00117734375,35.08278700943738,1.2073102631043014e-14,31.690277107860755,31.690277107860744
0.001178125,35.217522120498295,1.9399616292233164e-14,31.138646406256473,31.138646406256456
0.00117890625,35.35368076994239,1.3703885923540665e-14,30.509826191333488,30.509826191333474
0.0011796875,35.50120371391121,9.89587792405114e-15,29.80883554919515,29.80883554919514
0.00118046875,35.87990632365654,2.2509530566620657e-14,29.04079862241307,29.04079862241305
0.00118125,35.38835560720136,54.28177600963477,28.45900245572085,-25.82277355391392
0.00118203125,35.31724677850013,54.272805197384365,27.83056518789906,-26.442240009485303
0.0011828125,35.219140562496584,54.25318903854249,27.310543177947295,-26.942645860595192
0.00118359375,35.11649232280298,54.23349056912326,26.89631815966912,-27.33717240945414
0.001184375,35.04036198738427,54.21371042501256,26.585012240977637,-27.62869818403492
0.00118515625,34.914195920149375,41.15084910949945,26.318700092552966,-14.832149016946481
0.0011859375,34.86454101201739,41.1898237559493,26.146643475329256,-15.043180280620044
0.00118671875,34.80614552524043,41.237374699250964,26.029107229203913,-15.208267470047051
0.0011875,34.74546248241369,41.284864035572895,25.964459086454234,-15.320404949118661
0.00118828125,34.683787064991975,41.332291197664155,25.950985413120215,-15.38130578454394
0.0011890625,34.62168820306218,41.37965611407182,25.98687686952614,-15.392779244545682
0.00118984375,34.55953854844068,41.4269587134652,26.070238066181187,-15.35672064728401
0.001190625,34.49763916260726,41.474198924607435,26.199096984352277,-15.275101940255158
0.00119140625,34.436264652127,41.521376676355615,26.3714142452378,-15.149962431117812
0.0011921875,34.3756899195381,41.568491897660905,26.58509222434826,-14.983399673312645
0.00119296875,34.3162202597591,41.61554451756863,26.837983995605832,-14.777560521962796
0.00119375,34.258247822801906,41.66253446521838,27.127902091689926,-14.534632373528451
0.00119453125,34.20239508298335,41.70946166984416,27.452627082064065,-14.256834587780094
0.0011953125,34.1499891519111,41.75632606077445,27.80991603706846,-13.946410023705987
0.00119609375,34.105364722709645,41.80312756743233,28.197511397041207,-13.60561617039112
0.001196875,34.102969574651006,41.849866119335545,28.613158439090334,-13.236707680245212
0.00119765625,34.0097138515902,0.31721794588875746,28.905427674592033,28.588209728703276
0.0011984375,34.18181163855846,1.8205419838664505e-05,29.21747939026368,29.21746118484384
0.00119921875,34.317706285306855,1.044825224416112e-09,29.425519818856223,29.4255198178114
0.0012,34.448291241966004,5.996344820665556e-14,29.53207395624002,29.53207395623996
0.00120078125,34.57914116363786,3.441355584463067e-18,29.540777163007665,29.540777163007665
0.0012015625,34.716242297064035,1.9750245546086932e-22,29.45543326424022,29.45543326424022
0.00120234375,34.912252683401434,1.1334841447126633e-26,29.280012291006553,29.280012291006553
0.001203125,34.71151744109738,42.127199397610894,29.181349373410406,-12.945850024200489
0.00120390625,34.706745974376375,42.26766312797254,29.007655168742325,-13.260007959230217
0.0012046875,34.66267889967475,42.313773688387,28.88258719116704,-13.431186497219961
0.00120546875,34.61204471612489,42.35981511366388,28.80506201003738,-13.5547531036265
0.00120625,34.55891921752498,42.40579274551416,28.77361234748137,-13.63218039803279
0.00120703125,34.504611861867076,42.45170651500692,28.786681068014744,-13.665025446992173
0.0012078125,34.449752037932974,42.49755635299685,28.842630328349017,-13.654926024647834
0.00120859375,34.3947301082753,42.543342190434956,28.93975007490465,-13.603592115530304
0.001209375,34.33983099263133,42.589063958368556,29.07626633752121,-13.512797620847346
0.00121015625,34.28528390643802,42.63472158794152,29.250349374011805,-13.384372213929716
0.0012109375,34.23128271034959,42.680315010394246,29.46012166331443,-13.220193347079817
0.00121171875,34.1779923888098,42.72584415706392,29.703665732803493,-13.022178424260426
0.0012125,34.125542929673955,42.77130895938443,29.97903180163793,-12.792277157746497
0.00121328125,34.07399488016828,42.81670934888661,30.28424521728509,-12.532464131601522
0.0012140625,34.023191513196636,42.86204525719832,30.617313638871536,-12.244731618326782
0.00121484375,33.97186154477649,42.90731661604446,30.976233724868045,-11.931082891176418
0.001215625,33.898916061082204,42.9525233572472,31.358991297877935,-11.593532059369267
0.00121640625,33.86712729289072,53.32593692168693,31.80700168467025,-21.51893523701668
0.0012171875,33.77885691061894,53.3096029248916,32.27658822818754,-21.033014696704058
0.00121796875,33.71028832833107,53.28634096562858,32.7944835640508,-20.491857401577782
0.00121875,33.76721351979242,53.26299836510468,33.35713751971579,-19.90586084538889
0.00121953125,33.63284608490898,0.03511641202477542,33.73741873412863,33.702302322103854
0.0012203125,33.81699780562044,2.0153621103507887e-06,34.145061731312815,34.1450597159507
0.00122109375,33.97139893543339,1.1568341196258078e-10,34.428527077942086,34.4285270778264
0.001221875,34.12031665319755,2.0255329097477468e-14,34.591683819601585,34.59168381960156
0.00122265625,34.267305235678094,1.547138964149089e-14,34.638723683369804,34.63872368336979
0.0012234375,34.413123464864,2.536509624764243e-14,34.57404179844243,34.5740417984424
0.00122421875,34.55783623455272,3.3724888747538804e-14,34.402215472808315,34.40221547280828
0.001225,34.70128869716083,1.4551819459589776e-14,34.1279826986894,34.12798269868939
0.00122578125,34.8432628408596,2.9776234218550137e-14,33.75622088602278,33.75622088602275
0.0012265625,34.98355442134326,2.7344015604661464e-14,33.291925960441745,33.291925960441716
0.00122734375,35.12204428003179,3.172510614767759e-14,32.74019190257652,32.74019190257649
0.001228125,35.258828848157876,1.3433891627181394e-14,32.106190799239634,32.10619079923962
0.00122890625,35.394589710124166,2.3226897461466113e-14,31.39515351485843,31.395153514858404
0.0012296875,35.53209977305678,1.0898665317182262e-14,30.612351344960558,30.612351344960548
0.00123046875,35.68749018775378,1.6035062447416075e-14,29.76308177914805,29.76308177914803
0.00123125,34.689491944172694,37.277328285003605,28.96641630586884,-8.310911979134763
0.00123203125,35.526424739863934,52.85303532972364,28.176148889142585,-24.676886440581054
0.0012328125,35.4432971573519,52.82914970978348,27.450754625710424,-25.378395084073055
0.00123359375,35.329557512477045,52.804289260179665,26.834215719379333,-25.970073540800332
0.001234375,35.29153577642728,44.03760185572046,26.29036346091236,-17.7472383948081
0.00123515625,35.20887407187979,44.0614948648225,25.849255610856485,-18.212239253966015
0.0012359375,35.13153169165397,44.10499680850717,25.48328170549176,-18.621715103015408
0.00123671875,35.053404174267975,44.1484334600461,25.190742859357467,-18.957690600688633
0.0012375,34.97416576032972,44.19180362490691,24.969830877208764,-19.221972747698146
0.00123828125,34.89397151267025,44.235107237710096,24.81858106029425,-19.416526177415847
0.0012390625,34.81306170298241,44.278344233241214,24.734884431070512,-19.543459802170702
0.00123984375,34.73168629308155,44.321514546386126,24.716500044434625,-19.6050145019515
0.001240625,34.65008282082004,44.3646181121311,24.761067253176314,-19.603550858954783
0.00124140625,34.56846483603859,44.407654865562975,24.866117876479617,-19.541536989083358
0.0012421875,34.48700897980007,44.45062474186915,25.029088232658424,-19.421536509210725
0.00124296875,34.40583191108077,44.493527676337784,25.24733100012971,-19.246196676208076
0.00124375,34.3249393940795,44.536363604357845,25.518126869265288,-19.018236735092557
0.00124453125,34.24409369388876,44.57913246141917,25.83869593670519,-18.74043652471398
0.0012453125,34.162385449141134,44.62183418311265,26.206208738423555,-18.41562544468909
0.00124609375,34.076275405403344,44.664468705130275,26.61779645421969,-18.046672250910586
0.001246875,33.960363473363564,44.707035963265184,27.07055462544194,-17.636481337823245
0.00124765625,34.23385957184517,1.1486825342339062,27.415326549202184,26.26664401496828
0.0012484375,34.209876949686716,6.592391151918913e-05,27.793282659796407,27.793216735884887
0.00124921875,34.30921742760662,3.783431871268366e-09,28.071562960355887,28.071562956572457
0.00125,34.416942496959976,2.171345175773229e-13,28.249907642582652,28.249907642582436
0.00125078125,34.524912808762174,1.2461542939778362e-17,28.33165892678417,28.33165892678417
0.0012515625,34.62445014303071,7.151790243789326e-22,28.320334469604077,28.320334469604077
0.00125234375,34.62125629849702,4.104475981693314e-26,28.219579136379963,28.219579136379963
0.001253125,34.781659841349125,45.01546401229734,28.222302280827922,-16.79316173146942
0.00125390625,34.67446067772314,45.08710216444219,28.152207620040034,-16.93489454440216
0.0012546875,34.59348616221894,45.128994978020735,28.138541661165984,-16.99045331685475
0.00125546875,34.51794607608352,45.170818124933874,28.17934938098506,-16.991468743948815
0.00125625,34.44460237872794,45.21257324531349,28.27250112172038,-16.94007212359311
0.00125703125,34.372608612774876,45.254260276374886,28.41578507994671,-16.838475196428178
0.0012578125,34.301728239366426,45.295879155338156,28.606916962048178,-16.688962193289978
0.00125859375,34.2319342192851,45.337429819525994,28.84354993650399,-16.493879883022004
0.001259375,34.163282669154135,45.37891220636388,29.123284484501983,-16.255627721861895
0.00126015625,34.09586336574721,45.42032625338007,29.443678057219714,-15.976648196160353
0.0012609375,34.02977671088033,45.46167189820576,29.802254500249084,-15.659417397956672
0.00126171875,33.96512089463149,45.50294907857517,30.196513219068066,-15.306435859507104
0.0012625,33.90198299378796,45.5441577323256,30.62393806456261,-14.920219667762991
0.00126328125,33.840431726535904,45.585297797397565,31.08200592062174,-14.503291876775826
0.0012640625,33.7805153179056,45.62636921183487,31.568194979489018,-14.058174232345852
0.00126484375,33.722302417338874,45.6673719137847,32.079992704510204,-13.587379209274491
0.001265625,33.66637991142539,45.708305841497754,32.61490361631151,-13.093402225186242
0.00126640625,33.63518260300442,45.749170933328244,33.1704638855726,-12.57870704775564
0.0012671875,33.5028255458032,51.659419474675396,33.771117746475284,-17.888301728200112
0.00126796875,33.34547727014892,51.63225079793891,34.388410163776,-17.243840634162904
0.00126875,33.67139631607216,0.11537411656961077,34.83724815459206,34.72187403802245
0.00126953125,33.75798156729888,6.621423116892866e-06,35.30528767228007,35.305281050856955
0.0012703125,33.89286995439104,3.800367600440192e-10,35.64335709319667,35.643357092816636
0.00127109375,34.035919059601916,3.7548621530414356e-14,35.855131821000505,35.85513182100047
0.001271875,34.18196168958039,1.6229511950855373e-14,35.94488076726135,35.94488076726134
0.00127265625,34.329192183569724,2.9573564598101776e-14,35.917093985933626,35.9170939859336
0.0012734375,34.4766343487029,2.0849072121504702e-14,35.77645893349508,35.77645893349506
0.00127421875,34.62361219227869,1.4483953554190872e-14,35.52783770189711,35.5278377018971
0.001275,34.769593926043946,1.3903507618539526e-14,35.17624471038141,35.1762447103814
0.00127578125,34.914138943928464,1.4085521746651842e-14,34.72682482080226,34.72682482080224
0.0012765625,35.05688421655949,1.3736910130119455e-14,34.18483190868246,34.18483190868245
0.00127734375,35.197556491860354,1.3168999833006626e-14,33.55560793600428,33.555607936004265
0.001278125,35.336021694467924,1.6159246651562303e-14,32.844562576972706,32.84456257697269
0.00127890625,35.472428677291724,1.9179855538631608e-14,32.057153460712456,32.057153460712435
0.0012796875,35.60768753324569,1.4650432378432218e-14,31.1988671566955,31.198867156695485
0.00128046875,35.74568420873833,1.464589507929043e-14,30.275201441049795,30.27520144104978
0.00128125,35.91518436059584,8.289487931758705e-15,29.291655302484557,29.29165530248455
0.00128203125,35.63686054320788,49.79651045636194,28.420720979116812,-21.37578947724513
0.0012828125,35.68948073431501,51.07932587196061,27.50294773375945,-23.576378138201164
0.00128359375,35.63990253107838,46.640636842268854,26.67504675565375,-19.965590086615105
0.001284375,35.55651171424923,46.66992968481848,25.955681501324722,-20.714248183493755
0.00128515625,35.471238337708364,46.70912392033071,25.330242461927668,-21.378881458403043
0.0012859375,35.382797151418025,46.74824838502986,24.797133676229087,-21.951114708800773
0.00128671875,35.29181409647387,46.78730244774462,24.35455727001686,-22.432745177727764
0.0012875,35.19884569252687,46.826286049627456,24.000498297243638,-22.825787752383818
0.00128828125,35.1043709928039,46.86519913196974,23.732739622363322,-23.132459509606417
0.0012890625,35.00882154289117,46.90404163616909,23.54887687551244,-23.35516476065665
0.00128984375,34.912600477351354,46.94281350372939,23.446333412915003,-23.496480090814387
0.001290625,34.81609488709663,46.981514676260915,23.422375236217754,-23.55913944004316
0.00129140625,34.719686380370206,47.02014509548039,23.47412582668735,-23.54601926879304
0.0012921875,34.623764361661635,47.05870470321109,23.59858085212656,-23.460123851084532
0.00129296875,34.528748965720425,47.09719344138299,23.79262270735019,-23.3045707340328
0.00129375,34.43513986386622,47.135611252032696,24.05303485453748,-23.082576397495217
0.00129453125,34.34363980845563,47.173958077303695,24.376515943629396,-22.7974421336743
0.0012953125,34.255540262334385,47.21223385944637,24.759693744647038,-22.452540114799334
0.00129609375,34.17438814981126,47.25043854081808,25.19913922378035,-22.05129931703773
0.001296875,34.1200871856761,47.288572063883265,25.691384727966998,-21.597187335916267
0.00129765625,34.00327253594821,4.118405363441035,26.095376696583575,21.97697133314254
0.0012984375,34.126927497307044,0.00023635894399727585,26.53556032105647,26.53532396211247
0.00129921875,34.25849159030604,1.3564849857525984e-08,26.885969730592613,26.885969717027763
0.0013,34.3813728600297,7.784987889408724e-13,27.13737687075408,27.1373768707533
0.00130078125,34.50518684787723,4.4678737379916775e-17,27.292861113251742,27.292861113251742
0.0013015625,34.64036088896406,2.5641524459907475e-21,27.355686799622028,27.355686799622028
0.00130234375,34.97991252294351,1.4715898773889168e-25,27.32934758374397,27.32934758374397
0.001303125,34.55894746180011,47.58182016098543,27.43496672971714,-20.14685343126829
0.00130390625,34.50804157953919,47.62856167647001,27.46792211471827,-20.160639561751736
0.0013046875,34.43464235851418,47.665981006555185,27.5635437351592,-20.102437271395985
0.00130546875,34.356604809177995,47.70332802164238,27.71922638650281,-19.984101635139567
0.00130625,34.27723990060101,47.7406031963492,27.93224527355296,-19.808357922796237
0.00130703125,34.197755664243424,47.77780647457041,28.199799437346247,-19.578007037224165
0.0013078125,34.11877742564135,47.8149378002785,28.51902411737622,-19.29591368290228
0.00130859375,34.04070712800144,47.851997117554376,28.887002452807966,-18.96499466474641
0.001309375,33.963838600083214,47.88898437058739,29.300776811390453,-18.588207559196935
0.00131015625,33.88840127455294,47.92589950367539,29.757359781002194,-18.168539722673195
0.0013109375,33.814577229934336,47.96274246122486,30.253744816775043,-17.70899764444982
0.00131171875,33.742505047131075,47.99951318775098,30.78691652782991,-17.21259665992107
0.0013125,33.67227312091324,48.036211627877705,31.353860585815752,-16.682351042061953
0.00131328125,33.603897587611684,48.072837726337816,31.951573236729793,-16.121264489608023
0.0013140625,33.53726626448907,48.10939142797309,32.57707039450099,-15.53232103347209
0.00131484375,33.471985962558215,48.14587267773432,33.22739628098788,-14.918476396746437
0.001315625,33.40687733278585,48.1822814206814,33.89963150984553,-14.28264991083587
0.00131640625,33.33758182262336,48.2186176019834,34.590900055303756,-13.62771754667964
0.0013171875,33.21937095978971,48.25488116691871,35.29836406257645,-12.956517104342263
0.00131796875,33.56588329687614,1.2754170139919905,35.86391190512083,34.58849489112884
0.00131875,33.562991851755804,7.319731596013766e-05,36.43803260038608,36.43795940307012
0.00131953125,33.698824452542745,4.200873638875277e-09,36.87774062569941,36.87774062149854
0.0013203125,33.84594555836151,2.555209315847584e-13,37.18326193898857,37.183261938988316
0.00132109375,33.99697846236248,1.9365798738091587e-14,37.358876009484426,37.358876009484405
0.001321875,34.149662115340824,1.4648114568673435e-14,37.40910879273457,37.40910879273456
0.00132265625,34.30284294811931,1.9211178129610112e-14,37.33870721956644,37.338707219566416
0.0013234375,34.455734188137164,1.8061047976807516e-14,37.15261524875491,37.15261524875489
0.00132421875,34.60770629508548,1.9269384273974838e-14,36.855950405077934,36.85595040507791
0.001325,34.75821048812045,1.9390187872443332e-14,36.45398072830746,36.453980728307435
0.00132578125,34.90674411731005,1.478696380151038e-14,35.95210216035166,35.95210216035164
0.0013265625,35.052829703248214,1.2372002159609354e-14,35.35581641588108,35.355816415881065
0.00132734375,35.195995091498304,1.564731569842743e-14,34.67070938349162,34.670709383491605
0.001328125,35.33574332863093,1.6211835088127832e-14,33.90243010112675,33.90243010112673
0.00132890625,35.471489573476674,1.464928760594232e-14,33.05667034173835,33.05667034173833
0.0013296875,35.60239578270704,1.561349096837112e-14,32.1391448248466,32.13914482484659
0.00133046875,35.72681908513922,1.4377509835807682e-14,31.15557198920171,31.155571989201697
0.00133125,35.83962408610572,1.5609198019282204e-14,30.11165473315736,30.111654733157344
0.00133203125,35.90050693482237,2.1273729366037933e-14,29.013051558101118,29.013051558101097
0.0013328125,36.06513158052812,48.594009794712086,28.039715781018153,-20.554294013693934
0.00133359375,35.91711656401983,48.99952462225271,27.027174606790766,-21.97235001546194
0.001334375,35.809244258926746,49.034198284647445,26.122958045978464,-22.91124023866898
0.00133515625,35.70595572323074,49.06877682375668,25.326840356733275,-23.741936467023404
0.0013359375,35.60227747796502,49.10328146495359,24.63722471089867,-24.466056754054918
0.00133671875,35.49718858453482,49.137712157495955,24.052239916758076,-25.08547224073788
0.0013375,35.39056562519092,49.17206884953182,23.56975615860051,-25.60231269093131
0.00133828125,35.28257797079643,49.20635148932065,23.187401676585484,-26.01894981273517
0.0013390625,35.173511503779984,49.24056002523341,22.90257970117075,-26.337980324062656
0.00133984375,35.06370503102192,49.27469440575264,22.71248547539652,-26.56220893035612
0.001340625,34.95352524325814,49.3087545794726,22.614123283414237,-26.69463129605836
0.00134140625,34.84335879045544,49.34274049509927,22.604323424070163,-26.738417071029108
0.0013421875,34.733615964577865,49.376652101450496,22.679759076179103,-26.696893025271393
0.00134296875,34.62474887492522,49.41048934745599,22.836963007441085,-26.573526340014908
0.00134375,34.51729907441993,49.44425218215747,23.072344085670952,-26.371908096486518
0.00134453125,34.4120248448258,49.47794055470875,23.382203566061875,-26.095736988646877
0.0013453125,34.31030399985924,49.511554414375716,23.76275118275621,-25.748803231619505
0.00134609375,34.21588016966474,49.545093710536506,24.210121387737164,-25.33497232279934
0.001346875,34.149644618991836,49.578558392681565,24.72039388864946,-24.858164504032104
0.00134765625,34.01791751898186,4.317417062217027,25.145406296909748,20.827989234692723
0.0013484375,34.13836623243947,0.0002477804022595814,25.6153282048823,25.61508042448004
0.00134921875,34.267199807273315,1.4220337497900448e-08,25.997793188384964,25.997793174164627
0.00135,34.387047932244165,8.161178071797e-13,26.282818853871582,26.282818853870765
0.00135078125,34.50801424927899,4.6837726270149384e-17,26.47331689537313,26.47331689537313
0.0013515625,34.64104688802785,2.6880587371798358e-21,26.572386167866412,26.572386167866412
0.00135234375,34.988343108007165,1.5427007991064485e-25,26.583360407514682,26.583360407514682
0.001353125,34.53930446502919,49.83389322014955,26.737503949212847,-23.0963892709367
0.00135390625,34.478120486685796,49.87637406673428,26.82014855800135,-23.05622550873293
0.0013546875,34.393666250163484,49.90909041156813,26.972694183917135,-22.936396227650995
0.00135546875,34.304667607460736,49.94173103813117,27.192058522781437,-22.74967251534973
0.00135625,34.21461738580612,49.97429645331791,27.47503544279739,-22.49926101052052
0.00135703125,34.12480750417004,50.006786608117324,27.818341532854184,-22.18844507526314
0.0013578125,34.035922604688785,50.039201453599844,28.218630062931577,-21.820571390668267
0.00135859375,33.94841840448584,50.071540940949276,28.67250420168233,-21.399036739266947
0.001359375,33.86264558876655,50.10380502146296,29.176529792701846,-20.927275228761115
0.00136015625,33.77890083131238,50.13599364655176,29.727247725538074,-20.408745921013686
0.0013609375,33.69745372857126,50.16810676774019,30.321185894028737,-19.846920873711454
0.00136171875,33.618567580529934,50.20014433666648,30.954870726130306,-19.245273610536177
0.0013625,33.54252560499733,50.23210630508262,31.624838269447665,-18.607268035634952
0.00136328125,33.4696803310052,50.26399262485446,32.32764482108966,-17.9363478037648
0.0013640625,33.40057489365887,50.2958032479618,33.05987710369645,-17.235926144265346
0.00136484375,33.33632126722687,50.32753812649839,33.81816204031192,-16.509376086186474
0.001365625,33.28024593976926,50.359197212672086,34.599176478353684,-15.760020734318402
0.00136640625,33.25192671673749,50.39078045880488,35.399660837978544,-14.991119620826339
0.0013671875,33.160339887416775,7.131265186771926,36.078602429940005,28.94733724316808
0.00136796875,33.377281876788466,0.9041312267140034,36.7547622246336,35.8506309979196
0.00136875,33.49534705414789,5.188889465435548e-05,37.305171461127124,37.30511957223247
0.00136953125,33.65704073146406,2.977965632024666e-09,37.71826686646614,37.718266863488175
0.0013703125,33.81762972509454,1.9217303524730842e-13,37.99554663282202,37.99554663282183
0.00137109375,33.97779699663287,1.4659006564715757e-14,38.141446242448986,38.14144624244897
0.001371875,34.13754972794305,1.9625980041690114e-14,38.16064428809011,38.16064428809009
0.00137265625,34.296636068640915,1.966849027285143e-14,38.05803810830521,38.05803810830519
0.0013734375,34.454707744600334,1.4821312395199564e-14,37.83871974479235,37.838719744792336
0.00137421875,34.61138378046566,1.5704179821855228e-14,37.50795219071264,37.50795219071263
0.001375,34.766279163721094,2.1607849940958792e-14,37.07114601483593,37.07114601483591
0.00137578125,34.9190199669363,1.3827735867653333e-14,36.53383642798065,36.53383642798064
0.0013765625,35.0692532734896,2.619541636718293e-14,35.90166084992801,35.90166084992798
0.00137734375,35.21665607287323,1.5742780412408778e-14,35.1803370297848,35.18033702978479
0.001378125,35.360946456595116,1.5692062803730484e-14,34.37564176871341,34.37564176871339
0.00137890625,35.50190158099693,1.9345428913441464e-14,33.49339029057761,33.49339029057759
0.0013796875,35.63938871239491,1.4212123828136983e-14,32.539416302934946,32.53941630293493
0.00138046875,35.773393529157744,1.4301533768866088e-14,31.5195527790728,31.519552779072786
0.00138125,35.90336024314455,1.9705158083607328e-14,30.43961324798824,30.43961324798822
0.00138203125,36.04264325176597,3.944900821704485,29.317933684450985,25.3730328627465
0.0013828125,36.22176335137814,4.388535870571769,28.148825826331866,23.760289955760097
0.00138359375,35.95865123673287,50.96210439102753,27.128815995566903,-23.833288395460627
0.001384375,35.90948457299278,51.09614933975059,26.09162638879731,-25.00452295095328
0.00138515625,35.81410288737022,51.12590440072981,25.17406462846354,-25.95183977226627
0.0013859375,35.708720332501116,51.15557648614784,24.374759878273757,-26.78081660787408
0.00138671875,35.59801125071268,51.18517153184892,23.691715416370393,-27.49345611547853
0.0013875,35.48363194592271,51.21468949360668,23.122642617360857,-28.09204687624582
0.00138828125,35.3665001545826,51.24413032696761,22.66498039386812,-28.579149933099487
0.0013890625,35.24727102462866,51.27349398759438,22.315914138218613,-28.957579849375765
0.00138984375,35.12647774785817,51.3027804312658,22.072394617604502,-29.2303858136613
0.001390625,35.00458053089391,51.331989613877056,21.9311568441114,-29.400832769765657
0.00139140625,34.88198224493447,51.36112149143965,21.888738879716193,-29.472382611723454
0.0013921875,34.75902620710309,51.390176020081455,21.941500524047566,-29.44867549603389
0.00139296875,34.635975597962954,51.4191531560469,22.085641829739714,-29.33351132630719
0.00139375,34.512957786792015,51.44805285569697,22.31722138713876,-29.130831468558213
0.00139453125,34.38981301808808,51.476875075509206,22.63217430724346,-28.844700768265746
0.0013953125,34.265601617957195,51.505619772077864,23.026329768350546,-28.479290003727318
0.00139609375,34.13634654617837,51.534286902113976,23.495427573150796,-28.03885932896318
0.001396875,33.97286024762251,51.56287642244534,24.03512717854868,-27.52774924389666
0.00139765625,34.258504333987865,1.3245043341603169,24.47244011525031,23.147935781089995
0.0013984375,34.201460103405374,7.60144808767389e-05,24.96914336216926,24.969067347688384
0.00139921875,34.28692698998951,4.362538614585397e-09,25.37098470680549,25.370984702442954
0.0014,34.38245894171189,2.5036996825130673e-13,25.676622317990553,25.676622317990304
0.00140078125,34.478751811951504,1.4368954991615065e-17,25.888848158143084,25.888848158143084
0.0014015625,34.56589089077269,8.246470972262143e-22,26.010641043236365,26.010641043236365
0.00140234375,34.53549779774246,4.7327229806235546e-26,26.045115143399528,26.045115143399528
0.001403125,34.694018484396686,51.75465910451812,26.21298550282841,-25.54167360168971
0.00140390625,34.54552909742276,51.81668064420795,26.310390027109065,-25.506290617098884
0.0014046875,34.42805446622037,51.84449367765782,26.4848337885589,-25.359659889098925
0.00140546875,34.31773081052194,51.87222667545909,26.732925380873297,-25.139301294585792
0.00140625,34.21087390207285,51.89988155451199,27.051082393641366,-24.848799160870627
0.00140703125,34.10654407130999,51.92745827328122,27.435640989099912,-24.491817284181305
0.0014078125,34.00449672281916,51.95495679023673,27.882870049160292,-24.072086741076436
0.00140859375,33.90472085551047,51.98237706396624,28.38898549351037,-23.59339157045587
0.001409375,33.80729194937188,52.00971905317533,28.95016430792057,-23.05955474525476
0.00141015625,33.712311586258885,52.036982716687454,29.56255817523958,-22.474424541447874
0.0014109375,33.619874008871996,52.06416801344404,30.222306661779662,-21.841861351664377
0.00141171875,33.53003637458749,52.09127490250448,30.925549926879754,-21.165724975624727
0.0014125,33.44277307248899,52.11830334304632,31.668440927071064,-20.449862415975257
0.00141328125,33.357872219884534,52.14525329436524,32.44715708073275,-19.698096213632486
0.0014140625,33.27462657166429,52.17212471587505,33.25791132369419,-18.914213392180866
0.00141484375,33.19055976519396,52.19891756710792,34.0969622698251,-18.101955297282824
0.001415625,33.09187061921021,52.225631807714265,34.96062084264746,-17.265010965066807
0.00141640625,33.97288885504807,20.603772277591126,35.748672779602444,15.14490050201132
0.0014171875,33.296616913952086,7.4267182905167815,36.50136689264982,29.07464860213304
0.00141796875,33.40421103548817,7.494771785111061,37.1700635874263,29.675291802315236
0.00141875,33.516981513831276,0.6568241273941426,37.69654517150377,37.039721044109626
0.00141953125,33.67292439369216,3.7695720431503e-05,38.10420535821649,38.10416766249606
0.0014203125,33.83249843823998,2.1634060284000796e-09,38.376893752425936,38.37689375026253
0.00142109375,33.99176144989979,1.3380093543353335e-13,38.517172113093416,38.51717211309328
0.001421875,34.15114737101292,2.2187769695382518e-14,38.52977720192479,38.529777201924766
0.00142265625,34.31029106578559,2.0747438363790386e-14,38.41966526358217,38.41966526358215
0.0014234375,34.4687275183,2.1225855401923574e-14,38.1919878346119,38.19198783461188
0.00142421875,34.625992708147514,2.0869091844807138e-14,37.85206779231534,37.85206779231532
0.001425,34.781646294897854,2.118665517155339e-14,37.405375771911245,37.405375771911224
0.00142578125,34.935279804209415,2.1289522279616703e-14,36.85750703318571,36.85750703318569
0.0014265625,35.08652351318315,1.9811710929662922e-14,36.2141588367981,36.21415883679808
0.00142734375,35.23505801382963,1.774689985179148e-14,35.48110838415406,35.48110838415405
0.001428125,35.38064018828448,1.5730125642544233e-14,34.66419137230839,34.66419137230837
0.00142890625,35.523175344644784,1.9367509748982908e-14,33.76928121941183,33.76928121941181
0.0014296875,35.6629900794351,1.9270433688135498e-14,32.80226905635725,32.802269056357225
0.00143046875,35.80274085694621,2.0148009658088236e-14,31.769045035341087,31.769045035341065
0.00143125,35.750710951478354,6.109602708324018,30.694125449392338,24.58452274106832
0.00143203125,35.9976833804384,8.731241173767732,29.575170671436407,20.843929497668675
0.0014328125,36.09767053298418,8.799969228780695,28.42670060412358,19.62673137534289
0.00143359375,36.25262561014194,8.868537518156348,27.261000783168285,18.392463265011937
0.001434375,35.99061839591482,52.74489670802426,26.25193082579836,-26.492965882225896
0.00143515625,35.92883368555754,52.86781814140771,25.24136191187317,-27.62645622953454
0.0014359375,35.82309376830774,52.892480367026224,24.357709188653004,-28.53477117837322
0.00143671875,35.70780653659571,52.91705730291129,23.599175274581327,-29.31788202832996
0.0014375,35.587535048146144,52.941554546340996,22.963349386162605,-29.97820516017839
0.00143828125,35.46395722609514,52.9659720607463,22.447524623165044,-30.51844743758126
0.0014390625,35.338041678786695,52.9903098093549,22.04871886739204,-30.941590941962858
0.00143984375,35.21050967690764,53.01456775551456,21.763695163507425,-31.250872592007138
0.001440625,35.08197822681719,53.03874586269329,21.588982006705688,-31.4497638559876
0.00144140625,34.95301929360373,53.062844094479246,21.520893553312277,-31.54195054116697
0.0014421875,34.82419606745677,53.08686241458096,21.555549713246982,-31.53131270133398
0.00144296875,34.69610251304655,53.110800786827284,21.68889607414501,-31.421904712682274
0.00144375,34.569435735892604,53.13465917516744,21.916723611073987,-31.217935564093455
0.00144453125,34.44517856060115,53.158437543671134,22.23468815582443,-30.923749387846705
0.0014453125,34.325202515990846,53.18213585652858,22.638329685947472,-30.54380617058111
0.00144609375,34.21519558150293,53.20575407805053,23.123092067704096,-30.082662010346436
0.001446875,34.15912314132397,53.229292172668394,23.684353644335882,-29.544938528332512
0.00144765625,33.98777339038278,0.40333687887784686,24.12781888439076,23.72448200551291
0.0014484375,34.15433956407793,2.314786194020309e-05,24.63372449915696,24.633701351295016
0.00144921875,34.2754357229654,1.328476369166779e-09,25.0428132302069,25.042813228878423
0.00145,34.39047441413353,7.624243949586403e-14,25.356450431686387,25.356450431686312
0.00145078125,34.50666603465423,4.375621362332811e-18,25.577378927560524,25.577378927560524
0.0014515625,34.63171385288056,2.5112079877168503e-22,25.708528700994197,25.708528700994197
0.00145234375,34.83237255345808,1.44120458224723e-26,25.753021035610217,25.753021035610217
0.001453125,34.53227923057933,53.295358409390936,25.92001531333229,-27.375343096058646
0.00145390625,34.48145841863183,53.43751665491007,26.015418566064703,-27.422098088845367
0.0014546875,34.38239797590731,53.460258399980304,26.19374585627552,-27.266512543704785
0.00145546875,34.27659248806348,53.48291278606703,26.451608458907813,-27.03130432715922
0.00145625,34.16926429877199,53.5054866274606,26.78514936406171,-26.72033726339889
0.00145703125,34.06212343317987,53.52797989055823,27.19042101794618,-26.33755887261205
0.0014578125,33.95600652770597,53.5503925414855,27.663402266273366,-25.886990275212135
0.00145859375,33.851432749571,53.57272454648939,28.200014171355253,-25.372710375134137
0.001459375,33.74876892884182,53.59497587193829,28.79613526590937,-24.798840606028918
0.00146015625,33.648285242534705,53.61714648432209,29.44761630897355,-24.16953017534854
0.0014609375,33.550166520126574,53.639236350252254,30.150294537649067,-23.488941812603187
0.00146171875,33.45448878026033,53.66124543646186,30.90000739182785,-22.761238044634013
0.0014625,33.361132153109295,53.683173709805615,31.692605678136747,-21.990568031668868
0.00146328125,33.26949560238577,53.70502113725993,32.523966104238575,-21.18105503302136
0.0014640625,33.17730211649427,53.726787685922986,33.39000291083949,-20.336784775083494
0.00146484375,33.07162785582529,53.748473323014736,34.286676125426986,-19.46179719758775
0.001465625,33.884897627313386,24.09018068657997,35.119423325958024,11.029242639378054
0.00146640625,33.237574348587934,11.73578648360814,35.92543353479658,24.189647051188444
0.0014671875,33.32263614753719,11.802974576473613,36.65851492288387,24.855540346410255
0.00146796875,33.4242382405815,11.870857780934521,37.28413457083182,25.413276789897296
0.00146875,33.54273645310615,11.938723149011313,37.804727066467876,25.866003917456567
0.00146953125,33.63788645464357,0.09070092771315158,38.18022531723019,38.08952438951704
0.0014703125,33.810212441101804,5.205406870747097e-06,38.45498222414844,38.454977018741566
0.00147109375,33.97287138639715,2.9876381682732065e-10,38.59725334301336,38.597253342714595
0.001471875,34.1340020851579,3.192525383699774e-14,38.611518645448854,38.611518645448825
0.00147265625,34.29434257005828,1.9751697613066763e-14,38.502742466952576,38.502742466952554
0.0014734375,34.45371883846749,1.982387664312437e-14,38.276084898290016,38.276084898289994
0.00147421875,34.61177985472089,2.1270356051239005e-14,37.936877980422125,37.9368779804221
0.001475,34.76814138004679,2.1305083970233064e-14,37.49060210828095,37.49060210828093
0.00147578125,34.92243079058581,1.7242792007736908e-14,36.94286285514744,36.942862855147425
0.0014765625,35.0743116187882,1.9789087750546632e-14,36.299368300515766,36.299368300515745
0.00147734375,35.223514110434756,2.134294677954681e-14,35.56590692259667,35.565906922596646
0.001478125,35.369907442663724,1.6178491496360673e-14,34.74832611627821,34.74832611627819
0.00147890625,35.513756684355904,1.765601235727065e-14,33.852511432002714,33.8525114320027
0.0014796875,35.657261141263156,1.9670705695859492e-14,32.88436696895439,32.88436696895437
0.00148046875,35.85281930373278,2.087922362505969e-14,31.849812570039482,31.84981257003946
0.00148125,35.836921881056305,13.01953272588193,30.81421593147715,17.79468320559522
0.00148203125,35.918530600644736,13.089600106194888,29.726673626696247,16.63707352050136
0.0014828125,35.9915386731752,13.157126377582669,28.628970537447152,15.471844159864483
0.00148359375,36.06567616478874,13.22463268987075,27.52521106504353,14.30057837517278
0.001484375,36.19275482905708,13.292119086092685,26.419366226366147,13.127247140273463
0.00148515625,35.93147506050675,54.19226305288789,25.47301491310292,-28.71924813978497
0.0014859375,35.85690684501786,54.30327926542725,24.538239835882262,-29.765039429544988
0.00148671875,35.74142806613901,54.322691818692576,23.73421350400292,-30.588478314689656
0.0014875,35.617121644542564,54.34201731044375,23.058699774933473,-31.283317535510278
0.00148828125,35.48825820561782,54.36126096379749,22.508874938374667,-31.852386025422824
0.0014890625,35.356415042408145,54.38042275007463,22.081625926904465,-32.298796823170164
0.00148984375,35.22249699693992,54.399502640417865,21.773572186943674,-32.62593045347419
0.001490625,35.087159191247586,54.41850060609324,21.581087007755542,-32.8374135983377
0.00149140625,34.950928237426005,54.437416618490175,21.500318698061818,-32.93709792042836
0.0014921875,34.814235313842595,54.45625064912147,21.527211618546154,-32.92903903057532
0.00149296875,34.67740499774293,54.475002669623436,21.657527023096947,-32.81747564652649
0.00149375,34.5405896862905,54.49367265175586,21.886863645770745,-32.60680900598511
0.00149453125,34.403566084176525,54.51226056740208,22.210677947455657,-32.30158261994642
0.0014953125,34.2650100159594,54.53076638856904,22.62430383204997,-31.90646255651907
0.00149609375,34.11869255024444,54.549190087387316,23.122970866591103,-31.426219220796213
0.001496875,33.89703837706919,54.56753163611113,23.701803320815607,-30.86572831529552
0.00149765625,34.18938356630327,0.12197356637212392,24.145461121372282,24.02348755500016
0.0014984375,34.229493653083175,7.0001713768187715e-06,24.650813396707733,24.650806396536357
0.00149921875,34.321691236567865,4.017460566442199e-10,25.058553260480696,25.058553260078952
0.0015,34.42409885354892,2.3056563238388738e-14,25.370849680081523,25.370849680081502
0.00150078125,34.53268054016544,1.3232366555288936e-18,25.59044579235287,25.59044579235287
0.0015015625,34.6501590454424,7.594172767344548e-23,25.72027378889589,25.72027378889589
0.00150234375,34.80682921494772,4.3583632435897454e-27,25.76344578182098,25.76344578182098
0.001503125,34.4897128098812,53.306580629421134,25.90201627409313,-27.404564355328006
0.00150390625,34.53814987984042,54.728823685313216,25.963077289640637,-28.76574639567258
0.0015046875,34.43714538089892,54.74642284797162,26.109004629158967,-28.637418218812655
0.00150546875,34.32632040463222,54.76385895447541,26.34007774711366,-28.42378120736175
0.00150625,34.21343232015439,54.781212582971094,26.652289533450173,-28.12892304952092
0.00150703125,34.100677673835825,54.79848371195036,27.041530009364386,-27.756953702585974
0.0015078125,33.98906442878443,54.815672315403496,27.503605037603613,-27.312067277799883
0.00150859375,33.879219036349376,54.83277836744476,28.03425318381718,-26.79852518362758
0.001509375,33.771618971716485,54.84980184231274,28.629161944255873,-26.22063989805687
0.00151015625,33.66668746548575,54.8667427143704,29.283983455801287,-25.582759258569116
0.0015109375,33.56485864513143,54.88360095810509,29.994349694489472,-24.88925126361562
0.00151171875,33.466671640253146,54.90037654812861,30.755887154595307,-24.144489393533306
0.0015125,33.37301110846945,54.91706945917721,31.56423102437207,-23.352838434805143
0.00151328125,33.28602459504696,54.93367966611167,32.41503902511388,-22.518640640997795
0.0015140625,33.21524850685386,54.950207143917325,33.30400651708838,-21.646200626828943
0.00151484375,33.61109783120193,54.96665186770409,34.22701360141673,-20.73963826628736
0.001515625,33.15658565416216,15.976322162476691,34.98400660857283,19.00768444609614
0.00151640625,33.25973652061211,16.04066334493337,35.76162128936363,19.72095794443026
0.0015171875,33.35181884953101,16.107221754093448,36.4463133486081,20.33909159451465
0.00151796875,33.44370948741432,16.173756034703665,37.039755567423285,20.865999532719616
0.00151875,33.539603161833995,16.240265957936955,37.54384888845115,21.303582930514192
0.00151953125,33.67370430306905,16.306751423623236,37.96071389836655,21.653962474743317
0.0015203125,33.74939452412426,0.01076321485435458,38.22394368297371,38.213180468119354
0.00152109375,33.92247386182966,6.177104895081087e-07,38.401316824641576,38.401316206931085
0.001521875,34.08613964198134,3.5470742074734046e-11,38.44995984243815,38.44995984240268
0.00152265625,34.247525880576454,2.3339560657512935e-14,38.37472805458831,38.37472805458829
0.0015234375,34.40740201836567,1.4192206533849685e-14,38.180708057014385,38.18070805701437
0.00152421875,34.56567610007582,2.0838632907301586e-14,37.873163927155474,37.87316392715545
0.001525,34.72204012012389,2.127500392311221e-14,37.45751378793527,37.45751378793525
0.00152578125,34.87610837049119,2.292039527764414e-14,36.93930663674253,36.93930663674251
0.0015265625,35.027443654314546,2.2319279560603466e-14,36.324199628944946,36.324199628944925
0.00152734375,35.175519236430866,2.1574559118315062e-14,35.61793588492723,35.617935884927206
0.001528125,35.31953545250747,2.1224643479565177e-14,34.82632284047635,34.82632284047633
0.00152890625,35.457482346586296,2.623476313806113e-14,33.95521096774046,33.955210967740435
0.0015296875,35.57501116127811,1.4690733956784198e-14,33.010469536295545,33.01046953629553
0.00153046875,35.726458118051276,17.104608148975316,32.059332051203654,14.954723902228341
0.00153125,35.76559200407109,17.30102302767004,31.04802516887147,13.74700214120143
0.00153203125,35.816266375200144,17.367111059494547,30.0323862465775,12.665275187082951
0.0015328125,35.866273543292955,17.433165458685416,29.016380135558414,11.583214676872997
0.00153359375,35.914924023373516,17.499193603414966,28.003453529889597,10.50425992647463
0.001534375,35.96631413241215,17.565195394675193,26.996910052402924,9.43171465772773
0.00153515625,36.06725343544013,17.6311707330686,25.99991898753526,8.368748254466661
0.0015359375,35.81112369621719,55.29499904326632,25.160756397162586,-30.134242646103736
0.00153671875,35.727366108919675,55.393404038302165,24.342672795115245,-31.05073124318692
0.0015375,35.60638033301163,55.40744346699556,23.654866241885454,-31.752577225110105
0.00153828125,35.47772995309773,55.42139461605322,23.094712103882458,-32.32668251217076
0.0015390625,35.345390072973395,55.435262301214564,22.65903724741819,-32.776225053796374
0.00153984375,35.210876024324776,55.4490465018727,22.344396766044326,-33.104649735828374
0.001540625,35.07510844243144,55.4627471972689,22.14709616468899,-33.31565103257991
0.00154140625,34.93881477145213,55.47636436677014,22.063212978057756,-33.413151388712386
0.0015421875,34.802667443366154,55.48989798986923,22.088618180731665,-33.40127980913756
0.00154296875,34.667372516577316,55.503348046184755,22.218997399562262,-33.28435064662249
0.00154375,34.533799855427894,55.516714515461196,22.449871900190885,-33.06684261527031
0.00154453125,34.40332267719228,55.52999737756888,22.776619350426813,-32.75337802714207
0.0015453125,34.279120912540485,55.54319661250406,23.194494576372705,-32.34870203613136
0.00154609375,34.17489647597778,55.55631220038892,23.69865257109192,-31.857659629297004
0.001546875,34.73173435003401,55.56934412147164,24.28435976229334,-31.284984359178296
0.00154765625,34.07623249167096,0.003189174045800631,24.66764540677318,24.664456232727378
0.0015484375,34.211627157289676,1.8302953283334544e-07,25.114866321305744,25.114866138276213
0.00154921875,34.32898333115885,1.0504227554875472e-11,25.464919904168298,25.464919904157792
0.00155,34.443516060247845,6.028469548959202e-16,25.72049419865478,25.72049419865478
0.00155078125,34.55891132722121,3.4597922515359305e-20,25.88447706162668,25.88447706162668
0.0015515625,34.679049057653764,1.9856055216957466e-24,25.95993403146917,25.95993403146917
0.00155234375,34.821320811297646,1.1395566557611543e-28,25.95009640625602,25.95009640625602
0.001553125,33.75277903875297,39.24695578011569,25.97812130940516,-13.268834470710528
0.00155390625,34.61984433857506,55.68192064177317,25.99343880373312,-29.688481838040047
0.0015546875,34.523179620887205,55.695057348809385,26.055703441799523,-29.639353907009863
0.00155546875,34.41062667039276,55.7071677215958,26.209556678082812,-29.49761104351299
0.00155625,34.294520775229664,55.71919414630585,26.45097124052989,-29.268222905775964
0.00155703125,34.17782562551765,55.731136658913385,26.77579373820473,-28.955342920708656
0.0015578125,34.06180205211208,55.742995241436276,27.179767912501287,-28.56322732893499
0.00155859375,33.94720488271815,55.75476987601574,27.65855255495689,-28.09621732105885
0.001559375,33.83460531815105,55.76646054491937,28.207738708391176,-27.558721836528193
0.00156015625,33.72452512548602,55.778067230541254,28.822866349085487,-26.955200881455767
0.0015609375,33.61755078012908,55.7895899154019,29.499440573341925,-26.290149342059973
0.00156171875,33.51456512383234,55.801028582148376,30.23294730502334,-25.568081277125035
0.0015625,33.417591754434376,55.812383213554256,31.018868671840828,-24.793514541713428
0.00156328125,33.33540644788072,55.823653792519664,31.852699512581022,-23.970954279938642
0.0015640625,33.680638943514104,55.8348403020713,32.73008476484651,-23.104755537224793
0.00156484375,33.246770118408264,20.11970768210652,33.46718874222671,13.347481060120192
0.001565625,33.32361569233766,20.18252082072285,34.23437705161413,14.051856230891278
0.00156640625,33.38991681094602,20.247356894670858,34.927032121881375,14.679675227210518
0.0015671875,33.45497151286978,20.312162594307726,35.54607634097138,15.233913746663655
0.00156796875,33.52003428533609,20.376937704201563,36.092632596285526,15.715694892083967
0.00156875,33.58425544067533,20.441682126795484,36.56800896414305,16.12632683734756
0.00156953125,33.641225059104045,20.506395764585548,36.97368603236241,16.467290267776857
0.0015703125,34.14648391104077,6.06654936482243,37.26703958061509,31.200490215792662
0.00157109375,33.937138862129025,0.00034816465965389903,37.46962659876721,37.46927843410756
0.001571875,34.08423130658447,1.998150052232282e-08,37.56265491885537,37.56265489887387
0.00157265625,34.237306150992936,1.1633693295014367e-12,37.532889820479035,37.53288982047787
0.0015734375,34.39150319084895,2.7262940961156744e-14,37.38522854730081,37.385228547300784
0.00157421875,34.54544272453845,2.3222537631452236e-14,37.12475279415308,37.12475279415306
0.001575,34.6984059344139,2.6156653676541895e-14,36.75670347463899,36.75670347463896
0.00157578125,34.849916846733656,2.1313256949668475e-14,36.286457729684265,36.286457729684244
0.0015765625,34.99967833146457,2.1313953417984247e-14,35.7195065203758,35.71950652037578
0.00157734375,35.14768236319289,1.9720058915800653e-14,35.061432797276936,35.061432797276915
0.001578125,35.294804476533216,3.268138304568913e-14,34.317890406940805,34.31789040694077
0.00157890625,35.44735062220449,1.6744733027394006e-14,33.494585023963886,33.49458502396387
0.0015796875,35.13220766094352,15.049990591866333,32.64318464902934,17.593194057163004
0.00158046875,35.555550428319606,21.408738532011093,31.748919619636183,10.340181087625092
0.00158125,35.60561810676791,21.473339974689395,30.8390332818135,9.365693307124102
0.00158203125,35.64568025723087,21.537547854094782,29.935102258636288,8.397554404541506
0.0015828125,35.680527249103605,21.601723277611313,29.039967164545736,7.438243886934422
0.00158359375,35.71159694616626,21.66586616932178,28.15632734938883,6.490461180067051
0.001584375,35.74036926259468,21.729976432629375,27.286739999671948,5.556763567042573
0.00158515625,35.771209812530536,21.794053970985125,26.43361860324364,4.639564632258515
0.0015859375,35.846889211566186,21.858098687889495,25.599243609842254,3.7411449219527615
0.00158671875,35.598502082370295,56.04609193833902,24.917588270258996,-31.128503668080022
0.0015875,35.5066755754978,56.131259919006425,24.263893398091298,-31.867366520915127
0.00158828125,35.381228676475395,56.13983694076513,23.736650718593317,-32.40318622217181
0.0015890625,35.249014235434935,56.14832502617219,23.332835797135488,-32.8154892290367
0.00158984375,35.11362977769371,56.156728552964466,23.04892742893854,-33.107801124025926
0.001590625,34.976405156131044,56.16504750873841,22.88116082182173,-33.28388668691668
0.00159140625,34.838078755953916,56.17328188096583,22.82554962833259,-33.34773225263324
0.0015921875,34.69912594388965,56.18143165724591,22.877907367197153,-33.303524290048756
0.00159296875,34.55980345542706,56.18949682530523,23.033868547149673,-33.155628278155554
0.00159375,34.420023919866736,56.19747737299779,23.288909472475083,-32.908567900522705
0.00159453125,34.27883676975582,56.205373288305026,23.63836859384319,-32.567004694461836
0.0015953125,34.13197845178997,56.213184559335865,24.07746580133913,-32.135718757996734
0.00159609375,33.947713745380234,56.220911174326645,24.601313530969705,-31.61959764335694
0.001596875,34.25290972673121,1.4437797844194893,25.021198854603487,23.577419070183996
0.00159765625,34.184727631513276,8.285980497191309e-05,25.513337529559216,25.513254669754243
0.0015984375,34.27222572714404,4.755397848117144e-09,25.909407439460622,25.909407434705226
0.00159921875,34.37164858435708,2.7291650881320014e-13,26.20779216961736,26.207792169617086
0.0016,34.47462057318486,1.5662920992462616e-17,26.411365012421584,26.411365012421584
0.00160078125,34.578078487719814,8.989089560135117e-22,26.523189519564347,26.523189519564347
0.0016015625,34.67887642890654,5.1589183881483476e-26,26.54650031736427,26.54650031736427
0.00160234375,34.76789671695159,2.9607491123022138e-30,26.484684049529335,26.484684049529335
0.001603125,34.72790937520258,1.6992002288961728e-34,26.341226529303185,26.341226529303185
0.00160390625,34.89252325187839,56.256403625735075,26.356106077905782,-29.900297547829293
0.0016046875,34.72259527110052,56.300311273765296,26.307638938691827,-29.99267233507347
0.00160546875,34.58586542924939,56.30702327508318,26.356123096897274,-29.950900178185908
0.00160625,34.45649741982947,56.31364834921639,26.497728314725993,-29.8159200344904
0.00160703125,34.3305918761878,56.32018861589066,26.728380882612036,-29.59180773327862
0.0016078125,34.20724207073314,56.326644065378694,27.043884736019887,-29.282759329358807
0.00160859375,34.08632141716583,56.33301468795871,27.439938840609013,-28.893075847349696
0.001609375,33.96801100801447,56.33930047403666,27.91215479096778,-28.427145683068883
0.00161015625,33.85270798101589,56.34550141414627,28.45607412363306,-27.88942729051321
0.0016109375,33.741157174340366,56.35161749894903,29.067185252527565,-27.284432246421467
0.00161171875,33.635178405841266,56.357648719234234,29.740940124950296,-26.61670859428394
0.0016125,33.542713922086406,56.36359506591897,30.472771900126773,-25.8908231657922
0.00161328125,33.836168426401,56.369456530048154,31.258221701322203,-25.11123482872595
0.0016140625,33.42678358235148,24.14289270958594,31.930868773016037,7.787976063430098
0.00161484375,33.478646118707864,24.203802541942864,32.64388273006587,8.440080188123005
0.001615625,33.521482550299815,24.26652893270532,33.30228300916902,9.035754076463698
0.00161640625,33.56393321114827,24.329218884859586,33.90631479914329,9.577095914283706
0.0016171875,33.60764097929557,24.391872197655992,34.456389015811915,10.064516818155923
0.00161796875,33.65322202685175,24.454488776733687,34.9530712137108,10.498582436977115
0.00161875,33.701382716786156,24.51706852779322,35.39707411460865,10.880005586815429
0.00161953125,33.75448249656252,24.579611356590647,35.78925014593681,11.209638789346164
0.0016203125,33.83257343264476,24.642117168937563,36.130589026254675,11.488471857317112
0.00162109375,33.857097790945616,0.18691738776979347,36.33424529823446,36.14732791046466
0.001621875,34.037512297005144,1.072735502761709e-05,36.48704899220974,36.48703826485472
0.00162265625,34.195842044841285,6.156730809591981e-10,36.51864963476597,36.5186496341503
0.0016234375,34.34973955021021,5.818109224781139e-14,36.43316820261925,36.43316820261919
0.00162421875,34.501432842409585,1.97772907054858e-14,36.23545842280277,36.23545842280275
0.001625,34.65113923649775,2.57070534057494e-14,35.93053946141935,35.93053946141932
0.00162578125,34.79856706493604,1.8697188003442845e-14,35.52357398374157,35.52357398374155
0.0016265625,34.943109527546916,2.3947689756585372e-14,35.01984622023771,35.01984622023769
0.00162734375,35.083529335493125,2.0099498319288652e-14,34.42474032837657,34.42474032837655
0.001628125,35.21571276361683,2.3006822582086123e-14,33.74371858851332,33.743718588513296
0.00162890625,35.28678847754337,1.6692757632088317e-14,32.982284774844125,32.98228477484411
0.0016296875,35.446583881252074,25.37255507461997,32.252563142818595,6.880008068198625
0.00163046875,35.45249077164408,25.451280519798473,31.458708507244474,6.0074279874459995
0.00163125,35.469822922546356,25.513259202501928,30.67688007367353,5.163620871171601
0.00163203125,35.48688883609248,25.575198503786247,29.909327287430266,4.334128783644018
0.0016328125,35.50192169397292,25.637099289228804,29.158122188534875,3.5210228993060713
0.00163359375,35.514589239220335,25.698961465663153,28.42520421812568,2.7262427524625252
0.001634375,35.525110253373064,25.760784939925934,27.71237897493721,1.9515940350112773
0.00163515625,35.534438998637754,25.822569618912187,27.021317800949717,1.1987481820375308
0.0016359375,35.5463261504654,25.88431540957524,26.35355848229919,0.4692430727239483
0.00163671875,35.598869936659234,25.946022218927073,25.710516876973898,-0.23550534195317355
0.0016375,35.36305580291236,56.44076523688426,25.211058572176363,-31.229706664707898
0.00163828125,35.26756960449381,56.51215458580623,24.743263095290857,-31.768891490515372
0.0016390625,35.14285157593634,56.51521465590593,24.39435189768826,-32.12086275821767
0.00163984375,35.01292074594389,56.518185698519986,24.160989287531258,-32.35719641098873
0.001640625,34.88108618918345,56.52107162554302,24.03940410660816,-32.48166751893486
0.00164140625,34.748689520020044,56.52387243285362,24.02561727862286,-32.49825515423076
0.0016421875,34.616647783197664,56.52658811623384,24.115463082968155,-32.411125033265684
0.00164296875,34.48585873316255,56.529218671593924,24.304609809249484,-32.22460886234444
0.00164375,34.357545793259895,56.53176409497229,24.58858011665543,-31.94318397831686
0.00164453125,34.23419699713561,56.534224382535584,24.962771276495744,-31.57145310603984
0.0016453125,34.12466327285666,56.53659953057864,25.422476524244615,-31.114123006334026
0.00164609375,34.14652517164992,56.53888953552455,25.96294030376422,-30.575949231760326
0.001646875,33.96454595209899,0.03728067631539339,26.34192518840462,26.304644512089226
0.00164765625,34.120188860892284,2.13957114654889e-06,26.780962636194612,26.780960496623464
0.0016484375,34.243945759634066,1.2279188962176493e-10,27.117959540929718,27.117959540806925
0.00164921875,34.36161203253196,7.04713567539184e-15,27.355743199591753,27.355743199591746
0.00165,34.47684977263432,4.0444137947835413e-19,27.497443085188735,27.497443085188735
0.00165078125,34.59007504628745,2.3211250211279488e-23,27.546369935847242,27.546369935847242
0.0016515625,34.70023356843431,1.332114278379512e-27,27.505998712784272,27.505998712784272
0.00165234375,34.8033143720844,7.645122233873628e-32,27.379950592338385,27.379950592338385
0.001653125,34.87566325334904,4.3876035952388016e-36,27.171969735233894,27.171969735233894
0.00165390625,35.02437031817046,51.634498436229414,27.050293226022525,-24.58420521020689
0.0016546875,34.88734791562821,56.55817673805309,26.86578703467427,-29.692389703378822
0.00165546875,34.743036543742434,56.55972729012137,26.768795594155716,-29.790931695965657
0.00165625,34.61209294975057,56.56091018386476,26.77010667695211,-29.790803506912653
0.00165703125,34.4854115075503,56.562007881687784,26.865870681961233,-29.69613719972655
0.0016578125,34.36119171552451,56.56302039814821,27.052090339485833,-29.510930058662378
0.00165859375,34.23910337340634,56.56394773172212,27.324638076994773,-29.23930965472735
0.001659375,34.11934439071745,56.564789881012985,27.67927390711192,-28.885515973901065
0.00166015625,34.0025399074696,56.56554684475254,28.11166325085737,-28.45388359389517
0.0016609375,33.89031506852199,56.5662186218008,28.61739460138524,-27.94882402041556
0.00166171875,33.789738068016895,56.5668052111461,29.19199813535452,-27.374807075791576
0.0016625,34.03075168353232,56.56730661190501,29.831060971640444,-26.736245640264567
0.00166328125,33.64882385029996,28.021841666070735,30.386686385605163,2.364844719534427
0.0016640625,33.675276284429714,28.080484300607704,30.99403942380655,2.913555123198846
0.00166484375,33.693473808798466,28.140726264020373,31.568442088425126,3.427715824404753
0.001665625,33.711038767639124,28.20092594222173,32.10955062964254,3.9086246874208146
0.00166640625,33.72931962700291,28.261083150343673,32.61714283471302,4.3560596843693515
0.0016671875,33.74858600760353,28.321197797785125,33.091111018917296,4.769913221132171
0.00166796875,33.76872124848615,28.38126979401453,33.531458108165225,5.150188314150694
0.00166875,33.78926011018977,28.441299048564545,33.938293307129314,5.496994258564766
0.00166953125,33.8088982652487,28.501285471032162,34.31182741256005,5.810541941527887
0.0016703125,33.82214681700126,28.561228971078936,34.65236695790843,6.091137986829494
0.00167109375,33.712849409984635,28.621129458431078,34.960272762214665,6.3391433037835885
0.001671875,34.06199285205789,0.00556913703376537,35.104953299071965,35.0993841620382
0.00167265625,34.18842462161253,3.196177435944741e-07,35.21236352922393,35.21236320960619
0.0016734375,34.32831741117112,1.8369184818564122e-11,35.20389021551348,35.203890215495115
0.00167421875,34.47057558090874,2.2003214339165874e-14,35.084075906242546,35.084075906242525
0.001675,34.612802587484275,2.2165365954238964e-14,34.85765709028935,34.85765709028933
0.00167578125,34.75374114671703,2.4190436450484822e-14,34.52952343481125,34.52952343481123
0.0016765625,34.89212464527915,2.514513800965959e-14,34.104695895413954,34.104695895413926
0.00167734375,35.02543645372121,2.1231080105183595e-14,33.58830520851275,33.58830520851273
0.001678125,35.14114205962194,1.9549438916525e-14,32.98556816079674,32.98556816079672
0.00167890625,35.29408174415137,26.67597724041836,32.386694165358435,5.710716924940076
0.0016796875,35.297241950409195,29.277024353724432,31.718154868381575,2.441130514657144
0.00168046875,35.29405756157933,29.336547537254397,31.060915365668965,1.724367828414569
0.00168125,35.29503510827214,29.395880682687277,30.42398430869831,1.0281036260110312
0.00168203125,35.295352676934414,29.45516955008418,29.808774436651667,0.3536048865674872
0.0016828125,35.29398525065966,29.51441405852758,29.21657497990829,-0.2978390786192904
0.00168359375,35.290693776573626,29.5736141187968,28.648551839844227,-0.925062278952575
0.001684375,35.28554540063361,29.632769641737625,28.105748561707635,-1.527021080029988
0.00168515625,35.27887569531836,29.69188053826288,27.58908780425893,-2.102792734003947
0.0016859375,35.27159598769688,29.750946719352626,27.099373257407375,-2.6515734619452496
0.00168671875,35.2670326174245,29.809968096054313,26.637292415149783,-3.1726756809045287
0.0016875,35.29847072169139,29.868944579482758,26.203428788152188,-3.665515791330572
0.00168828125,35.078925813181954,56.47650905296776,25.900831344792984,-30.575677708174773
0.0016890625,34.98243289951892,56.53366577661755,25.631182377899666,-30.902483398717887
0.00168984375,34.86112952448752,56.53118943484411,25.469935667351134,-31.061253767492975
0.001690625,34.736033491012044,56.52862454061257,25.41352735553555,-31.11509718507702
0.00169140625,34.61012411801961,56.52597451509794,25.458026417296434,-31.06794809780151
0.0016921875,34.48473712360575,56.52323936248723,25.599334757496205,-30.923904604991026
0.00169296875,34.36102390394714,56.52041908689952,25.833207239679137,-30.687211847220386
0.00169375,34.24068505338378,56.51751369258212,26.155271163888845,-30.362242528693276
0.00169453125,34.12803796877349,56.51452318391049,26.561045877153333,-29.953477306757158
0.0016953125,34.04687596245963,56.51144756538828,27.045967288850324,-29.465480276537956
0.00169609375,33.89026408349177,4.918458516228489,27.441161167529366,22.522702651300875
0.001696875,34.020030946544665,0.0002822747054745617,27.89490893796363,27.89462666325816
0.00169765625,34.15795827475061,1.6199996215856882e-08,28.25629788919706,28.256297872997063
0.0016984375,34.28337530066377,9.297321804040573e-13,28.513906740816054,28.513906740815123
0.00169921875,34.40531208935907,5.3358156123072945e-17,28.670981751689556,28.670981751689556
0.0017,34.52543892855048,3.062272001402483e-21,28.730959458925355,28.730959458925355
0.00170078125,34.64383270848398,1.7574651172248023e-25,28.69744939891481,28.69744939891481
0.0017015625,34.75972697371238,1.0086248500614606e-29,28.57421612138384,28.57421612138384
0.00170234375,34.87088009280868,5.788587654974066e-34,28.36516094073697,28.36516094073697
0.001703125,34.968592643062564,3.322121900652789e-38,28.07430240150984,28.07430240150984
0.00170390625,34.93551152107212,1.906595283793167e-42,27.705722759951403,27.705722759951403
0.0017046875,35.10654311821308,56.43066785678617,27.500698005565823,-28.92996985122035
0.00170546875,34.94087181051905,56.46371967362292,27.237324157526686,-29.226395516096233
0.00170625,34.80756169327076,56.45945519869758,27.076869747784357,-29.382585450913226
0.00170703125,34.680790993074396,56.45510356011805,27.01589930111374,-29.439204259004306
0.0017078125,34.55676730365329,56.45066690105019,27.0506979284765,-29.399968972573692
0.00170859375,34.43476938533751,56.446145228298164,27.177393049561513,-29.26875217873665
0.001709375,34.31506473206023,56.44153854867152,27.391972182402125,-29.049566366269392
0.00171015625,34.19898856039654,56.43684686910783,27.69030119410835,-28.74654567499948
0.0017109375,34.09266644455021,56.4320701966727,28.068143526446242,-28.363926670226455
0.00171171875,34.28161303843034,56.42720853855971,28.52126310904886,-27.90594542951085
0.0017125,33.93131355430845,31.733380677419085,28.921270047402956,-2.8121106300161305
0.00171328125,33.93421763098157,31.78940576741916,29.384611196874697,-2.404794570544464
0.0017140625,33.92990805073697,31.846803401948424,29.83750548254339,-2.0092979194050353
0.00171484375,33.92509445712067,31.904153157286387,30.27910525814226,-1.62504789914413
0.001715625,33.9210873687858,31.96145486555095,30.70863398965665,-1.2528208758943025
0.00171640625,33.91831836741831,32.0187084404421,31.125383385986364,-0.893325054455734
0.0017171875,33.91699983292743,32.07591379573698,31.528713190484495,-0.5472006052524861
0.00171796875,33.91732410686542,32.13307084528536,31.918050615930778,-0.21502022935458315
0.00171875,33.91962434917321,32.19017950300978,32.29288957777428,0.10271007476449939
0.00171953125,33.92475947495882,32.24723968290559,32.65278982847046,0.40555014556487096
0.0017203125,33.935901126601195,32.30425129904125,32.99737642457713,0.6931251255358888
0.00172109375,33.97950014815003,32.36121426555822,33.32634588861468,0.9651316230564646
0.001721875,33.95247477585633,0.24537374909997958,33.52403259393703,33.27865884483705
0.00172265625,34.130022556916785,1.4082217557749138e-05,33.702684911849055,33.702670829631494
0.0017234375,34.27857222538915,8.082122881995651e-10,33.76811791697286,33.76811791616465
0.00172421875,34.42139898402882,6.606758158375061e-14,33.723869632711356,33.72386963271129
0.001725,34.56145437587157,2.3696457699042487e-14,33.5743735831136,33.57437358311358
0.00172578125,34.69884759532107,1.959311229767502e-14,33.324222761843586,33.324222761843565
0.0017265625,34.83234158346928,2.4564799473504594e-14,32.97814924767038,32.97814924767036
0.00172734375,34.956795825558274,2.5079236670077863e-14,32.54100281067896,32.54100281067893
0.001728125,35.003732530368076,2.2097787972339128e-14,32.01770987656352,32.0177098765635
0.00172890625,35.16776998449588,32.90646530409235,31.55151586298184,-1.3549494411105087
0.0017296875,35.13404992537335,32.98457029602308,31.0158668236677,-1.968703472355381
0.00173046875,35.11718432627041,33.04094404134996,30.507423448214247,-2.533520593135714
0.00173125,35.101990883434034,33.097266783287516,30.0269690413066,-3.0702977419809176
0.00173203125,35.08610889862376,33.153539681268036,29.5751102329621,-3.578429448305937
0.0017328125,35.06893183427202,33.20976265061692,29.152339612595856,-4.057423038021068
0.00173359375,35.0503152673247,33.26593560666345,28.75903821215426,-4.50689739450919
0.001734375,35.030299556679715,33.322058464812145,28.39547857301119,-4.926579891800957
0.00173515625,35.00905005526683,33.378131140542976,28.06182810872953,-5.316303031813446
0.0017359375,34.98690824524653,33.43415354941154,27.758152708036633,-5.676000841374909
0.00173671875,34.96467708272617,33.49012560704907,27.48442060322202,-6.005705003827052
0.0017375,34.94518726468526,33.54604722916266,27.240506859841528,-6.3055403693211325
0.00173828125,34.956641992083654,33.601918331535416,27.026205763910234,-6.575712567625182
0.0017390625,34.75583516321361,56.153096077314856,26.9281454333156,-29.224950643999257
0.00173984375,34.659659364411674,56.19565669314305,26.862291195594054,-29.333365497548996
0.001740625,34.54271118760221,56.18765968754785,26.891907935772323,-29.295751751775526
0.00174140625,34.42256909119833,56.17957516766273,27.013288153062465,-29.166287014600268
0.0017421875,34.30129352578568,56.17140604218645,27.222430679152584,-28.948975363033863
0.00174296875,34.17898858417304,56.16315232358781,27.51521159495266,-28.64794072863515
0.00174375,34.053835665100415,56.15481402429674,27.887402093706143,-28.267411930590598
0.00174453125,33.91572363366404,56.14639115687059,28.334683688518652,-27.81170746835194
0.0017453125,33.537566614445495,56.13788373399406,28.85259343393561,-27.28529030005845
0.00174609375,34.058110033350786,0.010920319506926752,29.1800799674273,29.169159647920374
0.001746875,34.14337459961144,6.267268418214836e-07,29.55861222090422,29.55861159417738
0.00174765625,34.25647416692447,3.59684104490154e-11,29.828605416402848,29.82860541636688
0.0017484375,34.37630799481601,2.0642590422149884e-15,29.993413016463723,29.99341301646372
0.00174921875,34.49894330742904,1.1846966102120273e-19,30.05662726360023,30.05662726360023
0.00175,34.62296416216323,6.799079134670425e-24,30.022022919225556,30.022022919225556
0.00175078125,34.747732708950636,3.9020519414871385e-28,29.893537580869232,29.893537580869232
0.0017515625,34.87309472211437,2.2394222882951646e-32,29.675252728425694,29.675252728425694
0.00175234375,34.999632094661614,1.285224353882343e-36,29.371375244134143,29.371375244134143
0.001753125,35.13020854447881,7.376016789891718e-41,28.986219723710064,28.986219723710064
0.00175390625,35.28189647338738,4.233161589291292e-45,28.524194880474205,28.524194880474205
0.0017546875,34.21366375073854,39.498967023696345,28.110331672967458,-11.388635350728887
0.00175546875,35.09213293880053,56.01865000881785,27.694663154432057,-28.323986854385794
0.00175625,34.999285689272874,56.00990884335414,27.338155161014043,-28.671753682340096
0.00175703125,34.889165811785674,56.00013475187012,27.08653294598642,-28.9136018058837
0.0017578125,34.7743418014368,55.99027627075559,26.936465789714926,-29.05381048104066
0.00175859375,34.658156180620225,55.980333469293726,26.884425241015382,-29.095908228278343
0.001759375,34.54292007127429,55.97030636246134,26.926709395107892,-29.04359696735345
0.00176015625,34.43435936550539,55.96019496535908,27.059462989047802,-28.900731976311278
0.0017609375,34.57214925601124,55.94999929321453,27.278767389366777,-28.671231903847755
0.00176171875,34.2569332736535,35.25533602108745,27.47661445577561,-7.778721565311841
0.0017625,34.23703311963539,35.308408857741895,27.750137594021027,-7.55827126372087
0.00176328125,34.210422958389174,35.362619254632435,28.036986384150715,-7.325632870481721
0.0017640625,34.18282889596257,35.41677646439472,28.335899808771444,-7.080876655623277
0.00176484375,34.15542234783342,35.470880337135625,28.645629646882597,-6.825250690253028
0.001765625,34.12860247545765,35.52493079137181,28.964941792402968,-6.559988998968841
0.00176640625,34.10253019756163,35.578927745704206,29.292619789809777,-6.286307955894428
0.0017671875,34.07724885110106,35.63287111881441,29.627468040587623,-6.005403078226786
0.00176796875,34.052697568562415,35.68676082946466,29.968314782285454,-5.7184460471792065
0.00176875,34.02864873838506,35.74059679649805,30.314014848652718,-5.426581947845337
0.00176953125,34.00446872657417,35.79437893883859,30.663452173382222,-5.130926765456369
0.0017703125,33.978098376976476,35.84810717549129,31.01554182090685,-4.832565354584443
0.00177109375,33.93838973375948,35.90178142554247,31.369229443288727,-4.532551982253739
0.001771875,34.6817168340477,10.605681563311837,31.646129343214994,21.040447779903158
0.00177265625,34.17586970830094,0.0006086694906326172,31.880018525961997,31.879409856471366
0.0017734375,34.293337003483934,3.493210256869326e-08,32.033747282739995,32.033747247807895
0.00177421875,34.4219981880024,2.0237023530831224e-12,32.07984836568376,32.079848365681734
0.001775,34.55401212526627,2.2209708694611423e-14,32.022383175883824,32.0223831758838
0.00177578125,34.68799222966513,2.2063610536457326e-14,31.865586533420576,31.865586533420554
0.0017765625,34.82509593927757,2.4633030292598833e-14,31.613843516074393,31.61384351607437
0.00177734375,34.97601671519934,2.7940645872683608e-14,31.271672219481708,31.27167221948168
0.001778125,34.334484544661414,25.650733081134067,30.921986894443915,5.271253813309847
0.00177890625,34.956490927611455,36.434921019928815,30.534332639892515,-5.9005883800363
0.0017796875,34.947032114802326,36.48861196534964,30.150139632226175,-6.338472333123466
0.00178046875,34.92531987389824,36.54163212997026,29.801133767646075,-6.740498362324186
0.00178125,34.899284075663005,36.594597228210276,29.487217595449806,-7.107379632760469
0.00178203125,34.87075153538788,36.64750721564617,29.20818227849099,-7.439324937155182
0.0017828125,34.840452771000095,36.700362012598504,28.963715971904367,-7.736646040694137
0.00178359375,34.80880022777858,36.753161539468906,28.753409097125523,-7.999752442343382
0.001784375,34.77609428792132,36.80590571674223,28.576759533010197,-8.229146183732036
0.00178515625,34.74260256185996,36.85859446498672,28.43317785628625,-8.425416608700472
0.0017859375,34.70861364300971,36.91122770485405,28.32199264618913,-8.589235058664917
0.00178671875,34.674521442484114,36.9638053570795,28.24245585341216,-8.721349503667339
0.0017875,34.64107933466452,37.01632734248214,28.19374826400687,-8.82257907847527
0.00178828125,34.61068967919299,37.068793581964734,28.174985349767,-8.893808232197733
0.0017890625,34.60641581863984,37.12120399651412,28.18522942622682,-8.935974570287298
0.00178984375,34.430561396149855,55.47258302286138,28.294196389492335,-27.178386633369044
0.001790625,34.34116196765555,55.50027687082736,28.432731820043685,-27.06754505078368
0.00179140625,34.2366001936881,55.48681005757912,28.651575180235906,-26.835234877343215
0.0017921875,34.131940561005955,55.473257324747635,28.94696747068422,-26.526289854063414
0.00179296875,34.03070210513869,55.45962105005785,29.314934143964205,-26.144686906093643
0.00179375,33.939170554985196,55.445901254181024,29.751426752595812,-25.694474501585212
0.00179453125,33.90316789908584,55.43209795777895,30.252351862677216,-25.179746095101734
0.0017953125,33.74630226864121,0.41988317236043127,30.616245214034986,30.196362041674554
0.00179609375,33.94030124068328,2.4097468428512694e-05,31.031577085833984,31.031552988365554
0.001796875,34.08558493325805,1.3829751294836333e-09,31.333386972213997,31.33338697083102
0.00179765625,34.222454237941484,7.93701717856476e-14,31.523987815941638,31.52398781594156
0.0017984375,34.3565740325734,4.555124698182623e-18,31.607128803726127,31.607128803726127
0.00179921875,34.489121097050614,2.6142265474780515e-22,31.586751892437178,31.586751892437178
0.0018,34.62023018323321,1.5003278492607837e-26,31.46697281203624,31.46697281203624
0.00180078125,34.74965013116359,8.61051486696521e-31,31.252061421781793,31.252061421781793
0.0018015625,34.87687588772549,4.941651007195418e-35,30.94642217361103,30.94642217361103
0.00180234375,35.001037098448,2.83605743143236e-39,30.554574829106784,30.554574829106784
0.001803125,35.12030771953726,1.6276385650607808e-43,30.08113539272751,30.08113539272751
0.00180390625,35.2288878855669,9.341162379547185e-48,29.530796608043694,29.530796608043694
0.0018046875,35.28126768886223,5.3609761082190365e-52,28.90829723596393,28.90829723596393
0.00180546875,35.45328502682897,54.81163394627174,28.415076126029575,-26.396557820242165
0.00180625,35.27477183190427,55.215018867323934,27.863953688318094,-27.35106517900584
0.00180703125,35.143846970161235,55.19990648957036,27.41998080778657,-27.77992568178379
0.0018078125,35.020078080028426,55.184686968595486,27.081492722942617,-28.10319424565287
0.00180859375,34.897076967989044,55.169384339101214,26.84538475683648,-28.323999582264733
0.001809375,34.770495227358126,55.15399862551107,26.708349203834494,-28.445649421676578
0.00181015625,34.57282328742743,55.13852985099575,26.666871412646923,-28.47165843834883
0.0018109375,34.640559307331365,38.56894474195573,26.641551599002945,-11.927393142952788
0.00181171875,34.57955294480249,38.616470240647175,26.70141879733841,-11.915051443308766
0.0018125,34.526765682839006,38.66716940181297,26.796800541383348,-11.870368860429622
0.00181328125,34.476167602462695,38.71781051639733,26.92615414847613,-11.7916563679212
0.0018140625,34.42681308518282,38.768393322669425,27.087900115329376,-11.68049320734005
0.00181484375,34.37849307120896,38.818917744441805,27.280418051743403,-11.538499692698402
0.001815625,34.33120452861754,38.8693837056256,27.50205324749741,-11.36733045812819
0.00181640625,34.28502922511908,38.91979113021999,27.7511232250908,-11.168667905129189
0.0018171875,34.24010419026103,38.970139942312294,28.02592415432543,-10.944215787986865
0.00181796875,34.19663106538264,39.02043006607813,28.324737096874152,-10.695692969203975
0.00181875,34.15493063874359,39.07066142578146,28.645834070623856,-10.424827355157603
0.00181953125,34.11561378076071,39.12083394577476,28.987483947744913,-10.13334999802985
0.0018203125,34.08020941463766,39.170947550499164,29.347958297850177,-9.82298925264899
0.00182109375,34.05469930677016,39.221002164484446,29.725538044448157,-9.495464120036287
0.001821875,34.12065466996491,39.27099771234926,30.118543737627135,-9.15245397472213
0.00182265625,34.04528543384482,0.02590253371207587,30.360228264682213,30.334325730970136
0.0018234375,34.204580144102344,1.4865694535565292e-06,30.606199861622606,30.606198375053154
0.00182421875,34.34202732005731,8.534045176419675e-11,30.745523138333926,30.745523138248586
0.001825,34.475880413347845,3.2396663996559153e-14,30.781862484784202,30.78186248478417
0.00182578125,34.60967601473313,2.86300281844453e-14,30.71913397363449,30.719133973634463
0.0018265625,34.74719155910205,1.6250210442100235e-14,30.5614148594641,30.561414859464083
0.00182734375,34.91103699404197,3.2103928056853505e-14,30.312930972142343,30.31293097214231
0.001828125,34.72946272798515,38.65067571541528,30.107662515769604,-8.54301319964568
0.00182890625,34.811126407673235,39.718228841321974,29.82236882420444,-9.895860017117533
0.0018296875,34.782599472982874,39.76768803087022,29.576770923723913,-10.190917107146305
0.00183046875,34.745067427588914,39.81702890511598,29.37315612588865,-10.443872779227336
0.00183125,34.70411687939559,39.86630981228268,29.210685813801526,-10.655623998481154
0.00183203125,34.66129445830199,39.91553068150708,29.088422003338678,-10.8271086781684
0.0018328125,34.61728026646252,39.964691438663635,29.0053354021532,-10.959356036510435
0.00183359375,34.572473881184976,40.01379200971712,28.960312438883957,-11.053479570833165
0.001834375,34.52716093724588,40.06283232072299,28.952162147838443,-11.110670172884548
0.00183515625,34.48157549090537,40.111812297827385,28.979622995843428,-11.132189301983956
0.0018359375,34.4359319698841,40.16073186726738,29.041369656059786,-11.119362211207592
0.00183671875,34.39045446909892,40.209590955370984,29.136019718662162,-11.07357123670882
0.0018375,34.34543339137795,40.25838948855726,29.262140330197678,-10.996249158359586
0.00183828125,34.30141079538522,40.307127393336536,29.41825477998992,-10.888872613346617
0.0018390625,34.26015205205518,40.35580459631038,29.60284925225629,-10.752955344054085
0.00183984375,34.239158125307846,40.404421024171825,29.814384267350498,-10.590036756821327
0.001840625,34.08705559658828,54.439297545290586,30.10534348394408,-24.333954061346507
0.00184140625,34.00057610144357,54.45194850909833,30.422014546779742,-24.029933962318587
0.0018421875,33.900833530757396,54.43309752906832,30.802409016588268,-23.630688512480052
0.00184296875,33.79572465967053,54.414162770558846,31.242857633119822,-23.171305137439024
0.00184375,33.66985098751259,54.39514606520015,31.739547281128306,-22.655598784071845
0.00184453125,34.72788015518947,16.04287158573732,32.17164216653279,16.128770580795475
0.0018453125,33.896688542217035,0.0009207146582386351,32.5882123727485,32.587291658090265
0.00184609375,34.008214711222294,5.284063251177151e-08,32.93066907515304,32.93066902231241
0.001846875,34.13656825763702,3.032570861406234e-12,33.15526990792777,33.15526990792473
0.00184765625,34.26962828040964,1.7404193690152006e-16,33.2659080205691,33.2659080205691
0.0018484375,34.40440798713526,9.988421436716779e-21,33.266691275543366,33.266691275543366
0.00184921875,34.53956993449114,5.732443833575373e-25,33.161915795479395,33.161915795479395
0.00185,34.67425882058613,3.289900462579781e-29,32.95604458661838,32.95604458661838
0.00185078125,34.807785058791914,1.8881031141184303e-33,32.653686746577044,32.653686746577044
0.0018515625,34.93948755913493,1.0835991575101532e-37,32.25957708000345,32.25957708000345
0.00185234375,35.068607474459725,6.218871868684729e-42,31.77855611467652,31.77855611467652
0.001853125,35.19402922870012,3.5690658350069744e-46,31.215550514902407,31.215550514902407
0.00185390625,35.31340399232041,2.048318602407244e-50,30.575553763508857,30.575553763508857
0.0018546875,35.41827621617569,1.1755482501373826e-54,29.863605943172452,29.863605943172452
0.00185546875,35.39614107132235,6.746575883151171e-59,29.08474124850978,29.08474124850978
0.00185625,35.5677833213197,54.0440888940465,28.4710954996518,-25.572993394394704
0.00185703125,35.414880974577095,54.05935040360739,27.811068348214413,-26.248282055392977
0.0018578125,35.29048124439128,54.038865720386106,27.260023530649097,-26.77884218973701
0.00185859375,35.16750548263959,54.018297608776194,26.815470957125758,-27.202826651650437
0.001859375,34.99211003553865,53.997648146468855,26.474569486181387,-27.523078660287467
0.00186015625,35.01415637945496,41.649288216098626,26.177860755121955,-15.471427460976669
0.0018609375,34.93964168387534,41.69382638243145,25.976425424068672,-15.71740095836278
0.00186171875,34.870557763022134,41.74071158079703,25.832785260594953,-15.90792632020208
0.0018625,34.80244492851897,41.78753405670712,25.74527460105136,-16.042259455655763
0.00186328125,34.73467144142012,41.83429360135407,25.71212274657062,-16.122170854783448
0.0018640625,34.667171970318144,41.8809901443109,25.731455841505714,-16.149534302805186
0.00186484375,34.60004197094673,41.92762361525344,25.801306722007627,-16.12631689324581
0.001865625,34.53344095741041,41.97419394395252,25.919624776236258,-16.054569167716263
0.00186640625,34.46756441864214,42.0207010602741,26.08428570593304,-15.936415354341058
0.0018671875,34.4026408696355,42.067144894179286,26.293101148170088,-15.774043746009198
0.00186796875,34.33894822276704,42.11352537572451,26.543828130611807,-15.569697245112701
0.00186875,34.27686359001278,42.159842435061584,26.83417834215529,-15.325664092906294
0.00186953125,34.21700431901488,42.20609600243788,27.161827217907238,-15.044268784530642
0.0018703125,34.160705429903864,42.25228600819634,27.524422905948384,-14.727863102247959
0.00187109375,34.112348175334084,42.298412382775666,27.91959563957036,-14.378816743205304
0.001871875,34.10678436938056,42.34447505671038,28.344975803066443,-13.999499253643936
0.00187265625,34.009346938048346,0.32096238142606737,28.647257877685895,28.326295496259828
0.0018734375,34.18045872433154,1.8420316346408602e-05,28.97120216178329,28.97118374146694
0.00187421875,34.31500032223618,1.0571807219508285e-09,29.19146144167467,29.191461440617488
0.001875,34.44423047994422,8.56020047962875e-14,29.31049873226346,29.310498732263376
0.00187578125,34.5737903466123,2.3914853055209774e-14,29.33189947329718,29.331899473297156
0.0018765625,34.70973670892288,2.3866024734962634e-14,29.259418846091148,29.259418846091123
0.00187734375,34.90533920321081,2.693841744433834e-14,29.096979809717897,29.09697980971787
0.001878125,34.6996636190041,42.61528032416881,29.013257612648882,-13.602022711519925
0.00187890625,34.69228940550835,42.75615570409754,28.85460649997898,-13.901549204118556
0.0018796875,34.64523188780214,42.80158304660735,28.74602412641597,-14.055558920191377
0.00188046875,34.59159792000642,42.84694045655431,28.686319354615573,-14.160621101938734
0.00188125,34.53550845671256,42.89223333946911,28.673913984332927,-14.218319355136181
0.00188203125,34.478285143102674,42.93746162745563,28.707140402807944,-14.23032122464769
0.0018828125,34.42056071993084,42.982625252400915,28.784251075628877,-14.198374176772038
0.00188359375,34.362725214900365,43.02772414628937,28.90342736310879,-14.124296783180581
0.001884375,34.305061357627565,43.07275824120285,29.062788115800966,-14.009970125401882
0.00188515625,34.24779581162205,43.117727469320826,29.260398104496296,-13.85732936482453
0.0018859375,34.1911223165267,43.1626317629205,29.494276282764822,-13.668355480155675
0.00188671875,34.13521526641542,43.207471054376754,29.762403868468233,-13.445067185908522
0.0018875,34.080243857951665,43.25224527616245,30.06273222913338,-13.189513047029067
0.00188828125,34.02640326474068,43.29695436084842,30.393190559723465,-12.903763801124951
0.0018890625,33.97402766413033,43.3415982411036,30.75169336000805,-12.589904881095546
0.00188984375,33.92422583222064,43.3861768496951,31.136147854768645,-12.250028994926454
0.001890625,33.88875905252907,43.43069011948834,31.54446444688631,-11.88622567260203
0.00189140625,33.763256013229594,53.0598107217334,32.011603629622655,-21.048207092110747
0.0018921875,33.6806467562616,53.05733834882573,32.49968003333163,-20.557658315494105
0.00189296875,33.57765025228167,53.03322308296307,33.03377732268571,-19.999445760277364
0.00189375,33.247109863929886,53.00902671250573,33.61031257081409,-19.39871414169164
0.00189453125,33.76485522918202,0.010311280123726582,33.98346735812128,33.97315607799756
0.0018953125,33.87155421162206,5.917735303422878e-07,34.38192505910188,34.38192446732835
0.00189609375,34.00437333317696,3.396240883883688e-11,34.65576118531239,34.65576118527843
0.001896875,34.14328404075169,1.9491328269940377e-15,34.80894843857446,34.80894843857446
0.00189765625,34.28442243351968,1.11862465212461e-19,34.84572107609895,34.84572107609895
0.0018984375,34.42624305568783,6.419886295131046e-24,34.77051769744143,34.77051769744143
0.00189921875,34.567831179201654,3.6844298008390615e-28,34.58795861607012,34.58795861607012
0.0019,34.708501604705326,2.1145270076833758e-32,34.302823960617744,34.302823960617744
0.00190078125,34.84766210652095,1.2135458423455842e-36,33.92003221229177,33.92003221229177
0.0019015625,34.984744711545915,6.964647441830032e-41,33.44461916497289,33.44461916497289
0.00190234375,35.11914108152144,3.99707306443693e-45,32.88171733684762,32.88171733684762
0.001903125,35.250085631416766,2.293955755246273e-49,32.23653586125839,32.23653586125839
0.00190390625,35.37633520507466,1.3165215952260288e-53,31.514340847055674,31.514340847055674
0.0019046875,35.49493223688053,7.555634439472494e-58,30.720435994231316,30.720435994231316
0.00190546875,35.59294337374882,4.336245754718644e-62,29.8601413135665,29.8601413135665
0.00190625,35.06346424244389,2.488609976560515e-66,28.938593847535074,28.938593847535074
0.00190703125,35.68001515284177,52.58248513089853,28.225076252913606,-24.357408877984927
0.0019078125,35.544634792075925,52.5598767222126,27.467913946139294,-25.091962776073306
0.00190859375,35.39079729070156,52.534170110776415,26.81993833746261,-25.714231773313806
0.001909375,35.368054101697055,44.480807750033776,26.242098877453987,-18.23870887257979
0.00191015625,35.28229279983074,44.52209250114051,25.767330062059198,-18.754762439081315
0.0019109375,35.19936454625833,44.56488363204396,25.37068090372358,-19.194202728320377
0.00191171875,35.116195373006725,44.60760773933853,25.05048276922955,-19.557124970108983
0.0019125,35.03236992153396,44.650264668387194,24.804894892175515,-19.84536977621168
0.00191328125,34.94790459538946,44.6928543549442,24.63191179184669,-20.060942563097512
0.0019140625,34.86294313167378,44.73537673487022,24.529375981257452,-20.20600075361277
0.00191484375,34.77767288431964,44.77783174412736,24.49499073214904,-20.28284101197832
0.001915625,34.692291226911884,44.820219318779124,24.52633279840049,-20.293886520378635
0.00191640625,34.606986084574785,44.86253939499058,24.62086504732097,-20.24167434766961
0.0019171875,34.521917918870635,44.90479190902847,24.775948958111023,-20.128842950917445
0.00191796875,34.437193258775,44.94697679726127,24.988856949546957,-19.958119847714315
0.00191875,34.35281122237165,44.98909399615932,25.256784497724084,-19.732309498435235
0.00191953125,34.26852821641917,45.03114344229483,25.576861993664913,-19.454281448629914
0.0019203125,34.18342458309951,45.07312507234214,25.946166234855834,-19.126958837486303
0.00192109375,34.09392602576353,45.11503882307767,26.36173107758588,-18.75330774549179
0.001921875,33.974379084193544,45.156884631380045,26.820551534037033,-18.33633309734301
0.00192265625,34.24820163195638,1.1602222916419136,27.171899992289696,26.01167770064778
0.0019234375,34.22161619328255,6.658618847756453e-05,27.558292114013653,27.558225527825176
0.00192421875,34.319650368593464,3.821457765478739e-09,27.84545671173678,27.84545670791532
0.001925,34.42621546331463,2.4208961849044074e-13,28.033055324481886,28.033055324481644
0.00192578125,34.53309521565036,1.5344624671252127e-14,28.124386324847823,28.12438632484781
0.0019265625,34.631530261784484,2.8373454081706224e-14,28.12292420287496,28.12292420287493
0.00192734375,34.626296367938316,2.4366193330380604e-14,28.03227115024583,28.032271150245805
0.001928125,34.78636343696842,45.459223627923855,28.047159624460914,-17.41206400346294
0.00192890625,34.676273955097,45.53042741207595,27.9894713040078,-17.54095610806815
0.0019296875,34.592767213123686,45.57159206706572,27.989647313887588,-17.581944753178135
0.00193046875,34.51485497452025,45.61268637202427,28.045630993679648,-17.567055378344623
0.00193125,34.43927555851673,45.65371198500276,28.15519002090348,-17.49852196409928
0.00193203125,34.365183966361506,45.69466884431605,28.316010045284347,-17.3786587990317
0.0019328125,34.29235323242048,45.73555688828385,28.525704659468314,-17.20985222881554
0.00193359375,34.220770944323036,45.77637605532952,28.781825657356833,-16.994550397972688
0.001934375,34.15051298388047,45.81712628398013,29.081873177502192,-16.735253106477938
0.00193515625,34.08169557026109,45.857807512866586,29.42330563895605,-16.434501873910534
0.0019359375,34.014455147219216,45.89841968072365,29.803549429720523,-16.094870251003126
0.00193671875,33.94894039443458,45.938962726390166,30.22000832165211,-15.718954404738055
0.0019375,33.885311092804784,45.97943658880904,30.67007259098539,-15.309363997823647
0.00193828125,33.823742425327445,46.01984120702734,31.151127826668045,-14.868713380359294
0.0019390625,33.764433644722175,46.060176520196464,31.660563410480663,-14.399613109715801
0.00193984375,33.707604491175765,46.10044246757216,32.195780648984424,-13.904661818587734
0.001940625,33.65325592007389,46.14063898851464,32.75420046476479,-13.386438523749849
0.00194140625,33.592619073860725,46.18076602248865,33.33326779077356,-12.847498231715088
0.0019421875,33.56456080727633,51.35104632150437,33.95205000933156,-17.398996312172812
0.00194296875,33.62564858998805,51.32531574363639,34.58725452521304,-16.73806121842335
0.00194375,33.50534654328484,0.033837796501762635,35.03533896565737,35.0015011691556
0.00194453125,33.69268797497487,1.941981214221445e-06,35.49858459953633,35.49858265755511
0.0019453125,33.8517036188219,1.114520277995214e-10,35.83117986101249,35.83117986090104
0.00194609375,34.00564067613387,6.3963309272305115e-15,36.03709452716489,36.03709452716488
0.001946875,34.15783434641345,3.670911165855094e-19,36.1206339763324,36.1206339763324
0.00194765625,34.308934930321556,2.106768542920633e-23,36.086322429186154,36.086322429186154
0.0019484375,34.458919127675735,1.2090931904657076e-27,35.93888068220187,35.93888068220187
0.00194921875,34.607536576365014,6.939093276966672e-32,35.68320358509404,35.68320358509404
0.00195,34.7544464457205,3.982407302111899e-36,35.32433774630242,35.32433774630242
0.00195078125,34.89926535761875,2.2855389439075193e-40,34.86745960051168,34.86745960051168
0.0019515625,35.04158040820826,1.3116911123951937e-44,34.317853911047386,34.317853911047386
0.00195234375,35.180939000331676,7.527911869202258e-49,33.6808927618766,33.6808927618766
0.001953125,35.316805690032105,4.32033552525913e-53,32.96201508282396,32.96201508282396
0.00195390625,35.448437639563046,2.4794789544732107e-57,32.16670673430632,32.16670673430632
0.0019546875,35.574481594230505,1.4229950080802632e-61,31.300481121221953,31.300481121221953
0.00195546875,35.691207504813384,8.166694818555385e-66,30.36885998427567,30.36885998427567
0.00195625,35.7774424370244,4.686938737009081e-70,29.37735012599535,29.37735012599535
0.00195703125,35.93002755007861,46.36632774674838,28.479041581258198,-17.887286165490185
0.0019578125,35.83142229377535,50.75658521939428,27.54178553922856,-23.214799680165722
0.00195859375,35.709356592607385,47.048320305663125,26.686860182636384,-20.361460123026742
0.001959375,35.61843447197119,47.084371881203154,25.940521060704555,-21.1438508204986
0.00196015625,35.52592409451751,47.12281319956696,25.2905047147826,-21.832308484784363
0.0019609375,35.431942571942685,47.16118369304467,24.735218600253514,-22.425965092791156
0.00196171875,35.336446714659516,47.19948316264014,24.272838667181343,-22.9266444954588
0.0019625,35.23958869599628,47.23771155066697,23.90131737046343,-23.33639418020354
0.00196328125,35.141620092962526,47.27586879955388,23.618398879466497,-23.657469920087387
0.0019640625,35.04284030638742,47.31395485183677,23.421634368160664,-23.892320483676105
0.00196484375,34.94357301222431,47.35196965015869,23.30839732826183,-24.043572321896864
0.001965625,34.84415640964252,47.38991313727009,23.275898851297978,-24.114014285972114
0.00196640625,34.74494182164003,47.427785256028734,23.321202830626117,-24.106582425402618
0.0019671875,34.64630023140387,47.46558594939992,23.441241038293366,-24.024344911106557
0.00196796875,34.548641335178694,47.50331516045645,23.63282803556764,-23.87048712488881
0.00196875,34.45246024427457,47.540972832378834,23.89267588193365,-23.648296950445186
0.00196953125,34.35846046959647,47.57855890845531,24.217408621551968,-23.36115028690334
0.0019703125,34.26794176804225,47.61607333208191,24.603576578460498,-23.012496753621413
0.00197109375,34.184480331237346,47.65351604676261,25.047670794404688,-22.605845252357923
0.001971875,34.12814931648705,47.690886996109334,25.546141606952446,-22.14474538915689
0.00197265625,34.00882282901383,4.153372383934349,25.95668461305112,21.80331222911677
0.0019734375,34.13206175281114,0.0002383657324056726,26.40474957361426,26.404511207881853
0.00197421875,34.2633309344486,1.3680046054763854e-08,26.763245600912885,26.763245587232838
0.001975,34.38590070469751,8.049310264906087e-13,27.022812215186832,27.022812215186025
0.00197578125,34.50947201580244,2.1658309801670155e-14,27.18650007697483,27.18650007697481
0.0019765625,34.64456403142979,2.3328943579419175e-14,27.257545810177472,27.257545810177447
0.00197734375,34.98580964051077,2.8391518133034125e-14,27.239416910434564,27.239416910434535
0.001978125,34.56027788616854,47.9779355863228,27.355022826846458,-20.622912759476343
0.00197890625,34.50797653928844,48.023986314354474,27.397977738886837,-20.626008575467637
0.0019796875,34.43309017361616,48.060637068190424,27.504682829203634,-20.55595423898679
0.00198046875,34.35363194852101,48.097214908253335,27.672453147036286,-20.42476176121705
0.00198125,34.27295158203102,48.1337203147491,27.89848382828523,-20.23523648646387
0.00198203125,34.19228098867474,48.170153232731934,28.17989404053062,-19.990259192201314
0.0019828125,34.11226829860283,48.20651360733456,28.513739595573327,-19.69277401176123
0.00198359375,34.0333418602353,48.24280138379886,28.89702488681319,-19.345776496985675
0.001984375,33.95582910577166,48.27901650747613,29.326714442623228,-18.9523020648529
0.00198515625,33.88000491877731,48.315158923827056,29.799744131132883,-18.515414792694173
0.0019859375,33.80611609160673,48.3512285784218,30.313032009753336,-18.03819656866846
0.00198671875,33.73439822922742,48.38722541694012,30.863488804323595,-17.523736612616524
0.0019875,33.66509385728011,48.42314938517141,31.44802800211571,-16.975121383055704
0.00198828125,33.59848167604842,48.459000429014836,32.06357554534945,-16.395424883665385
0.0019890625,33.53493886605624,48.49477849447938,32.707079118079285,-15.787699376400093
0.00198984375,33.47510466525085,48.53048352768391,33.37551703775451,-15.1549664899294
0.001990625,33.42042543570833,48.566115474857305,34.065906840397204,-14.500208634460101
0.00199140625,33.37580197079736,48.601674282338486,34.77531416611168,-13.826360116226807
0.0019921875,33.38028445800099,48.637159896576534,35.50087121268335,-13.136288683893184
0.00199296875,33.280955520822495,0.3731684446893552,36.06689274744871,35.69372430275936
0.00199375,33.49066491592284,2.141646869024739e-05,36.639288690178496,36.639267273709805
0.00199453125,33.65828305765016,1.229110171794304e-09,37.07409770585621,37.0740977046271
0.0019953125,33.819217571609435,7.053972511799624e-14,37.374282879749,37.37428287974893
0.00199609375,33.97834098638591,4.048337515959632e-18,37.5441618419331,37.5441618419331
0.001996875,34.13659373837885,2.3233768795825657e-22,37.58829539474518,37.58829539474518
0.00199765625,34.29403623688115,1.3334066399597715e-26,37.51146446046953,37.51146446046953
0.0019984375,34.45045361429454,7.652539211840012e-31,37.31864649844126,37.31864649844126
0.00199921875,34.605533813079205,4.3918602648113213e-35,37.014992082408476,37.014992082408476
0.002,34.758934823822976,2.5205276381708032e-39,36.60580180925764,36.60580180925764
0.00200078125,34.91031625592182,1.4465532124701657e-43,36.09650362395967,36.09650362395967
0.0020015625,35.059359097937744,8.301897447259641e-48,35.49263062421621,35.49263062421621
0.00200234375,35.20578459543577,4.7645327272215776e-52,34.79979940012486,34.79979940012486
0.002003125,35.34938237330396,2.7344076764353123e-56,34.023688960224916,34.023688960224916
0.00200390625,35.490067846478944,1.569300867266483e-60,33.17002029511279,33.17002029511279
0.0020046875,35.62802876154464,9.006357147204255e-65,32.244536640304275,32.244536640304275
0.00200546875,35.7641978959298,5.168828409831187e-69,31.252984559634736,31.252984559634736
0.00200625,35.902424563486726,2.966436561820269e-73,30.201096373446234,30.201096373446234
0.00200703125,36.071057864771454,1.702464306721193e-77,29.094580299570506,29.094580299570506
0.0020078125,35.807045800251544,48.08061820856387,28.10069212577535,-19.97992608278852
0.00200859375,35.866370830548014,49.36528470777493,27.06580492871982,-22.299479779055112
0.002009375,35.787533938461515,49.3992185267429,26.138614196265472,-23.260604330477427
0.00201015625,35.69539320415449,49.43300617498706,25.32152293418395,-24.111483240803107
0.0020109375,35.59708249543582,49.46671937389797,24.612924121889407,-24.853795252008567
0.00201171875,35.494743354728826,49.50035807682322,24.010927408909648,-25.48943066791357
0.0020125,35.389446826656204,49.533922233103794,23.513377674919784,-26.02054455818401
0.00201328125,35.281916631004925,49.56741179219267,23.117872463351965,-26.449539328840707
0.0020140625,35.17273333597957,49.60082670365517,22.821779348066165,-26.779047355589007
0.00201484375,35.06240861147193,49.63416691716907,22.622253307572514,-27.011913609596554
0.002015625,34.95141858450557,49.66743238252456,22.516254080491656,-27.151178302032903
0.00201640625,34.840223625542,49.7006230496245,22.500563456901457,-27.20005959272304
0.0020171875,34.729286395377976,49.733738868484295,22.57180245719762,-27.161936411286675
0.00201796875,34.61909806751559,49.76677978923215,22.726448351871227,-27.040331437360926
0.00201875,34.51023090778764,49.799745762109076,22.960851481041935,-26.83889428106714
0.00201953125,34.40346927375898,49.83263673746884,23.271251847202073,-26.561384890266766
0.0020203125,34.30021704877043,49.86545266577826,23.653795509338792,-26.211657156439465
0.00202109375,34.20425745796117,49.89819349761714,24.104551123472827,-25.793642374144316
0.002021875,34.13664042078102,49.930859183678386,24.61953081020693,-25.311328373471458
0.00202265625,34.003026860517984,4.348028560192564,25.049481474449095,20.70145291425653
0.0020234375,34.123346177761526,0.00024953722335735505,25.52545678656282,25.525207249339463
0.00202421875,34.252081572185155,1.432118440576027e-08,25.914109775862283,25.9141097615411
0.002025,34.371743638802165,8.45177295835625e-13,26.20534671090478,26.205346710903935
0.00202578125,34.492510654985274,2.5993391758474867e-14,26.40205869143902,26.402058691438995
0.0020265625,34.62540927781354,2.36244146970874e-14,26.507324783687178,26.507324783687153
0.00202734375,34.97404404452703,2.2654873581302662e-14,26.524460223122567,26.524460223122546
0.002028125,34.52079373217984,50.1797156207836,26.686293090445705,-23.49342253033789
0.00202890625,34.45807637954177,50.221460158624936,26.776618940851847,-23.44484121777309
0.0020296875,34.37190788986456,50.25337225993654,26.937776930061172,-23.315595329875368
0.00203046875,34.281138559703834,50.28520812062606,27.16661867296608,-23.11858944765998
0.00203125,34.1892768483535,50.316968252668765,27.459871571575615,-22.85709668109315
0.00203203125,34.097611171345015,50.34865260826663,27.814185808232615,-22.534466800034018
0.0020328125,34.00681313543095,50.38026113970357,28.226148517373495,-22.154112622330075
0.00203359375,33.91731619777782,50.411793799377705,28.692297202246355,-21.71949659713135
0.002034375,33.82943664915067,50.44325053980143,29.209132699901154,-21.23411783990028
0.00203515625,33.7434186117572,50.47463131360146,29.773131730291034,-20.70149958331043
0.0020359375,33.659449818877505,50.505936073518924,30.3807590211537,-20.125177052365224
0.00203671875,33.57766107077011,50.53716477240939,31.02847899088585,-19.50868578152354
0.0020375,33.49810865768575,50.56831736324304,31.712766969125198,-18.85555039411784
0.00203828125,33.42072429611243,50.599393799104625,32.43011993176154,-18.169273867343083
0.0020390625,33.34517678325016,50.630394033193575,33.17706671492077,-17.45332731827281
0.00203984375,33.27041920437196,50.661318018824105,33.95017761376099,-16.711140405063112
0.002040625,33.19261639836804,50.69216570942527,34.74607288765824,-15.946092821767033
0.00204140625,33.084867717737644,50.722937058540985,35.56142422645741,-15.161512832083572
0.0020421875,33.38669341998487,4.949857822558342,36.239343978615096,31.289486156056757
0.00204296875,33.36101602391073,3.811650357193269,36.92834723545873,33.11669687826546
0.00204375,33.52806730858459,0.0007431567321267223,37.47115083367433,37.4704076769422
0.00204453125,33.67617319064916,4.265042532947191e-08,37.88447096413501,37.884470921484585
0.0020453125,33.83024853713052,2.4477458147747426e-12,38.16144366744674,38.161443667444296
0.00204609375,33.98671917003069,1.4047830771823753e-16,38.306522880395804,38.306522880395804
0.002046875,34.144216926380054,8.062174928566226e-21,38.32440944217617,38.32440944217617
0.00204765625,34.30188797146326,4.626953843234787e-25,38.22002387635727,38.22002387635727
0.0020484375,34.45907722277937,2.65544993219745e-29,37.998482082119764,37.998482082119764
0.00204921875,34.61523140231295,1.5239863161197373e-33,37.6650714284252,37.6650714284252
0.00205,34.769862582721366,8.746292910890072e-38,37.22522725951726,37.22522725951726
0.00205078125,34.922533806650456,5.019575233316963e-42,36.68450985767403,36.68450985767403
0.0020515625,35.07285521354508,2.880778837346867e-46,36.048581914672724,36.048581914672724
0.00205234375,35.220487865496686,1.653304577371902e-50,35.32318656270017,35.32318656270017
0.002053125,35.365157804515036,9.488461905240526e-55,34.514126013531744,34.514126013531744
0.00205390625,35.50669180482299,5.445512615123467e-59,33.62724085418169,33.62724085418169
0.0020546875,35.64511571535564,3.125228086239245e-63,32.668390053942794,32.668390053942794
0.00205546875,35.78100925846343,1.793596173828194e-67,31.643431788687778,31.643431788687778
0.00205625,35.91811078333275,1.0293607845571074e-71,30.558205828600922,30.558205828600922
0.00205703125,36.012518517377664,4.928074596524483,29.435041109076675,24.506966512552193
0.0020578125,36.16799931142466,5.12640168783829,28.263658669122755,23.137256981284466
0.00205859375,35.904292960218655,50.19416308710998,27.215365598327516,-22.97879748878246
0.002059375,35.94305819294225,51.409434627690715,26.146606673563,-25.262827954127715
0.00206015625,35.85056181636866,51.43842822529686,25.196449338559816,-26.241978886737044
0.0020609375,35.74511180474342,51.46727628045755,24.366743049647496,-27.10053323081005
0.00206171875,35.63353875797407,51.49604682292329,23.65549992314402,-27.84054689977927
0.0020625,35.51793311480802,51.52473981327293,23.060432103443077,-28.464307709829853
0.00206328125,35.39935765617991,51.553355208295564,22.578972156784648,-28.974383051510916
0.0020640625,35.278532804641124,51.581892964896944,22.20829237980936,-29.373600585087583
0.00206484375,35.15602801756622,51.61035304009971,21.945324016939807,-29.665029023159903
0.002065625,35.03232712185942,51.63873539104352,21.786776449178692,-29.851958941864826
0.00206640625,34.90785029963838,51.66703997498504,21.729156321510512,-29.937883653474525
0.0020671875,34.78295462693575,51.69526674929809,21.768786557638183,-29.92648019165991
0.00206796875,34.65791472859107,51.72341567147365,21.90182520633801,-29.821590465135642
0.00206875,34.53286749840796,51.75148669911998,22.124284060200463,-29.627202638919517
0.00206953125,34.40766031248796,51.77947978996259,22.43204697443689,-29.347432815525703
0.0020703125,34.28135561725977,51.80739490184442,22.82088774961573,-28.98650715222869
0.00207109375,34.14996052991924,51.83523199272578,23.286487021035356,-28.548744971690425
0.002071875,33.98412506327469,51.86299102068453,23.82444157823811,-28.038549442446424
0.00207265625,34.270019945878786,1.332197429560927,24.26071914117278,22.92852171161185
0.0020734375,34.211239831190305,7.645599448111646e-05,24.757996174840393,24.757919718845912
0.00207421875,34.295804437752565,4.387901770594859e-09,25.161080625331415,25.161080620943512
0.002075,34.39050557275536,2.6974734308752306e-13,25.46857857572608,25.46857857572581
0.00207578125,34.48599237207142,2.3322883484615805e-14,25.68325191583987,25.683251915839847
0.0020765625,34.57230089291011,2.60095796202472e-14,25.80804870254765,25.808048702547627
0.00207734375,34.5404449968397,2.533526462592788e-14,25.84605158743851,25.846051587438485
0.002078125,34.69862445957922,52.04791968921918,26.019176227215958,-26.02874346200322
0.00207890625,34.54810362522217,52.10930061175131,26.12234960251243,-25.98695100923888
0.0020796875,34.428840970499664,52.13627870067841,26.3038599313412,-25.83241876933721
0.00208046875,34.316849580586386,52.16317630340659,26.560240465972626,-25.60293583743396
0.00208125,34.20843937101134,52.18999534922091,26.887832014678548,-25.30216333454236
0.00208203125,34.102684350005205,52.216735797845395,27.28289333437659,-24.933842463468807
0.0020828125,33.99936346858491,52.24339760900945,27.741615544641004,-24.501782064368445
0.00208359375,33.898499713951296,52.26998074256085,28.260136706843603,-24.009844035717244
0.002084375,33.800217551382836,52.29648515846588,28.834556105003468,-23.46192905346241
0.00208515625,33.70469176877829,52.32291081680938,29.460948120679305,-22.861962696130078
0.0020859375,33.61213189844173,52.349257677794775,30.135375655657842,-22.213882022136932
0.00208671875,33.52278908919458,52.37552570174416,30.853903073511294,-21.521622628232866
0.0020875,33.436992952141104,52.40171484909839,31.61260864084853,-20.78910620824986
0.00208828125,33.355260505599304,52.427825080417044,32.40759646386574,-20.020228616551307
0.0020890625,33.27865038128784,52.453856356378644,33.235007965039394,-19.21884839133925
0.00208984375,33.21031545957518,52.47980863778049,34.09103322641237,-18.388775411368123
0.002090625,33.16872018772758,52.50568188553896,34.97192593628782,-17.53375594925114
0.00209140625,33.06928025766264,11.959662516724872,35.74484543813716,23.78518292141229
0.0020921875,33.196087865659415,8.159595429585748,36.526647099137946,28.3670516695522
0.00209296875,33.32745686143092,8.228061351037724,37.198856199367626,28.970794848329906
0.00209375,33.630882428913644,2.445192953066676,37.7350615049306,35.289868551863925
0.00209453125,33.644460987221535,0.00014033179671598265,38.14616280687666,38.146022475079945
0.0020953125,33.801542748619056,8.053766531936708e-09,38.42711404551316,38.42711403745939
0.00209609375,33.96110971050903,4.622128189680367e-13,38.57517376995683,38.575173769956365
0.002096875,34.121124646632836,2.6526804467350808e-17,38.595071806189836,38.595071806189836
0.00209765625,34.280825560786724,1.522396883799373e-21,38.49176024572023,38.49176024572023
0.0020984375,34.43965836076279,8.737171017544379e-26,38.270388297335906,38.270388297335906
0.00209921875,34.5971300388151,5.014340097656005e-30,37.936278190860385,37.936278190860385
0.0021,34.75277579713147,2.8777743464643275e-34,37.49490151218838,37.49490151218838
0.00210078125,34.90614799527767,1.6515802733523165e-38,36.95185599770573,36.95185599770573
0.0021015625,35.05680816541071,9.47856597122642e-43,36.312842837532926,36.312842837532926
0.00210234375,35.204314168386695,5.439833250643702e-47,35.58364453693287,35.58364453693287
0.002103125,35.348190445785264,3.1219686484895533e-51,34.77010337990712,34.77010337990712
0.00210390625,35.487841187513716,1.7917255535357358e-55,33.878100525127664,33.878100525127664
0.0021046875,35.62219762858833,1.0282872189463248e-59,32.913535700192405,32.913535700192405
0.00210546875,35.74686910243432,5.901431737476629e-64,31.882306732202633,31.882306732202633
0.00210625,35.87868612490187,8.577646999429922,30.817598344071584,22.23995134464166
0.00210703125,35.956400345648774,9.462178604397664,29.700081422704756,20.23790281830709
0.0021078125,36.02148907314534,9.530660291929411,28.55985696983014,19.029196677900728
0.00210859375,36.041649401626394,9.599080793446792,27.403939501756966,17.804858708310174
0.002109375,36.15396033701486,52.77360966623755,26.391476603174674,-26.382133063062874
0.00211015625,35.98825312832996,53.126696374115284,25.375696253336933,-27.75100012077835
0.0021109375,35.85796821643704,53.15052031305814,24.486803613990997,-28.66371669906714
0.00211171875,35.7316133238819,53.17424531618671,23.723647389203617,-29.450597926983097
0.0021125,35.60487025918922,53.197890238778584,23.083801737303805,-30.11408850147478
0.00211328125,35.47694013571441,53.2214550463091,22.564545422123057,-30.656909624186046
0.0021140625,35.347825915856276,53.244939703290136,22.1628811751976,-31.082058528092535
0.00211484375,35.2177941966276,53.268344174354226,21.875555830457536,-31.39278834389669
0.002115625,35.08722012309943,53.29166842425466,21.699080607812,-31.59258781644266
0.00211640625,34.95653562843906,53.31491241786554,21.629751384229404,-31.68516103363614
0.0021171875,34.826217759097965,53.33807612018185,21.663668868005253,-31.6744072521766
0.00211796875,34.696805218430576,53.361159496319445,21.796758612500142,-31.564400883819303
0.00211875,34.568958927486726,53.384162511515186,22.02479081823499,-31.359371693280195
0.00211953125,34.4436386638911,53.40708513112695,22.343399895203955,-31.063685235922993
0.0021203125,34.32270483727412,53.429927320633695,22.748103844949124,-30.68182347568457
0.00212109375,34.21185728890915,53.45268904563548,23.23432409903604,-30.21836494659944
0.002121875,34.1552536125265,53.47537027185358,23.797416253024682,-29.677954018828895
0.00212265625,33.98288946018513,0.405197840450673,24.24218849689874,23.83699065644807
0.0021234375,34.150046719448284,2.325466419806603e-05,24.74970984299611,24.74968658833191
0.00212421875,34.271563805183305,1.334629200653979e-09,25.159988349391845,25.159988348057215
0.002125,34.38703258544766,9.619919364264379e-14,25.47439707073233,25.474397070732234
0.00212578125,34.503695468988454,2.3942816155901162e-14,25.69569276237846,25.695692762378435
0.0021265625,34.629290677921794,2.4110592795268493e-14,25.826820078428316,25.82682007842829
0.00212734375,34.83087402333182,2.1932164129513564e-14,25.870915730812403,25.87091573081238
0.002128125,34.5295040367943,53.53403249423098,26.038077372078586,-27.49595512215239
0.00212890625,34.4785712734204,53.67586638626733,26.133340169540574,-27.542526216726756
0.0021296875,34.37923901263829,53.697747645957065,26.311912132941703,-27.385835513015362
0.00213046875,34.27319794941231,53.71954115826029,26.57038753549215,-27.149153622768143
0.00213125,34.16570784109821,53.741253769510536,26.904890299754072,-26.836363469756463
0.00213203125,34.05850628686948,53.76288544740379,27.31145343933484,-26.45143200806895
0.0021328125,33.9524624872123,53.78443615936319,27.78603608331757,-25.99840007604562
0.00213359375,33.84814072498703,53.805905872933714,28.32453936978538,-25.481366503148333
0.002134375,33.745975254733665,53.82729455578239,28.922821774637267,-24.90447278114512
0.00213515625,33.646343272405716,53.84860217569824,29.576713942834715,-24.271888232863525
0.0021359375,33.54961099731789,53.869828700592365,30.282033019210854,-23.58779568138151
0.00213671875,33.45618821863751,53.89097409849802,31.034596465043233,-22.856377633454787
0.0021375,33.36664162426353,53.9120383375706,31.830235354732743,-22.081802982837857
0.00213828125,33.28203408817617,53.93302138608775,32.664807191355486,-21.268214194732266
0.0021390625,33.20538589982883,53.953923212449375,33.53420854335773,-20.419714669091647
0.00213984375,33.15406259393927,53.97474378517771,34.43439099870696,-19.540352786470752
0.002140625,33.048980973884504,16.012930716495376,35.24044779987515,19.227517083379773
0.00214140625,33.156499920913035,12.458627328080674,36.06125831190336,23.602630983822685
0.0021421875,33.27119325246576,12.526125609873185,36.78536684906549,24.259241239192306
0.00214296875,33.37669758701848,12.59381288704041,37.40424623319828,24.810433346157865
0.00214375,33.472359879840845,12.66148121008226,37.92026491827281,25.258783708190546
0.00214453125,33.67873712388839,0.32621094740325063,38.29442755813464,37.96821661073139
0.0021453125,33.800628852948435,1.8721536188016654e-05,38.57032537485055,38.57030665331436
0.00214609375,33.95770625858824,1.074445600398402e-09,38.71400564542589,38.714005644351445
0.002146875,34.11720336150635,6.16633879090764e-14,38.729255899624214,38.72925589962415
0.00214765625,34.27694576921496,3.538916634788508e-18,38.621052961950355,38.621052961950355
0.0021484375,34.436038740551844,2.0310157084540248e-22,38.39457097969494,38.39457097969494
0.00214921875,34.593863325481884,1.1656179655199825e-26,38.055156908698024,38.055156908698024
0.00215,34.74989367157661,6.689585097188327e-31,37.60830672936699,37.60830672936699
0.00215078125,34.90364289703246,3.839212340259436e-35,37.0596421625465,37.0596421625465
0.0021515625,35.05463475769355,2.2033580826702476e-39,36.41488790585465,36.41488790585465
0.00215234375,35.20236831823258,1.2645267857573738e-43,35.67984943120037,35.67984943120037
0.002153125,35.34623114089268,7.257231606947949e-48,34.860391376004436,34.860391376004436
0.00215390625,35.485173340722774,4.164989717109058e-52,33.962416505546095,33.962416505546095
0.0021546875,35.61555216630122,2.3903246145563743e-56,32.99184471728844,32.99184471728844
0.00215546875,35.57921261309812,1.371828540052184e-60,31.95454630744255,31.95454630744255
0.00215625,35.836687981516825,13.740727155940025,30.925322018690792,17.184594862750767
0.00215703125,35.89453267969606,13.808842215351117,29.843249139583623,16.034406924232506
0.0021578125,35.95049285957352,13.87615179672339,28.752719827528956,14.876568030805567
0.00215859375,35.99679006416369,13.943440435828208,27.657737407107437,13.714296971279229
0.002159375,35.99958909341199,14.010708076361144,26.562150905574498,12.551442829213352
0.00216015625,36.08774880586549,54.181145120596554,25.61355008199861,-28.567595038597943
0.0021609375,35.917131792808476,54.50605613615527,24.674862500552315,-29.831193635602958
0.00216171875,35.77951774501636,54.52460690383619,23.86670323530006,-30.657903668536125
0.0021625,35.64568659963806,54.5430579808685,23.187441765571787,-31.35561621529671
0.00216328125,35.51168478265361,54.56142691603242,22.63424578612428,-31.92718112990814
0.0021640625,35.37682702251001,54.579713682673386,22.203994680303104,-32.37571900237028
0.00216484375,35.241172801722755,54.59791825325192,21.893299931387837,-32.70461832186408
0.002165625,35.10502953431963,54.616040600352264,21.698526193794343,-32.91751440655792
0.00216640625,34.96881381435883,54.63408069668249,21.615812439687055,-33.018268256995434
0.0021671875,34.83301375697754,54.65203851507454,21.641093027302944,-33.01094548777159
0.00216796875,34.6982014631582,54.66991402848427,21.77011861103294,-32.89979541745133
0.00216875,34.565107981341654,54.68770720999147,21.99847683840364,-32.68923037158783
0.00216953125,34.434860623648305,54.70541803279994,22.32161281327057,-32.38380521952937
0.0021703125,34.30985749523868,54.72304647023749,22.73484944171368,-31.98819702852381
0.00217109375,34.19869387700425,54.740592495756026,23.233408833676144,-31.507183662079882
0.002171875,34.21531574461849,54.75805608293154,23.812466508879325,-30.945589574052214
0.00217265625,34.03519789859816,0.03610894151793148,24.23714018626509,24.20103124474716
0.0021734375,34.182906992755136,2.072324265569999e-06,24.721764883464488,24.721762811140223
0.00217421875,34.30092118217082,1.1894957233373863e-10,25.10909467518255,25.109094675063602
0.002175,34.414886258840035,2.800843158414887e-14,25.401614775257826,25.401614775257798
0.00217578125,34.52991808749402,1.6041762258530183e-14,25.60210924267091,25.602109242670892
0.0021765625,34.651434957771286,2.0335457418658415e-14,25.713545334891997,25.713545334891975
0.00217734375,34.81090634543801,1.6608696322875817e-14,25.739066114447624,25.739066114447606
0.002178125,34.494148481382254,53.48535096559554,25.861352928429245,-27.6239980371663
0.00217890625,34.54359345108211,54.911433454420575,25.90692648990511,-29.004506964515464
0.0021796875,34.44268329895874,54.92815211671726,26.03871538089416,-28.889436735823097
0.00218046875,34.331610856717525,54.94470717831293,26.257001819688824,-28.687705358624108
0.00218125,34.2182278212337,54.96117948953081,26.55776359337282,-28.403415896157988
0.00218203125,34.10478560214587,54.97756903020535,26.936871956848492,-28.04069707335686
0.0021828125,33.99233000772106,54.993875775654516,27.390110554048036,-27.60376522160648
0.00218359375,33.88151587250564,55.0100997013206,27.9131924873192,-27.096907214001398
0.002184375,33.772844011094676,55.02624078277069,28.501776754319945,-26.524464028450748
0.00218515625,33.666760272856436,55.04229899569661,29.151484168716884,-25.890814826979728
0.0021859375,33.56372830228059,55.05827431591497,29.85791277133228,-25.20036154458269
0.00218671875,33.46434456406997,55.07416671936723,30.616652726676797,-24.45751399269043
0.0021875,33.36965787736146,55.08997618211973,31.423300736300025,-23.666675445819703
0.00218828125,33.282526220546245,55.10570268036368,32.27347424327233,-22.83222843709134
0.0021890625,33.21909101925692,55.121346190415274,33.16282865949903,-21.95851753091625
0.00218984375,33.106176631592824,19.970533403460962,33.97511131913164,14.004577915670684
0.002190625,33.1905337613807,16.683228068826406,34.81054162980516,18.127313560978752
0.00219140625,33.282170021893116,16.749355458247354,35.565307715737724,18.81595225749037
0.0021921875,33.36673877858599,16.81565008136795,36.23091136271204,19.415261281344094
0.00219296875,33.449844457708245,16.88191939146875,36.80894194645197,19.92702255498322
0.00219375,33.53059513067966,16.94816327770467,37.30120273843511,20.353039460730436
0.00219453125,33.587961913441056,17.01438164031298,37.70969126246704,20.69530962215406
0.0021953125,33.80611161454467,0.03808256753358948,37.9707699929338,37.93268742540021
0.00219609375,33.94509322151074,2.1855923962335387e-06,38.1497147928248,38.14971260723241
0.002196875,34.099774111755096,1.2543309004206794e-10,38.20075124114152,38.200751241016086
0.00219765625,34.256567201122586,7.198716514852087e-15,38.12861117668939,38.12861117668938
0.0021984375,34.413459695811916,4.131407385708525e-19,37.93834315299206,37.93834315299206
0.00219921875,34.569568196464154,2.3710514161061748e-23,37.63517325228127,37.63517325228127
0.0022,34.72430597285218,1.360767480173093e-27,37.22448128312102,37.22448128312102
0.00220078125,34.87721816869645,7.809565505490124e-32,36.711777645469304,36.711777645469304
0.0022015625,35.027954146010465,4.481979050291768e-36,36.102680732176644,36.102680732176644
0.00220234375,35.17631632908121,2.572247610079247e-40,35.40289489893009,35.40289489893009
0.002203125,35.32249014386305,1.4762357640042247e-44,34.61818908900988,34.61818908900988
0.00220390625,35.46828727884962,8.472248248519112e-49,33.7543764559218,33.7543764559218
0.0022046875,35.63565931018757,4.862298566039195e-53,32.81730081091826,32.81730081091826
0.00220546875,35.630744192125285,17.898702001379743,31.881939924196942,13.9832379228172
0.00220625,35.70498529982072,18.004524229115695,30.88803273159008,12.883508502474383
0.00220703125,35.758071821555795,18.070322973420783,29.89209582572083,11.821772852300048
0.0022078125,35.803390594057625,18.1360922087189,28.89769376353894,10.761601554820041
0.00220859375,35.84156424841526,18.201834131258146,27.908129678748267,9.70629554749012
0.002209375,35.869392444668065,18.267548642164147,26.926560655016015,8.659012012851868
0.00221015625,35.85669909612028,18.33323564247201,25.955985089373527,7.622749446901515
0.0022109375,35.922277763450175,55.2441209238647,25.13144983734293,-30.112671086521768
0.00221171875,35.75007571712092,55.53879000753149,24.326420462434015,-31.212369545097474
0.0022125,35.60833661432211,55.55194963217215,23.651134308098356,-31.900815324073797
0.00221328125,35.47029584069295,55.565009445302785,23.103483612751816,-32.46152583255097
0.0022140625,35.33238716232931,55.57798557760642,22.680250994850994,-32.897734582755426
0.00221484375,35.19403873707804,55.59087801046814,22.377950967117137,-33.212927043351
0.002215625,35.05536079700226,55.60368672447222,22.19285077935435,-33.41083594511787
0.00221640625,34.91669669703225,55.61641170032897,22.120991789863886,-33.49541991046508
0.0022171875,34.77850856961461,55.62905291887481,22.158210826712363,-33.47084209216245
0.00221796875,34.64137193031725,55.641610361072296,22.300161398430163,-33.34144896264213
0.00221875,34.50606461244759,55.65408400801012,22.542334689612147,-33.111749318397976
0.00221953125,34.37388556981917,55.66647384090324,22.880080333175286,-32.78639350772795
0.0022203125,34.247947515340506,55.67877984109275,23.308627171767412,-32.370152669325336
0.00222109375,34.14190108243891,55.69100199004605,23.82310627185945,-31.867895718186595
0.002221875,34.698264877895916,55.70314026935682,24.418762643205916,-31.284377626150906
0.00222265625,34.03896887124531,0.0031968527256611957,24.810937629845053,24.807740777119392
0.0022234375,34.171825817257584,1.8347023259180464e-07,25.266623635743525,25.266623452273294
0.00222421875,34.285516526537464,1.0545528263266294e-11,25.624329189261374,25.62432918925083
0.002225,34.39443219798379,1.978506015308841e-14,25.886749545299505,25.886749545299484
0.00222578125,34.50026431597545,1.7882767202004286e-14,26.056781638368353,26.056781638368335
0.0022265625,34.600861868640315,2.6078250403351403e-14,26.137500784569355,26.13750078456933
0.00222734375,34.68293421828669,2.0738562816565368e-14,26.132141257014542,26.13214125701452
0.002228125,34.10302947960916,2.3058902313394385e-14,26.04388714708498,26.04388714708496
0.00222890625,34.74241699035319,55.805405422403545,26.15636273723802,-29.649042685165526
0.0022296875,34.589819459926694,55.81990608929482,26.200680911162998,-29.61922517813182
0.00223046875,34.45773187004021,55.831120807632054,26.3372306735455,-29.493890134086556
0.00223125,34.33131772269343,55.842251261551326,26.562009214418474,-29.28024204713285
0.00223203125,34.207908462583255,55.85329761803883,26.870885119780603,-28.982412498258228
0.0022328125,34.086826370172986,55.86425986046952,27.25962226165639,-28.604637598813127
0.00223359375,33.96792898563377,55.87513797233444,27.723896859492644,-28.1512411128418
0.002234375,33.85123646404342,55.88593193725136,28.259314504004813,-27.626617433246544
0.00223515625,33.73678168780599,55.89664173896476,28.861426810815846,-27.035214928148914
0.0022359375,33.624483790991626,55.90726736134587,29.525747599261692,-26.38151976208418
0.00223671875,33.51388395312999,55.917808788392705,30.247768506746894,-25.67004028164581
0.0022375,33.40313176824627,55.92826600423005,31.022973790345386,-24.905292213884668
0.00223828125,33.281472824801284,55.93863899310955,31.846852228902662,-24.091786764206887
0.0022390625,33.928580900538506,31.131842013925983,32.639172666955105,1.5073306530291235
0.00223984375,33.35472328667452,20.80857903621602,33.42990241061832,12.621323374402298
0.002240625,33.39345375992291,20.872520220398165,34.17921658352581,13.30669636312764
0.00224140625,33.44531976967477,20.93702610361892,34.85706405078737,13.920037947168453
0.0022421875,33.50263425630171,21.001500490269315,35.46429174893525,14.462791258665934
0.00224296875,33.563831127072085,21.065943249041503,36.001941063392664,14.935997814351163
0.00224375,33.62911620372106,21.130354282883836,36.47123384598408,15.340879563100243
0.00224453125,33.703048935530454,21.194733494794498,36.87356243557311,15.678828940778613
0.0022453125,34.03043430209131,21.25908078781956,37.21055198449564,15.951471196676081
0.00224609375,33.89416383311478,0.0012200775401971303,37.37693736407758,37.37571728653738
0.002246875,34.06008268381324,7.00213343629782e-08,37.47837871738134,37.47837864736
0.00224765625,34.21833228175951,4.018586609814824e-12,37.45696277993225,37.456962779928226
0.0022484375,34.374180794152885,2.306302570138015e-16,37.3175636252444,37.3175636252444
0.00224921875,34.528261336675044,1.3236075420234169e-20,37.06524079467913,37.06524079467913
0.00225,34.6804391489394,7.596301317898765e-25,36.705213794174405,36.705213794174405
0.00225078125,34.83034152529878,4.359584837670079e-29,36.24283944845197,36.24283944845197
0.0022515625,34.97743759879568,2.5020044836899847e-33,35.6835895579275,35.6835895579275
0.00225234375,35.12090490801131,1.435922609491039e-37,35.03302899107829,35.03302899107829
0.002253125,35.25887304235726,8.240887471978787e-42,34.29679411422917,34.29679411422917
0.00225390625,35.38187221068302,4.7295185601881655e-46,33.48056975153528,33.48056975153528
0.0022546875,35.531126345972645,20.112770680856375,32.65410069220894,12.541330011352569
0.00225546875,35.56565059684822,22.092536994410104,31.763726571290142,9.67118957688004
0.00225625,35.593419781539495,22.156537221977143,30.872168999584815,8.715631777607674
0.00225703125,35.62221742928303,22.220394136590723,29.987915484658924,7.7675213480681995
0.0022578125,35.648193546409495,22.28421758138242,29.113686792686632,6.829469211304212
0.00225859375,35.670158806939355,22.34800746654482,28.25206585298688,5.90405838644206
0.002259375,35.686924657574416,22.411763696011832,27.405494390911066,4.993730694899236
0.00226015625,35.69506742735136,22.47548617376775,26.57626991158694,4.100783737819192
0.0022609375,35.66706194923405,22.539174803847672,25.766536207198218,3.227361403350547
0.00226171875,35.710398110268564,55.95577718621179,25.097962760792313,-30.857814425419477
0.0022625,35.53886746765399,56.21833041899819,24.455390824377005,-31.762939594621187
0.00226328125,35.39531452243096,56.22601521326304,23.938020141763566,-32.28799507149947
0.0022640625,35.25548135429676,56.23360070989783,23.543327989396488,-32.69027272050134
0.00226484375,35.11610242370442,56.241101518907016,23.267788479229395,-32.97331303967762
0.002265625,34.97660115688725,56.24851762983367,23.107636293624516,-33.140881336209155
0.00226640625,34.83697683578971,56.255849031509314,23.058887353132896,-33.19696167837642
0.0022671875,34.69736095689185,56.26309571289298,23.1173598697686,-33.14573584312438
0.00226796875,34.55783275345225,56.27025766307128,23.278695286637856,-32.99156237643342
0.00226875,34.41820957051257,56.27733487125846,23.538378946588985,-32.738955924669476
0.00226953125,34.27749233186224,56.284327326796394,23.891760320704186,-32.39256700609221
0.0022703125,34.13139799269745,56.29123501915454,24.334072183197232,-31.95716283595731
0.00227109375,33.948164144317424,56.29805793793006,24.86044159141711,-31.43761634651295
0.002271875,34.255420410382776,1.4457462765440316,25.28192271197989,23.83617643543586
0.00227265625,34.18925542039845,8.297266372393529e-05,25.774998378394756,25.774915405731033
0.0022734375,34.27961992686618,4.761894665664656e-09,26.1711444529333,26.171144448171408
0.00227421875,34.38288670745086,2.9314347117425593e-13,26.468772481608717,26.468772481608422
0.002275,34.49130621482542,2.5491984546904527e-14,26.67079098924608,26.670790989246054
0.00227578125,34.60322738347271,2.044636039849849e-14,26.780300201830205,26.780300201830183
0.0022765625,34.719349929003016,1.7990572927458426e-14,26.800573289193064,26.800573289193046
0.00227734375,34.84582886996218,1.928148517196152e-14,26.735040368244633,26.735040368244615
0.002278125,35.052333453930125,2.3498353263805078e-14,26.587292241903207,26.58729224190318
0.00227890625,34.73033190103763,56.23566267715569,26.578288638260815,-29.657374038894872
0.0022796875,34.67108850889567,56.367504911675,26.50337124965161,-29.864133662023388
0.00228046875,34.56059406621666,56.37331701104637,26.525753798383384,-29.847563212662983
0.00228125,34.44258460887606,56.37903698511146,26.64194532008532,-29.737091665026142
0.00228203125,34.322537112314365,56.38467205295092,26.84792598812678,-29.53674606482414
0.0022828125,34.2022265859793,56.39022220649325,27.139546963939267,-29.25067524255398
0.00228359375,34.08249359172857,56.395687437380005,27.512549526806858,-28.883137910573147
0.002284375,33.96380135534544,56.40106773738068,27.962583063751392,-28.438484673629286
0.00228515625,33.846340413103185,56.40636309839263,28.485222497506832,-27.9211406008858
0.0022859375,33.729875162809634,56.41157351244114,29.075985178875023,-27.335588333566115
0.00228671875,33.61286851908731,56.416698971679416,29.73034704035594,-26.686351931323475
0.0022875,33.4857385929377,56.42173946838861,30.443756133527266,-25.977983334861342
0.00228828125,34.05014350311531,34.094792360227984,31.14349403222154,-2.951298328006445
0.0022890625,33.51561897981379,24.80915417357904,31.85601096105671,7.0468567874776715
0.00228984375,33.53214436266521,24.87098696140872,32.54490092477302,7.673913963364299
0.002290625,33.56023747962114,24.933318755792428,33.18255423954315,8.249235483750722
0.00229140625,33.59284315699388,24.995613031836687,33.76914712374443,8.773534091907745
0.0022921875,33.62817345442376,25.057869664941236,34.30501397082908,9.247144305887845
0.00229296875,33.665273927991755,25.12008856134691,34.79063714689851,9.6705485855516
0.00229375,33.70310691083381,25.1822696273532,35.226639361166505,10.044369733813308
0.00229453125,33.73926955764767,25.24441276931652,35.6137757396111,10.369362970294581
0.0022953125,33.75904123822053,25.306517893650422,35.95292230680134,10.646404413150915
0.00229609375,33.99986908579274,0.6508243399451914,36.16217255869625,35.51134821875106
0.002296875,34.072151307528536,3.7351387282732666e-05,36.32417366018081,36.32413630879353
0.00229765625,34.21437917223322,2.1436293118081192e-09,36.36646671613437,36.36646671399074
0.0022984375,34.36152961875188,1.2302479133264375e-13,36.291745135159566,36.291745135159445
0.00229921875,34.509725135410676,7.06050211156812e-18,36.10482381987551,36.10482381987551
0.0023,34.65772447831185,4.052084911297903e-22,35.81068612951335,35.81068612951335
0.00230078125,34.80494131476695,2.3255275430717804e-26,35.41446073280448,35.41446073280448
0.0023015625,34.95120367122629,1.3346409248500269e-30,34.92139957928251,34.92139957928251
0.00230234375,35.09714926708695,7.659622882520959e-35,34.33685656252314,34.33685656252314
0.002303125,35.24724699438419,4.395925646370493e-39,33.66626764110057,33.66626764110057
0.00230390625,35.506480095104656,2.522860796778263e-43,32.915163734635534,32.915163734635534
0.0023046875,35.346776487488,26.04372323474819,32.20812488463204,6.164401649883854
0.00230546875,35.38622747225974,26.11038213848368,31.436863389321996,5.326481250838317
0.00230625,35.409897048963046,26.17194551194383,30.678927705308908,4.506982193365078
0.00230703125,35.427387266432135,26.233469180746706,29.936413271098708,3.702944090352003
0.0023078125,35.440341780828085,26.29495334240243,29.211267644258292,2.916314301855863
0.00230859375,35.44920488127478,26.35639790433363,28.505306549460215,2.148908645126585
0.002309375,35.45394943671375,26.417802774005906,27.820213511248294,1.4024107372423886
0.00231015625,35.453935064358994,26.47916785894465,27.15753962745608,0.6783717685114312
0.0023109375,35.44632877428552,26.54049306673511,26.51870325612318,-0.021789810611927862
0.00231171875,35.40678257823119,26.601778305022666,25.904983771426846,-0.6967945335958213
0.0023125,35.43098028119398,56.311588199794144,25.423911869404762,-30.887676330389382
0.00231328125,35.26448129470848,56.54035590029936,24.972457330121518,-31.567898570177842
0.0023140625,35.12325077691738,56.54251699349683,24.638179741684795,-31.904337251812038
0.00231484375,34.98573481477217,56.544579934417726,24.4181931636245,-32.126386770793225
0.002315625,34.849020216691336,56.546557719477036,24.308728332860106,-32.23782938661693
0.00231640625,34.71255077265552,56.54845034644229,24.305813353494713,-32.242636992947574
0.0023171875,34.57622003210292,56.55025781246327,24.40529364097639,-32.14496417148688
0.00231796875,34.43990130657493,56.551980114817965,24.60285209292086,-31.949128021897106
0.00231875,34.30304957249904,56.55361725091262,24.89402900223701,-31.659588248675615
0.00231953125,34.163571618723076,56.555169218281755,25.274241375231895,-31.28092784304986
0.0023203125,34.01115260815163,56.55663601458811,25.738799881820555,-30.817836132767553
0.00232109375,33.61691968080304,56.558017637622726,26.28285533608765,-30.275162301535076
0.002321875,34.12818916702917,0.011002288798851938,26.642998635979918,26.631996347181065
0.00232265625,34.20081323920342,6.314311445900734e-07,27.062128319496935,27.06212768806579
0.0023234375,34.30132763088408,3.625176231289149e-11,27.379049725220412,27.37904972518416
0.00232421875,34.408305816644834,1.1061212084697337e-14,27.59671935312291,27.5967193531229
0.002325,34.5174827084521,1.7002188091794986e-14,27.71832941612863,27.71832941612861
0.00232578125,34.626823616624236,7.503411674322865e-15,27.747252638741177,27.74725263874117
0.0023265625,34.73426307361435,9.680480350265022e-15,27.687023737457448,27.687023737457437
0.00232734375,34.83529232853805,1.0888926638348994e-14,27.54132100861285,27.54132100861284
0.002328125,34.90597568509616,1.1016941492850748e-14,27.3139429228027,27.31394292280269
0.00232890625,35.053253762064266,51.643647469774514,27.17320710300794,-24.470440366766574
0.0023296875,34.91485138603877,56.56731098758175,26.969997338844774,-29.597313648736975
0.00233046875,34.76916743099405,56.56795295365745,26.854729258122404,-29.71322369553505
0.00233125,34.636773546126875,56.56822719772525,26.83823151245402,-29.72999568527123
0.00233203125,34.508460749896535,56.56841623485047,26.916689765567046,-29.65172646928342
0.0023328125,34.38228770771279,56.568520080962216,27.08613902158052,-29.482381059381694
0.00233359375,34.257694145135815,56.56853873590503,27.342480986540064,-29.226057749364966
0.002334375,34.13443635681378,56.56847219965082,27.681501935749566,-28.886970263901254
0.00233515625,34.012122087917405,56.5683204722998,28.098890438503467,-28.469430033796336
0.0023359375,33.8893175484612,56.56808355408046,28.590254537626247,-27.977829016454212
0.00233671875,33.75754325958317,56.567761445349575,29.151136667091745,-27.41662477825783
0.0023375,34.236182052105214,36.854051336545005,29.71686785504348,-7.137183481501527
0.00233828125,33.744713935333344,28.661512816516954,30.310319772480405,1.6488069559634497
0.0023390625,33.73971387894595,28.720867802451778,30.89881353516668,2.177945732714902
0.00233984375,33.74498856239819,28.780653121258045,31.457430718539825,2.6767775972817804
0.002340625,33.754378072923366,28.840395124100354,31.98575474257384,3.1453596184734836
0.00234140625,33.76639994274501,28.900093693830378,32.483484137772145,3.583390443941765
0.0023421875,33.78037839722014,28.959748740541585,32.9504264069271,3.990677666385514
0.00234296875,33.79579557586319,29.019360174394528,33.386494157186995,4.367133982792469
0.00234375,33.8119872762875,29.07892790561551,33.791701158675984,4.712773253060471
0.00234453125,33.827527178314234,29.138451844496586,34.166158119634545,5.027706275137962
0.0023453125,33.836762133196565,29.19793190139579,34.51006728933549,5.3121353879396995
0.00234609375,33.72094513040837,29.257367986737208,34.82368068012838,5.566312693391177
0.002346875,34.073972901395464,0.0056928934924556545,34.97338875064821,34.96769585715575
0.00234765625,34.19961317457034,3.2672021703116816e-07,35.08782007764209,35.087819750921874
0.0023484375,34.3393564242081,1.8750763624570855e-11,35.086488756996545,35.08648875697779
0.00234921875,34.48200085535723,1.0761229889578243e-15,34.97390957562734,34.97390957562734
0.00235,34.62536076017882,6.175965472926306e-20,34.754792509621375,34.754792509621375
0.00235078125,34.76870183746946,3.5444414731551414e-24,34.43400165398452,34.43400165398452
0.0023515625,34.91209176080513,2.0341864622940545e-28,34.01653356024324,34.01653356024324
0.00235234375,35.05748321479571,1.1674376893285163e-32,33.50749660384525,33.50749660384525
0.002353125,35.22146250082124,6.700028653851537e-37,32.91209499487601,32.91209499487601
0.00235390625,35.124015803107426,29.083379903629726,32.33314603965916,3.249766136029433
0.0023546875,35.22296637531883,29.908193294227175,31.679975058215195,1.7717817639880196
0.00235546875,35.23717292653967,29.96713871197598,31.044613414099338,1.0774747021233566
0.00235625,35.24265623070314,30.02599504849678,30.430751741955802,0.40475669345902077
0.00235703125,35.24353004586265,30.084806163889287,29.839684066631193,-0.24512209725809272
0.0023578125,35.24086799881059,30.143571972107246,29.27258020980477,-0.870991762302478
0.00235859375,35.23507370702727,30.202292384650573,28.730487832168897,-1.4718045524816745
0.002359375,35.22628663496553,30.2609673130874,28.214334021282117,-2.0466332918052816
0.00236015625,35.21441760727867,30.319596669054306,27.724927076771415,-2.594669592282891
0.0023609375,35.198899593327106,30.378180364256618,27.26295850191368,-3.115221862342938
0.00236171875,35.17727893577792,30.436718310468258,26.82900486912686,-3.607713441341399
0.0023625,35.128414149382124,30.495210419532185,26.423524455109465,-4.07168596442272
0.00236328125,35.135498232466,56.309291219547546,26.139281490266917,-30.17000972928063
0.0023640625,34.97742515794679,56.50281856213268,25.88608997132874,-30.61672859080394
0.00236484375,34.841867346778855,56.49944221100364,25.73937694249793,-30.76006526850571
0.002365625,34.71007262634324,56.49596947714124,25.69597963483707,-30.799989842304168
0.00236640625,34.579445005663814,56.49241166072154,25.751980651371223,-30.740431009350313
0.0023671875,34.4493510115064,56.48876876775077,25.903300918257685,-30.585467849493085
0.00236796875,34.31933328230515,56.48504080371512,26.145718395567545,-30.339322408147577
0.00236875,34.18825240884431,56.48122777422883,26.47488676445191,-30.006341009776918
0.00236953125,34.05172673138448,56.47732968503425,26.88635315288455,-29.5909765321497
0.0023703125,33.87783401791593,56.47334654200182,27.375567685507676,-29.097778856494145
0.00237109375,34.195666040603776,1.4500739590111973,27.753377309337324,26.30330335032613
0.002371875,34.13872130866999,8.322103324801611e-05,28.19717339131547,28.197090170282223
0.00237265625,34.23840087622394,4.7761300707317924e-09,28.5382970228648,28.53829701808867
0.0023734375,34.3505190241797,2.785368640044401e-13,28.775546636280772,28.775546636280495
0.00237421875,34.46706331040487,7.003758226864064e-15,28.91223179083279,28.912231790832784
0.002375,34.58584403404799,7.114478313793406e-15,28.95185366931958,28.951853669319572
0.00237578125,34.706057739523786,6.2810932634563135e-15,28.8980848011119,28.898084801111892
0.0023765625,34.82767247049006,1.1444218463245476e-15,28.754750515202694,28.754750515202694
0.00237734375,34.951948259351894,4.324321396365991e-15,28.52581102470717,28.525811024707167
0.002378125,35.085290859062596,4.36935616646233e-15,28.21534498463688,28.215344984636875
0.00237890625,35.2975730499146,1.8423010961322207e-15,27.827552767945722,27.82755276794572
0.0023796875,34.97971372272984,56.2928138458425,27.584187774709637,-28.708626071132866
0.00238046875,34.92385560744611,56.41382145030587,27.28086583810309,-29.132955612202778
0.00238125,34.81570709334152,56.40865547840717,27.08145140920762,-29.32720406919955
0.00238203125,34.69905883570106,56.403397319754895,26.982864120970024,-29.42053319878487
0.0023828125,34.579362705140085,56.39805421819027,26.981455980876646,-29.41659823731362
0.00238359375,34.458280966981135,56.39262618217522,27.07341195844863,-29.31921422372659
0.002384375,34.33630392300976,56.387113219884256,27.25476948943802,-29.132343730446237
0.00238515625,34.21264962270676,56.38151533961983,27.521436761115133,-28.860078578504698
0.0023859375,34.08030410084776,56.375832549812245,27.869208953685174,-28.50662359612707
0.00238671875,34.472869323755184,39.39313439488237,28.24197458155641,-11.151159813325958
0.0023875,34.02934005187395,32.34263994850277,28.65900177577783,-3.68363817272494
0.00238828125,34.00427161165193,32.39916253004888,29.091635669751714,-3.3075268602971684
0.0023890625,33.98766230775271,32.456044199860585,29.51788973281355,-2.9381544670470343
0.00238984375,33.974316980648574,32.51287701486491,29.936839029277255,-2.576037985587658
0.002390625,33.96306729046495,32.569660866065405,30.34762029127673,-2.2220405747886747
0.00239140625,33.953450298159105,32.62639566794522,30.749430017777833,-1.8769656501673866
0.0023921875,33.94517906832877,32.6830813350628,31.141524510825853,-1.5415568242369504
0.00239296875,33.93797310300622,32.73971778205053,31.523219837172967,-1.2164979448775683
0.00239375,33.931416412757784,32.796304923614954,31.89389160844619,-0.9024133151687664
0.00239453125,33.92462481316476,32.85284267453687,32.25297451057538,-0.5998681639614943
0.0023953125,33.914794984745306,32.90933094967143,32.59996125900016,-0.3093696906712694
0.00239609375,33.88301566948909,32.96576966394832,32.93439682927221,-0.03137283467611383
0.002396875,34.138535120188536,0.8474097410142575,33.14797232413333,32.30056258311907
0.00239765625,34.17437590375433,4.8633598163291285e-05,33.34658546299206,33.3465368293939
0.0023984375,34.301071392452485,2.7911254211894827e-09,33.43406462142086,33.43406461862973
0.00239921875,34.434010949441976,1.601851685053885e-13,33.412063402927494,33.41206340292733
0.0024,34.56806166273751,9.193169183405809e-18,33.28493417278886,33.28493417278886
0.00240078125,34.70121759844763,5.276041497679556e-22,33.05719359928238,33.05719359928238
0.0024015625,34.831425287583855,3.027967105781475e-26,32.733500707129586,32.733500707129586
0.00240234375,34.953086035186416,1.737777232746759e-30,32.31863527883835,32.31863527883835
0.002403125,34.996282413056406,9.973257981855117e-35,31.817456453923366,31.817456453923366
0.00240390625,35.1590773438465,33.505332833751524,31.375662052290078,-2.1296707814614453
0.0024046875,35.12079356240013,33.58329898208443,30.864235279925335,-2.7190637021590933
0.00240546875,35.09990943360786,33.639137624967596,30.381445086111235,-3.257692538856361
0.00240625,35.08092296851959,33.69492434090284,29.92793671517198,-3.7669876257308577
0.00240703125,35.06138758187028,33.75066031281823,29.504178994179757,-4.2464813186384776
0.0024078125,35.040633859015415,33.806345456849144,29.11052844200649,-4.695817014842652
0.00240859375,35.018440459866,33.86197968913477,28.747232103748043,-5.114747585386727
0.002409375,34.994725894924386,33.91756292589092,28.414430949914273,-5.503131975976648
0.00241015625,34.96942858443119,33.97309508341028,28.112163539886154,-5.860931543524123
0.0024109375,34.94239822404164,34.0285760780624,27.840369868740243,-6.188206209322158
0.00241171875,34.913134512040706,34.08400582629389,27.598895319930666,-6.485110506363225
0.0024125,34.87957936609576,34.13938424462863,27.38749442063707,-6.7518898239915615
0.00241328125,34.82395204813993,34.19471124966765,27.20583008972026,-6.988881159947389
0.0024140625,34.816473283046356,55.94890085289144,27.13134377506823,-28.81755707782321
0.00241484375,34.67086833389208,56.105957119499706,27.087305486618845,-29.01865163288086
0.002415625,34.545487456159314,56.097064795616305,27.136572688576305,-28.96049210704
0.00241640625,34.42480224371847,56.08807847147924,27.275772617069684,-28.81230585440956
0.0024171875,34.30714780482054,56.079007679163325,27.500915208824956,-28.57809247033837
0.00241796875,34.19314686044094,56.06985243287528,27.807894392987876,-28.261958039887404
0.00241875,34.08565091161004,56.06061274640277,28.192505714329528,-27.86810703207324
0.00241953125,33.99825217105607,56.051288633660604,28.650466605725484,-27.40082202793512
0.0024203125,34.57726558142124,56.04188010869072,29.177626614174578,-26.86425349451614
0.00242109375,33.93314015276202,0.003216293306074062,29.488329760816526,29.485113467510452
0.002421875,34.085947143175545,1.8458593345675802e-07,29.85185285577288,29.851852671186947
0.00242265625,34.21951710235945,1.0598563238109455e-11,30.106457057138286,30.106457057127688
0.0024234375,34.34864362490111,3.932571430267122e-15,30.255592834241885,30.25559283424188
0.00242421875,34.47586032337658,5.138017800522965e-15,30.302915304230442,30.30291530423044
0.002425,34.60164037917575,6.925595487001833e-15,30.252258843275612,30.252258843275605
0.00242578125,34.72580799998237,4.1376126277198584e-15,30.107618365477055,30.10761836547705
0.0024265625,34.847787792936515,5.020598233407714e-15,29.873130444207025,29.87313044420702
0.00242734375,34.96639250217992,6.669318135910584e-15,29.553054563792124,29.553054563792116
0.002428125,35.07856501576554,3.827580951061654e-19,29.15175433834169,29.15175433834169
0.00242890625,35.17063449502577,-1.3651932995177054e-16,28.673676434446243,28.673676434446243
0.0024296875,34.597591021377355,1.5806583014446197e-15,28.12314002118198,28.12314002118198
0.00243046875,35.244888551446834,55.90868495553918,27.785369136246214,-28.123315819292966
0.00243125,35.09667697536979,55.90130545691811,27.391845075860616,-28.509460381057494
0.00243203125,34.96726311852767,55.890632704139605,27.104144959821085,-28.78648774431852
0.0024328125,34.84166825180587,55.87987559690707,26.919010393257395,-28.960865203649675
0.00243359375,34.71690519864179,55.869034335581176,26.832979679557624,-29.036054656023552
0.002434375,34.591207630938094,55.85810893649925,26.84241231501272,-29.01569662148653
0.00243515625,34.45829854918828,55.84709941611474,26.943505517297673,-28.903593898817064
0.0024359375,34.762400744095025,41.696872376818696,27.08916167393094,-14.607710702887756
0.00243671875,34.36991892883102,35.83054353565991,27.295048089657925,-8.535495446001987
0.0024375,34.32575312643749,35.8838960318615,27.53681932981055,-8.347076702050945
0.00243828125,34.28845942886982,35.937534226433975,27.795662496020668,-8.141871730413305
0.0024390625,34.25379309688952,35.9911183192273,28.0702561642128,-7.920862155014499
0.00243984375,34.22088869485474,36.04464821004802,28.35928254105668,-7.68536566899134
0.002440625,34.189499452262666,36.09812381827989,28.661429650426303,-7.4366941678535845
0.00244140625,34.15957387857704,36.151545063389676,28.97539512965177,-7.176149933737908
0.0024421875,34.13115709687309,36.20491186492595,29.29988995294331,-6.905021911982637
0.00244296875,34.10438197236058,36.25822414251924,29.633641996784156,-6.624582145735085
0.00244375,34.07952676829197,36.311481815882246,29.975399435650427,-6.336082380231819
0.00244453125,34.057225391167265,36.364684804809855,30.323933995765177,-6.040750809044678
0.0024453125,34.03931767236727,36.41783302917932,30.678044238830523,-5.739788790348796
0.00244609375,34.03457506228764,36.47092640895042,31.036560391659243,-5.434366017291175
0.002446875,34.464215300619294,36.52396486416542,31.39847302928603,-5.12549183487939
0.00244765625,34.096769479535745,0.0020961428038435833,31.579140160691544,31.5770440178877
0.0024484375,34.24866027397615,1.2029949843742517e-07,31.755874767423467,31.755874647123967
0.00244921875,34.38808683522834,6.904095130236164e-12,31.8249593958293,31.824959395822397
0.00245,34.52487291960814,3.962321554660918e-16,31.790384933328557,31.790384933328557
0.00245078125,34.66127716513428,2.274011554935436e-20,31.656318402997847,31.656318402997847
0.0024515625,34.7997090758757,1.3050754414156595e-24,31.427079469939994,31.427079469939994
0.00245234375,34.95155809945884,7.48994394548992e-29,31.107123918328906,31.107123918328906
0.002453125,34.298324962478574,26.048233061029606,30.780520125763424,4.7322870647338195
0.00245390625,34.92801034575313,36.99820075517753,30.416207225686044,-6.581993529491486
0.0024546875,34.91632220157326,37.05131099844566,30.056130548237384,-6.9951804502082755
0.00245546875,34.892117709194174,37.103740065973184,29.732379758799752,-7.371360307173434
0.00245625,34.86347252189271,37.15611322004776,29.44473092542382,-7.711382294623938
0.00245703125,34.832246606526574,37.208430417685236,29.192850401815363,-8.015580015869872
0.0024578125,34.799169535965,37.260691580098964,28.976303588666333,-8.284387991432629
0.00245859375,34.7646276179958,37.31289662858455,28.794560519230036,-8.518336109354511
0.002459375,34.72886404133864,37.365045484522156,28.647001337249936,-8.71804414727222
0.00246015625,34.69203866080576,37.417138069376506,28.53292179963899,-8.884216269737513
0.0024609375,34.654233359036134,37.46917430469713,28.451538813234784,-9.017635491462341
0.00246171875,34.61540424512615,37.5211541121184,28.401995986184545,-9.11915812593386
0.0024625,34.575186794653725,37.57307741335967,28.38336914136419,-9.189708271995476
0.00246328125,34.531925289130015,37.62494413022539,28.394671548472132,-9.230272581753253
0.0024640625,34.47123772663585,37.676754184605194,28.43485539550033,-9.241898789104864
0.00246484375,34.44976380381162,55.232708966834466,28.565632209861402,-26.667076756973064
0.002465625,34.31694451652941,55.35229537362134,28.724303772655475,-26.627991600965863
0.00246640625,34.20024181762178,55.33794362684068,28.96084807127032,-26.377095555570364
0.0024671875,34.08631907157367,55.323500860071434,29.27179519236504,-26.051705667706393
0.00246796875,33.971763179119954,55.308974776668805,29.653200023019956,-25.65577475364885
0.00246875,33.849618854063856,55.294365398949694,30.101046707236115,-25.19331869171358
0.00246953125,33.65111819183167,55.27967274891558,30.611243380892844,-24.668429368022736
0.0024703125,33.9726964842621,0.1235375118856837,30.966634099573763,30.84309658768808
0.00247109375,34.03825066206871,7.089927603204726e-06,31.36756596017828,31.367558870250676
0.002471875,34.155518468432696,4.0690430904080956e-10,31.65366923350952,31.65366923310262
0.00247265625,34.28148649065479,2.8358462316715818e-14,31.828167671065554,31.828167671065525
0.0024734375,34.41067801333932,4.999597355827894e-15,31.894873461069242,31.89487346106924
0.00247421875,34.541257192012345,1.2456833328785222e-17,31.857792750288397,31.857792750288397
0.002475,34.672312406516525,-3.5280444204470298e-15,31.721104442245796,31.7211044422458
0.00247578125,34.80330698256509,5.320602949270906e-15,31.489140002517363,31.48914000251736
0.0024765625,34.933966036704746,5.38169373289313e-16,31.166363714121218,31.166363714121218
0.00247734375,35.064372150059555,-5.402898818643355e-15,30.75735335634373,30.75735335634374
0.002478125,35.19546039630125,5.00885522814203e-15,30.266781423535793,30.26678142353579
0.00247890625,35.331408780290694,5.421992902033687e-15,29.699397464117336,29.69939746411733
0.0024796875,35.503290704350285,-1.3567718296226476e-15,29.060018513051705,29.060018513051705
0.00248046875,35.19514875883735,53.65111039643271,28.53344777869924,-25.117662617733473
0.00248125,35.25189316251336,55.04922450662758,27.94698421122207,-27.10224029540551
0.00248203125,35.15525910318633,55.03328374774527,27.46538989351076,-27.567893854234512
0.0024828125,35.0456178083473,55.01717896062441,27.09007248574431,-27.9271064748801
0.00248359375,34.929955766433885,55.00099131396911,26.81801483195951,-28.1829764820096
0.002484375,34.80563028810272,54.98472083681462,26.645986522444105,-28.338734314370512
0.00248515625,35.02601073976938,43.75150213809806,26.536331684725692,-17.21517045337237
0.0024859375,34.69225995193142,39.10438591302949,26.501168496486166,-12.603217416543325
0.00248671875,34.63368701511774,39.15424958186497,26.520750202178526,-12.633499379686441
0.0024875,34.57961279275718,39.20432385233846,26.579691875365718,-12.624631976972744
0.00248828125,34.52685097872539,39.25433909727943,26.676423229626344,-12.577915867653084
0.0024890625,34.474864924544946,39.30429522589603,26.809316985830506,-12.494978240065521
0.00248984375,34.42358695169984,39.35419216295432,26.976694798266152,-12.377497364688166
0.002490625,34.373086129500216,39.40402983331041,27.17683446867789,-12.227195364632522
0.00249140625,34.32348860122473,39.453808161909734,27.40797709962751,-12.045831062282225
0.0024921875,34.27496090570269,39.50352707378695,27.668334105161847,-11.8351929686251
0.00249296875,34.227724268672425,39.553186494066296,27.956094051996832,-11.597092442069464
0.00249375,34.18211131878949,39.602786347961604,28.26942932077603,-11.333357027185574
0.00249453125,34.13873875916721,39.65232656077637,28.606502600227248,-11.045823960549125
0.0024953125,34.09914130068974,39.70180705790396,28.965473325382973,-10.736333732520992
0.00249609375,34.06934885960046,39.751227764827604,29.34450493782915,-10.406722826998456
0.002496875,34.13197157588211,39.80058860712063,29.74179607581928,-10.058792531301348
0.00249765625,34.050968623220164,0.02625162778635287,29.98825214845388,29.96200052066753
0.0024984375,34.20720557619844,1.506604249516524e-06,30.24147244264061,30.24147093603636
0.00249921875,34.34033230826637,8.646535685841365e-11,30.388918244435352,30.388918244348886
0.0025,34.46803571610311,4.962323675279681e-15,30.434192769573905,30.4341927695739
0.00250078125,34.59181840765921,2.847921659372078e-19,30.38115118884349,30.38115118884349
0.0025015625,34.70819704095928,1.6344475509174612e-23,30.23380795417491,30.23380795417491
0.00250234375,34.784278699682204,9.380239754520122e-28,29.996309003885024,29.996309003885024
0.002503125,34.947714058714624,39.88900484486144,29.81603294286313,-10.072971901998306
0.00250390625,34.856773249971035,40.242112579272,29.55787261831435,-10.684239960957656
0.0025046875,34.80077408680077,40.290888165096774,29.34290678313478,-10.947981381961997
0.00250546875,34.75037779849555,40.339585611157744,29.17113109947224,-11.168454511685503
0.00250625,34.70133528087179,40.38822230552962,29.041553361940224,-11.34666894358939
0.00250703125,34.65263389679503,40.43679817596855,28.95308714454957,-11.483711031418979
0.0025078125,34.60399269139054,40.48531314932021,28.904558169103012,-11.5807549802172
0.00250859375,34.55536689792826,40.53376715252192,28.8947113064012,-11.639055846120717
0.002509375,34.50680244849356,40.58216011260281,28.922217674110335,-11.65994243849247
0.00251015625,34.45838059507587,40.630491956684,28.98568172015053,-11.644810236533466
0.0025109375,34.410189551887875,40.678762611978584,29.08364824902671,-11.595114362951875
0.00251171875,34.362299273969256,40.72697200579182,29.21460936304555,-11.512362642746272
0.0025125,34.314714755631826,40.775120065521236,29.37701129102302,-11.398108774498215
0.00251328125,34.26722923900048,40.82320671865673,29.56926105881334,-11.253945659843389
0.0025140625,34.21870271723952,40.87123189278066,29.789732815216937,-11.081499077563729
0.00251484375,34.15846297697286,40.91919551556802,30.036771188597875,-10.882424326970146
0.002515625,34.12962958015739,54.16527011307213,30.356062192069494,-23.80920792100264
0.00251640625,34.01915041213516,54.246626162072744,30.6994350598968,-23.547191102175944
0.0025171875,33.92464497464638,54.22690626091369,31.103767448086884,-23.123138812826802
0.00251796875,33.840301992991094,54.20709889886369,31.565611906714896,-22.641486992148796
0.00251875,33.78733999983128,54.18720990156974,32.08119754163606,-22.106012359933683
0.00251953125,33.66269741347302,4.715063306952888,32.48929828505105,27.774234978098164
0.0025203125,33.81306161443711,0.00027060167365077083,32.932810043616314,32.932539441942666
0.00252109375,33.97155346853659,1.5530075694193e-08,33.26780829145298,33.2678082759229
0.002521875,34.11829820305634,8.913731967805829e-13,33.48416201500339,33.484162015002504
0.00252265625,34.26196137990033,-3.4811657869151327e-15,33.58582996793214,33.58582996793214
0.0025234375,34.404246568465304,5.167647589701126e-15,33.5769782926962,33.57697829269619
0.00252421875,34.54550828330985,7.0630909745588106e-15,33.461960245043365,33.46196024504336
0.002525,34.68571618744098,-4.570441895540359e-15,33.24529537695497,33.24529537695498
0.00252578125,34.824729190490864,6.92601274503003e-15,32.93164878203373,32.931648782033726
0.0025265625,34.96241821936331,5.046536180793397e-15,32.52581064279242,32.525810642792415
0.00252734375,35.09877951131755,9.237115375206507e-16,32.03267618028493,32.03267618028493
0.002528125,35.234160350290146,1.528962423984237e-15,31.457226097099266,31.457226097099266
0.00252890625,35.36999074157529,-4.0914946919851333e-16,30.804507698745113,30.804507698745113
0.0025296875,35.51255231478656,4.706109942977285e-16,30.079617641075675,30.079617641075675
0.00253046875,35.72870713012582,4.877262596280964e-15,29.287703752982527,29.287703752982523
0.00253125,35.43719299208647,53.73750655560707,28.641529433194975,-25.095977122412094
0.00253203125,35.394522130511746,53.83662939592875,27.946926779307624,-25.88970261662113
0.0025328125,35.30135949709527,53.81528312058498,27.36125685942426,-26.45402626116072
0.00253359375,35.20242064119175,53.79384889122084,26.882400936284668,-26.911447954936172
0.002534375,35.2375442645148,53.77233364889592,26.507673790940476,-27.264659857955447
0.00253515625,35.01479875835114,42.14508046273882,26.175794987773934,-15.969285474964886
0.0025359375,34.95598002871883,42.190685244061534,25.94062529591424,-16.250059948147292
0.00253671875,34.89158537683367,42.23689640631024,25.76625150750447,-16.470644898805766
0.0025375,34.82519484964023,42.28304399900353,25.650993388290402,-16.63205061071313
0.00253828125,34.757774301387265,42.329127914198914,25.59304977641112,-16.736078137787793
0.0025390625,34.68983157870357,42.375148082492636,25.590507833467875,-16.78464024902476
0.00253984375,34.621734672316705,42.42110443457914,25.64135358616255,-16.779750848416594
0.002540625,34.55379687483933,42.466996901249026,25.743482300490577,-16.72351460075845
0.00254140625,34.48631126048912,42.51282541338904,25.894708721471446,-16.618116691917592
0.0025421875,34.4195739900824,42.55858990198227,26.092777164212393,-16.46581273776988
0.00254296875,34.353913445414626,42.60429029810825,26.33537143594245,-16.268918862165805
0.00254375,34.28974724007748,42.64992653294298,26.620124572091527,-16.02980196085145
0.00254453125,34.22772864967929,42.695498537759114,26.944628385188977,-15.750870152570139
0.0025453125,34.16923181012269,42.741006243926066,27.306442894082863,-15.4345633498432
0.00254609375,34.11870847433162,42.78644958291005,27.70310616226108,-15.083343420648971
0.002546875,34.111428427270376,42.831828486274176,28.132152927608878,-14.699675558665298
0.00254765625,34.01118691340105,0.3246518217115897,28.438445930542468,28.113794108830877
0.0025484375,34.18256773613154,1.863205657891569e-05,28.7683378542937,28.76831922223712
0.00254921875,34.31695315739709,1.0693102861080372e-09,28.994965828266388,28.994965827197078
0.00255,34.44597271131354,6.136866765799586e-14,29.12074589333084,29.12074589333078
0.00255078125,34.57534302283531,3.522002377649476e-18,29.149227485782507,29.149227485782507
0.0025515625,34.71119976203359,2.0213084659582552e-22,29.084130123387816,29.084130123387816
0.00255234375,34.90742412767816,1.1600468927795647e-26,28.92934172902062,28.92934172902062
0.002553125,34.69789062000716,43.09605934182719,28.855360555805483,-14.240698786021708
0.00255390625,34.68895526585322,43.237322233051906,28.70672162962085,-14.530600603431054
0.0025546875,34.63995859078751,43.28205857391579,28.609751274914057,-14.672307299001734
0.00255546875,34.58439054181947,43.32672419677412,28.563159883511755,-14.763564313262368
0.00255625,34.526427897063876,43.37132457005113,28.565266727131494,-14.806057842919637
0.00255703125,34.46741685716674,43.4158596268971,28.614301227415382,-14.801558399481719
0.0025578125,34.40800746745298,43.46032930024312,28.708412798556274,-14.751916501686845
0.00255859375,34.34860499972086,43.504733523118624,28.84567999564929,-14.659053527469332
0.002559375,34.289506924710395,43.54907222865166,29.024119427223674,-14.524952801427984
0.00256015625,34.230954368477136,43.59334535006895,29.241694487619718,-14.351650862449231
0.0025609375,34.17315406341614,43.63755282069596,29.496323906832416,-14.141228913863541
0.00256171875,34.116287450131395,43.681694573957046,29.785890103238977,-13.89580447071807
0.0025625,34.06051056755188,43.72577054337553,30.108247321502745,-13.617523221872785
0.00256328125,34.005937161348946,43.769780662573794,30.461229535394722,-13.30855112717907
0.0025640625,33.95255980555757,43.81372486527339,30.842658083244714,-12.971066782028679
0.00256484375,33.89980487421405,43.85760308529515,31.250348912385043,-12.607254172910109
0.002565625,33.84087893117367,43.901415256559275,31.682117689067532,-12.219297567491743
0.00256640625,33.805459044398475,52.753372563764316,32.167399889182086,-20.58597267458223
0.0025671875,33.7202443253604,52.79598087920536,32.672921718666124,-20.123059160539235
0.00256796875,33.662406746808436,52.771018230435246,33.22228936215784,-19.548728868277408
0.00256875,34.233649371271746,52.74597223607081,33.81234388715749,-18.933628348913324
0.00256953125,33.65449323817317,0.0030271382240604694,34.174900174369924,34.17187303614586
0.0025703125,33.82590730776638,1.7373014817675975e-07,34.56405780086962,34.56405762713947
0.00257109375,33.97955114188067,9.975617227958298e-12,34.828345313378655,34.82834531336868
0.002571875,34.12927356879154,5.622885067609795e-16,34.97180692970182,34.97180692970182
0.00257265625,34.277434747871794,-3.5804590689340675e-15,34.99871671397556,34.99871671397557
0.0025734375,34.424516075632475,-5.1759454130995955e-15,34.913550583008984,34.91355058300899
0.00257421875,34.57048963805943,-5.269656044300004e-16,34.72096465453969,34.72096465453969
0.002575,34.71516132881333,1.6556994388171384e-16,34.42577353730116,34.42577353730116
0.00257578125,34.858291981222514,-4.883831918016924e-15,34.032928895686325,34.03292889568633
0.0025765625,34.99966000382944,-1.9140871125368745e-15,33.5474983998445,33.5474983998445
0.00257734375,35.13912034071455,4.879454217541492e-15,32.97464513128242,32.974645131282415
0.002578125,35.276708491178304,-3.8656624782726913e-16,32.31960750872865,32.31960750872865
0.00257890625,35.41291630746765,-1.9900096080942815e-15,31.587679823486564,31.587679823486567
0.0025796875,35.54970860803407,1.0037656530564332e-15,30.784193628268884,30.784193628268884
0.00258046875,35.6966967607513,1.027863867921797e-17,29.914501598793994,29.914501598793994
0.00258125,36.06577583924549,-6.7666179501012076e-15,28.98402686918779,28.984026869187797
0.00258203125,35.59599702501241,52.297888089294055,28.237259912569574,-24.06062817672448
0.0025828125,35.5325803712096,52.28159758126044,27.45022022246866,-24.831377358791784
0.00258359375,35.52875809141012,52.25504950175474,26.77271412452731,-25.48233537722743
0.002584375,35.355853250604376,44.9333453314401,26.16586447379562,-18.767480857644482
0.00258515625,35.283134937105835,44.97506247907056,25.663165792943353,-19.311896686127206
0.0025859375,35.20469512233997,45.01713449224686,25.24144039331497,-19.77569409893189
0.00258671875,35.12330636465197,45.059138734685405,24.898990368245105,-20.1601483664403
0.0025875,35.039898368987956,45.10107511887672,24.63393316194245,-20.46714195693427
0.00258828125,34.95502505477258,45.14294358166397,24.444214048183564,-20.698729533480407
0.0025890625,34.86910343225218,45.18474405999403,24.32761946337541,-20.857124596618622
0.00258984375,34.782480550634006,45.22647649091612,24.281790265725764,-20.944686225190356
0.002590625,34.69545623463241,45.268140811581944,24.30423492286029,-20.963905888721655
0.00259140625,34.60828874477718,45.309736959245804,24.39234259764586,-20.917394361599943
0.0025921875,34.5211893169675,45.35126487126465,24.54339609651082,-20.80786877475383
0.00259296875,34.434302399164885,45.39272448509817,24.75458464325337,-20.6381398418448
0.00259375,34.34765570966032,45.434115738309,25.023016438764756,-20.411099299544247
0.00259453125,34.26102609994622,45.47543856856258,25.345730955467868,-20.129707613094713
0.0025953125,34.17350354939571,45.516692913627544,25.71971085879885,-19.796982054828693
0.00259609375,34.08149429644475,45.557878711375544,26.141893077219244,-19.4159856341563
0.002596875,33.95910720431517,45.59899589978154,26.609173248082246,-18.989822651699296
0.00259765625,34.23390397781925,1.1715632509330305,26.969280037069463,25.797716786136434
0.0025984375,34.20534140058249,6.723705618554788e-05,27.366051962558597,27.36598472550241
0.00259921875,34.302604199156,3.858794410714187e-09,27.663832356907054,27.66383235304826
0.0026,34.40847587505274,2.2145964069378185e-13,27.862207489160035,27.862207489159815
0.00260078125,34.514665623495404,1.2709765599339563e-17,27.964435229895305,27.964435229895305
0.0026015625,34.61233393789428,7.294247434164243e-22,27.973950768859858,27.973950768859858
0.00260234375,34.605344893057854,4.1862334293227546e-26,27.894317983575874,27.894317983575874
0.002603125,34.765260095059254,45.89519403960644,27.922064524701785,-17.973129514904652
0.00260390625,34.65243391406246,45.96595125536389,27.87728645047466,-18.08866480488923
0.0026046875,34.56645935241975,46.006380698413174,27.891603458763722,-18.114777239649452
0.00260546875,34.486143840325774,46.04673912011955,27.96286428039504,-18.08387483972451
0.00260625,34.40818949756073,46.087028196169314,28.088741321380763,-17.99828687478855
0.00260703125,34.331735622636636,46.1272478659875,28.266825390757763,-17.860422475229736
0.0026078125,34.25654192892402,46.16739806900401,28.494635949380427,-17.67276211962358
0.00260859375,34.18257993114293,46.20747874475336,28.769631637352845,-17.437847107400515
0.002609375,34.10990353656759,46.24748983287483,29.08922067349477,-17.15826915938006
0.00261015625,34.03859755442051,46.28743127311237,29.450771033133545,-16.836660239978823
0.0026109375,33.96875233450452,46.32730300531491,29.851620363679356,-16.475682641635554
0.00261171875,33.90044701724411,46.36710496943638,30.289085611027414,-16.07801935840897
0.0026125,33.83373267537873,46.406837105535715,30.760472334610867,-15.646364770924848
0.00261328125,33.768606418648744,46.446499353777064,31.26308369056151,-15.183415663215555
0.0026140625,33.70495768658751,46.48609165442975,31.794229060638006,-14.691862593791743
0.00261484375,33.6424271847342,46.5256139478685,32.35123229173259,-14.174381656135905
0.002615625,33.57990261070558,46.565066174573474,32.93143943507538,-13.633626739498093
0.00261640625,33.51167510300378,46.60444827513031,33.532224911095355,-13.072223364034954
0.0026171875,33.44265121521389,51.00599514218772,34.166657110610515,-16.83933803157721
0.00261796875,33.128327636795454,51.00958476068751,34.816571909907694,-16.19301285077982
0.00261875,33.63508940677769,0.009922187659361696,35.259133178638784,35.24921099097942
0.00261953125,33.74763934894926,5.694431679165751e-07,35.7146636729218,35.714663103478635
0.0026203125,33.885984958259144,3.268127428745545e-11,36.0391102264652,36.03911022643252
0.00262109375,34.03063323787067,-4.016732538634553e-15,36.23653916385278,36.23653916385279
0.002621875,34.17775182754328,-4.362200953443309e-16,36.311293644306836,36.311293644306836
0.00262265625,34.32578098495204,-5.0593080629771375e-15,36.2679367502016,36.267936750201606
0.0026234375,34.47379077301328,4.842300325056327e-15,36.11122786883604,36.11122786883603
0.00262421875,34.621090310858904,3.983196547953246e-16,35.84609978513532,35.84609978513532
0.002625,34.76709932694316,4.444571792285333e-15,35.477636206279364,35.47763620627936
0.00262578125,34.91129403836209,-5.175484849446309e-15,35.01104971122979,35.011049711229795
0.0026265625,35.053175849803885,-1.9141038507578127e-15,34.45166016156892,34.45166016156892
0.00262734375,35.192241724736746,-6.96335828433302e-15,33.80487361697226,33.804873616972266
0.002628125,35.32793707082885,3.0366022036431075e-16,33.07616179566985,33.07616179566985
0.00262890625,35.459549738659234,-1.644374448323147e-15,32.27104210869803,32.27104210869803
0.0026296875,35.58590355319915,-5.4495266004332675e-15,31.395058257373915,31.395058257373922
0.00263046875,35.70416423467346,-6.619225029879595e-15,30.453761184664263,30.45376118466427
0.00263125,35.80187344704247,-1.5979569526118218e-15,29.45268830489711,29.45268830489711
0.00263203125,35.29656346892215,-1.8019027827321437e-16,28.397172035579754,28.397172035579754
0.0026328125,35.87738242604615,50.422683999672955,27.545814712453705,-22.87686928721925
0.00263359375,35.78583343768736,47.45357742262118,26.64409899653813,-20.80947842608305
0.002634375,35.6860412842064,47.490746736262686,25.852102428856362,-21.638644307406324
0.00263515625,35.58911867905152,47.52842822736891,25.159780372002245,-22.368647855366667
0.0026359375,35.491638772062565,47.56603817502008,24.565545059453868,-23.000493115566215
0.00263671875,35.392912635643356,47.60357648907933,24.067562019189992,-23.536014469889338
0.0026375,35.29289457920003,47.64104311301264,23.663763221069818,-23.977279891942825
0.00263828125,35.19176143302282,47.67843799039602,23.351862639746308,-24.326575350649712
0.0026390625,35.08978262889781,47.71576106491345,23.12937199502842,-24.58638906988503
0.00263984375,34.98727120341333,47.75301228035702,22.99361654426624,-24.75939573609078
0.002640625,34.884564097159846,47.79019158062712,22.941750857809616,-24.848440722817507
0.00264140625,34.782016340711635,47.827298909732356,22.97077452319624,-24.856524386536115
0.0026421875,34.68000547027325,47.86433421178977,23.0775477299716,-24.78678648181817
0.00264296875,34.57894957112402,47.90129743102488,23.25880669174608,-24.6424907392788
0.00264375,34.47935369290418,47.93818851177171,23.51117886840263,-24.427009643369082
0.00264453125,34.38193343554344,47.975007398473025,23.83119796582896,-24.143809432644066
0.0026453125,34.288005723825066,48.0117540356802,24.21531874335025,-23.79643529232995
0.00264609375,34.201182661437244,48.048428368053465,24.65993196421085,-23.388496403842616
0.002646875,34.141709167183095,48.08503034036194,25.16138351848896,-22.92364682187298
0.00264765625,34.01871820528638,4.187627745451259,25.57611756145308,21.388489816001822
0.0026484375,34.14029921544577,0.00024033167802150557,26.030540164959795,26.030299833281774
0.00264921875,34.26998478803086,1.379284859390205e-08,26.396428810945082,26.396428797152232
0.00265,34.390911544486684,7.915838390529706e-13,26.66426233572305,26.664262335722256
0.00265078125,34.51286417630558,4.5429700035050573e-17,26.837030983093822,26.837030983093822
0.0026515625,34.646450603634456,2.607250860179027e-21,26.917910752045398,26.917910752045398
0.00265234375,34.98788300687619,1.4963244403241877e-25,26.910309011622772,26.910309011622772
0.002653125,34.556356059220775,48.36583023938853,27.03884895153133,-21.326981287857198
0.00265390625,34.501107618444976,48.41118228941208,27.09538143364992,-21.315800855762163
0.0026546875,34.4231181106085,48.44705818708084,27.217319878591848,-21.229738308488994
0.00265546875,34.34054338523937,48.48286058469487,27.401864014985808,-21.08099656970906
0.00265625,34.25675461357048,48.51858996796609,27.64609302997559,-20.872496937990505
0.00265703125,34.17298480679417,48.55424628311764,27.947010152324932,-20.60723613079271
0.0026578125,34.08987413045139,48.58982947645176,28.30155563595991,-20.28827384049185
0.00265859375,34.00783513086241,48.625339494380825,28.706619049291984,-19.91872044508884
0.002659375,33.92716984987638,48.66077628342735,29.159051163410776,-19.501725120016577
0.00266015625,33.84811415091282,48.69613979022422,29.655675474354,-19.040464315870224
0.0026609375,33.77085480025843,48.73142996151459,30.19329935204862,-18.538130609465973
0.00266171875,33.69553285061968,48.76664674415213,30.7687247995066,-17.997921944645533
0.0026625,33.62223557927799,48.80179008510099,31.378758803970378,-17.423031281130612
0.00266328125,33.550970819525936,48.83685993143594,32.02022326076474,-16.8166366706712
0.0026640625,33.48160066433467,48.87185623034243,32.68996444661724,-16.18189178372519
0.00266484375,33.413654439400226,48.906778929116626,33.38486200081739,-15.521916928299232
0.002665625,33.3456739353553,48.941627975165616,34.101837279111514,-14.839790696054102
0.00266640625,33.271792351824296,48.976403316007364,34.8378602479978,-14.138543068009563
0.0026671875,33.13102426985556,49.01110489927081,35.58993906664116,-13.421165832629653
0.00266796875,33.45258485732249,0.10956868872018304,36.16610570954977,36.05653702082959
0.00266875,33.54770890382768,6.288244423487463e-06,36.74480052839904,36.74479424015462
0.00266953125,33.68940684962994,3.608862771846951e-10,37.184611542106765,37.18461154174588
0.0026703125,33.839375731614574,2.0529536741087486e-14,37.489257208082144,37.48925720808212
0.00267109375,33.992597816214705,-2.2078300402347475e-15,37.663059026135286,37.663059026135286
0.002671875,34.14727177981373,-5.690204337900005e-16,37.710585504742994,37.710585504742994
0.00267265625,34.30239358528825,-1.9560646538101816e-15,37.636627197707064,37.636627197707064
0.0026734375,34.457247402597574,-4.472972986177728e-16,37.44617265220733,37.44617265220733
0.00267421875,34.61125302415841,-1.5682369488114505e-15,37.14438478637789,37.14438478637789
0.002675,34.76391033461572,-5.031646241488745e-15,36.73657766986189,36.736577669861894
0.00267578125,34.914777592033055,-5.448746563813433e-15,36.228193744610806,36.22819374461081
0.0026765625,35.06346473718194,-2.0928640575481863e-15,35.624781534886196,35.624781534886196
0.00267734375,35.20963665651007,-1.954203238233157e-15,34.93197389647713,34.93197389647713
0.002678125,35.35302845403232,-5.138878695372616e-15,34.15546685392281,34.15546685392282
0.00267890625,35.49348452766641,-2.0839792883253305e-15,33.30099907425288,33.30099907425288
0.0026796875,35.63106045477797,-5.0705980961764e-15,32.37433203172701,32.374332031727015
0.00268046875,35.76633367987874,-6.658125538612396e-15,31.381230952547593,31.3812309525476
0.00268125,35.9016542151904,-5.63088734932624e-15,30.32744683422921,30.327446834229217
0.00268203125,36.04892298885695,-6.567763669677169e-15,29.21870158430474,29.218701584304746
0.0026828125,35.147208383455244,35.449921820950486,28.170474346295677,-7.279447474654811
0.00268359375,35.91109902786294,49.72189135581111,27.135890463332256,-22.586000892478854
0.002684375,35.8361273118622,49.75577442716786,26.173031556500668,-23.58274287066719
0.00268515625,35.743460264075594,49.78876543508885,25.322685549516592,-24.466079885572256
0.0026859375,35.64379677931708,49.82168141513296,24.583257191791937,-25.23842422334102
0.00268671875,35.53979763025861,49.854522364622554,23.952856662485626,-25.901665702136928
0.0026875,35.43267248926435,49.887288234102414,23.429321529467728,-26.457966704634686
0.00268828125,35.323197944678064,49.9199789742278,23.010234609169743,-26.90974436505806
0.0026890625,35.21198135712256,49.952594535767,22.69294168964825,-27.259652846118748
0.00268984375,35.09955163380305,49.98513486960158,22.474569255549454,-27.510565614052126
0.002690625,34.98639817081353,50.017599926726376,22.352042198294853,-27.665557728431523
0.00269140625,34.87299282841601,50.049989658249615,22.322101467318802,-27.727888190930813
0.0026921875,34.75980896869313,50.08230401539294,22.381321613360267,-27.700982402032675
0.00269296875,34.64734825081208,50.11454294949151,22.526128176134463,-27.588414773357044
0.00269375,34.53619375960209,50.146706411994074,22.75281487405324,-27.393891537940835
0.00269453125,34.427141998926,50.178794354463044,23.05756056835249,-27.121233786110555
0.0026953125,34.32161317425183,50.21080672857454,23.43644602907831,-26.774360699496228
0.00269609375,34.22342312360962,50.24274348611854,23.88547084945307,-26.35727263666547
0.002696875,34.15377291623496,50.27460457899884,24.4005747170611,-25.87402986193774
0.00269765625,34.0176784415035,4.37789504585798,24.831432365517344,20.453537319659365
0.0026984375,34.13727600066192,0.0002512512874899068,25.30995062132668,25.30969937003919
0.00269921875,34.26536613673064,1.441953468598152e-08,25.701815003870937,25.701814989451403
0.0027,34.384345824755776,8.275499108380762e-13,25.996811100072964,25.996811100072136
0.00270078125,34.50447006306958,4.749382485926532e-17,26.19779666978968,26.19779666978968
0.0027015625,34.63684741366767,2.7257128183099117e-21,26.30781712065633,26.30781712065633
0.00270234375,34.98646168811828,1.5643108109136801e-25,26.330154270288467,26.330154270288467
0.002703125,34.52885204094647,50.51693998547188,26.49914478036412,-24.01779520510776
0.00270390625,34.464471848553096,50.55794106185817,26.597068933707924,-23.96087212815025
0.0027046875,34.37656290788955,50.589043451673234,26.767163841617922,-23.821879610055312
0.00270546875,34.28411479144807,50.6200690915784,27.00619804685348,-23.61387104472492
0.00270625,34.19067434831792,50.65101849854196,27.310814928043524,-23.340203570498435
0.00270703125,34.097556965492366,50.681891625987035,27.677580211040254,-23.00431141494678
0.0027078125,34.00546223669525,50.71268842741927,28.102996429720175,-22.609691997699098
0.00270859375,33.91485772945403,50.7434088564592,28.58351661854737,-22.159892237911826
0.002709375,33.82610493273417,50.77405286684244,29.115557542237912,-21.658495324604527
0.00271015625,33.739511588813826,50.80462041241965,29.69551249884582,-21.109107913573833
0.0027109375,33.65536013077228,50.83511144715667,30.319763688638872,-20.515347758517798
0.00271171875,33.57393102831403,50.86552592513457,30.984694132781335,-19.880831792353234
0.0027125,33.49553442008645,50.895863800549655,31.6866991263017,-19.209164674247955
0.00271328125,33.42057293649344,50.92612502771367,32.42219721552666,-18.50392781218701
0.0027140625,33.34970298097798,50.9563095610537,33.187640708245894,-17.768668852807803
0.00271484375,33.28436775888601,50.986417355112444,33.97952580071257,-17.00689155439987
0.002715625,33.22937711178135,51.01644836454809,34.794402909794215,-16.22204545475387
0.00271640625,33.223141641141844,51.04640254413447,35.62889635040022,-15.417506193734255
0.0027171875,33.117668902089825,4.833973658297117,36.3137859368935,31.479812278596388
0.00271796875,33.319116006570574,4.550051340893383,37.00792476640818,32.4578734255148
0.00271875,33.46440601990292,0.0030115823110314277,37.55362911415917,37.55061753184814
0.00271953125,33.630752316382335,1.728373782381117e-07,37.97159974090022,37.971599568062835
0.0027203125,33.79313618116845,9.91872612811201e-12,38.25276774587834,38.25276774586842
0.00272109375,33.95452633991325,-4.928356572960806e-15,38.40158728260818,38.40158728260819
0.002721875,34.115265781702576,-6.4905683180219845e-15,38.42276568250443,38.42276568250444
0.00272265625,34.27518790955536,-2.0582789443692858e-15,38.3212307973207,38.3212307973207
0.0027234375,34.43396556358876,-5.0495597335871304e-15,38.1021068503517,38.10210685035171
0.00272421875,34.59121289051503,-2.1373948012046116e-15,37.770690529702186,37.770690529702186
0.002725,34.74652342788644,-1.2084252272958369e-14,37.332427449215174,37.33242744921519
0.00272578125,34.899485508867805,-5.626921408040791e-15,36.79288905072846,36.79288905072847
0.0027265625,35.04968690120284,-5.023986622524925e-15,36.157750007495586,36.15775000749559
0.00272734375,35.19671145572622,-7.10433346670891e-15,35.432766181649036,35.43276618164904
0.002728125,35.3401249299212,-7.371539327888506e-15,34.62375318281126,34.623753182811264
0.00272890625,35.47943721827724,-5.449855287515663e-15,33.73656556762518,33.736565567625185
0.0027296875,35.613992992926875,-2.0961670375415257e-15,32.77707670360817,32.77707670360817
0.00273046875,35.74253809408799,-2.5197942358932196e-15,31.75115924370773,31.751159243707733
0.00273125,35.85911685905794,-7.075108913894778e-15,30.664665049552774,30.66466504955278
0.00273203125,35.97840099649023,5.7506975200198145,29.54403243528367,23.793334915263856
0.0027328125,36.032448305558646,5.863379956871176,28.375153067910695,22.51177311103952
0.00273359375,36.1494067027642,47.70267342485058,27.31350974711075,-20.38916367773983
0.002734375,36.032044971417136,51.713812751282774,26.240230267370322,-25.473582483912452
0.00273515625,35.90527286928014,51.74213833434466,25.278540566440725,-26.463597767903934
0.0027359375,35.78577668221942,51.77015742193051,24.438461543380832,-27.33169587854968
0.00273671875,35.66625421316862,51.79809853147688,23.717986072703564,-28.080112458773318
0.0027375,35.54533570069025,51.82596163402223,23.114807202718364,-28.711154431303864
0.00273828125,35.4228208572135,51.85374668760595,22.626336307816775,-29.227410379789173
0.0027390625,35.298859978351764,51.88145365038427,22.249722055909942,-29.63173159447433
0.00273984375,35.173728463001844,51.909082480631,21.98186966039674,-29.92721282023426
0.002740625,35.047743957832054,51.936633136737626,21.819460197452113,-30.117172939285513
0.00274140625,34.92122630462309,51.96410557721333,21.758969892143543,-30.205135685069788
0.0027421875,34.79446885492758,51.99149976068515,21.79668930302814,-30.194810457657013
0.00274296875,34.66770401098493,52.018815645897945,21.928742342450583,-30.09007330344736
0.00274375,34.54103938224529,52.046053191714456,22.151105070141234,-29.894948121573222
0.00274453125,34.41430034898132,52.07321235711544,22.459624186013233,-29.613588171102204
0.0027453125,34.286528954188945,52.100293101199696,22.850035084492713,-29.250258016706983
0.00274609375,34.15369894032975,52.12729538318409,23.317978909481994,-28.809316473702097
0.002746875,33.98628785683434,52.154219162403706,23.85901199627766,-28.295207166126048
0.00274765625,34.273179452334496,1.3396622597901051,24.298111887931466,22.95844962814136
0.0027484375,34.213507043681375,7.688440770007923e-05,24.798852663828296,24.798775779420595
0.00274921875,34.29801704888526,4.412464488115201e-09,25.205157041580925,25.205157037168462
0.00275,34.392752831674294,2.5323525850427647e-13,25.515609130396964,25.51560913039671
0.00275078125,34.48830983970539,1.453339654572954e-17,25.732971831443173,25.732971831443173
0.0027515625,34.57466833570541,8.340845441625436e-22,25.86019501260285,25.86019501260285
0.00275234375,34.542244889911146,4.7868853273343065e-26,25.900363707604278,25.900363707604278
0.002753125,34.700931887215106,52.33226213082486,26.07659178177711,-26.255670349047747
0.00275390625,34.54925841232865,52.39299191889422,26.182667080843125,-26.210324838051093
0.0027546875,34.429048528839026,52.4191304407419,26.367673086746727,-26.051457353995175
0.00275546875,34.316185057151316,52.44518803963123,26.62810655233461,-25.817081487296623
0.00275625,34.20695925912841,52.47116665690152,26.960270951012475,-25.51089570588904
0.00275703125,34.10044222962497,52.49706625354307,27.360387520412647,-25.13667873313042
0.0027578125,33.996414684250304,52.522886790551574,27.824609799090833,-24.69827699146074
0.00275859375,33.89490388737597,52.54862822904179,28.34903832662094,-24.19958990242085
0.002759375,33.79604093524911,52.574290530247545,28.92973504114643,-23.644555489101116
0.00276015625,33.70001045660455,52.59987365552189,29.562737266206113,-23.037136389315776
0.0027609375,33.60703718358299,52.6253775663371,30.244071240536332,-22.381306325800768
0.00276171875,33.517397712837486,52.65080222428475,30.969765162306995,-21.681037061977758
0.0027625,33.43146958395961,52.67614759107577,31.735861730148564,-20.940285860927204
0.00276328125,33.34987667882052,52.701413628540486,32.53843018251143,-20.162983446029052
0.0027640625,33.27398545032766,52.726600298628696,33.37357790921857,-19.353022389410132
0.00276484375,33.20832601383276,52.75170756340975,34.23746218407782,-18.514245379331932
0.002765625,33.18907759968926,52.77673538507254,35.126310631135894,-17.650424753936644
0.00276640625,33.07604182739684,9.15616176438708,35.87982106341538,26.723659299028295
0.0027671875,33.24412667058929,8.891409779332283,36.64736926056277,27.755959481230487
0.00276796875,33.37805789053315,8.959941100254072,37.297829436199216,28.337888335945145
0.00276875,33.613925823651726,9.028478055860074,37.83303976340483,28.80456170754475
0.00276953125,33.651798019973384,0.0005181523795798358,38.21044508193774,38.209926929558165
0.0027703125,33.81787493895787,2.9737216994915982e-08,38.47740852767675,38.477408497939535
0.00277109375,33.98082109201333,1.6995402924058525e-12,38.61186757630494,38.61186757630324
0.002771875,34.14280524791088,-6.829711354081084e-15,38.6185803453217,38.61858034532171
0.00277265625,34.303932666851914,-6.93786247679154e-15,38.50252477942218,38.50252477942219
0.0027734375,34.46395272631994,-8.196388710450728e-15,38.26887334592439,38.2688733459244
0.00277421875,34.62252049518204,-6.9267454447848934e-15,37.92296909948033,37.92296909948034
0.002775,34.77926938067997,-6.575445634201847e-15,37.47030208091017,37.47030208091018
0.00277578125,34.933840582823606,-2.5589735614492235e-15,36.916486159374045,36.916486159374045
0.0027765625,35.08590131434501,-2.061356223014743e-15,36.267236384495526,36.267236384495526
0.00277734375,35.235164857703985,-2.2143783383389676e-15,35.528346904764526,35.528346904764526
0.002778125,35.38142873739118,-6.474319094947046e-17,34.70566950593047,34.70566950593047
0.00277890625,35.524682939062565,-5.688974401310742e-16,33.80509283202854,33.80509283202854
0.0027796875,35.66557340712527,-8.324649991333473e-15,32.83252243140375,32.83252243140376
0.00278046875,35.80979301225157,-7.066575074095093e-15,31.79386294277839,31.793862942778397
0.00278125,35.86259173859788,9.863862605477186,30.728077847084073,20.864215241606885
0.00278203125,35.980171600354495,10.191426997586037,29.608640629371763,19.417213631785724
0.0027828125,36.0705853906043,10.259718321613319,28.470742191322294,18.211023869708978
0.00278359375,36.18401982390775,10.327979315659263,27.319679823172436,16.991700507513173
0.002784375,35.91962643840749,52.249970425631474,26.300225273167257,-25.949745152464217
0.00278515625,35.937129770721405,53.37644043986884,25.27796612108424,-28.098474318784596
0.0027859375,35.8326881693152,53.39945318926447,24.38171498268757,-29.0177382065769
0.00278671875,35.71632377230511,53.42232219626884,23.612605153356572,-29.809717042912265
0.0027875,35.59444068964408,53.44511074658722,22.968175591311173,-30.476935155276045
0.00278828125,35.4690560068507,53.46781880953448,22.445664196892693,-31.022154612641785
0.0027890625,35.341242252820145,53.49044635091289,22.042029652319034,-31.448416698593856
0.00278984375,35.211764643733936,53.51299333664577,21.75397220401565,-31.75902113263012
0.002790625,35.08126402547305,53.53545973277778,21.577954303344356,-31.957505429433425
0.00279140625,34.95032813795253,53.55784550547494,21.510221157654684,-32.04762434782025
0.0027921875,34.8195323400902,53.58015062102468,21.546821156619586,-32.03332946440509
0.00279296875,34.689481212425896,53.60237504583588,21.683626124542364,-31.918748921293513
0.00279375,34.560882349400934,53.624518746438966,21.91635135234293,-31.708167394096037
0.00279453125,34.43473097059565,53.64658168948595,22.240575382838614,-31.406006306647335
0.0027953125,34.31291856443349,53.66856384175039,22.651759609823507,-31.016804231926884
0.00279609375,34.20118724634371,53.69046517012762,23.145268330619174,-30.545196839508442
0.002796875,34.14390268569709,53.71228564163458,23.716399737336005,-29.995885904298575
0.00279765625,33.970314653867426,0.40698937345946745,24.16906387926721,23.762074505807742
0.0027984375,34.13772866600321,2.3357481850358398e-05,24.68509598840982,24.68507263092797
0.00279921875,34.259282810257425,1.3405066421080798e-09,25.10376214972136,25.103762148380852
0.0028,34.37474771088218,7.693286755174367e-14,25.426408628836793,25.426408628836715
0.00280078125,34.49139997240873,4.415245642070407e-18,25.655771926236653,25.655771926236653
0.0028015625,34.61701217933697,2.5339487140148705e-22,25.794777774610136,25.794777774610136
0.00280234375,34.81892772995424,1.454255687175474e-26,25.846545395463437,25.846545395463437
0.002803125,34.515720648731865,53.76353379819706,26.022043112983983,-27.741490685213076
0.00280390625,34.464009607268146,53.90501903424338,26.12543688712885,-27.77958214711453
0.0028046875,34.3636710775572,53.92603605931141,26.312571246533633,-27.613464812777774
0.00280546875,34.256565178886,53.946964963625,26.57999518487574,-27.366969778749258
0.00280625,34.147960190668705,53.96781262438776,26.923786385452892,-27.04402623893487
0.00280703125,34.03958081876198,53.9885790106,27.339932345304348,-26.64864666529565
0.0028078125,33.93227021661057,54.00926409098795,27.824347518323403,-26.184916572664545
0.00280859375,33.82655052565092,54.029867834400235,28.372889316305198,-25.656978518095038
0.002809375,33.7227889033972,54.050390209807986,28.98137353592438,-25.069016673883606
0.00281015625,33.62125248191095,54.070831186304915,29.645589277585184,-24.42524190871973
0.0028109375,33.52211687946129,54.091190733107226,30.36131334955899,-23.729877383548235
0.00281171875,33.42543478717497,54.111468819553835,31.124324133359902,-22.987144686193933
0.0028125,33.331023738532444,54.13166541510632,31.930414872224514,-22.201250542881805
0.00281328125,33.23808062703613,54.151780489348965,32.77540629312179,-21.37637419622718
0.0028140625,33.143391363917196,54.17181401198884,33.65515813907594,-20.516655872912903
0.00281484375,33.02367347046731,54.19176595285581,34.565574419804975,-19.62619153305084
0.002815625,33.26389508800755,14.167935905043263,35.3683133217296,21.20037741668634
0.00281640625,33.23340234068379,13.179691283025388,36.192095927388266,23.01240464436288
0.0028171875,33.31906808292152,13.24713037667048,36.91372241921556,23.666592042545084
0.00281796875,33.41670144264264,13.31461010814242,37.53210328558423,24.21749317744181
0.00281875,33.5258713734934,13.382069791529336,38.049531241026344,24.667461449497004
0.00281953125,33.61950596008115,1.1691560454166658,38.429437013400076,37.26028096798341
0.0028203125,33.78245399868881,6.709890451404549e-05,38.71071126954322,38.7106441706387
0.00282109375,33.9480959869175,3.850858529859451e-09,38.861481602942426,38.86148159909157
0.002821875,34.11099660451799,2.0802264805292306e-13,38.88307511442355,38.88307511442334
0.00282265625,34.2728453432081,-7.0963838825230805e-15,38.78047885267625,38.780478852676254
0.0028234375,34.4336480270059,-2.236083801562226e-15,38.55887830043411,38.55887830043411
0.00282421875,34.59310953127674,-5.7559574495047565e-15,38.223633418691364,38.22363341869137
0.002825,34.75086909076204,-8.931780670940429e-15,37.780254892815876,37.78025489281588
0.00282578125,34.90656819855152,-2.0472235808810723e-15,37.234380775664874,37.234380775664874
0.0028265625,35.059885448869004,-8.609706670162601e-15,36.591753630245776,36.59175363024578
0.00282734375,35.21057919856889,-8.135171469628892e-15,35.85819823873243,35.858198238732435
0.002828125,35.35859369474003,-1.2114651760837766e-14,35.039599946324806,35.03959994632482
0.00282890625,35.50447628557357,-7.0150358606128326e-15,34.141883773350365,34.14188377335037
0.0028296875,35.65245701210984,-1.4150102986475248e-14,33.17099517908985,33.170995179089864
0.00283046875,35.48351140336788,10.148150161443711,32.163851244007226,22.015701082563513
0.00283125,35.81098345676509,14.458371378469828,31.11263183631592,16.654260457846092
0.00283203125,35.88558378846767,14.525718181853534,30.037732929026294,15.51201474717276
0.0028328125,35.953067275724194,14.592799608684388,28.95575379961508,14.362954190930694
0.00283359375,36.0197993554445,14.659859045048018,27.87061942724589,13.210760382197874
0.002834375,36.10921483055281,14.726896403928052,26.786116683723122,12.05922027979507
0.00283515625,35.84812504788665,53.657059000987324,25.836231124082808,-27.820827876904517
0.0028359375,35.84894525433577,54.69946476785964,24.895662288736116,-29.803802479123522
0.00283671875,35.736679083383784,54.717179476621226,24.08353421094459,-30.633645265676638
0.0028375,35.61351599154108,54.734752979096534,23.400376564199906,-31.334376414896628
0.00283828125,35.48543984424631,54.75224404864825,22.843367120631015,-31.908876928017236
0.0028390625,35.35436689467345,54.76965266230972,22.409392182919177,-32.36026047939054
0.00283984375,35.22134050845809,54.786978793864094,22.09506907106769,-32.6919097227964
0.002840625,35.087124071313575,54.80422241721851,21.896767572746114,-32.9074548444724
0.00284140625,34.95237517638027,54.821383506404416,21.81063120301455,-33.010752303389864
0.0028421875,34.81772173248823,54.838462035577486,21.83259831825427,-33.005863717323216
0.00284296875,34.6838228856271,54.85545797901778,21.958423050550692,-32.897034928467086
0.00284375,34.55146727190933,54.87237131112971,22.183696021520753,-32.68867528960896
0.00284453125,34.42182306476932,54.889202006442105,22.503864819898283,-32.38533718654382
0.0028453125,34.2973220137577,54.90595003960824,22.914254361857783,-31.99169567775046
0.00284609375,34.186605961909265,54.922615385405905,23.410088311974576,-31.51252707343133
0.002846875,34.20401007449271,54.93919801873734,23.98654341867662,-30.952654600060722
0.00284765625,34.02394187828576,0.036228236661350936,24.407980900977364,24.371752664316013
0.0028484375,34.17271120693521,2.079170699458735e-06,24.88946171793139,24.88945963876069
0.00284921875,34.29161670006281,1.1932545428299967e-10,25.273238972807313,25.273238972687988
0.00285,34.406391406387506,6.8481938705422005e-15,25.561824832110023,25.561824832110016
0.00285078125,34.52216899300844,3.9302393249059936e-19,25.758030777973467,25.758030777973467
0.0028515625,34.644384639035124,2.2555992781516465e-23,25.864851541727372,25.864851541727372
0.00285234375,34.804605758841234,1.294508472132272e-27,25.885457650544364,25.885457650544364
0.002853125,34.487015814012885,53.65495686222531,26.0031266882645,-27.65183017396081
0.00285390625,34.53671246193098,55.084634432090326,26.04384186763153,-29.040792564458794
0.0028546875,34.435491760615626,55.100469729368555,26.17106392686932,-28.929405802499236
0.00285546875,34.323978827828874,55.116140909431536,26.385088131456502,-28.731052777975034
0.00285625,34.21003143951602,55.131729080925865,26.68189106563186,-28.449838015294006
0.00285703125,34.095880559344714,55.147234225032285,27.057341855310895,-28.08989236972139
0.0028578125,33.98253397817532,55.16265631840058,27.507221135629198,-27.65543518277138
0.00285859375,33.870584564987894,55.17799533780537,28.027238161735717,-27.150757176069654
0.002859375,33.76043090494227,55.193251260146354,28.613047284508706,-26.580203975637648
0.00286015625,33.652341537926716,55.208424062448415,29.26026390425161,-25.948160158196806
0.0028609375,33.54644788999214,55.223513721861565,29.964479899399535,-25.25903382246203
0.00286171875,33.44265000388593,55.238520215661055,30.721278494904386,-24.51724172075667
0.0028625,33.34026439790374,55.25344352124738,31.526248482700975,-23.7271950385464
0.00286328125,33.23637081383773,55.26828361614631,32.374997397095726,-22.893286219050584
0.0028640625,33.10949474240697,55.28304047800893,33.26315884111422,-22.01988163689471
0.00286484375,33.315342312906864,18.29867980251908,34.06231503494837,15.763635232429293
0.002865625,33.27118973484337,17.38918809549199,34.890824425685715,17.501636330193726
0.00286640625,33.334349195905666,17.45517776550129,35.634243340903225,18.179065575401932
0.0028671875,33.40791414822096,17.52119713357446,36.29096926860679,18.769772135032326
0.00286796875,33.486860890304676,17.587190118254426,36.86251921432052,19.275329096066095
0.00286875,33.57130791433635,17.653156616944127,37.35062280538642,19.6974661884423
0.00286953125,33.67497163709369,17.71909653029896,37.75721146601664,20.038114935717687
0.0028703125,33.74099521995836,0.13448385391356,38.02108059431908,37.88659674040552
0.00287109375,33.91970708249824,7.718147890337842e-06,38.206057786092515,38.20605006794462
0.002871875,34.082881131812165,4.4294926671752767e-10,38.26297393408929,38.262973933646336
0.00287265625,34.24302065168195,2.316212611221e-14,38.19628443439202,38.196284434392
0.0028734375,34.401560588726916,-8.15768785989502e-15,38.01103844804222,38.01103844804223
0.00287421875,34.55852310504057,-7.233140114054517e-15,37.71246318829742,37.71246318829743
0.002875,34.71361780474252,-1.8176788446692777e-14,37.30594070665882,37.30594070665884
0.00287578125,34.86644802892776,-9.01754109673185e-15,36.7969848273081,36.79698482730811
0.0028765625,35.01654572356863,-1.2114702400814862e-14,36.19121850955754,36.19121850955755
0.00287734375,35.16331324348629,-1.3694571850906523e-14,35.494351717588216,35.49435171758823
0.002878125,35.305737213326324,-6.949451924071275e-15,34.71215979796371,34.712159797963714
0.00287890625,35.44072321891522,-7.466201815053688e-15,33.85046199768311,33.85046199768312
0.0028796875,35.52943041753888,-9.14885612445539e-15,32.915089367420755,32.91508936742076
0.00288046875,35.681648309110784,18.627150386490037,31.990115513585316,13.362965127095277
0.00288125,35.71950782085198,18.704936856579792,31.00699922098456,12.302062364404767
0.00288203125,35.764316110849286,18.77043863032564,30.023362471438837,11.252923841113196
0.0028828125,35.807773690028114,18.835911432717197,29.042585610126494,10.2066741774093
0.00288359375,35.84937522402092,18.901355868526164,28.067875468828433,9.166519600302271
0.002884375,35.89174671202626,18.966771839234784,27.10229514766406,8.135523308429274
0.00288515625,35.955627580461616,19.032159246327815,26.148765343134524,7.11660609680671
0.0028859375,35.69867373167312,54.72292079926439,25.32954405139253,-29.393376747871855
0.00288671875,35.68217229173273,55.674633242060004,24.529161334538554,-31.14547190752145
0.0028875,35.56232488134154,55.686937255243535,23.85622789629038,-31.830709358953154
0.00288828125,35.43278230045254,55.69910349623321,23.310610122275996,-32.38849337395721
0.0028890625,35.29900202347025,55.711185852285766,22.88909689665539,-32.82208895563038
0.00288984375,35.16270392252056,55.72318430829906,22.588207450841594,-33.13497685745747
0.002890625,35.02478662661482,55.73509884620382,22.404214056229904,-33.330884789973915
0.00289140625,34.885853153878706,55.746929448056974,22.333163684479423,-33.41376576357755
0.0028921875,34.74633846112867,55.75867609604185,22.3708994044436,-33.387776691598255
0.00289296875,34.60651232085697,55.77033877246821,22.51308154672411,-33.2572572257441
0.00289375,34.46637421130723,55.781917459772245,22.755208581348192,-33.02670887842405
0.00289453125,34.325276191459345,55.79341214051671,23.09263759321545,-32.70077454730126
0.0028953125,34.18033409967446,55.80482279739077,23.5206039657213,-32.28421883166947
0.00289609375,34.014520984647355,55.816149413210226,24.034236959583104,-31.781912453627122
0.002896875,35.06443087453715,16.46993222176619,24.50846538485677,8.038533163090582
0.00289765625,34.17482954299958,0.0009452240476859747,24.9925040985453,24.991558874497613
0.0028984375,34.25317138404756,5.4247248154616086e-08,25.425096958387293,25.425096904140045
0.00289921875,34.34877307616855,3.113297783263923e-12,25.760115830650733,25.76011583064762
0.0029,34.44887483879642,1.786749266921345e-16,26.00030959323071,26.00030959323071
0.00290078125,34.549571520357205,1.0254312838321026e-20,26.14862586399631,26.14862586399631
0.0029015625,34.64682425880718,5.885041272037881e-25,26.208188245988847,26.208188245988847
0.00290234375,34.726505295740395,3.377477488707077e-29,26.18227597684674,26.18227597684674
0.002903125,34.1434100820845,1.938364347744482e-33,26.074114155708937,26.074114155708937
0.00290390625,34.78253341290367,55.92158065177431,26.16794899465397,-29.753631657120344
0.0029046875,34.628243768364904,55.93519050550174,26.194355741948186,-29.74083476355355
0.00290546875,34.4946585161212,55.94550751854469,26.314079973337346,-29.63142754520734
0.00290625,34.36685427948171,55.95574009451978,26.52312690068487,-29.432613193834914
0.00290703125,34.2421179302955,55.96588840215096,26.81736934175793,-29.148519060393028
0.0029078125,34.11974113146727,55.97595242616562,27.192571754987224,-28.783380671178396
0.00290859375,33.9995565822174,55.98593215140755,27.64440743896631,-28.34152471244124
0.002909375,33.8815593034973,55.995827562847424,28.168475700728507,-27.827351862118917
0.00291015625,33.76574754110302,56.00563864558297,28.760318657620285,-27.245319987962684
0.0029109375,33.651972756580136,56.015365384838844,29.41543756348576,-26.599927821353084
0.00291171875,33.53958754089145,56.02500776596678,30.129308551006687,-25.89569921496009
0.0029125,33.42592083772059,56.03456577444551,30.897397412666326,-25.137168361779185
0.00291328125,33.291387917052326,56.04403939588083,31.7151690289877,-24.32887036689313
0.0029140625,33.46027333711388,22.320102513389244,32.46496392387167,10.144861410482427
0.00291484375,33.40125059798387,21.49479726703463,33.25412946592405,11.759332198889423
0.002915625,33.43999792897693,21.55894327354452,33.977712263505964,12.41876898996144
0.00291640625,33.48794525178032,21.623107860931203,34.63364883768821,13.010540976757007
0.0029171875,33.539956224391325,21.6872398872379,35.22270738265931,13.535467495421404
0.00291796875,33.594236111397144,21.75133925295343,35.74583929802433,13.994500045070902
0.00291875,33.64914003123421,21.81540586154513,36.2041678041074,14.388761942562269
0.00291953125,33.70007977659945,21.879439616529858,36.598976554176495,14.719536937646636
0.0029203125,33.65771654633596,21.943440421473934,36.93167106693958,14.988230645465643
0.00292109375,33.967484144530566,0.004270223052572265,37.1032609240431,37.09899070099053
0.002921875,34.106782528096886,2.450718664734345e-07,37.21158142026927,37.2115811751974
0.00292265625,34.256661461988806,1.4040038136623556e-11,37.19763629192508,37.19763629191104
0.0029234375,34.40853145986977,-3.410556792706012e-14,37.06623968084679,37.06623968084683
0.00292421875,34.560541816573995,-2.8412789035576742e-14,36.822404131799395,36.82240413179942
0.002925,34.711850371811806,-3.2993910217109064e-14,36.47130303713074,36.471303037130774
0.00292578125,34.86194824462825,-2.8726031686755504e-14,36.01824771172134,36.018247711721365
0.0029265625,35.01056126371861,-3.2522943107067474e-14,35.46866511775576,35.4686651177558
0.00292734375,35.157813238556884,-2.847341657250662e-14,34.828076185425935,34.828076185425964
0.002928125,35.305197338289,-2.981312802220396e-14,34.102074975356736,34.102074975356764
0.00292890625,35.46531916875618,-3.490779740889069e-14,33.29631157890843,33.296311578908465
0.0029296875,35.42510602167808,22.126332932716274,32.49067667239818,10.364343739681908
0.00293046875,35.532863148871016,22.77237521478773,31.61790209346312,8.84552687867539
0.00293125,35.57470708386396,22.83593805064214,30.74961955048148,7.913681499839339
0.00293203125,35.608529062880336,22.899433068941647,29.890271153661683,6.990838084720036
0.0029328125,35.637612696387365,22.962893599190394,29.042435844706063,6.07954224551567
0.00293359375,35.663115470371665,23.02631954773625,28.20855423301849,5.182234685282241
0.002934375,35.686196833471364,23.08971081906102,27.390927064774417,4.301216245713397
0.00293515625,35.70979453103535,23.153067317698557,26.591714029721793,3.4386467120232354
0.0029359375,35.7529081824448,23.216388948235185,25.812937568465347,2.596548620230162
0.00293671875,35.506665785020125,55.44077757743163,25.164346823651186,-30.276430753780446
0.0029375,35.47789649065589,56.295744374692624,24.54104236310483,-31.754702011587796
0.00293828125,35.35634436553013,56.30255944613921,24.040445651295165,-32.26211379484405
0.0029390625,35.2266563853156,56.30924105563309,23.661784163885102,-32.647456891747986
0.00293984375,35.09386261795985,56.31583786163426,23.40151017889243,-32.91432768274183
0.002940625,34.95963972073009,56.32234985700119,23.255837768579,-33.06651208842219
0.00294140625,34.82496596287369,56.32877703192711,23.220765131091284,-33.10801190083583
0.0029421875,34.69063767967005,56.335119376732806,23.292095902737337,-33.04302347399547
0.00294296875,34.55747627695814,56.34137688186681,23.46546015414374,-32.875916727723066
0.00294375,34.426566293736215,56.34754953790544,23.736335130179746,-32.61121440772569
0.00294453125,34.29991079327116,56.353637335552776,24.10006581589944,-32.253571519653335
0.0029453125,34.18353652876789,56.35964026564073,24.55188600406175,-31.807754261578978
0.00294609375,34.123976250294426,56.36555831912898,25.086950865629845,-31.278607453499134
0.002946875,33.941957409687404,0.4270294642782153,25.499622705922537,25.07259324164432
0.00294765625,34.11726625910615,2.4507600472866008e-05,25.980798075432176,25.980773567831704
0.0029484375,34.243734301878796,1.4065129720096052e-09,26.361916950077923,26.36191694867141
0.00294921875,34.36258530596319,8.072102948722279e-14,26.644493872038478,26.644493872038396
0.00295,34.479976771271375,4.63265162223658e-18,26.83149073015991,26.83149073015991
0.00295078125,34.59788473968783,2.6587199382049896e-22,26.926055426875532,26.926055426875532
0.0029515625,34.71837648429282,1.525863001629298e-26,26.931505962480625,26.931505962480625
0.00295234375,34.84824476464466,8.757063375817886e-31,26.851314906439907,26.851314906439907
0.002953125,35.05756470540782,5.025756498860409e-35,26.689113258753522,26.689113258753522
0.00295390625,34.73736635881358,56.29397714666061,26.666124180942756,-29.627852965717853
0.0029546875,34.67985739291986,56.42504535786034,26.577505140478635,-29.847540217381706
0.00295546875,34.57078338893254,56.42995146964243,26.586668259929088,-29.843283209713345
0.00295625,34.45398108670704,56.4347653632592,26.69014316884565,-29.74462219441355
0.00295703125,34.33497224720471,56.439494266723976,26.88392784335518,-29.555566423368795
0.0029578125,34.21556132972845,56.44413817333033,27.16388889426029,-29.28024927907004
0.00295859375,34.0966069878039,56.44869707608466,27.525780741123075,-28.922916334961588
0.002959375,33.97857587971136,56.453170968121356,27.965263649502035,-28.48790731861932
0.00296015625,33.86162983365181,56.4575598427028,28.477921206489352,-27.979638636213448
0.0029609375,33.74539715882539,56.46186369321943,29.059277244878132,-27.402586448341296
0.00296171875,33.62764445973167,56.46608251318972,29.704811897889805,-26.761270615299914
0.0029625,33.49093714065537,56.47021629626021,30.40997284484039,-26.060243451419822
0.00296328125,33.62634059233578,26.208178987358405,31.06868149570589,4.8605025083474835
0.0029640625,33.557264053849245,25.471990795020496,31.776747515445283,6.3047567204247885
0.00296484375,33.57604012490044,25.533909912704225,32.439444399379724,6.905534486675498
0.002965625,33.603368647437904,25.595836383070456,33.054364395409465,7.458528012339013
0.00296640625,33.634896900257104,25.657724309198517,33.62162142203105,7.963897112832528
0.0029671875,33.6694806263915,25.719573595257636,34.14147718739255,8.421903592134921
0.00296796875,33.706767027271184,25.781384148103697,34.61433366420164,8.832949516097939
0.00296875,33.74694870001644,25.84315587465116,35.04072625328464,9.19757037863348
0.00296953125,33.79154989966633,25.9048886818729,35.42131715356666,9.516428471693763
0.0029703125,33.8511309419257,25.966582476800454,35.756891078477935,9.79030860167748
0.00297109375,33.8763383043207,2.2641140145898375,35.97269184162713,33.708577827037296
0.002971875,34.03325334262193,0.00012993951547021318,36.13994416845466,36.139814228939194
0.00297265625,34.193701694784096,7.457309758270844e-09,36.19240066424578,36.19240065678847
0.0029734375,34.34794402696718,3.979439168275666e-13,36.12799362696068,36.12799362696028
0.00297421875,34.49995236635931,-2.5317354266316642e-14,35.951501614638026,35.951501614638055
0.002975,34.65040068673733,-3.24033672751122e-14,35.667871035220465,35.6678710352205
0.00297578125,34.79940751421533,-2.9948898482327636e-14,35.2821944115477,35.28219441154773
0.0029765625,34.947132513830155,-2.638606757857119e-14,34.799688708893875,34.7996887088939
0.00297734375,35.09441479601576,-2.8475987677241295e-14,34.22567414338489,34.22567414338492
0.002978125,35.24595376440612,-3.253314978849585e-14,33.56555441331271,33.565554413312746
0.00297890625,35.50946486517095,-2.5364534730013784e-14,32.82483049433545,32.82483049433548
0.0029796875,35.34365187018513,26.69864700868274,32.13104807021689,5.4324010615341525
0.00298046875,35.382246543904316,26.765009201430683,31.373019893859922,4.608010692429239
0.00298125,35.4049881660357,26.826147393216935,30.630078026597403,3.8039306333804674
0.00298203125,35.42183581138878,26.887244887813235,29.90420058182473,3.016955694011493
0.0029828125,35.43465183396204,26.948301890687574,29.197216767342717,2.2489148766551437
0.00298359375,35.444203282629836,27.009318309906313,28.510823790067867,1.5015054801615535
0.002984375,35.45109778585502,27.07029405357975,27.84658694692714,0.7762928933473887
0.00298515625,35.456262669066994,27.131229029879584,27.205939988401067,0.07471095852148153
0.0029859375,35.46228783195544,27.192123147038767,26.590186202730514,-0.601936944308254
0.00298671875,35.48602344590221,27.25297631335195,26.00050392074914,-1.2524723926028132
0.0029875,35.25387679084772,55.806064196076306,25.533508235287442,-30.272555960788864
0.00298828125,35.21489627199147,56.55884827074013,25.095615315548073,-31.463232955192055
0.0029890625,35.094268679532576,56.560131060674756,24.772520635064954,-31.787610425609802
0.00298984375,34.96703859433416,56.56128554763592,24.56290480039776,-31.99838074723816
0.002990625,34.837721847985584,56.56235485184827,24.462997061945366,-32.0993577899029
0.00299140625,34.707890126750954,56.56333897417629,24.468824873787057,-32.09451410038923
0.0029921875,34.57855589510508,56.56423791313802,24.57623529055502,-31.988002622583004
0.00299296875,34.45071622636557,56.565051667379706,24.78091538327491,-31.784136284104797
0.00299375,34.32580990109303,56.56578023567582,25.078412344028298,-31.48736789164752
0.00299453125,34.20708165514057,56.56642361692916,25.464153579457385,-31.102270037471772
0.0029953125,34.10846724405863,56.566981810170816,25.933469113150615,-30.6335126970202
0.00299609375,34.68251630136215,56.567454814560136,26.48180564508144,-30.085649169478696
0.002996875,34.022108234025815,0.0032464565055373477,26.820410037219734,26.817163580714197
0.00299765625,34.16638727602397,1.8631702410681847e-07,27.220692412992893,27.22069222667587
0.0029984375,34.29170804699724,1.069289960078334e-11,27.518964111887122,27.51896411187643
0.00299921875,34.41322091788731,6.136750112908665e-16,27.718266779390447,27.718266779390447
0.003,34.533820851426995,3.5219354295186347e-20,27.82184218394375,27.82184218394375
0.00300078125,34.654593093148414,2.0212700438309707e-24,27.833108317729952,27.833108317729952
0.0030015625,34.77667555530183,1.1600248419792438e-28,27.755642279855394,27.755642279855394
0.00300234375,34.903237260646364,6.657485664105062e-33,27.593163407743084,27.593163407743084
0.003003125,35.05166400059425,3.820790190332619e-37,27.349520306583567,27.349520306583567
0.00300390625,33.96905939078078,39.87879011106837,27.150378565579373,-12.728411545488996
0.0030046875,34.85250111287534,56.56607750673578,26.944792449768585,-29.621285056967196
0.00300546875,34.75593723596392,56.56648595091644,26.793819766627873,-29.772666184288564
0.00300625,34.64252245093931,56.5658515370672,26.743190706362576,-29.822660830704628
0.00300703125,34.52483378932457,56.565131881106296,26.78914372853116,-29.775988152575135
0.0030078125,34.40595297365054,56.564327039075856,26.927752073183868,-29.636574965891988
0.00300859375,34.287280259758624,56.563437012191145,27.154947914355045,-29.4084890978361
0.003009375,34.1698130193065,56.562461801792516,27.46654120433343,-29.095920597459084
0.00301015625,34.05468057146138,56.56140140934862,27.858237931311603,-28.703163478037016
0.0030109375,33.94421116772777,56.56025583645638,28.32565819257233,-28.234597643884047
0.00301171875,33.85011431118527,56.55902508484102,28.864356398094895,-27.694668686746123
0.0030125,33.720633266730076,31.616784556512883,29.390433829881665,-2.226350726631216
0.00301328125,33.73111802992826,29.29710411654623,29.97353779888968,0.6764336823434519
0.0030140625,33.746979799549806,29.356330179153836,30.538451267510915,1.1821210883570785
0.00301484375,33.75837032657329,29.4156485617493,31.077563714557133,1.6619151528078335
0.003015625,33.76984263095293,29.474922652745192,31.5903638886928,2.1154412359476082
0.00301640625,33.782437280470575,29.534152355040685,32.07644311963557,2.5422907645948842
0.0030171875,33.79653422682721,29.593337579436483,32.53549313997701,2.9421555605405274
0.00301796875,33.812383861691096,29.652478236800697,32.967303308802485,3.314825072001787
0.00301875,33.83037118739759,29.711574238068575,33.371757550598936,3.660183312530359
0.00301953125,33.851541098210255,29.770625494242594,33.748831211958176,3.9782057177155794
0.0030203125,33.8803083908849,29.82963191639264,34.098588541820824,4.268956625428183
0.00302109375,33.978620631500924,29.88859341565611,34.42119818414541,4.532604768489299
0.003021875,33.96920776048369,0.019717494080864196,34.59118622964864,34.57146873556778
0.00302265625,34.13801437827564,1.1316044785268308e-06,34.72855217517828,34.7285510435738
0.0030234375,34.28961020986552,6.490679597901227e-11,34.75042709461923,34.750427094554325
0.00302421875,34.4375439248982,-3.072123808002952e-14,34.66120992114538,34.66120992114541
0.003025,34.58379035086781,-4.0104314058541e-14,34.465531777188,34.46553177718804
0.00302578125,34.72890842650359,-3.4087530043305926e-14,34.168179814957355,34.16817981495739
0.0030265625,34.8735126820778,-3.5799772033486766e-14,33.774076412,33.774076412000035
0.00302734375,35.01986852699616,-3.408825743697194e-14,33.288258833518476,33.28825883351851
0.003028125,35.18506389757166,-3.4038041489016975e-14,32.71586349570295,32.71586349570298
0.00302890625,35.08330671257209,29.693717057826817,32.161690312034295,2.467973254207476
0.0030296875,35.1820923149997,30.53413477058531,31.53298216239865,0.9988473918133395
0.00303046875,35.19442747317114,30.592595165847868,30.923531497957974,0.3309363321101074
0.00303125,35.19796547959502,30.6509646146286,30.33693446571881,-0.3140301489097908
0.00303203125,35.196936757665235,30.709287901035154,29.774344124049648,-0.9349437769855058
0.0030328125,35.192466271048744,30.76756493980897,29.236790971314615,-1.5307739684943558
0.00303359375,35.18499834137095,30.825795643186012,28.72518538622218,-2.100610256963833
0.003034375,35.17472036165622,30.88397992347191,28.2403195774339,-2.6436603460380073
0.00303515625,35.16162433972858,30.94211769304218,27.782869711993428,-3.159247981048755
0.0030359375,35.145347792770366,31.000208864342397,27.353398251307297,-3.646810613035099
0.00303671875,35.1243046681409,31.05825334988831,26.95235630017736,-4.1058970497109515
0.0030375,35.08816068461373,31.116251062265967,26.580083820100786,-4.536167242165182
0.00303828125,35.085323212816995,54.26376593276205,26.310322937658228,-27.95344299510382
0.0030390625,34.95388109916931,56.462182636555326,26.0745103077072,-30.387672328848126
0.00303984375,34.81889895197362,56.45801409244541,25.938098501535908,-30.519915590909502
0.003040625,34.68995242623703,56.453634120141665,25.903837064088872,-30.549797056052792
0.00304140625,34.563333419494846,56.449169122430774,25.96782232796038,-30.481346794470394
0.0030421875,34.4387162803992,56.44461911329094,26.125992211975955,-30.318626901314985
0.00304296875,34.31672530586015,56.43998409957479,26.374144882601517,-30.06583921697327
0.00304375,34.19912163271231,56.435264088262564,26.707957637557648,-29.727306450704916
0.00304453125,34.091778443841115,56.43045908646254,27.123006431122175,-29.307452655340366
0.0030453125,34.04114691327425,56.42556910141094,27.614796969515965,-28.81077213189498
0.00304609375,33.86761707011022,0.4274431472366182,27.977872637984436,27.550429490747817
0.003046875,34.05134549899006,2.4531342105505118e-05,28.403706604369898,28.40368207302779
0.00304765625,34.18556968086285,1.4078755254068896e-09,28.723964774214288,28.72396477280641
0.0030484375,34.31130271499802,8.079922763764793e-14,28.94056949242468,28.940569492424597
0.00304921875,34.4342823727103,4.637139483587262e-18,29.05689179690847,29.05689179690847
0.00305,34.55563687937691,2.6612955617195416e-22,29.076487485474832,29.076487485474832
0.00305078125,34.675335878768784,1.5273411748548822e-26,29.003079655162583,29.003079655162583
0.0030515625,34.792698988411594,8.765546743330604e-31,28.840540502809258,28.840540502809258
0.00305234375,34.90596592382068,5.030625178870995e-35,28.592873042038594,28.592873042038594
0.003053125,35.00927814929576,2.887120499305554e-39,28.26419218875202,28.26419218875202
0.00305390625,35.05624130020804,1.6569441135308452e-43,27.858694243660047,27.858694243660047
0.0030546875,35.22628302481911,55.93327375629136,27.58133474324397,-28.351939013047385
0.00305546875,35.03975417595198,56.354244839904254,27.240572204616598,-29.113672635287656
0.00305625,34.90298771556692,56.348190424694664,27.004303752494458,-29.343886672200206
0.00305703125,34.775014583306,56.342026647626426,26.87036231037528,-29.471664337251145
0.0030578125,34.65011393946372,56.335778019078035,26.83514689629959,-29.500631122778444
0.00305859375,34.527210335411915,56.329444549865975,26.89488544821898,-29.434559101646997
0.003059375,34.406546192477435,56.323026249528425,27.045652479908163,-29.27737376962026
0.00306015625,34.2898081558812,56.316523127731216,27.28338760904857,-29.033135518682645
0.0030609375,34.18689836371328,56.30993519426794,27.603916165009693,-28.70601902925825
0.00306171875,34.05336760774775,34.929690047219914,27.93491996322328,-6.9947700839966345
0.0030625,34.0395240699507,32.947079301725296,28.33565635875196,-4.611422942973334
0.00306328125,34.029992460852434,33.00336790439663,28.741150068886135,-4.262217835510498
0.0030640625,34.0163430235259,33.05972382168561,29.144349095013737,-3.915374726671871
0.00306484375,34.002483931730204,33.116029958343674,29.544243874096644,-3.571786084247032
0.003065625,33.989289403053995,33.17228622285951,29.939874020054233,-3.2324122028052784
0.00306640625,33.9770167853542,33.228492530511765,30.33032989843114,-2.898162632080627
0.0030671875,33.96570362450219,33.28464879665475,30.714753654224847,-2.569895142429903
0.00306796875,33.9552422559071,33.34075493671821,31.092339929198914,-2.2484150075192986
0.00306875,33.945320764279266,33.39681086620727,31.462336338577416,-1.934474527629854
0.00306953125,33.93511995203709,33.45281650070274,31.82404367313361,-1.628772827569128
0.0030703125,33.92185394923166,33.50877175586108,32.17681550634898,-1.3319562495121033
0.00307109375,33.88633552370188,33.56467654741475,32.52005298301104,-1.0446235644037045
0.003071875,34.14348970865416,0.862780065247786,32.74334402517756,31.880563959929773
0.00307265625,34.17725066450353,4.951571469426204e-05,32.954366371945824,32.95431685623113
0.0030734375,34.30392091486665,2.8417196257501278e-09,33.055057368467764,33.05505736562605
0.00307421875,34.43759311440058,1.2241045209103056e-13,33.046953531158465,33.046953531158344
0.003075,34.57348680214825,-4.061432902279159e-14,32.93433644790898,32.934336447909025
0.00307578125,34.71053851567844,-3.550397930906801e-14,32.72165304694319,32.721653046943224
0.0030765625,34.849371598484275,-4.0843663534331276e-14,32.413494246829295,32.41349424682934
0.00307734375,34.995811656401635,-3.390562333004302e-14,32.01457604712974,32.01457604712977
0.003078125,35.28748263589531,-3.7039505885750367e-14,31.529763345867302,31.529763345867337
0.00307890625,35.0324961974138,34.11430234907219,31.1199105301877,-2.994391818884492
0.0030796875,35.040861594453105,34.17627425199355,30.640747676549168,-3.535526575444379
0.00308046875,35.031053874853676,34.23156731558011,30.191580359764085,-4.039986955816022
0.00308125,35.01575471073798,34.28680844669425,29.77285772549017,-4.513950721204082
0.00308203125,34.997250111925794,34.34199794247271,29.384892551444928,-4.95710539102778
0.0030828125,34.97633505271554,34.39713571982287,29.02788715591585,-5.36924856390702
0.00308359375,34.953394495115546,34.452221695708246,28.701937431419708,-5.7502842642885375
0.003084375,34.92864978631376,34.50725578717039,28.40703678498697,-6.1002190021834215
0.00308515625,34.90221985265918,34.56223791132895,28.143080188428044,-6.419157722900906
0.0030859375,34.87409910625527,34.61716798538185,27.90986835387711,-6.707299631504739
0.00308671875,34.844001027816546,34.672045926605335,27.707111996729335,-6.9649339298760005
0.0030875,34.81062239212786,34.72687165235426,27.534436007645077,-7.192435644709185
0.00308828125,34.76533963223985,34.781645080062056,27.391381728072723,-7.390263351989335
0.0030890625,34.748777869468,54.17150387236332,27.33896892736832,-26.832534944994997
0.00308984375,34.62535165206412,56.006554341672214,27.319016999843964,-28.68753734182825
0.003090625,34.499920948806555,55.99685795527041,27.385630599856718,-28.61122735541369
0.00309140625,34.38064809513943,55.98697137179158,27.54038948411175,-28.446581887679834
0.0030921875,34.26471256273953,55.97700046686989,27.779321225273883,-28.197679241596006
0.00309296875,34.15254541419085,55.96694526159677,28.09834235249498,-27.86860290910179
0.00309375,34.04693933355482,55.95680577111552,28.493275712265095,-27.463530058850424
0.00309453125,33.96144010859304,55.94658201069605,28.959870430462402,-26.986711580233646
0.0030953125,34.541132743920805,55.93627399573512,29.494011493453506,-26.442262502281615
0.00309609375,33.90001905414289,0.003210232477389674,29.810616211269142,29.807405978791753
0.003096875,34.05435992451322,1.8423809493769992e-07,30.178488851953947,30.178488667715854
0.00309765625,34.18951892794865,1.0573588008141217e-11,30.43623622636399,30.43623622635342
0.0030984375,34.32025927215527,6.068276129522139e-16,30.58734605078172,30.58734605078172
0.00309921875,34.44910828164642,3.4826376018977916e-20,30.635512931139164,30.635512931139164
0.0031,34.57653791969677,1.9987166713040643e-24,30.584612772213404,30.584612772213404
0.00310078125,34.702373960821674,1.1470812610453289e-28,30.438683844257238,30.438683844257238
0.0031015625,34.82604549990443,6.5832013027782e-33,30.201907695386975,30.201907695386975
0.00310234375,34.946374073885195,3.7781577351726955e-37,29.87859019779466,29.87859019779466
0.003103125,35.060319778454065,2.1683183021945937e-41,29.473142565659852,29.473142565659852
0.00310390625,35.15425809814059,1.2444171443300374e-45,28.990060086953566,28.990060086953566
0.0031046875,34.584552314564085,7.141820587573262e-50,28.433711783452182,28.433711783452182
0.00310546875,35.23278256964553,55.79140711773385,28.088784028427384,-27.702623089306464
0.00310625,35.08737833248485,55.78312379967105,27.68737706850023,-28.095746731170824
0.00310703125,34.961111553048426,55.77155408422847,27.390789447619422,-28.380764636609047
0.0031078125,34.839361419872766,55.7599001940454,27.19582754737841,-28.56407264666699
0.00310859375,34.71993723377798,55.74816233044979,27.099095075823143,-28.649067254626644
0.003109375,34.60358143511987,55.7363405111292,27.09701777287053,-28.63932273825867
0.00311015625,34.498288818533204,55.72443475388707,27.18586332123178,-28.53857143265529
0.0031109375,34.36720466858141,38.03391626680259,27.305476071543843,-10.728440195258749
0.00311171875,34.3347376670366,36.400219860399865,27.504522192571898,-8.89569766782797
0.0031125,34.305466378802514,36.45323472003131,27.728811362011463,-8.724423358019846
0.00311328125,34.272495077193994,36.50629148675476,27.97204891935899,-8.534242567395772
0.0031140625,34.23915339118883,36.55929328121866,28.232890807422635,-8.326402473796023
0.00311484375,34.20627801034165,36.6122400180479,28.509989013100153,-8.102251004947746
0.003115625,34.174219970250356,36.66513161750535,28.801996375801696,-7.863135241703656
0.00311640625,34.14319179809577,36.717967999937166,29.10757094080333,-7.6103970591338355
0.0031171875,34.11337237394405,36.77074908577279,29.42538004702005,-7.345369038752745
0.00311796875,34.0849680230773,36.82347479552482,29.7541042117357,-7.069370583789118
0.00311875,34.058298920343645,36.87614504978926,30.092440831559255,-6.783704218230003
0.00311953125,34.03402421719786,36.92875976924569,30.439107735862855,-6.489652033382834
0.0031203125,34.01400937904041,36.98131887465729,30.792846769388415,-6.188472105268876
0.00312109375,34.0071389714981,37.033822286871,31.152428943361915,-5.881393343509085
0.003121875,34.44106591398956,37.086269926817614,31.51678534411611,-5.569484582701505
0.00312265625,34.06527297946465,0.0021284139910963664,31.69839043995408,31.696262025962984
0.0031234375,34.216293549636774,1.2215152959450853e-07,31.877238346797967,31.877238224646437
0.00312421875,34.35383860073243,6.972904688898251e-12,31.947968275033684,31.94796827502671
0.003125,34.48726294849657,-4.0581267000494756e-14,31.914583931073658,31.914583931073697
0.00312578125,34.617355662947055,-3.248910420673013e-14,31.781265827827195,31.781265827827227
0.0031265625,34.74178820701095,-4.694001158387297e-14,31.552346803280397,31.552346803280443
0.00312734375,34.84491172234279,-3.760817323017979e-14,31.23228860256288,31.232288602562917
0.003128125,34.99747097004117,34.24069231908052,30.934672819620367,-3.3060194994601577
0.00312890625,34.95947453805248,37.555588654983524,30.562848367224397,-6.992740287759128
0.0031296875,34.91523871346653,37.6076615058318,30.218594789535615,-7.3890667162961865
0.00313046875,34.87832250609829,37.6594904671278,29.911304442120603,-7.748186025007199
0.00313125,34.84256354357935,37.71126270316513,29.64066847833152,-8.070594224833611
0.00313203125,34.806632319383105,37.76297814672174,29.40627472285832,-8.356703423863424
0.0031328125,34.770148945917114,37.81463671991571,29.207612292208232,-8.60702442770748
0.00313359375,34.733019725789994,37.866238344950176,29.044076861554736,-8.82216148339544
0.003134375,34.69525499281863,37.91778294411402,28.91497617874985,-9.002806765364173
0.00313515625,34.6568997796894,37.96927043978201,28.819535678125096,-9.149734761656912
0.0031359375,34.61799212206568,38.02070075441489,28.756904144334356,-9.263796610080531
0.00313671875,34.57850905199125,38.07207381055958,28.72615939262441,-9.345914417935168
0.0031375,34.53822599182529,38.12338953084911,28.726313920187984,-9.397075610661128
0.00313828125,34.496122868998235,38.174647838003,28.756320379269106,-9.41832745873389
0.0031390625,34.44534525188579,38.225848654827146,28.815075424791047,-9.410773230036098
0.00313984375,34.41850048894337,53.73474347344145,28.95063840917426,-24.784105064267187
0.003140625,34.307252315534875,55.19475788570993,29.115729993788,-26.079027891921932
0.00314140625,34.195741491440195,55.17959532022969,29.352909526022028,-25.82668579420766
0.0031421875,34.09107686855187,55.16426499832876,29.662721429208332,-25.50154356912043
0.00314296875,33.99270357616876,55.148851595183146,30.04129197464599,-25.107559620537156
0.00314375,33.90847970183299,55.13335513886342,30.484683378122284,-24.648671760741138
0.00314453125,33.95269713118176,55.117775652707216,30.988943793302475,-24.12883185940474
0.0031453125,33.79831896585505,0.036340684466963306,31.318705576935855,31.28236489246889
0.00314609375,33.973127951625166,2.0856241789596314e-06,31.690676455375186,31.690674369751008
0.003146875,34.11683814702909,1.196958252070181e-10,31.947654441865353,31.94765444174566
0.00314765625,34.25461445320958,6.869449787034875e-15,32.09323000044343,32.09323000044342
0.0031484375,34.39015627835834,3.9424382842908594e-19,32.131302138824324,32.131302138824324
0.00314921875,34.5242402157808,2.262600369359588e-23,32.065957355931076,32.065957355931076
0.00315,34.65688333497523,1.2985264605979705e-27,31.90145003934154,31.90145003934154
0.00315078125,34.787805614470855,7.452358762543429e-32,31.642182549029684,31.642182549029684
0.0031515625,34.916527707798075,4.2769749258773505e-36,31.292685490831744,31.292685490831744
0.00315234375,35.042288779252296,2.4545939211252465e-40,30.857598292941073,30.857598292941073
0.003153125,35.16362910992304,1.4087132662787538e-44,30.34165007651471,30.34165007651471
0.00315390625,35.27647626994956,8.084730633081758e-49,29.749640448756487,29.749640448756487
0.0031546875,35.35780710189865,4.6398987625177e-53,29.086415628512412,29.086415628512412
0.00315546875,35.51163068727645,50.11297377286297,28.516394064030095,-21.596579708832877
0.00315625,35.38650774330253,54.873861818964144,27.89583095121677,-26.978030867747375
0.00315703125,35.25288955090657,54.85723132826119,27.371626988039992,-27.4856043402212
0.0031578125,35.13116714366457,54.8402440422672,26.955113107508563,-27.88513093475864
0.00315859375,35.01356109555271,54.82317415212123,26.643340567934494,-28.17983358418674
0.003159375,34.904622017748906,54.806021699264875,26.43314692113482,-28.372874778130054
0.00316015625,34.77486009600002,40.91091774108028,26.27699013970343,-14.633927601376854
0.0031609375,34.721864973900004,39.6358958112017,26.212732633506878,-13.423163177694821
0.00316171875,34.670651039345834,39.68532020290244,26.197357652125014,-13.487962550777423
0.0031625,34.615837703626134,39.73476084380534,26.22541733042106,-13.509343513384279
0.00316328125,34.56009768735929,39.78414164923906,26.295280321140208,-13.488861328098853
0.0031640625,34.504150215922074,39.833462540474684,26.4052459003481,-13.428216640126585
0.00316484375,34.44832559624434,39.88272344323559,26.553552369742192,-13.329171073493399
0.003165625,34.392825583384585,39.93192428333576,26.738385115717854,-13.193539167617907
0.00316640625,34.33778708486711,39.981064986679634,26.957884456637977,-13.023180530041655
0.0031671875,34.283294109818094,40.03014547926216,27.210153308820814,-12.819992170441346
0.00316796875,34.229362763801056,40.07916568716906,27.493264661824533,-12.585901025344528
0.00316875,34.17588838048175,40.12812553657672,27.805268842421107,-12.322856694155613
0.00316953125,34.122491321801874,40.17702495375252,28.144200529239995,-12.032824424512524
0.0031703125,34.0679765264667,40.225863865054805,28.508085402196926,-11.717778462857877
0.00317109375,34.00751503320859,40.2746421969331,28.894945736455995,-11.379696460477108
0.003171875,33.8909066397885,40.32335987592812,29.302791889087402,-11.020567986840717
0.00317265625,34.153731633092235,0.09016336392027012,29.574040057470427,29.483876693550158
0.0031734375,34.22900373595257,5.174555556865767e-06,29.855878951203554,29.855873776647996
0.00317421875,34.34129439330069,2.969311932430282e-10,30.032246218527394,30.032246218230462
0.003175,34.458675689618325,-2.4376292694492016e-14,30.10644523526094,30.106445235260963
0.00317578125,34.57592062411305,-3.748155439321561e-14,30.082237100533487,30.082237100533526
0.0031765625,34.687524349134556,-4.2184109051091115e-14,29.96354770588684,29.96354770588688
0.00317734375,34.759381411640184,-4.06798093275105e-14,29.75443871515663,29.75443871515667
0.003178125,34.920416802918126,40.402678932742134,29.604051780856977,-10.798627151885155
0.00317890625,34.82428640491154,40.759059842055485,29.37540275987474,-11.383657082180747
0.0031796875,34.76392114084339,40.807184660689956,29.19100055912539,-11.616184101564567
0.00318046875,34.70952617315784,40.85523033687363,29.050711567067285,-11.804518769806347
0.00318125,34.65674350436644,40.9032144848036,28.95340547001861,-11.94980901478499
0.00318203125,34.60450674015643,40.95113703323173,28.897860662921307,-12.053276370310424
0.0031828125,34.5524979484678,40.99899790998756,28.882770920080066,-12.116226989907492
0.00318359375,34.500641865041224,41.046797042993475,28.906752685084378,-12.140044357909098
0.003184375,34.44895569557235,41.09453436026487,28.968352436726306,-12.126181923538565
0.00318515625,34.39749072256002,41.142209789910154,29.066054018457308,-12.076155771452848
0.0031859375,34.34630168818014,41.189823260131035,29.198285888581882,-11.991537371549153
0.00318671875,34.295420555717286,41.23737469922247,29.363428263476226,-11.873946435746245
0.0031875,34.244814301613914,41.284864035572824,29.55982012819456,-11.725043907378264
0.00318828125,34.1942728847554,41.3322911976641,29.785766077943542,-11.546525119720556
0.0031890625,34.142952256644534,41.37965611407177,30.039542875819464,-11.340113238252307
0.00318984375,34.085598250202054,41.426958713465154,30.31940464643852,-11.107554067026634
0.003190625,34.04619726341328,52.95626227069651,30.6601450574759,-22.29611721322061
0.00319140625,33.943554535535235,54.0319558082014,31.025692002024797,-23.006263806176605
0.0031921875,33.838695189766106,54.01142348848312,31.446798647381282,-22.564624841101836
0.00319296875,33.73190609331982,53.990746919830926,31.92298365994511,-22.067763259885815
0.00319375,33.590487438058766,53.96998903847921,32.45050382973332,-21.519485208745888
0.00319453125,33.91929636841834,1.3855228505155823,32.84930056012514,31.463777709609555
0.0031953125,33.89021593537799,7.951638775993138e-05,33.28961248436343,33.289532967975674
0.00319609375,34.01071066466806,4.563516162894679e-09,33.61104971512729,33.61104971056377
0.003196875,34.14283327877535,2.619042483654558e-13,33.81329130706837,33.813291307068106
0.00319765625,34.27872647862012,1.5030917578336066e-17,33.90035751882852,33.90035751882852
0.0031984375,34.416035374015784,8.626377183904103e-22,33.87647865008382,33.87647865008382
0.00319921875,34.55358618378077,4.950754531861322e-26,33.74607177500874,33.74607177500874
0.0032,34.69058321240052,2.8412820251447384e-30,33.513719159081,33.513719159081
0.00320078125,34.82637106362176,1.6306370058253418e-34,33.18414718059821,33.18414718059821
0.0032015625,34.96032606164206,9.358370697578267e-39,32.76220566141013,32.76220566141013
0.00320234375,35.09175665426972,5.37085211487419e-43,32.25284761625324,32.25284761625324
0.003203125,35.21970927018338,3.082379761608852e-47,31.661109431912447,31.661109431912447
0.00320390625,35.3423592220731,1.7690051395128385e-51,30.992091406376165,30.992091406376165
0.0032046875,35.454066998771545,1.0152477714132972e-55,30.250938001950626,30.250938001950626
0.00320546875,35.51068082600428,5.826597189217416e-60,29.442807338939236,29.442807338939236
0.00320625,35.68309200616235,53.220487596113315,28.76381690337866,-24.456670692734654
0.00320703125,35.515009001600724,53.60467221024507,28.032684408898664,-25.571987801346406
0.0032078125,35.39391082198159,53.58247954840017,27.410129657869692,-26.17234989053048
0.00320859375,35.285330730667475,53.560182874589415,26.894943945902135,-26.66523892868728
0.003209375,35.16271366869239,43.543506497017276,26.452671005513697,-17.09083549150358
0.00321015625,35.095217350997565,42.634776364247,26.110338046639516,-16.524438317607487
0.0032109375,35.02841716085379,42.680315013537864,25.836558548772047,-16.843756464765818
0.00321171875,34.958365144880524,42.72584415706407,25.62696757105976,-17.098876586004305
0.0032125,34.88702921148938,42.771308959384385,25.479862881820218,-17.291446077564167
0.00321328125,34.815021235129635,42.81670934888657,25.39341015651186,-17.42329919237471
0.0032140625,34.742702600757745,42.862045257198254,25.36565416957068,-17.496391087627575
0.00321484375,34.67036493973196,42.9073166160444,25.39452978696442,-17.512786829079978
0.003215625,34.59827800553139,42.952523357247166,25.477872833948002,-17.474650523299164
0.00321640625,34.52670948835059,42.99766541272598,25.61343084266308,-17.384234570062898
0.0032171875,34.45594128789428,43.04274271449775,25.798873658325768,-17.24386905617198
0.00321796875,34.38629496798511,43.08775519467686,26.03180388033306,-17.055951314343798
0.00321875,34.31818701569575,43.13270278547534,26.309767119109566,-16.822935666365773
0.00321953125,34.25227539753365,43.17758541920291,26.63026206576203,-16.547323353440884
0.0032203125,34.189949184538726,43.22240302826716,26.990750441286806,-16.231652586980353
0.00322109375,34.13571098997452,43.267155545173566,27.388667358627213,-15.878488186546353
0.003221875,34.12522729070025,43.31184290252567,27.821440572392092,-15.490402330133577
0.00322265625,34.020766395417084,0.3282856345787563,28.132115406930044,27.80382977235129
0.0032234375,34.190999928083485,1.884060428834006e-05,28.468599156575667,28.46858031597138
0.00322421875,34.32385541062916,1.0812411083514949e-09,28.702521951646652,28.702521950565412
0.003225,34.451319419437596,1.9427548076601232e-14,28.836239039371982,28.836239039371964
0.00322578125,34.57917537734902,-3.570505589506221e-14,28.873249567800617,28.873249567800652
0.0032265625,34.71362942705004,-3.645254678090278e-14,28.817222860116793,28.81722286011683
0.00322734375,34.909157820071435,-4.246563484685249e-14,28.671997078485717,28.67199707848576
0.003228125,34.69451619597219,43.56945407157647,28.609850094676034,-14.95960397690044
0.00322890625,34.6827254149564,43.711080269427924,28.473510117092484,-15.23757015233544
0.0032296875,34.63048391927496,43.75511794330419,28.39059624137947,-15.364521701924724
0.00323046875,34.57164952741153,43.79908412584937,28.35970638527747,-15.4393777405719
0.00323125,34.51044334440166,43.842984347444215,28.379043429025156,-15.463940918419059
0.00323203125,34.44822343160584,43.88681854229694,28.446720095296563,-15.440098447000379
0.0032328125,34.38564244749617,43.93058664439407,28.560769181753194,-15.369817462640874
0.00323359375,34.323103701206016,43.97428858782163,28.719153077592253,-15.25513551022938
0.003234375,34.26089934590339,44.01792430676528,28.919773027305162,-15.09815127946012
0.00323515625,34.19926227107889,44.061493735510425,29.160478197735863,-14.901015537774564
0.0032359375,34.13838878153369,44.104996808442294,29.439074546013323,-14.665922262428973
0.00323671875,34.07845033489539,44.148433460046036,29.753333473994456,-14.39509998605158
0.0032375,34.019602748471605,44.19180362490685,30.10100025292452,-14.090803371982332
0.00323828125,33.962002844290616,44.23510723771005,30.479802204093552,-13.755305033616494
0.0032390625,33.90586690733123,44.27834423324118,30.887456631484234,-13.390887601756942
0.00323984375,33.85178148385506,44.321514546386084,31.32167856697437,-12.999835979411712
0.003240625,33.80409202093794,44.36461811213106,31.78018932612957,-12.584428786001492
0.00324140625,33.68576400488941,52.341539959937464,32.28733532134368,-20.05420463859378
0.0032421875,33.61883078124097,52.525571560132164,32.81434816252017,-19.711223397611995
0.00324296875,33.51053255871826,52.49977133528219,33.38263343468176,-19.117137900600433
0.00324375,34.54376874836176,15.481939551222327,33.87638450761549,18.394444956393166
0.00324453125,33.753839852947394,0.0008885222702553816,34.34319263325104,34.342304110980784
0.0032453125,33.87378889992336,5.0993082754766805e-08,34.72676103044038,34.7267609794473
0.00324609375,34.01012971581461,2.9265383388613442e-12,34.985166932937474,34.98516693293455
0.003246875,34.151154170089,1.6795663619738114e-16,35.12248241591206,35.12248241591206
0.00324765625,34.29395943048808,9.639180621059332e-21,35.14300967879795,35.14300967879795
0.0032484375,34.43723682668863,5.532011425628594e-25,35.05125355244872,35.05125355244872
0.00324921875,34.58015453406723,3.1748705223372056e-29,34.851898914688526,34.851898914688526
0.00325,34.72206530585992,1.8220864090967363e-33,34.54978868757556,34.54978868757556
0.00325078125,34.8624008704227,1.0457115837816895e-37,34.149902255090616,34.149902255090616
0.0032515625,35.00061658269842,6.00143171583886e-42,33.65733430853636,33.65733430853636
0.00325234375,35.13613905088288,3.4442749988122714e-46,33.07727415415517,33.07727415415517
0.003253125,35.26827450062032,1.9767000324496892e-50,32.41498551556078,32.41498551556078
0.00325390625,35.39597121209666,1.1344457163362438e-54,31.675786837036465,31.675786837036465
0.0032546875,35.516978547654354,6.510684788722031e-59,30.865031964808963,30.865031964808963
0.00325546875,35.6231505898655,3.736539863272977e-63,29.988090078597835,29.988090078597835
0.00325625,35.606186730540344,2.1444334356368925e-67,29.050294686884843,29.050294686884843
0.00325703125,35.77444332324721,51.987353706288566,28.27541113102862,-23.711942575259947
0.0032578125,35.62737271474946,51.99435928342032,27.46028864570087,-24.534070637719452
0.00325859375,35.65182314357976,47.29583832041687,26.740519006895454,-20.555319313521416
0.003259375,35.44925647601109,45.37902460116822,26.120747899137132,-19.258276702031086
0.00326015625,35.36139555191497,45.42032625983046,25.591923238699007,-19.828403021131454
0.0032609375,35.274457969974975,45.46167189820609,25.146733308863542,-20.31493858934255
0.00326171875,35.186875822785325,45.50294907857513,24.783447651376463,-20.719501427198665
0.0032625,35.09843640285274,45.54415773232555,24.50014425053134,-21.044013481794213
0.00326328125,35.0092245090586,45.585297797397516,24.294722466772196,-21.29057533062532
0.0032640625,34.919424086654914,45.62636921183483,24.164916625718597,-21.46145258611623
0.00326484375,34.829254856895616,45.66737191378466,24.108309642883864,-21.5590622709008
0.003265625,34.73894436893826,45.708305841497705,24.122346606971732,-21.585959234525973
0.00326640625,34.64871069365592,45.74917093332821,24.20434827214816,-21.54482266118005
0.0032671875,34.55874562985729,45.78996712773406,24.351524416636572,-21.438442711097487
0.00326796875,34.46918924241152,45.83069436327692,24.56098702723608,-21.269707336040838
0.00326875,34.380077323297535,45.87135257862236,24.829763268057317,-21.04158931056504
0.00326953125,34.291206436024666,45.911941712539786,25.154808180621668,-20.757133531918118
0.0032703125,34.201696978837646,45.952461703902756,25.53301700584721,-20.419444698055546
0.00327109375,34.107984562386505,45.99291249168883,25.961236644501934,-20.031675847186893
0.003271875,33.98403435940322,46.03329401497987,26.43627042894246,-19.597023586037412
0.00327265625,34.26163827479896,1.182703468892312,26.804336077677004,25.62163260878469
0.0032734375,34.23390025886655,6.787640315282624e-05,27.21057714717712,27.210509270773965
0.00327421875,34.33466875991213,3.895443433711421e-09,27.517981733834652,27.51798172993921
0.003275,34.44692851706327,1.824495827795308e-13,27.72606821345131,27.72606821345113
0.00327578125,34.565986228355065,-3.7599285709012835e-14,27.838061567190092,27.83806156719013
0.0032765625,34.69857286509409,-4.306496193641467e-14,27.85736955070862,27.85736955070866
0.00327734375,35.03143000951908,-4.39784764970788e-14,27.78762276911356,27.787622769113604
0.003278125,34.62421249439415,46.344834947651,27.844419771008667,-18.500415176642335
0.00327890625,34.577772220092065,46.39360030541601,27.82869615499022,-18.56490415042579
0.0032796875,34.50960414846019,46.433286373340344,27.872484939268094,-18.56080143407225
0.00328046875,34.436998948326554,46.47290199651582,27.97347509635505,-18.499426900160774
0.00328125,34.363120825292185,46.512447632311094,28.129234387902702,-18.38321324440839
0.00328203125,34.28911072461073,46.551923221200795,28.337251138208302,-18.214672082992493
0.0032828125,34.21556004605701,46.591328703735435,28.594945791818486,-17.99638291191695
0.00328359375,34.14285758013596,46.63066402057103,28.899681865722798,-17.730982154848235
0.003284375,34.071301459092425,46.66992911246932,29.248776576872817,-17.4211525355965
0.00328515625,34.001144004266756,46.7091239202978,29.639511178851187,-17.069612741446612
0.0032859375,33.93261399781984,46.748248385029804,30.069141000844873,-16.67910738418493
0.00328671875,33.865931814324135,46.78730244774458,30.53490517381381,-16.252397273930768
0.0032875,33.80132540273815,46.82628604962741,31.034036027961942,-15.79225002166547
0.00328828125,33.739055714016516,46.86519913196969,31.563768147633795,-15.301430984335894
0.0032890625,33.67946985238813,46.90404163616904,32.121347074978324,-14.782694561190716
0.00328984375,33.62313830747917,46.94281350372934,32.704037669049455,-14.238775834679883
0.003290625,33.57131693452309,46.98151467626087,33.309132194619714,-13.672382481641158
0.00329140625,33.52870933883537,47.02014509548034,33.93395883757586,-13.08618625790448
0.0032921875,33.47339691296019,50.621328277765116,34.58784323427084,-16.033485043494274
0.00329296875,34.045894303190266,50.685111775982826,35.2563275816826,-15.428784194300228
0.00329375,33.50277268962207,0.0029088636106829684,35.6932095196648,35.69030065605411
0.00329453125,33.680302862653576,1.669422678389956e-07,36.14313819254221,36.143138025599946
0.0032953125,33.84069621244866,9.580965119462389e-12,36.46080928623004,36.46080928622046
0.00329609375,33.997377729382336,5.498601031877971e-16,36.650386972152624,36.650386972152624
0.003296875,34.15263131483878,3.155696000432368e-20,36.71628340598332,36.71628340598332
0.00329765625,34.30689864389874,1.8110819805640055e-24,36.663129819635024,36.663129819635024
0.0032984375,34.46011354298641,1.0393960444460555e-28,36.49575369127083,36.49575369127083
0.00329921875,34.61203642743138,5.96518627430475e-33,36.219155860846605,36.219155860846605
0.0033,34.76236825359725,3.4234734177883013e-37,35.83848791939348,35.83848791939348
0.00330078125,34.91080005607083,1.9647618202281722e-41,35.35902998405654,35.35902998405654
0.0033015625,35.05704225930111,1.1275942702427112e-45,34.786168928802816,34.786168928802816
0.00330234375,35.2008523268343,6.47136373067619e-50,34.125377128265846,34.125377128265846
0.003303125,35.34207759868263,3.713973158598707e-54,33.38219176803883,33.38219176803883
0.00330390625,35.48074896632388,2.131482203265117e-58,32.56219477782189,32.56219477782189
0.0033046875,35.61734363356353,1.2232765797774605e-62,31.6709934696955,31.6709934696955
0.00330546875,35.75376462846534,7.020493008760612e-67,30.714202113765705,30.714202113765705
0.00330625,35.89929044556527,4.0291233316199854e-71,29.697426007888545,29.697426007888545
0.00330703125,36.257273996728145,2.3123496884260026e-75,28.626308456047617,28.626308456047617
0.0033078125,35.83751038539335,50.07593175215413,27.735385819264938,-22.340545932889196
0.00330859375,35.754058139935935,47.852126878006665,26.79942908193511,-21.052697796071556
0.003309375,35.67561206593389,47.888984378034394,25.973304916541338,-21.915679461493056
0.00331015625,35.587929195312135,47.92589950367578,25.2490636622397,-22.67683584143608
0.0033109375,35.49525535813937,47.96274246122483,24.62513372281588,-23.337608738408946
0.00331171875,35.39914528451426,47.99951318775092,24.099686060662286,-23.899827127088635
0.0033125,35.30047306636643,48.03621162787764,23.670650360870024,-24.365561267007617
0.00331328125,35.1998680153663,48.07283772633776,23.335731182686818,-24.737106543650942
0.0033140625,35.09785111719017,48.109391427973044,23.092424095415474,-25.01696733255757
0.00331484375,34.99488855767273,48.145872677734275,22.93803181882423,-25.207840858910046
0.003315625,34.89141748952743,48.18228142068134,22.869680334726215,-25.312601085955126
0.00331640625,34.78786258502194,48.218617601983354,22.884334925846513,-25.33428267613684
0.0033171875,34.6846523964938,48.25488116691867,22.97881609699377,-25.2760650699249
0.00331796875,34.582244278600314,48.29107206087502,23.149815335747597,-25.14125672512742
0.00331875,34.481175180670945,48.327190229349554,23.393910675244953,-24.9332795541046
0.00331953125,34.38218870632765,48.36323561794899,23.707582035814635,-24.655653582134352
0.0033203125,34.2866306125418,48.39920817238961,24.08722637525596,-24.311981797133654
0.00332109375,34.19815728102098,48.4351078384974,24.529172985096707,-23.905934853400694
0.003321875,34.13718885832675,48.47093456220811,25.029702993751428,-23.44123156845668
0.00332265625,34.01213823050372,4.221165578511929,25.44407348561997,21.22290790710804
0.0033234375,34.133575101334856,0.00024225644403106899,25.899665517321644,25.89942326087761
0.00332421875,34.26314416584203,1.3903270447151385e-08,26.26718765343852,26.267187639535248
0.003325,34.38385468655137,7.553400732098017e-13,26.5370006851458,26.537000685145042
0.00332578125,34.50557672605259,-4.124088025097912e-14,26.712075058836977,26.71207505883702
0.0033265625,34.63900850714989,-4.07153745341851e-14,26.79556672513468,26.79556672513472
0.00332734375,34.981911504313175,-4.258563931014185e-14,26.7908633224974,26.790863322497444
0.003328125,34.54577817387875,48.745437656430646,26.924304007758813,-21.821133648671832
0.00332890625,34.48888436374231,48.79008325760581,26.98605232106904,-21.80403093653677
0.0033296875,34.409080567000345,48.82517815195701,27.11455020975198,-21.710627942205033
0.00333046875,34.324669475988586,48.86019897256565,27.306921791948056,-21.55327718061759
0.00333125,34.23905235281633,48.89514621056642,27.560169332691355,-21.334976877875068
0.00333203125,34.15347501133934,48.93001981336063,27.871218363106127,-21.058801450254503
0.0033328125,34.06858525479551,48.964819728429276,28.236930944730602,-20.727888783698674
0.00333359375,33.98480090905078,48.99954590336431,28.65411822715446,-20.345427676209848
0.003334375,33.90242773252051,49.03419828586874,29.119552594084638,-19.914645691784102
0.00333515625,33.821703851030826,49.0687768237567,29.629979433067277,-19.438797390689423
0.0033359375,33.74281650168667,49.103281464953554,30.18212852115575,-18.921152943797804
0.00333671875,33.66590446039306,49.1377121574959,30.772725009707813,-18.364987147788085
0.0033375,33.591047702144145,49.17206884953179,31.398499989466895,-17.773568860064895
0.00333828125,33.5182359924858,49.2063514893206,32.056200615678456,-17.150150873642147
0.0033390625,33.447286141875814,49.24056002523336,32.74259976722186,-16.497960258011496
0.00333984375,33.37759770503077,49.27469440575259,33.454505187219816,-15.820189218532773
0.003340625,33.30722776192058,49.30875457947254,34.18876790823127,-15.119986671241271
0.00334140625,33.22722038980472,49.34274049509924,34.94228849659203,-14.400451998507211
0.0033421875,32.94147021212165,49.37665210145046,35.71196281455302,-13.66468928689744
0.00334296875,33.43283707033615,0.015647529864243587,36.269775085655716,36.25412755579147
0.00334375,33.553446988600406,8.980256454863183e-07,36.82841261041196,36.82841171238631
0.00334453125,33.6981088807347,5.1538489905294914e-11,37.24841379431503,37.24841379426349
0.0033453125,33.84893780353336,2.957839739955014e-15,37.53382175714484,37.53382175714484
0.00334609375,34.00237322332254,1.6975305142493745e-19,37.68899712253425,37.68899712253425
0.003346875,34.156928878402084,9.742278487513902e-24,37.71854366617608,37.71854366617608
0.00334765625,34.311695389021516,5.591180207458304e-28,37.627283705919886,37.627283705919886
0.0033484375,34.465985063217836,3.208828012085594e-32,37.420234136267155,37.420234136267155
0.00334921875,34.61921693127776,1.84157491425695e-36,37.10258286186533,37.10258286186533
0.00335,34.7708709663386,1.0568962100951734e-40,36.67966563328649,36.67966563328649
0.00335078125,34.92046603170162,6.065621280273832e-45,36.15694332797145,36.15694332797145
0.0033515625,35.06754603729787,3.481113960319494e-49,35.539979725891335,35.539979725891335
0.00335234375,35.211666936597034,1.9978422398610752e-53,34.83441982858572,34.83441982858572
0.003353125,35.352378004668616,1.14657941706878e-57,34.04596876677086,34.04596876677086
0.00335390625,35.48918555618685,6.580321175595931e-62,33.18037133608846,33.18037133608846
0.0033546875,35.62146725829884,3.776504804585964e-66,32.243392189706626,32.243392189706626
0.00335546875,35.74822830368844,2.1673696706406228e-70,31.240796685333773,31.240796685333773
0.00335625,35.86723307458039,1.2438727162503502e-74,30.178332252677333,30.178332252677333
0.00335703125,35.97538634093825,7.138696066438463e-79,29.06171087186856,29.06171087186856
0.0033578125,35.47727065000205,2.170586206548504,27.90629813570087,25.735711929152366
0.00335859375,36.0376542018661,50.06879371857748,26.94860725726135,-23.12018646131613
0.003359375,35.91336096148857,50.103804863797386,25.96637210852844,-24.137432755268946
0.00336015625,35.80240827098775,50.135993646542666,25.09917153028122,-25.036822116261444
0.0033609375,35.69234979008654,50.16810676774015,24.345360462251467,-25.822746305488682
0.00336171875,35.5811056724446,50.20014433666643,23.702993887100387,-26.497150449566046
0.0033625,35.46830025312688,50.232106305082574,23.169849695730658,-27.062256609351916
0.00336328125,35.354033733368375,50.26399262485442,22.743446179976367,-27.52054644487805
0.0033640625,35.23857920328352,50.29580324796174,22.42105996536947,-27.874743282592274
0.00336484375,35.122283574028714,50.327538126498354,22.199744075319956,-28.127794051178398
0.003365625,35.00553037720214,50.35919721267203,22.07634601791525,-28.28285119475678
0.00336640625,34.88872708872808,50.390780458804834,22.04752582495344,-28.343254633851394
0.0033671875,34.77230686818577,50.42228781733292,22.109773984685898,-28.312513832647024
0.00336796875,34.656746137956134,50.453719240806805,22.259429216286684,-28.19429002452012
0.00336875,34.542612690925914,50.48507468189132,22.492696041340196,-27.992378640551124
0.00336953125,34.43069533356198,50.516354093365734,22.805662123213466,-27.71069197015227
0.0033703125,34.32241487668747,50.54755742812381,23.194315401010122,-27.353242027113687
0.00337109375,34.221606538601854,50.578684639173915,23.654561366190418,-26.924123272983497
0.003371875,34.14960832448677,50.60973567963899,24.182244717657497,-26.42749096198149
0.00337265625,34.010798159290296,4.407011401744737,24.6259729736329,20.218961571888165
0.0033734375,34.12945577039221,0.00025292230099452096,25.118465133432295,25.1182122111313
0.00337421875,34.25673371184483,1.4515398049799764e-08,25.524446222113642,25.524446207598245
0.003375,34.37491098567874,7.949969812753167e-13,25.833569237345724,25.83356923734493
0.00337578125,34.494310272156,-4.254654402094189e-14,26.048646743946822,26.048646743946865
0.0033765625,34.626112722632556,-4.3674386890929034e-14,26.172680842253794,26.172680842253836
0.00337734375,34.976638533570004,-4.263592685310197e-14,26.208912422654656,26.2089124226547
0.003378125,34.514754399961205,50.84550853255551,26.393141744858173,-24.45236678769734
0.00337890625,34.4487340583536,50.88575912216343,26.506168342760283,-24.379590779403145
0.0033796875,34.35910601488487,50.91604647124757,26.692101935924143,-24.223944535323426
0.00338046875,34.26498342856987,50.94625657428468,26.9476296465931,-23.998626927691582
0.00338125,34.169935903817525,50.976389953147574,27.269314327144798,-23.707075626002776
0.00338203125,34.07528686856526,51.0064465624884,27.653642500353882,-23.352804062134517
0.0033828125,33.981739771169956,51.03642635704253,28.09703902310263,-22.939387333939898
0.00338359375,33.88976436651725,51.06632929166089,28.59588096645436,-22.470448325206533
0.003384375,33.799723551921936,51.09615532131022,29.146511019523704,-21.949644301786517
0.00338515625,33.71192622641697,51.12590440107306,29.745250453850165,-21.380653947222893
0.0033859375,33.62665639818366,51.155576486147815,30.38841164080891,-20.767164845338904
0.00338671875,33.544197963138025,51.18517153184888,31.0723101063262,-20.11286142552268
0.0033875,33.464870140109234,51.21468949360663,31.79327610802035,-19.421413385586277
0.00338828125,33.38910191415209,51.244130326967564,32.547665726999064,-18.6964645999685
0.0033890625,33.31763549902325,51.27349398759432,33.33187149084452,-17.9416224967498
0.00338984375,33.2522593677273,51.30278043126576,34.14233265760528,-17.160447773660483
0.003390625,33.19994327977595,51.33198961387701,34.97554617855465,-16.35644343532236
0.00339140625,33.25640360607114,51.36112149143959,35.82810513778338,-15.533016353656206
0.0033921875,33.14668548571722,5.249045598660453,36.5027850257298,31.253739427069345
0.00339296875,33.30663079260167,5.2877032162982,37.18139140306126,31.893688186763065
0.00339375,33.4918153718463,0.011875920868289173,37.711776480086975,37.69990055921868
0.00339453125,33.64817295192289,6.815696532307191e-07,38.11685949136118,38.11685880979153
0.0033953125,33.80858820658869,3.9115888136762496e-11,38.385211027973554,38.38521102793444
0.00339609375,33.96947611752687,2.2448955840024426e-15,38.52129600162506,38.52129600162506
0.003396875,34.13025078621009,1.2883655269320893e-19,38.52985863255393,38.52985863255393
0.00339765625,34.290471763476376,7.394044261192658e-24,38.41586205574093,38.41586205574093
0.0033984375,34.44970988655036,4.243507715288152e-28,38.184463964368305,38.184463964368305
0.00339921875,34.60754175121061,2.4353867915317967e-32,37.84099263296644,37.84099263296644
0.0034,34.76355556143037,1.3976901239037315e-36,37.39092334150626,37.39092334150626
0.00340078125,34.917356511301406,8.021467839321337e-41,36.8398552556604,36.8398552556604
0.0034015625,35.0685708141163,4.603591682937178e-45,36.193488818426346,36.193488818426346
0.00340234375,35.21684845567247,2.6420421807739132e-49,35.45760370483086,35.45760370483086
0.003403125,35.36186348248679,1.51629148841779e-53,34.638037387171686,34.638037387171686
0.00340390625,35.503304441741584,8.702131610838886e-58,33.74066435222392,33.74066435222392
0.0034046875,35.64081166445998,4.994230670738686e-62,32.77137599517952,32.77137599517952
0.00340546875,35.77349670017885,2.866233367636063e-66,31.73606109609803,31.73606109609803
0.00340625,35.888509844989485,1.6449568030335415e-70,30.640583197997092,30.640583197997092
0.00340703125,36.02639148055548,6.526128300176186,29.51815846370832,22.992030163532135
0.0034078125,36.13928138684894,6.599350914084398,28.348701350316347,21.74935043623195
0.00340859375,35.265800540139296,38.61216308863782,27.25357521391242,-11.358587874725401
0.003409375,35.964117516655556,52.008951724712595,26.193503026444514,-25.81544869826808
0.00341015625,35.87389415269998,52.03698267264974,25.218860966855395,-26.818121705794347
0.0034109375,35.76672717795008,52.06416801344145,24.36745089005701,-27.696717123384442
0.00341171875,35.65276124011141,52.09127490250444,23.637242699556154,-28.454032202948284
0.0034125,35.5345489716881,52.1183033430463,23.025896396181306,-29.092406946864994
0.00341328125,35.413268063495416,52.1452532943652,22.530785804643212,-29.614467489721985
0.0034140625,35.28967948768155,52.172124715875015,22.149018415686342,-30.023106300188672
0.00341484375,35.16437220582525,52.198917567107856,21.877455063795814,-30.32146250331204
0.003415625,35.03784239979054,52.22563180771421,21.712729563203848,-30.51290224451036
0.00341640625,34.91051970882659,52.252267397462894,21.651268278202295,-30.6009991192606
0.0034171875,34.782769115020535,52.27882429624118,21.689309577458676,-30.589514718782507
0.00341796875,34.65487184641487,52.30530246405486,21.82292311594121,-30.48237934811365
0.00341875,34.52696963463702,52.3317018610283,22.04802888411406,-30.28367297691424
0.00341953125,34.3989112830195,52.35802244740449,22.360415950736936,-29.99760649666755
0.0034203125,34.26975177356639,52.384264183545085,22.755760761073994,-29.62850342247109
0.00342109375,34.135456790417884,52.41042702993052,23.22964442653447,-29.180782603396047
0.003421875,33.96635492117475,52.43651094716001,23.777562356203624,-28.658948590956385
0.00342265625,34.253972994559454,1.3468975457876535,24.22351079237285,22.876613246585194
0.0034234375,34.19313048087794,7.729964715618404e-05,24.731912471066845,24.73183517141969
0.00342421875,34.27722382304657,4.436252833921708e-09,25.145810936632778,25.145810932196525
0.003425,34.37157592052966,2.1193242756627524e-13,25.463748177800433,25.46374817780022
0.00342578125,34.46673307323227,-3.813545768150538e-14,25.68846759615066,25.688467596150698
0.0034265625,34.55262244269233,-4.3041543270380155e-14,25.822900729110334,25.822900729110376
0.00342734375,34.51908112485268,-4.264378308411621e-14,25.8701152759867,25.87011527598674
0.003428125,34.677638006875156,52.60763770872164,26.054366384698223,-26.553271324023417
0.00342890625,34.52416751970241,52.66770595659166,26.168319934110244,-26.499386022481417
0.0034296875,34.40229266315003,52.69300043265874,26.36181152799808,-26.331188904660664
0.00343046875,34.28775856589039,52.71821356287383,26.631285023855952,-26.086928539017876
0.00343125,34.17682232345058,52.74334730029774,26.97299082856665,-25.77035647173109
0.00343203125,34.06852981228949,52.7684016071938,27.383097600587174,-25.385304006606628
0.0034328125,33.962632029979304,52.793376445830674,27.85770692984787,-24.935669515982806
0.00343359375,33.859115453394196,52.81827177859671,28.392868175564193,-24.425403603032517
0.003434375,33.75805153974837,52.843087568,28.98459299313001,-23.85849457486999
0.00343515625,33.65953354236622,52.86782377666838,29.628869440433366,-23.238954336235015
0.0034359375,33.56363881387684,52.89248036734959,30.321675614988724,-22.570804752360868
0.00343671875,33.47039017425385,52.91705730291126,31.05899278805113,-21.858064514860132
0.0034375,33.37968775261443,52.941554546340946,31.83681800354983,-21.104736542791116
0.00343828125,33.29113638379898,52.96597206074625,32.65117609563703,-20.314795965109223
0.0034390625,33.203457986323706,52.99030980935484,33.49813099688373,-19.49217881247111
0.00343984375,33.1114450719437,53.01456775551453,34.37379559065896,-18.640772164855573
0.003440625,32.96091799600586,53.03874586269324,35.274326024349705,-17.76441983834353
0.00344140625,33.221269075266996,9.650773971426371,36.02822894298673,26.37745497156036
0.0034421875,33.280905015306416,9.62189000345841,36.79294502783678,27.171055024378372
0.00344296875,33.38014042041956,9.690285620556953,37.44189634877787,27.751610728220914
0.00344375,33.44537253658742,9.75867222805397,37.97747242193907,28.2188001938851
0.00344453125,33.67083713563024,0.0019000215651090086,38.35774704678753,38.355847025222424
0.0034453125,33.822198252521886,1.0904392624576243e-07,38.62865436377084,38.62865425472692
0.00344609375,33.97942777654825,6.258127838885388e-12,38.76642995567745,38.76642995567119
0.003446875,34.13816837850924,3.5915951851884343e-16,38.77583996185527,38.77583996185527
0.00344765625,34.29716439466884,2.061248396703612e-20,38.661877564420635,38.661877564420635
0.0034484375,34.45565577223872,1.1829687739962535e-24,38.42973206487638,38.42973206487638
0.00344921875,34.61304434059154,6.789162929068475e-29,38.084764638790084,38.084764638790084
0.00345,34.76880925594679,3.896360942962948e-33,37.63248457549597,37.63248457549597
0.00345078125,34.922476359216226,2.2361561736639815e-37,37.078525995318216,37.078525995318216
0.0034515625,35.07360192852109,1.2833499016682573e-41,36.42862508653062,36.42862508653062
0.00345234375,35.2217561320771,7.365259142045113e-46,35.68859790896725,35.68859790896725
0.003453125,35.3664883556791,4.226987679584662e-50,34.86431880617126,34.86431880617126
0.00345390625,35.50721221362681,2.425905796221485e-54,33.96169944825237,33.96169944825237
0.0034546875,35.64262736976408,1.3922488964337965e-58,32.98666840892631,32.98666840892631
0.00345546875,35.76375188615344,7.99024015128802e-63,31.945149196049183,31.945149196049183
0.00345625,35.904851572519895,10.768845286412464,30.881672949691126,20.11282766327866
0.00345703125,35.97472069478132,10.918907359925143,29.764665429702966,18.845758069777823
0.0034578125,36.0534412584894,10.98701840012985,28.6314259376503,17.644407537520447
0.00345859375,36.14620455643014,11.055108191784441,27.486634077812575,16.431525886028133
0.003459375,35.31136171549721,41.063143393315904,26.42597064185219,-14.637172751463716
0.00346015625,35.94918730195135,53.61642727131856,25.412140244258893,-28.204287027059664
0.0034609375,35.84778397312519,53.63923630897594,24.491884205463975,-29.147352103511963
0.00346171875,35.73049335269204,53.66124543645945,23.700116048282286,-29.961129388177167
0.0034625,35.60689695027165,53.68317370980557,23.03439405657708,-30.64877965322849
0.00346328125,35.47944053466324,53.70502113725989,22.49196762862725,-31.21305350863264
0.0034640625,35.34927104389833,53.726787685922936,22.06980200767085,-31.656985678252084
0.00346484375,35.217136811529365,53.74847332301468,21.764599322103848,-31.98387400091083
0.003465625,35.08361581685516,53.77007801587696,21.572819417640133,-32.19725859823683
0.00346640625,34.949185957091544,53.79160173197348,21.490700591071487,-32.30090114090199
0.0034671875,34.814240688333896,53.81304443888992,21.514280197282474,-32.298764241607444
0.00346796875,34.679070393408175,53.83440610433396,21.63941507535192,-32.19499102898204
0.00346875,34.54379288049568,53.85568669613531,21.861801729535674,-31.993884966599634
0.00346953125,34.408147955593904,53.87688618224577,22.176996179555772,-31.699890002689997
0.0034703125,34.270775194057826,53.898004530739314,22.58043329195334,-31.317571238785973
0.00347109375,34.12544546533777,53.91904170981209,23.067444637659165,-30.851597072152927
0.003471875,33.90525268092025,53.93999768778248,23.633257393310256,-30.306740294472224
0.00347265625,34.19261728987083,0.1205732219653633,24.06504409466522,23.94447087269986
0.0034734375,34.22979984542473,6.919804325659083e-06,24.557454635343024,24.5574477155387
0.00347421875,34.31711306106459,3.9709005940315505e-10,24.953050683758068,24.953050683360978
0.003475,34.412047828924834,-2.480868057443126e-14,25.254012190436203,25.254012190436228
0.00347578125,34.50779502735245,-3.800397040914185e-14,25.463085562780076,25.463085562780115
0.0034765625,34.59718752580577,-4.868329149389929e-14,25.583200972099572,25.583200972099622
0.00347734375,34.635032622092474,-4.40592568871576e-14,25.617442411904975,25.617442411905017
0.003478125,34.793066500294735,53.694915450637886,25.76169141804595,-27.933224032591937
0.00347890625,34.61079794383142,54.124918754050796,25.831381067958105,-28.29353768609269
0.0034796875,34.477944488033515,54.14508452304738,25.986974352749215,-28.158110170298166
0.00348046875,34.35501408300288,54.16514523426284,26.22582379560075,-27.939321438662088
0.00348125,34.23632357155301,54.18512437239883,26.543975364916342,-27.64114900748249
0.00348203125,34.12056120618289,54.20502190871669,26.937379300792106,-27.267642607924582
0.0034828125,34.00740859133496,54.22483781325114,27.401905676186807,-26.822932137064335
0.00348359375,33.896872976415345,54.244572056159825,27.933360417471178,-26.311211638688647
0.003484375,33.78909577149678,54.26422460772329,28.527501057003562,-25.73672355071973
0.00348515625,33.684290163091134,54.28379543834518,29.180052065088287,-25.103743373256894
0.0034859375,33.582731294142626,54.30328451855214,29.886719704419125,-24.416564814133014
0.00348671875,33.484791225252124,54.322691818994,30.64320637673823,-23.67948544225577
0.0034875,33.391066271182645,54.34201731044372,31.4452244537775,-22.896792856666224
0.00348828125,33.302828030607216,54.36126096379745,32.288509652873614,-22.072751310923838
0.0034890625,33.22424703489251,54.38042275007458,33.16883445640279,-21.211588293671788
0.00348984375,33.18866017478161,54.39950264041782,34.08202951540399,-20.317473125013834
0.003490625,33.066472658001544,14.138939878498466,34.87946199739212,20.740522118893654
0.00349140625,33.20324555952879,13.898601326824473,35.69832541954247,21.799724092717994
0.0034921875,33.30573086830145,13.965865321863486,36.41691301988708,22.451047698023597
0.00349296875,33.402554301032865,14.033125939346515,37.036223656737256,23.00309771739074
0.00349375,33.493396767981714,14.100365424208704,37.55839087418457,23.458025449975864
0.00349453125,33.89295795447382,4.1772796474236,37.95528139491988,33.77800174749628
0.0034953125,33.800553936182276,0.0002397377914789351,38.242988263700745,38.24274852590926
0.00349609375,33.95380832096881,1.3758764917413527e-08,38.409986357272714,38.40998634351395
0.003496875,34.11129060248492,7.896277465677858e-13,38.44860754135415,38.44860754135336
0.00349765625,34.26951029960813,4.531743814886922e-17,38.36375137664208,38.36375137664208
0.0034984375,34.42735040945731,2.6008080507595102e-21,38.160518823625004,38.160518823625004
0.00349921875,34.584127753457906,1.4926268547385367e-25,37.84418687584798,37.84418687584798
0.0035,34.73929387410344,8.566318174984256e-30,37.420184833736826,37.420184833736826
0.00350078125,34.89235411984101,4.916286132874105e-34,36.89407109481635,36.89407109481635
0.0035015625,35.042829045550256,2.821500304631709e-38,36.27151045617393,36.27151045617393
0.00350234375,35.190207652554406,1.6192841006149562e-42,35.558251964056346,35.558251964056346
0.003503125,35.33382359517379,9.29321536559837e-47,34.76010733479729,34.76010733479729
0.00350390625,35.47232716085594,5.333458890789775e-51,33.88292987492027,33.88292987492027
0.0035046875,35.59919571444404,3.060919457978464e-55,32.9325926672695,32.9325926672695
0.00350546875,35.742628275947865,13.792976340937695,31.958880504564505,18.16590416362681
0.00350625,35.80615004891276,15.17316510174593,30.927013093255766,15.753847991509838
0.00350703125,35.8640036536058,15.240105219909719,29.88190818285333,14.641802962943613
0.0035078125,35.922275884843735,15.306947019555142,28.83132022595496,13.524373206399819
0.00350859375,35.98070072339309,15.37376576288959,27.779008693012422,12.40524293012283
0.003509375,36.05092299276311,15.440561353610398,26.72859534673981,11.288033993129412
0.00351015625,35.261262616749036,43.252986685670535,25.768234048015902,-17.484752637654633
0.0035109375,35.836353520452576,54.882934434324966,24.862802692206678,-30.020131742118288
0.00351171875,35.72649810237447,54.90037650987617,24.05506611542422,-30.845310394451946
0.0035125,35.60210831359873,54.91706945917496,23.376795788747355,-31.540273670427606
0.00351328125,35.472111194224354,54.93367966611163,22.825134445395918,-32.10854522071571
0.0035140625,35.338809990111564,54.95020714391728,22.396930718075865,-32.55327642584142
0.00351484375,35.2032949924227,54.966651867704044,22.08876427568255,-32.877887592021494
0.003515625,35.06627634202535,54.98301381270646,21.89696747002032,-33.08604634268614
0.00351640625,34.92829075229434,54.99929295428373,21.817646715491826,-33.181646238791906
0.0035171875,34.78975561614677,55.015489267919776,21.846703698612252,-33.16878556930752
0.00351796875,34.65095761499959,55.03160272922322,21.979856384662405,-33.05174634456082
0.00351875,34.51196746380468,55.04763331392749,22.212659758624206,-32.834973555303286
0.00351953125,34.37236301508403,55.06358099789082,22.54052620177884,-32.52305479611198
0.0035203125,34.23016909443106,55.07944575709628,22.958745239080933,-32.12070051801535
0.00352109375,34.07537063031401,55.09522756765185,23.462500943545223,-31.632726624106624
0.003521875,33.68494873895187,55.110926405790394,24.04682063663818,-31.064105769152214
0.00352265625,34.17701093430062,0.010721133668456633,24.45473146930353,24.44401033563507
0.0035234375,34.24157957623996,6.152953473590172e-07,24.92266857132269,24.92266795602734
0.00352421875,34.33319690678182,3.527132314882432e-11,25.293273062669726,25.293273062634455
0.003525,34.430644269371676,-4.120512611952837e-14,25.569141190250658,25.5691411902507
0.00352578125,34.52883520977388,-3.879377140190304e-14,25.75310353773511,25.75310353773515
0.0035265625,34.62246784527573,-3.9059745045179605e-14,25.8481712893432,25.848171289343238
0.00352734375,34.68781921171826,-3.9517912600811374e-14,25.857513105688692,25.85751310568873
0.003528125,34.82908411309433,50.426417697384736,25.94497910515345,-24.481438592231285
0.00352890625,34.692500101969294,55.248202446284594,25.96456334396933,-29.283639102315263
0.0035296875,34.54979340577511,55.26334614902744,26.06271837853552,-29.20062777049192
0.00353046875,34.421020951365065,55.278130773543324,26.249679902333796,-29.02845087120953
0.00353125,34.29719106687397,55.29283213436182,26.52142417913251,-28.771407955229307
0.00353203125,34.17644120885898,55.307450225173454,26.873817260927467,-28.433632964245987
0.0035328125,34.05831557093858,55.32198502396459,27.302631338219886,-28.0193536857447
0.00353359375,33.94279146495133,55.33643650884606,27.803561507426657,-27.532875001419406
0.003534375,33.830023043008424,55.3508046580542,28.372242360792384,-26.978562297261817
0.00353515625,33.72026777431011,55.36508944995082,29.004264179078568,-26.360825270872255
0.0035359375,33.61389387420786,55.379290863023314,29.695188658608426,-25.684102204414888
0.00353671875,33.51148706977471,55.39340887588457,30.440564149006466,-24.9528447268781
0.0035375,33.4142618153705,55.40744346727314,31.23594044731756,-24.17150301995558
0.00353828125,33.32611025998215,55.42139461605319,32.076883601013975,-23.34451101503922
0.0035390625,33.27782478999993,55.43526230121453,32.95899803513905,-22.476264266075482
0.00353984375,33.1499366777743,18.310160259578623,33.74467496477118,15.434514705192555
0.003540625,33.26121741457137,18.092265362277345,34.559865447774484,16.467600085497143
0.00354140625,33.34143412395459,18.15800922345938,35.2917702853464,17.13376106188702
0.0035421875,33.41760226759534,18.223742018851855,35.94074350841326,17.717001489561408
0.00354296875,33.49307799679755,18.289447370552473,36.508181400460785,18.218734029908315
0.00354375,33.56712119784991,18.355125178675923,36.99568283365464,18.64055765497872
0.00354453125,33.62929628181937,18.420775344312588,37.405034125462734,18.984258781150146
0.0035453125,33.852716889924665,0.4740672723936922,37.67778921204539,37.2037219396517
0.00354609375,33.953425173310556,2.7207142084969816e-05,37.87541960526625,37.87539239812417
0.003546875,34.10513899896818,1.5614420643174208e-09,37.946522006803406,37.94652200524197
0.00354765625,34.260367835573014,8.961254778636751e-14,37.89446964561461,37.89446964561452
0.0035484375,34.416145456985696,5.142943759667745e-18,37.72424612313484,37.72424612313484
0.00354921875,34.57140443396973,2.9515811310443667e-22,37.44101556857079,37.44101556857079
0.00355,34.725509635676715,1.6939386429728262e-26,37.05009864002694,37.05009864002694
0.00355078125,34.87800277978995,9.721664419034018e-31,36.55694943817018,36.55694943817018
0.0035515625,35.02856193691244,5.579349610352336e-35,35.967132971012695,35.967132971012695
0.00355234375,35.177074554536276,3.202038327263293e-39,35.28630318831444,35.28630318831444
0.003553125,35.32399931659469,1.837678253794823e-43,34.5201816977027,34.5201816977027
0.00355390625,35.47263283780802,1.0546598820247992e-47,33.67453778685618,33.67453778685618
0.0035546875,35.700841163305235,6.05278679472665e-52,32.755193000510154,32.755193000510154
0.00355546875,35.61680969071677,19.33316939973401,31.85630668827152,12.523137288537509
0.00355625,35.67918437649243,19.402143385337745,30.89924600113833,11.497102615800586
0.00355703125,35.72858975797142,19.46733806913835,29.943215980396985,10.475877911258635
0.0035578125,35.7724423821709,19.53250322025911,28.991428770993398,9.458925550734289
0.00355859375,35.81268060092247,19.59763895577063,28.046944932908133,8.449305977137504
0.003559375,35.85183209427608,19.66274517759205,27.11268224015281,7.449937062560761
0.00356015625,35.901304807354556,19.727821787674586,26.191414984189212,6.463593196514627
0.0035609375,35.16422917153297,45.167766873177925,25.363211796387304,-19.80455507679062
0.00356171875,35.67535246867607,55.8004189862839,24.595357027866978,-31.205061958416923
0.0035625,35.56020279891459,55.812383178568965,23.926383924621064,-31.8859992539479
0.00356328125,35.432004591283636,55.8236537925176,23.38474339169379,-32.43891040082381
0.0035640625,35.298979163548815,55.83484030207126,22.96721065482521,-32.86762964724605
0.00356484375,35.16327495773831,55.84594272536246,22.670289490127836,-33.17565323523463
0.003565625,35.02591659162482,55.856961045673174,22.490237258194725,-33.36672378747845
0.00356640625,34.88756237304586,55.86789524641001,22.423086666041783,-33.444808580368225
0.0035671875,34.74868117260797,55.87874531110626,22.464667200151503,-33.414078110954755
0.00356796875,34.60957040445215,55.88951122342192,22.61062631241041,-33.27888491101151
0.00356875,34.47025731302207,55.90019296714371,22.85645031328668,-33.04374265385703
0.00356953125,34.33012557626953,55.91079052618514,23.197484859050753,-32.713305667134385
0.0035703125,34.186328013226024,55.92130388458645,23.628954643661906,-32.292349240924544
0.00357109375,34.021862302235235,55.931733026514735,24.145978976325623,-31.785754050189112
0.003571875,35.07594812987003,16.503800285994004,24.623230814244266,8.11943052825026
0.00357265625,34.187004416527245,0.0009471677659497008,25.11003133593669,25.10908416817074
0.0035734375,34.26868106770768,5.435875648189578e-08,25.545001593450763,25.545001539092006
0.00357421875,34.36873615243405,3.0805985758952154e-12,25.88192493409643,25.881924934093348
0.003575,34.475163680772056,-4.0983394431623793e-14,26.123562984244444,26.123562984244487
0.00357578125,34.58583379548749,-4.4106009400357834e-14,26.272877452471764,26.272877452471807
0.0035765625,34.70187276512182,-3.614566614904315e-14,26.333008134102393,26.33300813410243
0.00357734375,34.83306137185331,-4.764466007843453e-14,26.307257976495375,26.30725797649542
0.003578125,35.20586581459568,-4.2179060923191783e-14,26.19914798366648,26.199147983666524
0.00357890625,34.683587609285404,56.020490966954135,26.26840129164814,-29.752089675305996
0.0035796875,34.5975873890113,56.04089027383421,26.273265171392755,-29.767625102441453
0.00358046875,34.485561426416815,56.050308254726964,26.37233691940944,-29.677971335317523
0.00358125,34.36855254129156,56.059641199483956,26.561682881222705,-29.49795831826125
0.00358203125,34.25050751979678,56.06888971939854,26.8372004492937,-29.23168927010484
0.0035828125,34.132924436771006,56.07805380057849,27.194673148235555,-28.883380652342932
0.00358359375,34.016645928406675,56.08713342922285,27.62978905271512,-28.45734437650773
0.003584375,33.90229768789029,56.09612859165789,28.138158344781278,-27.95797024687661
0.00358515625,33.79046576292268,56.10503927433705,28.715330346972415,-27.389708927364637
0.0035859375,33.68186326962232,56.113865463840995,29.35681008132657,-26.757055382514423
0.00358671875,33.57773721535686,56.12260714687765,30.058074409349057,-26.06453273752859
0.0035875,33.481749957172454,56.131264310282205,30.814588163729603,-25.316676146552602
0.00358828125,33.42202246690248,56.13983694101711,31.621826920456122,-24.518010020560986
0.0035890625,33.289971960877786,22.37199086674513,32.35409162995912,9.982100763213992
0.00358984375,33.37570405119561,22.17784138596475,33.1253945522745,10.947553166309753
0.003590625,33.43357757964939,22.241672341953624,33.83256671735396,11.59089437540034
0.00359140625,33.48845248895442,22.305484610029268,34.47535666516412,12.169872055134853
0.0035921875,33.54397548900629,22.36926328729803,35.05444841237277,12.685185125074744
0.00359296875,33.60120769100696,22.433008276860583,35.57070037182079,13.13769209496021
0.00359375,33.66111268977375,22.49671948271809,36.02513658550604,13.52841710278795
0.00359453125,33.72701440193133,22.56039680892261,36.41893786847962,13.858541059557007
0.0035953125,33.84572385924093,22.624040159577266,36.75344648483606,14.129406325258797
0.00359609375,33.88298719614729,0.014928205094184738,36.93490395639796,36.919975751303774
0.003596875,34.055067651595486,8.567429576403271e-07,37.055497477741945,37.05549662099899
0.00359765625,34.213884261973604,4.9169239760259417e-11,37.05386258004788,37.05386257999871
0.0035984375,34.3694894586749,2.821866368485312e-15,36.93474881904586,36.93474881904586
0.00359921875,34.52311199677478,1.6194941879138926e-19,36.703131841586746,36.703131841586746
0.0036,34.67476990779308,9.294421075278252e-24,36.36414906656876,36.36414906656876
0.00360078125,34.82413735418748,5.334150858290677e-28,35.92307733583795,35.92307733583795
0.0036015625,34.97066783129006,3.061316584277021e-32,35.38531075582864,35.38531075582864
0.00360234375,35.11339511666916,1.7569167948453303e-36,34.756338922324005,34.756338922324005
0.003603125,35.24967619482646,1.0083101629747242e-40,34.041725313017935,34.041725313017935
0.00360390625,35.360086785774605,5.786781637815801e-45,33.2470813238123,33.2470813238123
0.0036046875,35.518518772357204,23.20815711466968,32.461311821388094,9.253154706718414
0.00360546875,35.526303677711326,23.448258250211193,31.609062119402168,8.160803869190977
0.00360625,35.55148139815915,23.51142605582551,30.763843794921875,7.252417739096365
0.00360703125,35.57698326062864,23.574548301322665,29.928757076242785,6.35420877492012
0.0036078125,35.6004066937765,23.637635043393473,29.106253983091392,5.468618939697919
0.00360859375,35.62137810599588,23.70068618761304,28.29865118515162,4.597964997538577
0.003609375,35.640319160841344,23.763701639027577,27.508127586386504,3.744425947358927
0.00361015625,35.65908213454551,23.826681302736837,26.736723045742657,2.9100417430058187
0.0036109375,35.68777640128797,23.889625083894686,25.98633981453477,2.0967147306400835
0.00361171875,35.00900237482799,46.79530709999911,25.328455120929505,-21.466851979069602
0.0036125,35.454482291549596,56.36304627463498,24.732980260085583,-31.6300660145494
0.00361328125,35.33678899812855,56.369456498552495,24.233993252808077,-32.13546324574442
0.0036140625,35.20801465235415,56.37523310279266,23.85647346551461,-32.51875963727805
0.00361484375,35.075620617187184,56.380924775458595,23.596887193727646,-32.78403758173095
0.003615625,34.941629928519895,56.38653153946893,23.45146133512835,-32.93507020434058
0.00361640625,34.807100410566186,56.392053386381804,23.416207723274404,-32.9758456631074
0.0036171875,34.67284536732608,56.3974903078814,23.486944431508086,-32.91054587637331
0.00361796875,34.53968187044724,56.402842295779806,23.659316705366315,-32.74352559041349
0.00361875,34.40867947977795,56.40810934201703,23.928817628887735,-32.47929171312929
0.00361953125,34.28181828335725,56.41329143866101,24.290808615070574,-32.12248282359044
0.0036203125,34.16509562954089,56.41838857790759,24.74054039866484,-31.67784817924275
0.00362109375,34.105041055775594,56.42340075208057,25.273185544363127,-31.15021520771744
0.003621875,33.92212176485286,0.4274642283199477,25.682921282901553,25.255457054581605
0.00362265625,34.09650273519215,2.453255192537697e-05,26.16086364102612,26.160839108474192
0.0036234375,34.22141728517899,1.407907464412513e-09,26.53830578848246,26.538305787074552
0.00362421875,34.33781650617766,4.219655844126192e-14,26.816789959538596,26.816789959538553
0.003625,34.45126819357561,-4.218178475841248e-14,26.999307081530674,26.999307081530716
0.00362578125,34.56246707435809,-4.0848373278658993e-14,27.08903393089819,27.08903393089823
0.0036265625,34.67012146799878,-4.410857839709665e-14,27.08931662670767,27.089316626707713
0.00362734375,34.768551513870214,-4.159591718945891e-14,27.003652493189666,27.00365249318971
0.003628125,34.811355270763855,-3.560727129978498e-14,26.835659994822173,26.83565999482221
0.00362890625,34.97827392008055,56.04107372573435,26.790142448222802,-29.250931277511548
0.0036296875,34.78880775844479,56.472900355503526,26.674723273355752,-29.798177082147774
0.00363046875,34.64998083288639,56.47691694556305,26.65715881279681,-29.81975813276624
0.00363125,34.52069784181651,56.48082393488883,26.734882162671685,-29.745941772217147
0.00363203125,34.39513654328188,56.484645863705694,26.90392828161929,-29.580717582086404
0.0036328125,34.27203728647541,56.48838272766662,27.16019874828583,-29.32818397938079
0.00363359375,34.15119705367297,56.49203452114401,27.499478912385555,-28.99255560875845
0.003634375,34.03281069704801,56.49560123863834,27.917455599735177,-28.578145638903166
0.00363515625,33.917369754520244,56.49908287477821,28.409734621417876,-28.089348253360335
0.0036359375,33.8059309401666,56.50247942432033,28.97185798433953,-27.5306214399808
0.00363671875,33.701757038403564,56.505790882149554,29.599321125707146,-26.90646975644241
0.0036375,33.63001522218741,56.509017243278876,30.287596098574603,-26.221421144704273
0.00363828125,33.493552938259874,26.300165242168344,30.923736347164116,4.623571104995773
0.0036390625,33.55195857844685,26.130921078614584,31.609219450442232,5.478298371827648
0.00363984375,33.5854813654655,26.1924577862792,32.25120171206468,6.058743925785476
0.003640625,33.61637631075177,26.253968295553555,32.848899776749924,6.594931481196368
0.00364140625,33.64788899614345,26.315439267586346,33.402346751333106,7.086907483746763
0.0036421875,33.68085507889118,26.376870609043223,33.911713950634706,7.53484334159148
0.00364296875,33.715669843431776,26.438262227409627,34.37730555088957,7.93904332347994
0.00364375,33.752880298990576,26.499614030230937,34.79955262670931,8.29993859647837
0.00364453125,33.794232074470116,26.560925925112457,35.17900719320072,8.618081268088263
0.0036453125,33.85065398559145,26.62219781971951,35.51633859899817,8.894140779278656
0.00364609375,33.87159943179606,2.3211501063123907,35.73476636086994,33.41361625455755
0.003646875,34.027364883529444,0.00013321286749898048,35.907166166518685,35.90703295365119
0.00364765625,34.18654034312753,7.645204857299584e-09,35.965468049413445,35.96546804176824
0.0036484375,34.339107349454174,4.3876510135572646e-13,35.90739737074939,35.90739737074895
0.00364921875,34.48905627044205,2.518111911466823e-17,35.737693363992065,35.737693363992065
0.00365,34.63690789535192,1.4451668054452345e-21,35.4612631679603,35.4612631679603
0.00365078125,34.782423374590074,8.293940734128094e-26,35.08316018980944,35.08316018980944
0.0036515625,34.924914773305616,4.759966298840932e-30,34.60856244537373,34.60856244537373
0.00365234375,35.06273643659977,2.731786962604009e-34,34.042751067327885,34.042751067327885
0.003653125,35.18905165396826,1.56779681630738e-38,33.39108798591319,33.39108798591319
0.00365390625,34.98878749141743,8.997725265079017e-43,32.65890143932058,32.65890143932058
0.0036546875,35.381914648109515,27.3527406069448,31.988896136500642,4.636155529555844
0.00365546875,35.38451873648338,27.4150504327379,31.253263584360433,3.838213151622533
0.00365625,35.39383831660092,27.475752752248003,30.534299931677335,3.0585471794293313
0.00365703125,35.4025466609863,27.536413603884235,29.833828119488732,2.2974145156044985
0.0036578125,35.409316909743175,27.59703298617405,29.1535384795026,1.5565054933285496
0.00365859375,35.41386896880153,27.65761080783095,28.494991384231398,0.8373805764004474
0.003659375,35.41632473620111,27.718146977625793,27.859617175628678,0.14147019800288377
0.00366015625,35.41723001259507,27.778641404392218,27.24871673114472,-0.5299246732474956
0.0036609375,35.41831201049333,27.8390939970267,26.66346268071719,-1.1756313163095116
0.00366171875,35.4285573761594,27.899504664488738,26.10490290034687,-1.7946017641418663
0.0036625,34.81471262163941,48.1252571845083,25.635504258734677,-22.489752925773622
0.00366328125,35.19388117946137,56.567238326603004,25.228037452030083,-31.33920087457292
0.0036640625,35.07643499702548,56.56805381696593,24.91195484810254,-31.65609896886339
0.00366484375,34.94982732497435,56.568299675752414,24.708656540806512,-31.8596431349459
0.003665625,34.82070428243741,56.568460315899415,24.614377970273694,-31.95408234562572
0.00366640625,34.69093676780775,56.568535764965894,24.6251528859026,-31.943382879063293
0.0036671875,34.56160218454,56.56852602283982,24.736836478239876,-31.831689544599943
0.00366796875,34.43370698384195,56.56843108953588,24.945125755226105,-31.623305334309773
0.00366875,34.30867951034336,56.568250965197024,25.245579556451496,-31.322671408745528
0.00366953125,34.189742916241094,56.56798565009451,25.633638545486235,-30.93434710460828
0.0036703125,34.09080115566825,56.56763514462793,26.10464750736537,-30.462987637262557
0.00367109375,34.664354856972004,56.567199449325116,26.65406929986674,-29.913130149458375
0.003671875,34.00322720492374,0.0032464418498557453,26.99317310790522,26.989926666055364
0.00367265625,34.146460352079664,1.8631614043233723e-07,27.393386451031507,27.393386264715367
0.0036734375,34.27026548935219,1.0647539391870897e-11,27.691043797284916,27.69104379727427
0.00367421875,34.38955195732349,-4.467944838971033e-14,27.889209987200907,27.889209987200953
0.003675,34.50678248518958,-4.106256941003395e-14,27.991150660808636,27.991150660808678
0.00367578125,34.62217797784684,-4.403989294408148e-14,28.000308167419377,28.00030816741942
0.0036765625,34.73485329024813,-4.682958054778879e-14,27.92028408664448,27.920284086644525
0.00367734375,34.84186268555764,-4.275515706111366e-14,27.754821211389054,27.754821211389096
0.003678125,34.929457419935794,-4.3389133336529416e-14,27.50778298569492,27.507782985694963
0.00367890625,34.34532880194007,-3.92249301205974e-14,27.182941145747137,27.182941145747176
0.0036796875,34.996394550563025,56.55353862827875,27.068240052332545,-29.485298575946207
0.00368046875,34.84395053575459,56.55532647943602,26.891587628693895,-29.663738850742124
0.00368125,34.7116374631285,56.55378360894473,26.815942880525274,-29.737840728419453
0.00368203125,34.58449045394111,56.552155383212344,26.837592292435303,-29.71456309077704
0.0036828125,34.459920918838385,56.55044199094529,26.952653609462807,-29.59778838148248
0.00368359375,34.337435723870904,56.548643434734565,27.157100599051866,-29.3915428356827
0.003684375,34.21725704326143,56.54675971728879,27.446781011910073,-29.09997870537872
0.00368515625,34.10025851233326,56.5447908414448,27.81743467615083,-28.72735616529397
0.0036859375,33.98930988311762,56.54273681016768,28.264711726695282,-28.2780250834724
0.00368671875,33.90650102259778,56.54059762655079,28.784196100359694,-27.756401526191098
0.0036875,33.766715344232686,30.07121542594347,29.276448101645105,-0.7947673242983669
0.00368828125,33.797497714940995,29.927887689324052,29.829875296861708,-0.0980123924623456
0.0036890625,33.80632708903829,29.98676251198382,30.362576302982657,0.37581379099883777
0.00368984375,33.81275542837185,30.045603782292403,30.8732944995432,0.8276907172507961
0.003690625,33.81966819537536,30.10439980513082,31.36145758380339,1.2570577786725665
0.00369140625,33.827813522211684,30.163150491287226,31.826586393781184,1.6634359024939571
0.0036921875,33.837487241496945,30.221855752284107,32.26829329892328,2.046437546639173
0.00369296875,33.84891003923248,30.280515499712394,32.686279972529476,2.40576447281708
0.00369375,33.862458541684376,30.33912964523158,33.08033492379433,2.7412052785627523
0.00369453125,33.879188677691765,30.397698100569805,33.45033095936971,3.052632858799903
0.0036953125,33.90359620676651,30.45622077752403,33.796223286096726,3.3400025085726983
0.00369609375,33.99890830889179,30.51469758796022,34.11806600362587,3.6033684156656465
0.003696875,33.98410847438148,0.02013025127317939,34.2876381608942,34.26750790962102
0.00369765625,34.1510869201337,1.1552930111165879e-06,34.42732193523787,34.42732077994486
0.0036984375,34.30023553517848,6.630329266247795e-11,34.452380480966376,34.452380480900075
0.00369921875,34.44523786470935,3.805204892252707e-15,34.36716761830265,34.367167618302645
0.0037,34.58782129742689,2.1838409060215734e-19,34.17626955347251,34.17626955347251
0.00370078125,34.72793245490089,1.2533257046218478e-23,33.884427685705184,33.884427685705184
0.0037015625,34.864594032546535,7.192947606826875e-28,33.49651775533442,33.49651775533442
0.00370234375,34.994469487811855,4.128096558122293e-32,33.01752858967224,33.01752858967224
0.003703125,35.09184000535648,2.369151302729805e-36,32.45253465932311,32.45253465932311
0.00370390625,35.25519950197865,30.861563131239315,31.917403612915507,1.0558404816761908
0.0037046875,35.22021726655716,31.15487666807023,31.30950383872618,0.15462717065594803
0.00370546875,35.21053941215285,31.212809737882267,30.72430267141121,-0.4885070664710597
0.00370625,35.203433764788585,31.270682295765432,30.163608904792387,-1.107073390973045
0.00370703125,35.195595629276035,31.328507759791073,29.628424598550566,-1.7000831612405052
0.0037078125,35.18624667951984,31.386286043650156,29.119632311798032,-2.266653731852125
0.00370859375,35.17520637437024,31.44401706032967,28.637996391407533,-2.806020668922136
0.003709375,35.16253049828754,31.501700722887747,28.184165056359888,-3.3175356665278617
0.00371015625,35.14845502681293,31.559336944453854,27.758672869889672,-3.8006640745641835
0.0037109375,35.13352564997091,31.616925638228857,27.361943540369236,-4.254982097859622
0.00371171875,35.1192830756991,31.674466717485256,26.994293164838993,-4.680173552646261
0.0037125,35.113508018553624,31.731960095567178,26.655935330891744,-5.076024764675434
0.00371328125,34.571105019765284,49.149159440252674,26.39996421838819,-22.749195221864483
0.0037140625,34.88426680283714,56.41169660296325,26.20222574907349,-30.209470853889755
0.00371484375,34.77063716421164,56.40691217374099,26.087409303095058,-30.319502870645934
0.003715625,34.64994271649861,56.40162572355911,26.073256434308377,-30.32836928925073
0.00371640625,34.5280100646576,56.39625430961199,26.15585890806424,-30.24039540154775
0.0037171875,34.40664596656559,56.3907979639237,26.331151766195656,-30.059646197728046
0.00371796875,34.28721495394636,56.38525669471278,26.594934697578616,-29.790321997134164
0.00371875,34.17179833238665,56.379630510324276,26.942891061679855,-29.43673944864442
0.00371953125,34.066423484233404,56.373919419231136,27.37060729964848,-29.003312119582656
0.0037203125,34.017580918479304,56.36812343003413,27.87360383858047,-28.494519591453663
0.00372109375,33.845891286736155,0.42700452580719717,28.246650504121835,27.819645978314636
0.003721875,34.031051480581276,2.4506169190010677e-05,28.681043870329038,28.681019364159848
0.00372265625,34.166731896202464,1.4063916901205606e-09,29.008645489102168,29.008645487695777
0.0037234375,34.29391455503916,3.582985628545379e-14,29.231403223448076,29.23140322344804
0.00372421875,34.41833794429627,-4.1548128636994326e-14,29.35271517929068,29.352715179290723
0.003725,34.54113286821424,-4.263201469130917e-14,29.376166854181797,29.37616685418184
0.00372578125,34.662270899469256,-4.5125422048015575e-14,29.30551347867842,29.305513478678467
0.0037265625,34.781073127733,-4.107787740475601e-14,29.14466161980402,29.14466161980406
0.00372734375,34.895781322854496,-4.5886499143672365e-14,28.89765070184604,28.897650701846086
0.003728125,35.00054361468647,-4.297985969660028e-14,28.568633897946295,28.568633897946338
0.00372890625,35.04902120139169,-4.37917476342709e-14,28.161847434908076,28.16184743490812
0.0037296875,35.22042956855541,55.86547724472409,27.88204510297075,-27.98343214175334
0.00373046875,35.03569488940196,56.28502951321228,27.53796188726526,-28.747067625947018
0.00373125,34.9006663747935,56.27807039962663,27.2973403381512,-28.980730061475427
0.00373203125,34.77443094214186,56.271002059281436,27.158063288642236,-29.1129387706392
0.0037328125,34.65129023803656,56.26384897441956,27.116582270856345,-29.147266703563215
0.00373359375,34.53021105242113,56.25661115721786,27.1691786398044,-29.08743251741346
0.003734375,34.411568873101146,56.24928861857643,27.311981050085482,-28.937307568490947
0.00373515625,34.2977021238365,56.24188136952288,27.54098393851865,-28.70089743100423
0.0037359375,34.20743674593624,56.2343894212124,27.852070705314816,-28.382318715897583
0.00373671875,34.06817385887211,33.66261215993344,28.160060942128823,-5.502551217804617
0.0037375,34.07404248011168,33.54605712831919,28.53991913534036,-5.006137992978832
0.00373828125,34.06089726932252,33.601918332103466,28.921327007749184,-4.680591324354284
0.0037390625,34.045474031491864,33.65773883002639,29.302709722288768,-4.3550291077376215
0.00373984375,34.030295702673456,33.71350864057092,29.68303626413119,-4.030472376439734
0.003740625,34.016055697773496,33.76922767918073,30.061318589243108,-3.7079090899376244
0.00374140625,34.003044422625344,33.82489586194396,30.43661351294451,-3.3882823489994465
0.0037421875,33.99144492068742,33.88051310502531,30.808024043234056,-3.072489061791251
0.00374296875,33.98144890775525,33.93607932466624,31.174700457610346,-2.7613788670558934
0.00374375,33.97337503803783,33.991594437184986,31.535841190707444,-2.4557532464775407
0.00374453125,33.967959164729386,34.0470583589768,31.89069359773166,-2.1563647612451406
0.0037453125,33.96756315526272,34.10247100651404,32.23855486586538,-1.8639161406486524
0.00374609375,33.98636716356806,34.15783229634623,32.57877596800401,-1.5790563283422188
0.003746875,33.95966068512258,2.976652945110079,32.81131595385267,29.834663008742588
0.00374765625,34.106110160352834,0.0001708327579888246,33.028027503724346,33.02785667096636
0.0037484375,34.25738091648123,9.804243806793225e-09,33.13989097836858,33.13989096856433
0.00374921875,34.40093406880498,5.626742654902956e-13,33.14224886002455,33.14224886002399
0.00375,34.54233716890817,3.229237616731586e-17,33.03938038230891,33.03938038230891
0.00375078125,34.68304840854898,1.853288167751497e-21,32.83573027536839,32.83573027536839
0.0037515625,34.824628111073785,1.0636185503760008e-25,32.53588909951772,32.53588909951772
0.00375234375,34.97342301120126,6.104201388586412e-30,32.14457464855034,32.14457464855034
0.003753125,35.26965247015356,3.503255427356734e-34,31.66665653042027,31.66665653042027
0.00375390625,35.00962675424199,34.70185967192589,31.26568215227817,-3.4361775196477184
0.0037546875,35.017407232088736,34.76339269985239,30.794812442839483,-3.968580257012906
0.00375546875,35.00667483849597,34.81813160330648,30.354986488689747,-4.463145114616736
0.00375625,34.990376386991585,34.87281768436738,29.946581432419865,-4.926236251947511
0.00375703125,34.97087979404892,34.927451247572826,29.56983738550247,-5.357613862070355
0.0037578125,34.94904013064184,34.98203221066794,29.22488396822893,-5.757148242439008
0.00375859375,34.92530966498453,35.036560491454765,28.911744585095057,-6.124815906359707
0.003759375,34.900006894330396,35.09103600781465,28.630340594985363,-6.460695412829288
0.00376015625,34.87341838120272,35.14545867770848,28.38049558773236,-6.764963089976125
0.0037609375,34.845877049908054,35.1998284191767,28.161939796915554,-7.037888622261143
0.00376171875,34.81791711735177,35.25414515033944,27.97431466475086,-7.27983048558858
0.0037625,34.79086340994738,35.308408789396715,27.817177667736935,-7.491231121659782
0.00376328125,34.771201743433515,35.36261925462845,27.690008583379775,-7.672610671248674
0.0037640625,34.30539252452089,49.86050246177549,27.636294604634607,-22.224207857140883
0.00376484375,34.55174984853215,55.897410255973526,27.635214952582864,-28.262195303390662
0.003765625,34.44315089129043,55.88705633327206,27.70664420957884,-28.180412123693216
0.00376640625,34.328581592142115,55.87627119278058,27.864658105456563,-28.011613087324015
0.0037671875,34.21234060173142,55.8654018837168,28.105335055503836,-27.760066828212963
0.00376796875,34.09465705931066,55.85444844236626,28.424642127792566,-27.429806314573696
0.00376875,33.972919718045084,55.84341088522577,28.818453507508202,-27.02495737771757
0.00376953125,33.83021027182453,55.8322892289177,29.282563065445846,-26.549726163471856
0.0037703125,34.902991550371546,16.468898921582174,29.692603042751905,13.223704121169732
0.00377109375,34.036438453882774,0.0009451647456333725,30.098570893289146,30.097625728543512
0.003771875,34.13777913429589,5.4243800365755214e-08,30.439947816671193,30.439947762427394
0.00377265625,34.256597296775105,3.070389288895753e-12,30.671412466800575,30.671412466797506
0.0037734375,34.38054413933903,-3.915680862387906e-14,30.79652521896942,30.79652521896946
0.00377421875,34.506682433590406,-4.263789959161141e-14,30.81905020212841,30.81905020212845
0.003775,34.6338240378902,-3.677663156495209e-14,30.742930240142396,30.74293024014243
0.00377578125,34.76137980226604,-3.96105492433078e-14,30.572266978232207,30.572266978232246
0.0037765625,34.88914999505848,-3.9961427517938987e-14,30.311301592524746,30.311301592524785
0.00377734375,35.017504937772465,-3.5605432706208176e-14,29.96439594642232,29.964395946422357
0.003778125,35.14841571749397,-3.667503481851546e-14,29.536014407764476,29.53601440776451
0.00377890625,35.29198752735689,-4.0486658636248154e-14,29.030708038938858,29.030708038938897
0.0037796875,35.673500269675614,-4.334283169801355e-14,28.453168187111288,28.45316818711133
0.00378046875,35.16358779983554,55.65693406857771,28.062563728063253,-27.59437034051446
0.00378125,35.0853781037461,55.65538355311697,27.61965128799385,-28.03573226512312
0.00378203125,34.979678132273484,55.642919295612565,27.282954612132198,-28.359964683480367
0.0037828125,34.867659841506146,55.630370619338194,27.04938291729459,-28.580987702043604
0.00378359375,34.753811089070915,55.617738164695375,26.915603054750825,-28.70213510994455
0.003784375,34.641515938635784,55.605021950744,26.87809518018975,-28.726926770554254
0.00378515625,34.54692447230503,55.592221996634464,26.933176148449437,-28.659045848185027
0.0037859375,34.41074412781394,37.052899483556985,27.01053518414258,-10.042364299414405
0.00378671875,34.39272405688653,36.963813487748766,27.17133939854219,-9.792474089206575
0.0037875,34.3581879866796,37.01632734294871,27.357359426903145,-9.658967916045567
0.00378828125,34.3210199560908,37.06879358196472,27.566789521096133,-9.502004060868588
0.0037890625,34.283398334816475,37.12120399651406,27.79821626517872,-9.322987731335342
0.00378984375,34.24596834869917,37.173558507201086,28.050211125013156,-9.123347382187932
0.003790625,34.20900835884327,37.2258570351808,28.321335927150766,-8.904521108030035
0.00379140625,34.17265618529047,37.278099501692566,28.61014787137661,-8.667951630315953
0.0037921875,34.13696494658154,37.33028582806019,28.91520430586172,-8.415081522198468
0.00379296875,34.10190097517408,37.382415935691974,29.23506729544333,-8.147348640248643
0.00379375,34.06728784478726,37.43448974608095,29.568307976983444,-7.866181769097505
0.00379453125,34.032618373311486,37.48650718080489,29.913510667552295,-7.572996513252599
0.0037953125,33.99633106298933,37.53846816152648,30.269276575743262,-7.269191585783218
0.00379609375,33.95137874186221,37.590372609993416,30.63422597505742,-6.956146634935997
0.003796875,33.74519297363411,37.64222044803854,31.006953528399833,-6.635266919638709
0.00379765625,34.14173985151577,0.0073238178863366055,31.213843769087596,31.20651995120126
0.0037984375,34.245614627407306,4.2032041746287537e-07,31.418509489484144,31.418509069163726
0.00379921875,34.367344130331794,2.412256231353895e-11,31.515526844379206,31.515526844355083
0.0038,34.49226504042826,1.3844152898472158e-15,31.50877535517577,31.50877535517577
0.00380078125,34.61674010870242,7.945282386884097e-20,31.40233609222314,31.40233609222314
0.0038015625,34.73697859921112,4.5598681746932605e-24,31.200446527239322,31.200446527239322
0.00380234375,34.836504644406624,2.6169488708046543e-28,30.907476493044943,30.907476493044943
0.003803125,34.98681634537937,34.743832393928464,30.638520945019998,-4.105311448908468
0.00380390625,34.94423182476232,38.10610063785891,30.295349880123865,-7.810750757735043
0.0038046875,34.89568973208497,38.15756810871663,29.981087327951542,-8.176480780765088
0.00380546875,34.854893242525456,38.20878810846107,29.70511170838207,-8.503676400079
0.00380625,34.815555449467894,38.25995055555649,29.466961072429484,-8.792989483127007
0.00380703125,34.77630787100322,38.31105538385718,29.266072437970994,-9.044982945886186
0.0038078125,34.73675720509541,38.362102516400824,29.101786787220774,-9.260315729180048
0.00380859375,34.696812502888854,38.413091876311384,28.973354696020422,-9.43973718029096
0.003809375,34.65650468359988,38.46402338679976,28.879942190220355,-9.584081196579403
0.00381015625,34.61592783069303,38.51489697116408,28.820636680946,-9.694260290218079
0.0038109375,34.57522562757158,38.56571255278955,28.794452931991948,-9.771259620797602
0.00381171875,34.53461354369322,38.61647005514891,28.800339036638313,-9.816131018510596
0.0038125,34.49448144247568,38.66716940180225,28.837182401100215,-9.829987000702031
0.00381328125,34.45584740813853,38.717810516397265,28.903815813498284,-9.81399470289898
0.0038140625,34.423806403383544,38.76839332266939,28.99902452841413,-9.76936879425526
0.00381484375,34.039217810883336,50.25476253325723,29.156452730111535,-21.098309803145693
0.003815625,34.21910403904671,55.027649838957956,29.35879011589479,-25.668859723063164
0.00381640625,34.11826079290403,55.011792267528,29.62101876226003,-25.390773505267973
0.0038171875,34.012389099489724,54.99557702376465,29.953511288449732,-25.04206573531492
0.00381796875,33.902905837309724,54.97927894188369,30.35241288367907,-24.626866058204623
0.00381875,33.7805063055427,54.96289806220134,30.813804111111132,-24.149093951090208
0.00381953125,33.42308231021217,54.94643440938781,31.333646888880683,-23.61278752050713
0.0038203125,33.94514748028135,0.010688352897352364,31.656812886392352,31.646124533494998
0.00382109375,34.041110482865,6.134140384569705e-07,32.020017112204265,32.02001649879023
0.003821875,34.16416995629586,3.5160955213675234e-11,32.267473183520835,32.26747318348568
0.00382265625,34.29361798274222,-3.7645072061975065e-14,32.402888953535836,32.40288895353587
0.0038234375,34.42552983630234,-3.939017764687193e-14,32.43021815160398,32.43021815160402
0.00382421875,34.558409804762206,-3.755204910865383e-14,32.35360344686989,32.353603446869926
0.003825,34.69145200885076,-3.4788526320231145e-14,32.177355345277455,32.17735534527749
0.00382578125,34.824150189826845,-4.020516468593548e-14,31.905931821610082,31.90593182161012
0.0038265625,34.9562141091746,-3.689117791287545e-14,31.543918382001646,31.54391838200168
0.00382734375,35.087641436787855,-3.980177786045318e-14,31.096008555831226,31.096008555831265
0.003828125,35.21907226580855,-3.9696331746660136e-14,30.566984910234723,30.566984910234762
0.00382890625,35.353336122203025,-4.094747175167755e-14,29.96170095695993,29.961700956959973
0.0038296875,35.50710975971812,-4.173576551880428e-14,29.285067187996376,29.285067187996418
0.00383046875,34.46864008705895,38.566732105329685,28.659734004824735,-9.90699810050495
0.00383125,35.32977653647779,54.688637678096434,28.03741749247829,-26.651220185618143
0.00383203125,35.241191739069954,54.67177937824668,27.478140583622224,-27.19363879462446
0.0038328125,35.13403308726247,54.65391253041013,27.02698749461934,-27.62692503579079
0.00383359375,35.01925422901539,54.63596332161283,26.68110742319349,-27.954855898419336
0.003834375,34.89152979203805,54.617931832039105,26.43741877809744,-28.180513053941663
0.00383515625,34.8876895181418,40.48448565337236,26.245289717613915,-14.239195935758444
0.0038359375,34.78610975562599,40.16075325532241,26.14821472091626,-14.01253853440615
0.00383671875,34.723541803867825,40.2095909565984,26.100500033096004,-14.109090923502391
0.0038375,34.663332321960404,40.258389488557285,26.099457082920154,-14.158932405637131
0.00383828125,34.60375011145502,40.30712739333647,26.14341684875638,-14.163710544580093
0.0038390625,34.54450356824886,40.355804596310314,26.230633202595747,-14.125171393714567
0.00383984375,34.48558815267253,40.40442102417177,26.35929103164522,-14.045129992526547
0.003840625,34.42707429234576,40.452976603705345,26.527514626222136,-13.925461977483208
0.00384140625,34.36904386266442,40.501471261787245,26.73337597997083,-13.768095281816414
0.0038421875,34.311558476346256,40.54990492538534,26.97490294127123,-13.575001984114113
0.00384296875,34.25462678005265,40.59827752155946,27.25008718479097,-13.348190336768491
0.00384375,34.198143109721734,40.646588977461334,27.556891975102857,-13.089697002358477
0.00384453125,34.14172755287225,40.69483922033474,27.8932596804865,-12.801579539848243
0.0038453125,34.08417665761561,40.743028177515775,28.25711891742926,-12.485909260086515
0.00384609375,34.02060790463414,40.79115577643267,28.64639062512756,-12.144765151305108
0.003846875,33.90018850670917,40.83922194460614,29.058979849989356,-11.780242094616783
0.00384765625,34.16406718436044,0.0913157673345556,29.335208129939335,29.24389236260478
0.0038484375,34.238028261226454,5.240693043256697e-06,29.624061327844473,29.62405608715143
0.00384921875,34.349517503205306,3.0076803136325305e-10,29.807907198091307,29.807907197790538
0.00385,34.46620872148482,1.7261344624357505e-14,29.89000384421398,29.89000384421396
0.00385078125,34.58281811551397,9.906439088301288e-19,29.874070895848632,29.874070895848632
0.0038515625,34.693781330040274,5.685393435210236e-23,29.763993198210116,29.763993198210116
0.00385234375,34.76457479170607,3.262897820802567e-27,29.563791778505465,29.563791778505465
0.003853125,34.92575846426233,40.90943022958132,29.424386523178523,-11.485043706402795
0.00385390625,34.826645834438,41.26902324976332,29.20697700648549,-12.06204624327783
0.0038546875,34.7638625550345,41.31648905526757,29.03551507756125,-12.280973977706317
0.00385546875,34.70725349529234,41.36387472919461,28.90976823780221,-12.454106491392404
0.00385625,34.65242181655055,41.411198108845994,28.828495250697404,-12.58270285814859
0.00385703125,34.59830671780091,41.45845912398137,28.79036321133055,-12.668095912650818
0.0038578125,34.544609864096195,41.505657703426536,28.79395457578437,-12.711703127642165
0.00385859375,34.49128561769688,41.552793776101296,28.837774803768973,-12.715018972332325
0.003859375,34.438392904591424,41.59986727101957,28.920260064437297,-12.679607206582272
0.00386015625,34.38604305735572,41.64687811728953,29.0397848918132,-12.607093225476332
0.0038609375,34.33438208037301,41.69382624411367,29.194669747491503,-12.49915649662217
0.00386171875,34.28359200180713,41.74071158078904,29.383188465411493,-12.357523115377544
0.0038625,34.23391557697501,41.78753405670708,29.60357556154308,-12.183958495164
0.00386328125,34.18574199096734,41.83429360135402,29.854033404394393,-11.980260196959627
0.0038640625,34.139956650751635,41.880990144310836,30.132739302632224,-11.748250841678612
0.00386484375,34.10049700348869,41.92762361525337,30.437853190451158,-11.48977042480221
0.003865625,33.80535777244773,50.329432396640364,30.79302330995331,-19.536409086687055
0.00386640625,33.92532768469456,53.80794650754555,31.18462040358446,-22.62332610396109
0.0038671875,33.84460009056034,53.78668613204933,31.622698826300958,-22.163987305748375
0.00386796875,33.770616970182964,53.76514390425829,32.1139228421909,-21.651221062067386
0.00386875,33.750109291997674,53.74352069560517,32.654603292361486,-21.088917403243684
0.00386953125,33.6124557888445,0.40706144233471,33.04975012593024,32.64268868359553
0.0038703125,33.815113050067524,2.3361617909749008e-05,33.48243319302537,33.48240983140746
0.00387109375,33.97070605734441,1.3407109740175587e-09,33.79310504385807,33.79310504251736
0.003871875,34.118313218211675,3.6140831237989206e-14,33.984418526804475,33.98441852680444
0.00387265625,34.26343992646208,-3.9325699664350185e-14,34.06043943715065,34.06043943715069
0.0038734375,34.40726137840872,-3.947435317720367e-14,34.025438848003425,34.02543884800347
0.00387421875,34.549983776130254,-3.1549060387746656e-14,33.88387255518159,33.88387255518162
0.003875,34.691517111657404,-3.8247154975370054e-14,33.64035993337776,33.640359933377795
0.00387578125,34.83168307905975,-3.942328708019477e-14,33.299662949466175,33.29966294946622
0.0038765625,34.97031284221787,-3.839192429841152e-14,32.866665509444864,32.8666655094449
0.00387734375,35.1073368186542,-3.794752190808507e-14,32.3463532256216,32.346353225621634
0.003878125,35.242954881580964,-3.4385971732297715e-14,31.743793683057902,31.743793683057937
0.00387890625,35.37814999603149,-4.023134376379682e-14,31.06411734348564,31.06411734348568
0.0038796875,35.517020022800004,-3.472610793654644e-14,30.312499655466873,30.312499655466908
0.00388046875,35.68971099793954,-2.842162894188014e-14,29.49415113140392,29.49415113140395
0.00388125,35.39598015054774,52.01546787460073,28.788750733485074,-23.226717141115657
0.00388203125,35.454825919431805,53.363491178311314,28.02931117334763,-25.334180004963684
0.0038828125,35.363099136923445,53.34049489195202,27.37601691753164,-25.96447797442038
0.00388359375,35.25137523635533,53.31733959635085,26.830623194051995,-26.486716402298853
0.003884375,35.22294929573751,43.335882365872294,26.357161618338413,-16.97872074753388
0.00388515625,35.1231799457246,43.11774257024816,25.986046514498714,-17.131696055749448
0.0038859375,35.04921119428904,43.162631763787104,25.684593363503858,-17.478038400283246
0.00388671875,34.97554592196234,43.207471054376754,25.450424126232996,-17.757046928143758
0.0038875,34.90121967398707,43.25224527616241,25.28179037040053,-17.970454905761883
0.00388828125,34.82622886168595,43.29695436084835,25.176804344038672,-18.12015001680968
0.0038890625,34.750743646437556,43.34159824110355,25.13345011742214,-18.208148123681408
0.00388984375,34.6749704526999,43.38617684969505,25.14959494883359,-18.236581900861456
0.003890625,34.59911393138653,43.43069011948829,25.223000608489716,-18.207689510998573
0.00389140625,34.52336011936725,43.4751379834471,25.35133460074891,-18.12380338269819
0.0038921875,34.44786158691041,43.519520374633785,25.53218124659152,-17.987339128042265
0.00389296875,34.372713860397596,43.56383722620929,25.763052592926478,-17.80078463328281
0.00389375,34.297905089941786,43.60808847143321,26.041399114341385,-17.56668935709183
0.00389453125,34.223185944380205,43.65227404366399,26.364620162147382,-17.28765388151661
0.0038953125,34.14765018852517,43.69639387635897,26.730074061380485,-16.966319814978483
0.00389609375,34.06781670192851,43.740447903074426,27.135087400219124,-16.6053605028553
0.003896875,33.958794638520686,43.78443605746586,27.576957972246564,-16.207478085219297
0.00389765625,34.23115536210583,1.1250145679037902,27.909747408259896,26.784732840356106
0.0038984375,34.212139751509916,6.456558589684794e-05,28.271863856565115,28.271799290979217
0.00389921875,34.31387870031728,3.7054763566046137e-09,28.53333861749739,28.533338613791912
0.0039,34.42379089170683,2.1266058130862744e-13,28.69407052459434,28.694070524594128
0.00390078125,34.53389457406005,1.2204779761154188e-17,28.757489316370354,28.757489316370354
0.0039015625,34.635679542358275,7.004431573621201e-22,28.727199029349478,28.727199029349478
0.00390234375,34.63675103662522,4.0199055312491646e-26,28.60693015336421,28.60693015336421
0.003903125,34.798023562242996,44.104882634526795,28.585849425998894,-15.519033208527901
0.00390390625,34.69704014188008,44.177352625847966,28.49139764108576,-15.685954984762203
0.0039046875,34.621663885316046,44.22068009871394,28.4503687764878,-15.770311322226144
0.00390546875,34.5515248943814,44.26393930733804,28.46101522810777,-15.802924079230275
0.00390625,34.4834521533302,44.30713185517373,28.521417105732596,-15.785714749441135
0.00390703125,34.416620656770526,44.35025767726957,28.62957236581874,-15.720685311450831
0.0039078125,34.35080665381985,44.39331670867883,28.783405813830385,-15.609910894848449
0.00390859375,34.28599654897768,44.43630888455542,28.980778422205226,-15.455530462350197
0.003909375,34.22226496935873,44.4792341401539,29.219496574018038,-15.259737566135863
0.00391015625,34.159729211235714,44.522092410829586,29.49732114300901,-15.024771267820576
0.0039109375,34.09853153579972,44.564883632038736,29.811976371770513,-14.752907260268223
0.00391171875,34.03883506208303,44.60760773933849,30.161158523251203,-14.446449216087288
0.0039125,33.9808307897872,44.650264668387166,30.542544286352793,-14.10772038203437
0.00391328125,33.924762503809376,44.69285435494415,30.953798921162218,-13.739055433781935
0.0039140625,33.87099918603038,44.73537673487019,31.39258413902023,-13.342792595849955
0.00391484375,33.820297123592475,44.7778317441273,31.856565754381577,-12.92126598974572
0.003915625,33.7755137192122,44.82021931877905,32.34342154815377,-12.476797770625282
0.00391640625,33.573911641037256,50.08403719628987,32.86678368569683,-17.21725351059304
0.0039171875,33.63804523939927,52.246056844831216,33.4169198243701,-18.829137020461115
0.00391796875,33.603728039050424,52.21952886853082,33.99902555615333,-18.22050331237749
0.00391875,33.49816885773387,4.543358147820109,34.46444833453193,29.921090186711822
0.00391953125,33.657126140504154,0.0002607473619244958,34.951165006269406,34.95090425890748
0.0039203125,33.82377193815781,1.4964496692440653e-08,35.32078997149228,35.32078995652778
0.00392109375,33.97904983142372,8.197956315152945e-13,35.56390298089212,35.5639029808913
0.003921875,34.131323708298005,-2.7661688105431378e-14,35.68468571437872,35.68468571437875
0.00392265625,34.282213370397514,-3.7751878688718894e-14,35.687542809157584,35.68754280915762
0.0039234375,34.43201778035513,-2.968956149659924e-14,35.57708018457809,35.577080184578115
0.00392421875,34.58064650786681,-4.217880849114912e-14,35.35808285811664,35.35808285811668
0.003925,34.72787699242124,-2.1671904160288296e-14,35.03549284163493,35.03549284163495
0.00392578125,34.873451446029634,-4.870506174247096e-14,34.61438735248928,34.61438735248933
0.0039265625,35.01712900781343,-4.5998994194597967e-14,34.09995743419988,34.09995743419992
0.00392734375,35.158734607651574,-2.7618707792210742e-14,33.49748705238015,33.49748705238018
0.003928125,35.29824151164413,-4.191361463006945e-14,32.81233272672412,32.812332726724165
0.00392890625,35.43597783758543,-3.105495158473609e-14,32.04990377540763,32.04990377540766
0.0039296875,35.57332744914688,-4.1747738419164336e-14,31.21564334488638,31.215643344886423
0.00393046875,35.71635805856151,-3.005640838585637e-14,30.315011133405466,30.315011133405495
0.00393125,35.929385480468135,-2.807333288230218e-14,29.353484572134466,29.353484572134494
0.00393203125,35.65448919618213,51.61070870401004,28.535909831609317,-23.07479887240072
0.0039328125,35.6205357524533,51.698208736862036,27.676242408276458,-24.021966328585577
0.00393359375,35.52804438343252,46.29084948625562,26.908925920605792,-19.381923565649824
0.003934375,35.45530050218885,45.81715581006755,26.248519783772366,-19.56863602629518
0.00393515625,35.378154240663854,45.857807514561074,25.677523070439328,-20.180284444121746
0.0039359375,35.29619366522829,45.8984196807237,25.192924882625775,-20.705494798097924
0.00393671875,35.21130900412726,45.93896272639012,24.793010642024996,-21.145952084365128
0.0039375,35.124341890738485,45.97943658880898,24.47586375903691,-21.50357282977207
0.00393828125,35.03585990254038,46.01984120702729,24.239379785851547,-21.780461421175744
0.0039390625,34.94632251712246,46.06017652019642,24.08128049765179,-21.97889602254463
0.00393984375,34.856137153587234,46.1004424675721,23.999127938247707,-22.101314529324394
0.003940625,34.76568446482194,46.14063898851458,23.990338412815817,-22.150300575698765
0.00394140625,34.67533420884116,46.18076602248859,24.052196392432272,-22.12856963005632
0.0039421875,34.58546089798113,46.22082350906358,24.18186829284925,-22.03895521621433
0.00394296875,34.49646768876385,46.26081138791365,24.37641609173126,-21.884395296182387
0.00394375,34.408835098995056,46.3007295988178,24.632810753513763,-21.66791884530404
0.00394453125,34.32324285062173,46.34057808165994,24.947945444434204,-21.392632637225738
0.0039453125,34.24094904619499,46.380356776428954,25.31864857094159,-21.061708205487363
0.00394609375,34.16542796516572,46.42006562321886,25.74169696929628,-20.67836865392258
0.003946875,34.116224927872004,46.459704562228836,26.213833143401,-20.245871418827836
0.00394765625,34.00553613331524,4.046360432113644,26.596621828129127,22.550261396015483
0.0039484375,34.13102955074316,0.0002322242213592229,27.012479419238474,27.012247195017114
0.00394921875,34.264210174065376,1.3327554450636924e-08,27.33779845196668,27.337798438639126
0.00395,34.38876855303997,7.648801946457154e-13,27.5636638155202,27.563663815519437
0.00395078125,34.51414464338307,4.3897154149935466e-17,27.6932535231003,27.6932535231003
0.0039515625,34.65057856505734,2.5192966897982554e-21,27.729927796585088,27.729927796585088
0.00395234375,34.98776174558794,1.4458467602592358e-25,27.677272147635968,27.677272147635968
0.003953125,34.577373284794746,46.765199879808925,27.7527645729973,-19.012435306811625
0.00395390625,34.53055349553503,46.8132988264546,27.75545469504984,-19.05784413140476
0.0039546875,34.46148738567716,46.85223594361645,27.818499169517036,-19.033736774099413
0.00395546875,34.38771846548725,46.891101980398204,27.939490871892932,-18.951611108505272
0.00395625,34.31249692697536,46.92989739999785,28.11590257446441,-18.813994825533438
0.00395703125,34.237006784803434,46.96862214402015,28.345129248703604,-18.62349289531655
0.0039578125,34.161859961331366,47.007276154146325,28.624499861478927,-18.382776292667398
0.00395859375,34.087449435172495,47.04585937216413,28.951288545926428,-18.094570826237703
0.003959375,34.01406254648447,47.084371739967935,29.322725430819833,-17.7616463091481
0.00396015625,33.941924016004734,47.12281319955882,29.73600716279232,-17.3868060367665
0.0039609375,33.871212817681446,47.16118369304463,30.1883071144242,-16.972876578620426
0.00396171875,33.80206625342566,47.1994831626401,30.676785262395796,-16.522697900244303
0.0039625,33.73457404914188,47.23771155066693,31.198597718071774,-16.039113832595156
0.00396328125,33.6687583285711,47.275868799553834,31.750905892251296,-15.524962907302537
0.0039640625,33.60452303769961,47.31395485183671,32.33088527325411,-14.9830695785826
0.00396484375,33.5415176227219,47.35196965015863,32.93573378546676,-14.416235864691869
0.003965625,33.478686990259746,47.389913137270064,33.5626796354802,-13.82723350178986
0.00396640625,33.41196486658523,47.427785256028706,34.2089880838747,-13.218797172154005
0.0039671875,33.331576514905365,50.12807913513569,34.880442091555764,-15.247637043579932
0.00396796875,34.333568395866564,14.856121816208653,35.457906939120505,20.60178512291185
0.00396875,33.58662912858434,0.0008526060342104576,35.99539642638747,35.994543820353265
0.00396953125,33.71403129368464,4.893179065749612e-08,36.439862025943484,36.439861977011695
0.0039703125,33.85776474126061,2.7749816717506335e-12,36.75134759069174,36.751347590688965
0.00397109375,34.00638561268649,-3.04204358369458e-14,36.93406293531578,36.93406293531581
0.003971875,34.15699886368135,-3.6112629620593615e-14,36.99246678610658,36.99246678610662
0.00397265625,34.30827639967056,-2.5179883311496738e-14,36.931238231791134,36.93123823179116
0.0039734375,34.45936777264404,-2.9386470098393264e-14,36.75525290167648,36.755252901676506
0.00397421875,34.6096155374119,-3.757970002685965e-14,36.46955971502241,36.46955971502245
0.003975,34.75845633607576,-2.3404255154815648e-14,36.079358051132616,36.07935805113264
0.00397578125,34.90537759975971,-4.020531804146063e-14,35.58997535359628,35.58997535359632
0.0039765625,35.04989188114423,-2.1451709580220194e-14,35.00684521026193,35.00684521026195
0.00397734375,35.19151252044309,-4.4249387890657376e-14,34.33548595437693,34.33548595437697
0.003978125,35.32971583275961,-2.5129032752272265e-14,33.58147982913683,33.58147982913686
0.00397890625,35.46385910379279,-4.31536347490345e-14,32.75045274853726,32.750452748537306
0.0039796875,35.59295539515577,-2.3755499976443945e-14,31.848054659385888,31.848054659385912
0.00398046875,35.71486603019286,-4.2738307505236984e-14,30.879940384069027,30.87994038406907
0.00398125,35.82178160339144,-4.157703101927991e-14,29.851749856161646,29.85174985616169
0.00398203125,35.80981191272743,-3.3333313428414705e-14,28.7690588006416,28.76905880064163
0.0039828125,36.007967432664806,48.627847857335695,27.84296981065329,-20.784878046682405
0.00398359375,35.8530561511729,48.24282556454589,26.881380505175212,-21.361445059370677
0.003984375,35.75013406249936,48.27901650886386,26.026424513543546,-22.252591995320316
0.00398515625,35.65030118597428,48.31515892382709,25.275551435506014,-23.039607488321078
0.0039859375,35.54987569088144,48.351228578421754,24.62718333174929,-23.724045246672464
0.00398671875,35.44807085771247,48.387225416940055,24.07947962832445,-24.307745788615605
0.0039875,35.34481918583307,48.42314938517136,23.63035245685387,-24.792796928317486
0.00398828125,35.24030007459688,48.459000429014786,23.277482801146864,-25.181517627867922
0.0039890625,35.13479442035895,48.49477849447936,23.01833685188363,-25.47644164259573
0.00398984375,35.0286303407902,48.53048352768387,22.850182432389882,-25.680301095293988
0.003990625,34.922161453668224,48.566115474857256,22.770105421526615,-25.79601005333064
0.00399140625,34.815760250909875,48.60167428233844,22.775026116079257,-25.826648166259186
0.0039921875,34.709822252049186,48.63715989657649,22.861715481826224,-25.775444414750268
0.00399296875,34.60478416736664,48.67257226413071,23.02681124741362,-25.64576101671709
0.00399375,34.50117095918227,48.70791133167071,23.266833801657434,-25.441077530013274
0.00399453125,34.399721334816505,48.7431770459765,23.578201869648392,-25.16497517632811
0.0039953125,34.30178468173874,48.77836935393856,23.957247996727492,-24.821121357211066
0.00399609375,34.21104173561675,48.81348820255789,24.40023417946213,-24.41325402309576
0.003996875,34.14806930821961,48.848533538946185,24.903371735354796,-23.94516180359139
0.00399765625,34.02056407894858,4.253980136581422,25.320750545941774,21.066770409360352
0.0039984375,34.14151353119387,0.00024413970071845452,25.780700633028772,25.780456493328053
0.00399921875,34.27070810535326,1.4011394400820026e-08,26.15288032745945,26.152880313448055
