time_s,bus_V,bridge_A,source_A,cap_branch_0_A,cap_branch_1_A
0.0,36.27210995823156,8.041263771422776e-13,28.955888441164984,25.822117662099494,3.1337707790646854
7.8125e-07,34.05337218803835,4.6149527443044545e-17,28.33486278594898,40.5789601126283,-12.24409732667932
1.5625e-06,34.88551993657872,2.6485623948628296e-21,28.74647897427714,15.306237494974296,13.440241479302845
2.34375e-06,35.51128060693404,1.520033497231136e-25,28.072149322991265,36.89786861099284,-8.82571928800157
3.125e-06,31.24746017680053,49.116692793672655,29.543849542318068,-31.330271392723468,11.75742814136888
3.90625e-06,36.59125258568925,49.16062429620549,29.92282848138083,-33.08783599833241,13.850040183507748
4.6875e-06,33.457411338922576,49.19493217390965,29.070727057170554,4.807246101247341,-24.931451217986435
5.46875e-06,33.973069615821025,49.229165416875546,30.277079841594354,-41.17481121149108,22.22272563620989
6.25e-06,35.327641904610935,49.26332452157656,29.69631538276923,-7.627249095383246,-11.93976004342408
7.03125e-06,33.29376241183747,49.29740943660113,30.033477068822535,-19.888299419363303,0.6243670515847101
7.8125e-06,34.95820610561424,49.331420110618,30.365243754329985,-25.728016695441386,6.761840339153373
8.59375e-06,34.1637630990989,49.365356492407706,30.11619971592372,-10.301808666774505,-8.947348109709479
9.375e-06,34.078302381187015,49.39921853086267,30.596325504862378,-25.575260225657416,6.772367199657125
1.015625e-05,34.67850479608457,49.433006174987284,30.535449781209593,-16.059836810846047,-2.837719582931645
1.09375e-05,33.967824801687925,49.466719373897945,30.684077817821567,-17.90965182794281,-0.8729897281335668
1.171875e-05,34.45803338159576,49.50035807682321,30.91597483432686,-21.401141020424603,2.8167577779282524
1.25e-05,34.28527990032308,49.53392223310378,30.908976940913117,-15.571925539278897,-3.0530197529117666
1.328125e-05,34.17425101082056,49.56741179219266,31.146629796056402,-20.348855616344636,1.92807362020838
1.40625e-05,34.411268099409014,49.60082670365516,31.23025681284007,-17.824550082985137,-0.5460198078299483
1.484375e-05,34.17595149844956,49.63416691716904,31.34911511285567,-17.648218403468658,-0.6368334008447104
1.5625e-05,34.31400510299763,49.66743238252455,31.521472012822002,-19.206184451438617,1.0602240817360666
1.640625e-05,34.304728416774346,49.70062304962447,31.60343414288403,-17.095737514036443,-1.0014513927039939
1.71875e-05,34.73189890139152,49.73373886848428,31.764337874387703,-18.507413584409736,0.5380125903131596
1.796875e-05,36.870684496240095,0.042999494043953944,30.189362683434698,47.495990735610675,-17.34962754621993
1.875e-05,32.789456083772286,2.4677791980230203e-06,30.13212627981707,34.167321617769666,-4.035197805731795
1.953125e-05,35.75411816370779,1.4165061556173432e-10,30.496342386707035,14.242714715457467,16.253627671107918
2.03125e-05,34.7076706266857,2.54201932305106e-14,29.499874136373503,47.10901182725054,-17.609137690877063
2.109375e-05,34.158875447217866,1.926547826272095e-14,29.93652660414655,18.176586248625238,11.759940355521294
2.1875e-05,35.54839435021831,-2.0164894864947715e-14,29.452448652236967,32.76254410943559,-3.310095457198598
2.265625e-05,34.193602477358745,-1.387568894089585e-14,29.20448984633992,32.4528894395853,-3.2483995932453626
2.34375e-05,35.029646686658104,-1.005185422533988e-14,29.251491604265233,22.940130396469506,6.311361207795739
2.421875e-05,34.88034180714811,-1.6899653505400938e-14,28.780136545945574,34.46340127624491,-5.683264730299318
2.5e-05,34.56155794708898,-1.084625476729045e-14,28.769931178656538,25.568694319389476,3.2012368592670715
2.578125e-05,35.08450810397984,3.991465257647407e-15,28.51624964616447,28.754878786317107,-0.23862914015263836
2.65625e-05,34.663061808564805,2.7273625291589368e-15,28.273879824103126,29.893746121720955,-1.6198662976178326
2.734375e-05,34.884193741923916,2.3339807390846823e-15,28.174924829729203,25.8685051169681,2.306419712761099
2.8125e-05,34.90587570301359,4.262017820485875e-15,27.891326041817067,29.612123290160113,-1.7207972483430511
2.890625e-05,34.76638896423389,3.1653820082872503e-15,27.748906479730493,26.945464735727555,0.8034417440029359
2.96875e-05,34.95679253420051,1.3659902926349864e-14,27.550103551325392,27.328355974238733,0.22174757708664572
3.046875e-05,34.83937370129433,1.2566099840641608e-14,27.333660881325148,27.999419082327364,-0.6657582010022296
3.125e-05,34.89936902431393,1.3880661138950428e-14,27.177543291846636,26.361836296058392,0.8157069957882286
3.203125e-05,34.91952347308557,1.148189458620095e-14,26.959490831267455,27.430781910449788,-0.47129107918234325
3.28125e-05,34.931937097397906,2.9105614910763586,26.88347354173119,22.704302589376404,1.2686094612784267
3.359375e-05,32.116429805739706,50.40256043815159,28.104802893580178,-31.536659203788503,9.23890165921709
3.4375e-05,36.06858158209439,50.443250009890605,28.40876912285783,-31.80648929484644,9.772008407813665
3.515625e-05,33.71556328019483,50.47463131357104,27.83903007587541,-4.401687836431427,-18.2339134012642
3.59375e-05,34.139579184416164,50.505936073518896,28.775268449881708,-38.173748732073626,16.443081108436438
3.671875e-05,35.105392621994184,50.53716477240938,28.387273121876,-13.141751659172725,-9.00813999136066
3.75e-05,33.612812983924535,50.568317363243025,28.6922322390634,-22.518348901771326,0.6422637775917002
3.828125e-05,34.84589456267855,50.599393799104604,28.977587668951607,-26.474074580289027,4.852268450136029
3.90625e-05,34.24184321396218,50.63039403319356,28.844236041573847,-15.203001957247906,-6.583156034371808
3.984375e-05,34.191534336918316,50.66131801882409,29.246859297849287,-26.439507647804405,5.0250489268296015
4.0625e-05,34.62357073543956,50.692165709425254,29.24679234189518,-19.268619926969624,-2.1767534405604487
4.140625e-05,34.09843488101527,50.72293705854098,29.407189921474902,-20.72174072886482,-0.5940064082012569
4.21875e-05,34.46210548603844,50.75363201983015,29.62405869696569,-23.1629283115054,2.0333549886409417
4.296875e-05,34.32709848055407,50.78425054706673,29.667209974628843,-18.853534072883647,-2.263506499554244
4.375e-05,34.24828555957753,50.81479259413977,29.89092473477421,-22.354120365648168,1.4302525062826092
4.453125e-05,34.41985796961059,50.8452581150535,29.99932326092612,-20.40613232071223,-0.4398025334151484
4.53125e-05,34.24565772981435,50.87564706392738,30.135761045491165,-20.277441258336975,-0.46244476009924274
4.609375e-05,34.35129611150183,50.905959394996216,30.31014167990388,-21.359249047460384,0.763431332368046
4.6875e-05,34.35731238815689,50.93619506261018,30.418382154522302,-19.76638349186085,-0.751429416227029
4.765625e-05,35.49543901894761,4.435372638915238,30.36511824376153,-11.549612737324782,37.479358342171075
4.84375e-05,35.784425622312604,0.0002545499776380684,28.541064904300917,60.077242477283704,-31.536432122960424
4.921875e-05,33.03609548232174,1.4608849445260643e-08,29.244074741471486,16.023432025613374,13.22064270124926
5e-05,36.31439242895473,8.384148531246036e-13,28.961160382150865,25.195317455646013,3.765842926504015
5.078125e-05,34.03188916683004,4.8117373553192157e-17,28.306210587697052,41.33995324632761,-13.033742658630558
5.15625e-05,34.85303560628549,2.761498832026708e-21,28.7483111143044,14.726614787053814,14.021696327250584
5.234375e-05,35.542341741075255,1.5848487222301773e-25,28.058327049668478,37.1071502437715,-9.048823194103022
5.3125e-05,31.081601054366033,51.1653649635056,29.591281872598756,-33.6229598365832,12.048876745676354
5.390625e-05,36.64708394627904,51.20485816960379,30.001957868263936,-35.783305530613305,14.580405229273453
5.46875e-05,33.3948547061563,51.234325288375665,29.117794684235275,3.924849790386645,-26.041380394527035
5.546875e-05,33.91576436642558,51.263714678199115,30.382980665040705,-44.01398334157793,23.133249328419517
5.625e-05,35.33752105645132,51.293026865761945,29.787929351589895,-9.126305086629136,-12.378792427542914
5.703125e-05,33.21390677511684,51.322261806953286,30.14387349128781,-21.759229442443413,0.5808411267779378
5.78125e-05,34.94492290292501,51.35141945774585,30.49959175603653,-27.938675882523057,7.086848180813741
5.859375e-05,34.12163612705273,51.38049977422874,30.246641726448708,-11.797743977953097,-9.336114069826932
5.9375e-05,34.02632804253098,51.40950271260751,30.75414223095355,-27.695825403327802,7.040464921673841
6.015625e-05,34.65350543264539,51.43842822920429,30.699088078320656,-17.80476212390556,-2.934578026978074
6.09375e-05,33.91101957605022,51.46727628045776,30.860228064106668,-19.673416946498705,-0.9336312698523882
6.171875e-05,34.41856204698386,51.496046822923276,31.109794447174306,-23.33036086777048,2.9441084920215106
6.25e-05,34.238083183980486,51.524739813272916,31.1094740230487,-17.231164576293683,-3.1841012139305307
6.328125e-05,34.1173329891536,51.55335520829556,31.363983254893988,-22.189002804211995,1.9996308508104264
6.40625e-05,34.359814082045936,51.58189296489692,31.458494650960255,-19.56031691401416,-0.5630813999225087
6.484375e-05,34.10541423115175,51.6103530400997,31.588913841109434,-19.347856524110234,-0.6735826748800341
6.5625e-05,34.22631550049615,51.6387353910435,31.77549834010284,-20.965871438102983,1.102634387162324
6.640625e-05,34.0196770008802,51.667039974985016,31.86721036870858,-18.735876153745185,-1.0639534525312513
6.71875e-05,36.95889116617672,5.964340815737469,30.692221808435786,32.787248759264145,-8.059367766565826
6.796875e-05,33.0433283638695,6.024466352676036,30.32965779726814,34.89607734504221,-10.590885900450104
6.875e-05,35.60758698218668,0.045900857903488544,30.831911433716783,9.349499627875057,21.436510947938235
6.953125e-05,34.976030413719144,2.6342910189169565e-06,29.680703866872836,49.65181468589821,-19.97111345331639
7.03125e-05,33.90435983530208,1.5118470975295605e-10,30.141492072588843,18.76511435241439,11.37637772002327
7.109375e-05,35.67526058502619,1.0305745332755123e-14,29.724231490277244,31.042550873521705,-1.3183193832444724
7.1875e-05,34.17125773997804,5.463321315596837e-15,29.375325625222416,34.86788944804514,-5.492563822822731
7.265625e-05,34.944508423012216,9.662836233154527e-15,29.503776860592644,21.659002220446016,7.844774640146617
7.34375e-05,34.9645399849923,1.2718568867811083e-14,28.992987632139027,35.15789302880147,-6.164905396662454
7.421875e-05,34.47007627177196,2.9654965172952555e-15,28.977777665348558,26.15449175705337,2.8232859082951833
7.5e-05,35.100597001357336,9.555997165648415e-15,28.753264943814234,28.211042878260926,0.5422220655532982
7.578125e-05,34.65322367381119,7.84800886638673e-15,28.475234352579207,30.829845920267264,-2.354611567688062
7.65625e-05,34.83407202725589,1.302353425787536e-14,28.39975836900454,25.67417105857318,2.725587310431348
7.734375e-05,34.91842699852389,1.2034267450965915e-14,28.10707553374498,29.882638424439108,-1.7755628906941383
7.8125e-05,34.72138170088467,1.5061660934469487e-14,27.958403179849533,27.355331320072807,0.6030718597767106
7.890625e-05,34.93762155800934,-2.0637521037368173e-14,27.770568254954636,27.26437391247313,0.5061943424815297
7.96875e-05,34.81682559138765,-1.564393022566667e-14,27.54168714981708,28.436593881155503,-0.8949067313384106
8.046875e-05,34.853975703872315,-2.0443498751535245e-14,27.391328069360405,26.473182991712072,0.9181450776483558
8.125e-05,34.93452599378142,-1.8202572240330414e-14,27.171298156970117,27.622983634641514,-0.45168547767137923
8.203125e-05,34.382846020891435,7.263947859497225,27.20365492545421,18.514343973445676,1.4253630925113072
8.28125e-05,35.069646064091565,7.33418901212632,27.101491878300703,17.81459702004837,1.9527058461260112
8.359375e-05,34.216102416097144,7.403017668028108,26.829500682225934,22.748864932748535,-3.3223819185507075
8.4375e-05,32.431782718237194,52.29391020357998,28.39792672865418,-43.883255749777135,19.987272274851332
8.515625e-05,36.3108791617936,52.32291066903041,28.277189256372118,-25.068337386366057,1.0226159737077614
8.59375e-05,33.2681211955022,52.34925767778627,27.981059559169434,-10.195287601078764,-14.172910517538071
8.671875e-05,34.545130026978846,52.375525701744145,28.882505088691985,-40.44861817536529,16.95559756231313
8.75e-05,34.86083611774679,52.40171484909837,28.39860736575706,-11.751175950603994,-12.251931532737315
8.828125e-05,33.62031202314045,52.42782508041704,28.88109681575353,-27.911158713531144,4.364430448867635
8.90625e-05,34.94253334124941,52.45385635637862,29.04091350271948,-25.678399592444222,2.2654567387850784
8.984375e-05,34.05632414430866,52.47980863778048,28.9859044369587,-17.75794881337065,-5.735955387451132
9.0625e-05,34.29327887197377,52.505681885538955,29.40550259491224,-28.712731888765127,5.612552598138412
9.140625e-05,34.53827854742681,52.5314760606894,29.36851877175012,-19.702020553169763,-3.4609367357695136
9.21875e-05,34.05483678111149,52.55719112438626,29.598389709677615,-23.586910450442804,0.628109035734164
9.296875e-05,34.47675724208675,52.58282703790309,29.785907081667645,-24.11495410438595,1.318034148150509
9.375e-05,34.23154461056572,52.6083837626327,29.854991420401294,-20.594013621735133,-2.159378720496271
9.453125e-05,34.23990613495562,52.63386126008711,30.09844888136923,-24.28353894911246,1.7481265703945823
9.53125e-05,34.35439450149586,52.65925949189766,30.198709086031897,-21.546373133793782,-0.9141772720719786
9.609375e-05,34.16534212329528,52.68457841981508,30.36555201361065,-22.23456657594092,-0.084459830263512
9.6875e-05,34.24944369891848,52.70981800570953,30.53962075509683,-22.747591862663246,0.5773946120505485
9.765625e-05,36.546223248398796,1.3539020478246562,30.258730143275702,-4.618469214698729,33.52329731014977
9.84375e-05,35.075486141432606,7.770164179084374e-05,28.48463067088181,62.03263916029181,-33.54808619105179
9.921875e-05,33.452450221944495,4.4593662788923705e-09,29.425922229296468,9.50113237095527,19.924789853881833
0.0001,36.3217211733007,2.5592699396045086e-13,28.8197803312051,32.14729103863234,-3.3275107074274963
0.00010078125,33.76741268360394,1.468787763581093e-17,28.416411387577625,36.8672317383361,-8.450820350758477
0.0001015625,35.11842995179027,8.429503512157564e-22,28.750371152274592,15.927025857393899,12.823345294880694
0.00010234375,34.945278765684854,4.83776698195196e-26,28.03377242998242,38.54880394906857,-10.51503151908615
0.000103125,31.070076718152293,52.873999238721964,29.408282366196786,-26.64879354663326,3.1830766741080816
0.00010390625,36.46246752738032,52.933395654007626,30.173972415654113,-44.00053040296611,21.2411071646126
0.0001046875,33.807185233366624,52.957841750215856,29.116112718240757,4.841982132892969,-28.68371116486807
0.00010546875,33.617201083168354,52.98220609161661,30.403978101832486,-44.75646701580075,22.178239026016627
0.00010625,35.51594851794251,53.00649064265765,29.923983669116694,-13.58701978529784,-9.49548718824312
0.00010703125,33.23320801679543,53.0306953668817,30.153710894170846,-20.461590222275106,-2.415394250435751
0.0001078125,34.8468365975133,53.05482022783692,30.62566000286841,-31.416919250949434,8.987759025980925
0.00010859375,34.264252927426774,53.07886518919169,30.339873775666835,-12.939875794500331,-9.799115619024523
0.000109375,33.937532087167575,53.10283021473472,30.845694184139994,-28.658641431507654,6.401505400912926
0.00011015625,34.69651945796251,53.126715268375136,30.845129960807242,-20.439839521759165,-1.8417457858087296
0.0001109375,33.9352647424089,53.150520314142476,30.970388263669008,-20.286341519204115,-1.8937905312693524
0.00011171875,34.38185215947936,53.174245316186756,31.26094875209127,-25.35710267626476,3.4438061121692742
0.0001125,34.2917533653126,53.19789023877857,31.26307289605019,-18.738113598112143,-3.1967037446162383
0.00011328125,34.102551644654895,53.22145504630908,31.51885384650496,-23.397108490243298,1.6945072904391758
0.0001140625,34.38473811697357,53.244939703290115,31.640544980177424,-21.430465060289794,-0.17392966282289565
0.00011484375,34.15229890902264,53.26834417435421,31.766298980475323,-20.538364423822067,-0.9636807700568227
0.000115625,34.354201479341256,53.291668424254645,31.971467348771096,-22.548285303305104,1.2280842278215551
0.00011640625,36.87440024687973,10.310870477123906,31.058104511650274,20.246436403933416,0.5007976305929532
0.0001171875,33.2350167102819,10.350731158459354,30.4088642971324,36.54324923171952,-16.485116093046475
0.00011796875,34.865079051822356,10.418969760855123,31.162609188236797,0.38305123023608023,20.360588197145592
0.00011875,35.228945680553714,10.487194301999459,30.257927244283835,34.604583911631934,-14.833850969347559
0.00011953125,34.4067212107173,0.006926234291592784,30.28316489466723,24.26900998243357,6.007228677942066
0.0001203125,35.146183317185596,3.975027224204962e-07,29.940452023190577,31.51636131481709,-1.5759096891292366
0.00012109375,34.45388931432242,2.2799603458732976e-11,29.71078772897174,31.451185723673248,-1.740397994724308
0.000121875,34.8836155745468,-1.1656968216105988e-14,29.640429074344418,26.32240198273453,3.3180270916098977
0.00012265625,34.82016786509859,-1.3656647986844195e-14,29.299866173783517,32.20294657616149,-2.9030804023779546
0.0001234375,34.653879061561746,-1.1299383231465972e-14,29.19670676642542,27.55629415996574,1.640412606459691
0.00012421875,34.930501195355035,-1.2640213070598912e-14,28.97098165434667,29.034488308789093,-0.06350665444240917
0.000125,34.71831056192938,-7.292902164729743e-15,28.748293506533546,29.58772132827649,-0.8394278217429388
0.00012578125,34.8335789866464,-1.015413924462909e-14,28.601880591354842,27.382284959466887,1.2195956318879653
0.0001265625,34.851563323449334,-7.050201776549091e-15,28.3599200705002,29.219840300284787,-0.8599202297845825
0.00012734375,34.78148948847592,4.2029223937043414e-17,28.190518365408344,27.767801851232317,0.42271651417602674
0.000128125,34.883636614126964,3.006642408453028e-15,27.993425234599556,27.845661856836898,0.14776337776265508
0.00012890625,34.827046330519735,2.5179026603758473e-15,27.786568004690835,28.11617086986439,-0.32960286517355863
0.0001296875,34.860596836669465,3.1060989721285265e-15,27.611714778308084,27.16930872391169,0.4424060543963904
0.00013046875,34.89791707980382,6.931755330492594e-15,27.405264788635385,27.622549469026843,-0.21728468039146592
0.00013125,34.13910425744937,11.550790584672505,27.424020548309045,18.856048984270938,-2.982819020634398
0.00013203125,35.0006882638033,11.644509868371053,27.548371538157895,9.732773974986578,6.171087694800265
0.0001328125,34.81432569237652,11.712435909205754,27.16337469832437,21.189222528373268,-5.738283739254654
0.00013359375,34.49344242535088,11.780342832032932,27.24295358658474,12.178494725397307,3.2841160291544984
0.000134375,34.574410395226515,11.848232013791819,27.06932147338594,15.643942395627926,-0.4228529360338019
0.00013515625,32.416224148302284,53.84619295999048,28.382442343542557,-39.8618258254631,14.398075209015174
0.0001359375,36.091221149859976,53.86982856232532,28.46917156229854,-30.00716984570804,4.606512845681265
0.00013671875,33.49698427670102,53.89097409849006,28.099202484896978,-10.705835725539492,-15.085935888053593
0.0001375,34.34389730132563,53.91203833757058,28.988967561313018,-40.722733129938014,15.799662353680453
0.00013828125,34.909959825251114,53.93302138608773,28.595331357476176,-15.109584460555688,-10.228105568055865
0.0001390625,33.63049481335144,53.953923212449354,29.000618605061213,-27.520745406928388,2.5674407995402486
0.00013984375,34.84018857340124,53.974743785177694,29.22721282750803,-27.9603869291347,3.2128559714650353
0.000140625,34.118333499265745,53.995483072917324,29.16579687273959,-19.052895838339065,-5.776790361838666
0.00014140625,34.22030079757917,54.01614104443526,29.578185333555744,-29.49037684279033,5.052421131910816
0.0001421875,34.5273409463976,54.036717668620966,29.581558138197686,-21.71550279651782,-2.7396567339054574
0.00014296875,34.05066201373756,54.05721291448643,29.79257549285907,-24.343760919285714,0.0791234976583553
0.00014375,34.42189036882792,54.07762675116618,30.004616374676992,-25.610986077698968,1.5379757012097828
0.00014453125,34.23206412426481,54.09795914791733,30.08160214260315,-21.927671892962543,-2.088685112351637
0.0001453125,34.19728752599072,54.11821007411967,30.32575577738727,-25.305904901881284,1.51345060514888
0.00014609375,34.31558116604931,54.138379499275665,30.446090827875416,-23.019943235495123,-0.6723454359051253
0.000146875,34.06838559160109,54.15846739301054,30.61299696552417,-23.296311364799028,-0.24915906268733892
0.00014765625,37.610344943355635,0.12106077323630683,29.84370391732105,14.671787132859706,15.05085601122504
0.0001484375,33.679766823100366,6.947785367518942e-06,28.513425408181437,57.62917298711126,-29.115754526715193
0.00014921875,34.45127598541934,3.987395770129887e-10,29.600077567495372,2.745153838612026,26.854923728484607
0.00015,35.96769953977357,2.2884018700375272e-14,28.531041363239186,43.35920436691919,-14.828163003680022
0.00015078125,33.57823959186211,1.3133341711451598e-18,28.61345804333708,27.11476263014152,1.4986954131955603
0.0001515625,35.59393196354272,7.537341529393428e-23,28.63591363772108,20.898775752428506,7.737137885292576
0.00015234375,34.54903075446277,4.325747291047956e-27,27.9982571736911,38.510018687204216,-10.511761513513115
0.000153125,31.838226136655432,53.904823092680154,28.88808389581933,-7.20239210453623,-17.814347092324592
0.00015390625,35.2480164546342,54.33556096053585,30.256624231863896,-53.785471841395456,29.7065351127235
0.0001546875,34.83225651674649,54.35485550623777,29.17073225613091,0.460369151947053,-25.64449240205391
0.00015546875,33.095742928478614,54.37404458610786,30.13587477228345,-37.19662613052476,12.958456316700358
0.00015625,35.491414699829704,54.39315177829457,30.10416796688322,-24.37353301642192,0.08454920501056656
0.00015703125,33.57383802505836,54.412177055377626,30.006382357447592,-15.901554489140459,-8.504240208789577
0.0001578125,34.411248044705765,54.43112038870537,30.62772643469689,-34.273011649382994,10.469617695374515
0.00015859375,34.564319257497054,54.44998174974949,30.39097503663622,-16.295462933668574,-7.7635437794446975
0.000159375,33.8128373880937,54.468761110105135,30.76618572401082,-26.60562285691922,2.9030474708249057
0.00016015625,34.63144713632343,54.48745844149091,30.923685529763205,-24.789745977281562,1.2259730655538577
0.0001609375,34.06645054892753,54.50607371574898,30.96075668420624,-20.04760228386154,-3.497714747681206
0.00016171875,34.229021902903554,54.52460690484507,31.2862865412062,-26.720864332267144,3.4825439686282715
0.0001625,34.36881557194007,54.54305798086854,31.326694221480665,-20.992073563550775,-2.224290195837101
0.00016328125,34.075802393827594,54.5614269160324,31.537684651999065,-23.472843282203883,0.44910101817054343
0.0001640625,34.349275990408955,54.579713682673365,31.716185941281747,-23.62111439816863,0.7575866567770113
0.00016484375,34.27706682580283,54.597918253251905,31.82481524748492,-21.44394689405976,-1.329156111707225
0.000165625,36.63262752625527,14.574525119814705,31.094705022499895,14.034875381727884,2.4853045209573064
0.00016640625,33.395054385886986,14.615156718605508,30.44890194717498,32.14273768080609,-16.30899245223662
0.0001671875,34.71241227226451,14.682207289468348,31.181997207005516,-2.3534238554348095,18.853213772971976
0.00016796875,35.18047066308654,14.749237266663819,30.38339568423262,28.71656860904543,-13.08241019147663
0.00016875,33.78446918570704,14.816245031861595,30.619761053502984,11.437991267222193,4.365524754419195
0.00016953125,35.409471706736674,14.883230484062139,30.54330801876661,12.675481585735614,2.9845959489688543
0.0001703125,35.09626298774886,0.0008541618247975686,29.677055789562957,41.759689243111644,-12.083487615373484
0.00017109375,34.107197699185456,4.902111026676621e-08,29.8303583739782,24.457605248009756,5.372753076947334
0.000171875,35.34357310919673,2.817473087372351e-12,29.582648284727554,28.44055906604806,1.1420892186766782
0.00017265625,34.465253027070496,7.176330908138352e-15,29.219540332483852,33.95105296991828,-4.731512637434434
0.0001734375,34.802871672826,5.686258307548192e-15,29.258585799241438,23.940481622650353,5.318104176591078
0.00017421875,34.97037976221786,1.3043301187966081e-14,28.870039022861075,32.363425749875624,-3.4933867270145633
0.000175,34.57176764071814,5.501032926411999e-15,28.76059224531428,27.663352173945896,1.0972400713683805
0.00017578125,34.98892272078968,4.9332832805121835e-15,28.577276090325554,27.58635422193234,0.9909218683932104
0.0001765625,34.74712077060985,-2.9317146072132505e-14,28.30960997527412,30.122624253282016,-1.8130142780078664
0.00017734375,34.806590885730174,-2.4787130415487072e-14,28.196516120642507,26.436344437226463,1.7601716834160683
0.000178125,34.90927729673424,-2.06690515967243e-14,27.946006151401058,28.86200239050393,-0.9159962391028493
0.00017890625,34.76245078761213,-1.953444759004525e-14,27.770481104818902,27.626432385330897,0.1440487194880234
0.0001796875,34.890477668464044,-1.3498363503834623e-14,27.591128999769246,27.06309669891349,0.5280323008557716
0.00018046875,34.46544216114578,14.443250356779522,27.438741026898825,25.148971196974767,-12.153480526855464
0.00018125,34.396632455166014,15.885187256918636,27.883467142893295,1.6717610538438379,10.326518832130823
0.00018203125,35.28237323198032,15.951880934537435,27.503914404265746,15.9133627909521,-4.3613293212237885
0.0001828125,34.223732204944426,16.018471663854008,27.45362923373932,12.544054551456952,-1.1088969815716396
0.00018359375,34.97277987207448,16.08503826511216,27.518394086450773,7.217690551709246,4.215665269629366
0.000184375,34.69381288845049,16.151580642593128,27.23145222968998,15.604895607931935,-4.525024020835081
0.00018515625,34.14905759060057,16.218098696085537,27.312568023228927,8.132674426290265,2.9617949008531226
0.0001859375,32.91089880177528,55.056046160555155,28.51510200465366,-40.48875651328541,13.947812357383913
0.00018671875,35.753706677546624,55.074166591491405,28.514943334739794,-27.872542381266403,1.3133191245147906
0.0001875,33.560733513489446,55.089976182112366,28.33988701845868,-16.06637957549692,-10.683709588156766
0.00018828125,34.437590155350414,55.10570268036366,29.06395671346815,-38.43892737263232,12.397181405736807
0.0001890625,34.70831040917304,55.12134619041526,28.775091419642138,-17.553919589183597,-8.792335181589523
0.00018984375,33.77753189519485,55.136906688715655,29.177306792228507,-28.904010894910925,2.944410998423778
0.000190625,34.738480747291284,55.152384151831015,29.362466030790127,-27.60956906669928,1.8196509456583918
0.00019140625,34.10295801943795,55.16777855645256,29.376308781382267,-21.512190193597675,-4.279279581472619
0.0001921875,34.254126219118035,55.1830898793966,29.742319620144688,-29.507978850790337,4.067208591538427
0.00019296875,34.44216411416757,55.198318097604556,29.776543414135876,-22.952787784299485,-2.468986899169194
0.00019375,34.07991934610528,55.21346318814301,29.999381893890664,-25.581120042132724,0.3670387478803804
0.00019453125,34.37989288516903,55.228525128203735,30.197403253012663,-26.032125179666572,1.0010033044755005
0.0001953125,34.198315859727806,55.243503895103714,30.304602695994557,-23.333361486943748,-1.60553971216541
0.00019609375,34.1785893150776,55.258399466285184,30.53991596907189,-25.96577683673365,1.247293339520357
0.000196875,34.05126697320313,55.273211819315705,30.6712485372878,-23.92918735676804,-0.672775925259866
0.00019765625,37.550223681967644,0.010752681562900096,29.220484301401125,39.63308887078078,-10.423357250942555
0.0001984375,32.796850340429046,6.171059512273364e-07,28.806827672902894,41.1095581341078,-12.302731078310854
0.00019921875,35.58175136787211,3.541625898735211e-11,29.488439074202958,7.30809106294879,22.18034801121875
0.0002,35.12452656643907,2.0325705791113353e-15,28.34044531133588,48.075778054616194,-19.735332743280317
0.00020078125,33.91847393067105,1.1665103196089625e-19,28.78114104902495,18.156673736928294,10.624467312096655
0.0002015625,35.720221613653386,6.69470639661201e-24,28.406598589405185,28.94268081695202,-0.5360822275468354
0.00020234375,34.21089579584765,3.8421514995136973e-28,28.036843465082846,34.03720855251406,-6.000365087431215
0.000203125,33.63091164237161,50.56807617498295,28.42206342067057,10.22521348916298,-32.37122624347536
0.00020390625,33.462384034720365,55.40249787992115,30.050279840402844,-53.558407713634075,28.20618967411577
0.0002046875,35.85492354358772,55.416753489949215,29.41346219500226,-13.900532937503147,-12.102758357443808
0.00020546875,32.9522794641215,55.43064901452038,29.682158430626057,-22.728511316107998,-3.019979267786321
0.00020625,35.00313352557292,55.44446104565989,30.25522106366433,-36.58968187359516,11.400441891599598
0.00020703125,34.258568447785535,55.45818957844217,29.867539486859023,-13.150086866235364,-12.440563225347788
0.0002078125,33.84627160495458,55.47183459219319,30.48547058911892,-33.13673161989936,8.150367616825084
0.00020859375,34.80843198460813,55.485396066363805,30.45910533215805,-22.67552884405521,-2.3507618901505425
0.000209375,33.84051676414245,55.49887398053069,30.594007263869138,-22.51764002203382,-2.3872266946277323
0.00021015625,34.40764435809078,55.51226831439634,30.93792113446655,-28.94904006157377,4.374692881643982
0.0002109375,34.28951497077038,55.52557904778912,30.915889964877817,-20.552548859787606,-4.057140223123699
0.00021171875,34.045754824465845,55.538806160663334,31.216285843524798,-26.485267267213448,2.162746950074911
0.0002125,34.394892575777554,55.551949633099184,31.345945231170038,-23.98357141215468,-0.22243298977446457
0.00021328125,34.075366837045,55.56500944530282,31.48125744988858,-22.86593865046532,-1.2178133449489175
0.0002140625,34.162320117532516,55.5779855776064,31.7168942270048,-25.40929970843865,1.5482083578370511
0.00021484375,36.50371042797916,18.809239055252057,31.171007015482772,3.8287353530115844,8.533032607219129
0.000215625,33.742732152438826,18.792270776289616,30.38076299142789,30.42511474244591,-18.836622527307636
0.00021640625,34.41205401848634,18.85772940163116,31.158260519162972,-5.80375979666387,18.10429091419568
0.0002171875,35.31484772127572,18.923164359750533,30.47798103895313,22.098676716094317,-10.543860036891722
0.00021796875,33.758061962323254,18.988570820197957,30.619375960984378,9.976460400539805,1.6543447402466176
0.00021875,35.13549456220045,19.053948684200886,30.666792708878177,6.891511082805479,4.721332941871812
0.00021953125,34.42958084506962,19.11929785330146,30.307536319569977,18.103053181040448,-6.91481471477193
0.0002203125,34.8998765607754,1.6683767454640068,30.4357878744262,9.119888706362046,19.647522422600147
0.00022109375,35.42388017381051,9.574962415465707e-05,29.456739722154538,43.91829892017587,-14.461654947645489
0.000221875,33.858114468076096,5.495135405009674e-09,29.628676600900707,24.868233011583747,4.760443583821827
0.00022265625,35.50326973378648,3.038395832498404e-13,29.461840918576574,26.031824859467434,3.4300160591088344
0.0002234375,34.480156973797044,-8.30771397053003e-15,28.987667694870275,36.18777350619986,-7.200105811329578
0.00022421875,34.73579367860801,-1.2255637781154554e-14,29.11591755342535,22.173305465338125,6.942612088087237
0.000225,35.0969942315984,-8.335299396476631e-15,28.688946405693542,32.63431123037865,-3.945364824685101
0.00022578125,34.50720481496595,-1.02946863248675e-14,28.57264583850172,27.948487068934675,0.6241587695670575
0.0002265625,35.0379891769686,7.377281937636545e-15,28.42466752599651,26.55253523759387,1.872132288402635
0.00022734375,34.77425214233451,4.93365217062048e-15,28.119433385679436,30.731366418962274,-2.611933033282842
0.000228125,34.78478874138957,8.38846224433448e-15,28.03299626259514,25.837081443478123,2.1959148191170126
0.00022890625,34.95275575501637,5.9093350885075225e-15,27.775484788867278,28.725797588762646,-0.9503127998953738
0.0002296875,34.54414242716676,4.979294670920451e-15,27.593537781682787,27.704475591053026,-0.11093780937024107
0.00023046875,33.885043445778415,20.029972346434292,28.126596396829196,-0.32076078867708024,8.417384839071985
0.00023125,35.47203873190728,20.096025117906283,27.945957286485115,7.594425979802704,0.25550618877612835
0.00023203125,34.219048810139206,20.16090187977168,27.70948412997469,13.223562662361008,-5.674980412157996
0.0002328125,34.76242763089143,20.225748213927865,27.956229687730552,0.7715121431929263,6.9589693306097615
0.00023359375,34.88009289271161,20.290564088468972,27.636850992146343,12.394183530265915,-5.047896626588545
0.000234375,34.37922822139761,20.355349405787273,27.718779380935306,5.477878517320867,1.8855514578271668
0.00023515625,34.91194047523725,20.420104068317222,27.66331403185317,6.351069945764834,0.8921400177711107
0.0002359375,34.18671084826824,20.484827978539474,27.524557870666882,9.374041927026141,-2.3343120348987343
0.00023671875,32.8381645776303,55.91577586311519,28.815408957440056,-42.903366821634265,15.802999915959127
0.0002375,35.85095849838989,55.928265887558645,28.76820048188243,-27.720501273352603,0.5604358676763905
0.00023828125,33.46552141485426,55.938638993102835,28.60214770698085,-16.407911015116937,-10.928580271005046
0.0002390625,34.478299870103044,55.948927739409626,29.359167044921364,-39.77510957515344,13.185348880665174
0.00023984375,34.705510778777224,55.95913222763566,29.037185770485525,-17.301333331594794,-9.620613125555344
0.000240625,33.74587701052533,55.96925244241987,29.47331578053065,-29.973012068852302,3.47707540696308
0.00024140625,34.775090293286375,55.979288368521374,29.650554905049642,-28.013275149077256,1.6845416856055229
0.0002421875,34.07811885469987,55.98923999082626,29.665662591331543,-21.874228888961078,-4.4493485105336426
0.00024296875,34.26964086041346,55.99910729434758,30.047951027336076,-30.319531865968884,4.36837559895738
0.00024375,34.456458553504426,56.00889026422532,30.073554319496292,-23.2012186790316,-2.734117265697429
0.00024453125,34.084862601678054,56.01858888572654,30.309062213719848,-26.2191230765347,0.5095964045280112
0.0002453125,34.42310301055962,56.02820314424525,30.508823332902523,-26.516871069788568,0.9974912584458373
0.00024609375,34.26299396979683,56.03773302530259,30.617639259321606,-23.737076635997752,-1.6830171299832344
0.000246875,35.576752737319794,4.878050088343907,30.620589566015305,-16.43486270238402,42.17740218005542
0.00024765625,35.91765316058228,0.00027995562988570097,28.59800578066129,63.947425628074285,-35.34969980304288
0.0002484375,32.82007626499606,1.6066902406758158e-08,29.406851469674262,14.65776112306509,14.749090330542272
0.00024921875,36.49702325565362,9.220938084141603e-13,29.116022261203113,24.821322156501623,4.294700104700566
0.00025,33.93369739281724,5.29197831660501e-17,28.401700125796147,43.07316397915294,-14.671463853356792
0.00025078125,34.83132965378564,3.0371133877995934e-21,28.921454781206098,13.190228759679565,15.731226021526533
0.0002515625,35.39290181673142,1.7430263652835747e-25,28.170201672926467,38.32759803685919,-10.157396363932726
0.00025234375,34.176080544555504,1.0003383219995026e-29,28.22056973269881,25.446976635956588,2.773593096742221
0.000253125,35.61294714809684,5.741030533970031e-34,28.083403219033436,24.903566574047325,3.1798366449861106
0.00025390625,31.21756717402984,56.11747077817384,29.32329870256389,-31.68312189852987,4.88894982291992
0.0002546875,36.261575230678126,56.13698816420927,29.98422750323475,-44.178108639165636,18.025347978191114
0.00025546875,33.699092808552926,56.145505059162886,29.086990271792757,-1.2697606764725322,-25.788754110897596
0.00025625,33.68885535041334,56.153936773524514,30.302195490319328,-46.44724697213405,20.595505688928867
0.00025703125,35.329744006083814,56.16228392103622,29.87115459645198,-16.90574161352502,-9.385387711059218
0.0002578125,33.26731196131646,56.17054648916329,30.146538873990867,-24.466386947845837,-1.5576206673265887
0.00025859375,34.77686249980851,56.178724465462494,30.59007679580059,-33.41722694468947,7.8285792750275665
0.000259375,34.186195546173614,56.186817837617916,30.370184982292507,-16.90276943096495,-8.913863424360462
0.00026015625,33.93585939032864,56.19482659344108,30.870906785719278,-31.34431361324262,6.020393805520817
0.0002609375,34.60127180779398,56.20275072087097,30.89326326532789,-23.362827520266272,-1.9466599352768066
0.00026171875,33.90088255408906,56.210590207973965,31.05134910404301,-23.624897454719054,-1.5343436492119022
0.0002625,34.31521794437267,56.21834504294395,31.343953833778492,-27.919654474826658,3.0452632656612
0.00026328125,34.16269929802554,56.226015214102304,31.379712537235193,-21.897651484159255,-2.9486511927078585
0.0002640625,36.12387082211033,22.868405430262,31.058523957804333,-2.3225326824442902,10.512651209986622
0.00026484375,33.96792767511187,22.857111177697522,30.297939285541883,25.22970680640077,-17.78887869855641
0.000265625,34.23967653415593,22.92059041578419,31.00684349869904,-7.424630393574211,15.510883476489063
0.00026640625,35.25076155213982,22.984039429168515,30.473363775364113,15.481341348126703,-7.9920170019311065
0.0002671875,33.806802698573044,23.04745382925124,30.55482300883456,7.406613790491157,0.10075538909216207
0.00026796875,34.963675041379275,23.110833520285027,30.662848376063604,2.5412780750185675,5.010736780760008
0.00026875,34.43826337124794,23.174178406821184,30.345418290142593,13.476861044177056,-6.305621160855648
0.00026953125,34.34900396020955,23.237488393463497,30.544095284358136,2.6025864490303494,4.70402044186429
0.0002703125,34.7584812695231,23.300763384868212,30.37053287633036,8.899625120398708,-1.8298556289365615
0.00027109375,35.744418289619425,0.05213013625200371,29.921578496544093,24.33683728958646,5.532611070705631
0.000271875,34.41484735089497,2.9917948582112492e-06,29.321716958509846,39.482917548840796,-10.16120358212581
0.00027265625,34.655592715159706,1.7170940007332135e-10,29.567237022684328,20.290260918048183,9.276976104464435
0.0002734375,35.20889352709704,1.8685570617939596e-14,29.071613030293044,34.03905344218608,-4.967440411893055
0.00027421875,34.383022547678884,-1.8797679954010306e-15,28.963680584878162,28.551286299902785,0.4123942849753817
0.000275,35.0853559734729,4.300620388881425e-16,28.846446849244355,26.05286954905196,2.7935773001923976
0.00027578125,34.760418625031285,2.8877111248315604e-15,28.49451451798012,32.12016420820371,-3.625649690223594
0.0002765625,34.74417233586233,-2.913666869967494e-14,28.44371764291378,25.565998536581414,2.8777191063323926
0.00027734375,35.0009975563277,-2.840637666165124e-14,28.168238997843925,29.318396576117323,-1.1501575782733688
0.000278125,34.72419971474,-1.3563036081630882e-14,27.98301041561047,28.25591058421983,-0.2729001686093483
0.00027890625,34.97313010925448,-1.3586940365343369e-14,27.830626062494535,26.62249009073854,1.2081359717560076
0.0002796875,33.383061705312585,24.003618822453667,28.0056658664446,11.626039058966153,-7.623992014975221
0.00028046875,35.070052573793255,24.120107340919123,28.50862452664421,-9.066012218455432,13.454529404180517
0.00028125,34.81991596801598,24.18288549826135,27.90060938372102,15.631427420042327,-11.913703534582659
0.00028203125,34.076963259322866,24.245624156214372,28.249587929903377,-2.296170412459549,6.300134186148552
0.0002828125,35.172198990272825,24.30832630051881,28.114319240524793,4.058481960124854,-0.25248902011887114
0.00028359375,34.27963861850626,24.370991836923125,27.974643178825442,7.310883942725136,-3.7072326008228176
0.000284375,34.6941158158927,24.43362067105419,28.152226440172896,-1.0842815320567014,4.8028873011754065
0.00028515625,34.74102364806361,24.496212708594072,27.937938116890905,7.072028849030656,-3.6303034407338224
0.0002859375,34.39945132558277,24.55876785528032,28.012787724870655,1.9828378765878925,1.4711819930024423
0.00028671875,34.45383348886681,24.621286016905998,27.977937442379943,2.9024278454418466,0.4542235800320974
0.0002875,32.8831963971084,56.41991470138127,29.005909015504734,-37.96811479418957,10.554109108313027
0.00028828125,35.583938927206354,56.42669489025281,29.13021450837117,-30.694407976394615,3.397927594512975
0.0002890625,33.6739159182325,56.431565543978095,28.916498771314032,-16.39269617410603,-11.12237059855803
0.00028984375,34.2920076874193,56.43635110807254,29.63011010524182,-38.417023059494724,11.610782056664
0.000290625,34.70712362815344,56.44105168003614,29.39930093799858,-19.511735473281313,-7.530015268756248
0.00029140625,33.762038441341645,56.4456672527959,29.75532808248325,-28.557691229846963,1.867352059534312
0.0002921875,34.648529437171085,56.450197819400884,29.98031470707312,-28.82769794989447,2.357814837566707
0.00029296875,34.11430772629191,56.45464337302812,29.992576098716683,-22.197267441573402,-4.264799832738037
0.00029375,34.183830439871976,56.4590039069827,30.35326961895191,-29.809228273618476,3.703493985587683
0.00029453125,34.40301030290494,56.46327941469772,30.412827354986764,-24.025296719497454,-2.0251553402135065
0.0002953125,34.03710203915802,56.46746988973437,30.62455230690252,-25.884843497697148,0.041925914865298355
0.00029609375,34.22963869508734,56.47157532578184,30.836797564486254,-26.7490163531034,1.1142385918078115
0.000296875,37.674423592841535,0.1262171640419861,29.95289407385943,16.3350143172042,13.491662592613242
0.00029765625,33.60127380864804,7.243715218544903e-06,28.665295884135464,57.15465720493782,-28.489368564517573
0.0002984375,34.53799043217324,4.157232541679071e-10,29.748075208065824,2.678862818994527,27.069212388655572
0.00029921875,35.945279324002385,2.3858727026360252e-14,28.65437988302291,44.14752346331418,-15.493143580291296
0.0003,33.59949635694859,1.3692735482351977e-18,28.767907408505412,26.570392932200065,2.1975144763053485
0.00030078125,35.65562700082581,7.858382586066386e-23,28.76503401552312,21.47066357948136,7.29437043604176
0.0003015625,34.614262616828135,4.509995606691148e-27,28.137057455605287,38.53064688873877,-10.393589433133485
0.00030234375,34.6418583941963,2.5883265607910462e-31,28.366703243404757,19.90142696878838,8.46527627461638
0.000303125,35.35560498370093,1.4854636167177076e-35,27.92533173745187,31.727918266486956,-3.8025865290350858
0.00030390625,31.998735724676795,55.05695474709458,28.207302861072314,10.431074029499866,-37.28072591552213
0.0003046875,34.17914827820807,56.51103759837082,30.2186799597727,-65.9976079110205,39.705250272422376
0.00030546875,35.73273489958265,56.51420539013228,29.00719844739464,-2.3446996750323876,-25.162307267705255
0.00030625,32.498066532585064,56.51720480810123,29.762643980000636,-32.70041055175439,5.94584972365379
0.00030703125,35.543342513991924,56.52011910740251,30.115096602548142,-34.936991787332936,8.53196928247857
0.0003078125,33.78729052938703,56.52294828842558,29.712341149693117,-12.215379355226888,-14.595227783505578
0.00030859375,34.01485945996992,56.52569234691002,30.510364745468642,-38.687466203285254,12.672138601843878
0.000309375,34.83011437026291,56.52835127872332,30.288401134693135,-19.606114321043478,-6.633835822986708
0.00031015625,33.63979860070384,56.53092507986118,30.572489058670364,-26.028947894804112,0.0705118736132988
0.0003109375,34.57865454584668,56.53341374644751,30.874503314979243,-29.693086230603377,4.034175799135111
0.00031171875,34.130804432640154,56.53581727473441,30.828807010057552,-20.497230465589205,-5.209779799087656
0.0003125,34.01394448986769,56.53813566110223,31.20464749042405,-29.145262654621515,3.811774483943336
0.00031328125,36.258361710980374,26.79094986071668,30.747568348701908,-2.4149004436988464,6.371518931684076
0.0003140625,33.70028306378764,26.785397109422977,30.126225672728804,19.585418328205677,-16.24458976489985
0.00031484375,34.417060579255484,26.846517718380074,30.860013133722205,-12.200543705089553,16.214039120431682
0.000315625,35.128726488980845,26.907601725725108,30.284426091708745,13.253902213394497,-9.87707784741086
0.00031640625,33.77227756724075,26.968645210927953,30.480494341143142,1.521481960359509,1.9903671698556817
0.0003171875,35.00888209330204,27.02964808183851,30.54981367984578,-0.31547636569976306,3.835641963707035
0.00031796875,34.32639374180593,27.090610246587545,30.284970493871555,9.256441007060653,-6.062080759776642
0.00031875,34.384700591621325,27.15153161336714,30.519912631599087,-1.7656780228323385,5.134059041064287
0.00031953125,34.740996344502875,27.212412090430796,30.344469949080498,5.66959999807001,-2.5375421394203084
0.0003203125,34.23888634357645,27.273251586093636,30.363469027792327,3.1964888033379752,-0.10627136163928413
0.00032109375,35.33837407571993,8.06192258716177,30.345350488819932,3.768516154648151,18.51491174701001
0.000321875,35.66990204843278,0.0004626809022134077,29.215442977688575,45.739376680022104,-16.524396383235743
0.00032265625,33.68490212699618,2.655365290807889e-08,29.41696546056558,24.770719172045798,4.646246261966129
0.0003234375,35.63757552479719,1.512103227497229e-12,29.29825971804332,24.40501069425274,4.893249023789062
0.00032421875,34.47970703599073,-8.30520457415921e-15,28.748283293702404,37.70442952606923,-8.956146232366816
0.000325,34.70068385143657,-6.547529856630052e-15,28.94387936197961,20.74074043585513,8.20313892612449
0.00032578125,35.18972962133352,-7.222138315184697e-15,28.484528786422125,32.88275768801549,-4.398228901593354
0.0003265625,34.46420234716486,-2.545809909355621e-15,28.369024669283416,27.984189131473155,0.38483553781026497
0.00032734375,35.089975058946955,1.187271939954379e-14,28.24415431511518,25.782161086028374,2.461993229086795
0.000328125,34.81546278542406,9.4124186112237e-15,27.912947209091843,31.10708100748956,-3.194133798397724
0.00032890625,34.068095982810156,19.69912044536278,27.90628629968704,22.784728396966536,-14.577562542642278
0.0003296875,33.78691418134076,27.999622758791613,28.685430626447726,-13.012650629714337,13.698458497370448
0.00033046875,35.52768482549349,28.06039409139211,28.361759782712124,3.7086313297369546,-3.4072656384169395
0.00033125,33.87985794951098,28.120650282482245,28.269953527004215,4.658333824828026,-4.509030580306056
0.00033203125,34.83694035168221,28.180864097242075,28.57645311320874,-7.412678565506457,7.808267581473121
0.0003328125,34.69613848347267,28.2410354721283,28.2383394887121,6.887121522032965,-6.889817505449166
0.00033359375,34.25936104528186,28.3011643165255,28.45330330668965,-3.460259214950108,3.61239820511426
0.000334375,34.89285026634208,28.361250539880686,28.390603858120485,0.1502980133529256,-0.12094469511312554
0.00033515625,34.37514637268304,28.42129405170511,28.32308627310875,2.0711732937516474,-2.16938107234801
0.0003359375,34.60890282549117,28.48129476157432,28.44081782553878,-2.8195521015401317,2.7790751655045915
0.00033671875,34.628536446397554,28.54125257912834,28.331592917773953,1.8905546426129995,-2.100214303967387
0.0003375,34.14962002374369,28.601167414071774,28.38864191694261,-1.02199502675509,0.8094695296259253
0.00033828125,33.21922029891601,56.56525665411067,29.359375303243738,-38.13448541219054,10.92860406132361
0.0003390625,35.364610384238794,56.566283889467535,29.393028859577118,-27.828476021554504,0.6552209916640891
0.00033984375,33.6805888051018,56.56562111693174,29.32029188613551,-19.314599399935823,-7.930729830860404
0.000340625,34.37298482102058,56.564873065490744,29.91505324354214,-36.02516118765262,9.375341365704015
0.00034140625,34.55096265344354,56.56403982836788,29.741911408149846,-20.047972468077287,-6.774155952140749
0.0003421875,33.85438913299303,56.563121406823264,30.100789227174374,-28.815709131838066,2.353376952189176
0.00034296875,34.580252028544265,56.562117802240024,30.28403997953709,-27.54622286028464,1.2681450375817074
0.00034375,34.08451451286998,56.56102901612958,30.34513627525599,-23.004160910771944,-3.2117318301016464
0.00034453125,34.200231060671705,56.5598550501316,30.669681882090668,-28.974454788475164,3.0842816204342287
0.0003453125,34.307668836405625,56.558595906014084,30.741173950322334,-23.89190753042134,-1.92551442527041
0.00034609375,35.52136856047749,16.685721538568785,30.840190570502052,-20.824337426112777,34.978806458046044
0.000346875,36.76999515542318,0.0009576083883577586,28.92599825052915,58.02426902203857,-29.099228379897774
0.00034765625,32.605900380361874,5.49579964722221e-08,29.342799064300817,24.11251406999453,5.230284939348291
0.0003484375,36.32932223994905,3.154088260881415e-12,29.443160609076443,17.236185208900515,12.206975400172775
0.00034921875,34.338254917207976,1.8101592845470976e-16,28.487707114119253,46.961245193688775,-18.473538079569522
0.00035,34.46418674129665,1.0388665010015884e-20,29.05615795529525,13.62739071674011,15.428767238555142
0.00035078125,35.603621422828375,5.962147177414336e-25,28.39555867119816,35.74110438460534,-7.345545713407183
0.0003515625,34.126549499592464,3.4217292530732385e-29,28.298729261271543,28.847676291117548,-0.5489470298460052
0.00035234375,35.27994060325871,1.963760828597117e-33,28.284469854110906,22.768026891171218,5.516442962939689
0.000353125,34.83512122313849,1.1270197922494414e-37,27.808064620360902,34.22215644117825,-6.414091820817347
0.00035390625,34.92482502479368,6.468066750416688e-42,27.858967383546094,23.21347284923411,4.645494534311986
0.0003546875,31.691439980049605,56.525844575452126,29.213577125447003,-36.32610246817347,9.013835018168345
0.00035546875,36.144601113865434,56.5344762302689,29.631043426064615,-39.029674055308114,12.126241251103828
0.00035625,33.58211587326773,56.532025481122616,28.974482001539883,-6.507159348521753,-21.05038413106098
0.00035703125,33.947424294296724,56.52948896462486,30.05239699960944,-44.91951897204268,18.44242700702726
0.0003578125,35.1163402472781,56.5268673157021,29.646986518890046,-17.15604573359115,-9.723835063220903
0.00035859375,33.4014181952978,56.524160538338734,29.985885338669878,-26.780266613992502,0.24199141432364557
0.000359375,34.77521397199825,56.52136863661111,30.341258230077266,-31.97409425627858,5.7939838497447385
0.00036015625,34.12754918228355,56.518491614723764,30.198524878758278,-18.79859259711898,-7.521374138846508
0.0003609375,34.02597043011298,56.51552947700947,30.666540654200265,-31.42794791262195,5.5789590898127415
0.00036171875,34.49793275447855,56.512482227929134,30.687643300647714,-23.535167487404564,-2.289671439876854
0.0003625,35.55095471728751,30.553438021502,30.415972790014553,-6.225770428914629,6.088305197427181
0.00036328125,34.08058993334212,30.55365994509418,29.97940325048849,10.68982351132577,-11.264080205931457
0.0003640625,34.329225533656015,30.612056774125616,30.474959032029908,-10.290329557748503,10.153231815652795
0.00036484375,34.93116512820371,30.67041084330305,30.15482825283054,4.985851723946072,-5.501434314418582
0.000365625,34.00932983860462,30.728718723587782,30.259364364901685,-0.8462166782984852,0.3768623196123899
0.00036640625,34.770297483247454,30.786980326977478,30.355168000820072,-3.469086273118981,3.037273946961574
0.0003671875,34.402458344902456,30.845195565731178,30.190965124584643,3.3950770652205224,-4.049307506367057
0.00036796875,34.370013096928595,30.90336435217779,30.35815120650676,-3.655717961234052,3.110504815563024
0.00036875,34.639272604069504,30.961486598716196,30.27790152455586,0.6275525413416148,-1.311137615501953
0.00036953125,34.31453383368723,31.01956221781532,30.29582003911435,-0.36227571164845074,-0.36146646705251834
0.0003703125,34.533022941408404,31.077591122014333,30.34991060555731,-2.0053992934577956,1.27771877700077
0.00037109375,34.40923327320923,31.13557322392274,30.296606086883013,0.5447271188429806,-1.3836942558827097
0.000371875,36.340785892736264,0.06963646578312258,29.805040817099055,20.52218623681049,9.213218114505441
0.00037265625,34.21596896709502,3.996498674496114e-06,28.95080781378649,45.53308362394365,-16.58227980665583
0.0003734375,34.57223202596496,2.2937221375798322e-10,29.472426853826647,14.52915975412964,14.943267099467633
0.00037421875,35.48300600049539,1.9551051789649523e-14,28.798278478378176,36.74500359928776,-7.946725120909608
0.000375,34.13535200013971,6.820730860780754e-15,28.741111783800317,28.227074302341624,0.5140374814586878
0.00037578125,35.262652887408656,-5.763163669999937e-16,28.67866281493981,24.10690481983773,4.57175799510208
0.0003765625,34.74355609286385,-7.083693052356476e-15,28.229849929242988,34.14390932718999,-5.914059397946992
0.00037734375,34.70810728762544,-1.043268355498713e-14,28.269261614989386,23.666305204285653,4.6029564107037455
0.000378125,35.1648683926468,-6.444716861282597e-15,27.947113641422554,29.786481348573002,-1.8393677071504406
0.00037890625,32.68949544248102,31.642003263810487,28.32601686736239,5.649926149665361,-8.965912546113458
0.0003796875,35.299705127259465,31.77025840773389,29.05782424999175,-21.26076258959327,18.54832843185113
0.00038046875,34.72398861521689,31.82767615439354,28.24991176676456,13.870397381461562,-17.448161769090543
0.00038125,33.79945987445347,31.885041906472793,28.84683564810763,-12.969936888441149,9.931730630075982
0.00038203125,35.32697998000256,31.942359640022012,28.67297736665547,-1.9839955208912359,-1.285386752475307
0.0003828125,34.00668009117083,31.999629268954866,28.565928082886682,1.3350816436314958,-4.768782829699679
0.00038359375,34.677255795452304,32.05685070702434,28.869634894052187,-9.947948822920516,6.760733009948364
0.000384375,34.67814811003878,32.11402386805601,28.61830272095966,1.9334500098815526,-5.4291711569779
0.00038515625,34.24197559387897,32.17114866594807,28.799648533449314,-5.811931404272251,2.440431271773499
0.0003859375,34.77898551423878,32.22822501467164,28.79617122934413,-3.827154198299921,0.39510041297241366
0.00038671875,34.37553225590633,32.285252828270785,28.74834133964964,-1.4563342531011487,-2.0805772355199927
0.0003875,34.51662244351242,32.34223202086263,28.87537307680161,-5.78903841395659,2.322179469895565
0.00038828125,34.333424266437156,32.39916250663754,28.812723824280564,-1.9631534522034337,-1.6232852301535414
0.0003890625,33.169766084303426,56.350877433483106,29.71158884436717,-36.25005890960115,9.610770320485216
0.00038984375,35.317750703511805,56.34614518272335,29.79580285416405,-28.268690144880637,1.7183478163213401
0.000390625,33.71810768019398,56.33995319876306,29.68881931836352,-18.23692244536716,-8.41421143503238
0.00039140625,34.30518350573723,56.33367628894602,30.2859483185637,-35.35106455337437,9.30333658299205
0.0003921875,34.5609090484051,56.32731454162604,30.123370338921667,-19.832291449011755,-6.371652753692614
0.00039296875,33.83287464501187,56.320867966388306,30.458900690189378,-27.761193289015047,1.8992260128161194
0.00039375,34.54371445736529,56.31433657294127,30.655727756393254,-27.240050846472794,1.5814420299247778
0.00039453125,34.07294458245105,56.307720371121064,30.70567175413794,-22.29086073244305,-3.311187884540074
0.0003953125,34.0824543748493,56.301019370891574,31.026007189385368,-28.27876967923099,3.0037574977247847
0.00039609375,37.812097940623374,0.1258269150987352,30.106920949043726,16.755147743747766,13.225946290197227
0.000396875,33.49783340712451,7.221318484862094e-06,28.79643078455424,58.12910663511481,-29.332683071879053
0.00039765625,34.55922484222709,4.1443788571698956e-10,29.929190936765398,1.6346563547554611,28.2945345815955
0.0003984375,35.963950553441684,2.3784958588604416e-14,28.784865025577023,45.27036769535988,-16.485502669782882
0.00039921875,33.540058869890366,1.365039912031468e-18,28.926966864217157,26.271693021076743,2.6552738431404137
0.0004,35.69272309589614,7.834085371633221e-23,28.917964246424614,21.56108830337708,7.356875943047533
0.00040078125,34.575207812390325,4.496051219389021e-27,28.27659624006982,39.041147669871066,-10.764551429801243
0.0004015625,34.62357080265772,2.580323752989081e-31,28.52411333900659,19.635777784253335,8.888335554753253
0.00040234375,35.309904682364945,1.480870734196048e-35,28.066091575046094,32.16479381895229,-4.098702243906195
0.000403125,34.46246849015676,8.49884875437808e-40,27.92354777269328,28.350729713316795,-0.4271819406235158
0.00040390625,35.166117981522305,4.877564832760852e-44,27.839544421256296,24.549380645467746,3.290163775788549
0.0004046875,32.394862951747484,54.77044298389912,27.911231977862954,13.413583169431305,-40.272794175467475
0.00040546875,33.858552991272454,56.206111631742644,29.944088386661726,-65.22420833449347,38.96218508941255
0.00040625,35.92362371610293,56.198307413564095,28.830041772199905,-5.046354269765585,-22.321911371598606
0.00040703125,32.50746897438227,56.19033572441741,29.444538744103255,-29.61669537106733,2.8708983907531755
0.0004078125,35.452564049110755,56.182279408886494,29.905524805488206,-36.839119562408044,10.562364959009756
0.00040859375,33.937292271506784,56.17413848385786,29.451722817817146,-11.556453695223784,-15.16596197081693
0.000409375,33.925948319556575,56.16591296159184,30.238635177773283,-38.016245083372574,12.088967299554014
0.00041015625,34.87995779656354,56.157602854475954,30.057602113095292,-20.561684694624557,-5.538316046756107
0.0004109375,33.63362803065072,56.14920817502505,30.29186957149972,-24.929537791972855,-0.9278008115524777
0.00041171875,35.91815576778909,34.13339180628654,30.23470635603501,-14.340942109024269,10.442256658772738
0.0004125,33.981237479016684,34.13938707893393,29.583870680643624,12.268193255512749,-16.823709653803053
0.00041328125,34.162294917709794,34.19471124983031,30.3189237663522,-18.184173579020353,14.308386095542241
0.0004140625,35.14890548575258,34.2499867580895,29.907965272370415,2.816794320398684,-7.158815806117767
0.00041484375,33.78863739432228,34.30521068665025,30.044403199161195,-4.036175208152706,-0.22463227933634755
0.000415625,34.85108286357563,34.36038295218367,30.229752519947457,-8.963609930307738,4.832979498071524
0.00041640625,34.386284007017,34.41550347160134,30.004370170817452,1.5150923743334972,-5.9262256751173865
0.0004171875,34.28283101296559,34.47057216189273,30.26182272742963,-8.502174655227831,4.293425220764731
0.00041796875,34.705143758716325,34.52558894012542,30.17866926365195,-2.7416278978987125,-1.605291778574754
0.00041875,34.24011119479064,34.58055372344511,30.213143717800982,-3.60265223234004,-0.7647577733040862
0.00041953125,34.55056659782263,34.635466429075834,30.318842824052275,-6.273363132950578,1.9567395279270194
0.0004203125,34.46371325188948,34.69032697432007,30.260739505771618,-2.4460704365522896,-1.9835170319961648
0.00042109375,34.39729329604876,34.74513527655879,30.362431561315894,-5.587765308072653,1.2050615928297561
0.000421875,35.36909293921374,3.027734688950497,30.219948398932843,2.1084546630627217,25.083759046919624
0.00042265625,35.37377290128651,0.00017376438465413293,28.905206407256117,50.85505891398057,-21.95002627110911
0.0004234375,33.6182103842729,9.972487174787935e-09,29.3550401126135,19.43981878561397,9.915221317027044
0.00042421875,35.82990913677039,5.675054538022604e-13,29.059385740937625,27.290737225448073,1.7686485154889853
0.000425,34.22436685027101,-5.245669330469141e-15,28.57564403077647,36.999040920820214,-8.423396890043739
0.00042578125,34.84544774532935,-1.4779359433868406e-15,28.805298925795398,19.27469805780026,9.530600867995137
0.0004265625,35.11652750198319,7.806154544204632e-15,28.264682933643925,34.6684942126406,-6.403811278996684
0.00042734375,34.38680990631251,1.312551492364664e-14,28.232650307894367,26.195069481179104,2.0375808267152484
0.000428125,34.77167590092876,1.8623706243478036e-14,28.058130801335704,26.420579725524018,1.6375510758116698
0.00042890625,32.86914887830797,35.288304585914844,28.969019990373788,-16.426975746926434,10.107691151385376
0.0004296875,35.87540082914423,35.34455489673778,29.01262562665543,-11.461713886832714,5.129784616750363
0.00043046875,33.867373683162086,35.3987299834428,28.57625229058799,6.0912996092674065,-12.913777302122213
0.00043125,34.42971415934079,35.45285164425605,29.215634880012665,-19.06825789207515,12.831041127831766
0.00043203125,34.99539662696579,35.50691991370877,28.817857483412514,1.134388700882522,-7.823451131178778
0.0004328125,33.916367099941446,35.56093471038179,29.03010628677202,-8.070707805446446,1.5398793818366798
0.00043359375,34.89330075203696,35.61489595292981,29.143830452927453,-9.51122858861631,3.0401630886139586
0.000434375,34.35178346087324,35.668803560088136,28.991599956969914,-1.853029333306094,-4.824174269812129
0.00043515625,34.39444874156847,35.72265745067293,29.235885666464068,-10.537229668555566,4.050457884346701
0.0004359375,34.67756047119312,35.77645754358119,29.155319169074815,-4.603344623095284,-2.0177937514110873
0.00043671875,34.28572883847296,35.830203757790926,29.22825674404995,-6.496646736073064,-0.10530027766790973
0.0004375,34.582218523061066,35.88389601236135,29.317822931425475,-7.949758054990678,1.3836849740548058
0.00043828125,34.442662151209994,35.937534226432874,29.289214979185843,-4.946198431716622,-1.7021208155304095
0.0004390625,34.206517928210864,35.99111831922731,29.398047650352826,-7.778494150422404,1.1854234815479174
0.00043984375,33.513860624837136,55.77814036301821,30.101123594366413,-32.76204665413082,7.085029885479024
0.000440625,35.00707938887774,55.76767872042399,30.192528288398865,-26.436685860163053,0.8615354281379294
0.00044140625,33.866981911223334,55.75599690235079,30.17647044211128,-19.85865377171531,-5.720872688524195
0.0004421875,34.308780704295536,55.7442310515469,30.639240832378885,-31.595558606976745,6.490568387808733
0.00044296875,34.46615496658773,55.73238125093472,30.570246546466382,-20.593308049795837,-4.5688266546725025
0.00044375,33.9775658417987,55.720447518363585,30.85819768242748,-26.31520650884876,1.4529566729126555
0.00044453125,34.51109196357653,55.70842987180548,31.038051631288837,-25.66993912834497,0.9995608878283314
0.0004453125,35.4760396024925,4.847981511348688,30.88344599015659,-12.244342536712507,38.27980701552041
0.00044609375,35.79449756014804,0.00027822996752881413,29.013977845123435,61.30989044294536,-32.29619082778945
0.000446875,32.955567242880726,1.596786511043218e-08,29.732792039763183,16.293890454794866,13.438901569000453
0.00044765625,36.31900311600352,9.164099699596583e-13,29.4503540350559,25.470926970628256,3.9794270644267273
0.0004484375,33.97604645963039,5.259358262569465e-17,28.7767717356397,42.21730397499031,-13.44053223935061
0.00044921875,34.78949738724776,3.0183924488812992e-21,29.233863478772733,14.842036055017884,14.391827423754847
0.00045,35.30020750408973,1.7322822520579928e-25,28.528552226961835,37.80094836257471,-9.272396135612873
0.00045078125,34.167733715481546,9.941721799321666e-30,28.55515150908345,26.036409054132953,2.5187424549504978
0.0004515625,35.280908070869934,5.705642496636209e-34,28.411437454765785,25.504503047164402,2.9069344076013848
0.00045234375,34.63345378641235,3.274518937116334e-38,28.014248454886825,33.13482003451183,-5.120571579625008
0.000453125,34.745763417655894,1.8792755199532706e-42,28.04465755984331,23.376842201802273,4.667815358041037
0.00045390625,35.019087685729005,1.0785329227644548e-46,27.70424298182202,30.14538682561266,-2.441143843790643
0.0004546875,34.486199161109134,6.189796297222887e-51,27.555700027507918,27.379259871781052,0.17644015572686664
0.00045546875,31.591247820818353,55.494759705134115,28.715944150716886,-26.26726565934472,-0.511549895072509
0.00045625,36.0121459558745,55.51810600061266,29.51661247393642,-45.95084128010993,19.949347753433685
0.00045703125,34.0253575763066,55.504750379166126,28.618792429255585,-2.169677200801496,-24.716280749109046
0.0004578125,33.61601948180425,55.49130906701138,29.734239841963422,-43.78870461463532,18.031635389587365
0.00045859375,35.3561331289979,55.47778418582741,29.417104499068607,-19.20172719868559,-6.858952488073216
0.000459375,33.40263107008354,55.464175756103046,29.602546815366985,-22.789529414957,-3.0720995257790626
0.00046015625,34.67151015574021,55.45048379833236,30.074252596277205,-33.485316209202516,8.109085007147362
0.0004609375,35.41297863592683,37.50942361771516,29.54774415246103,-4.439796236144602,-3.521883229109525
0.00046171875,33.76499430171735,37.52115642206225,29.52241521501398,-3.6399506355508984,-4.358790571497371
0.0004625,34.70762907199885,37.57307741349226,29.881656459336043,-15.330933141286588,7.639512187130373
0.00046328125,34.55414306716331,37.624944130225394,29.60852677008824,-1.2082913106244277,-6.808126049512726
0.0004640625,34.12695087905656,37.6767541846052,29.880768363579307,-11.380818433655111,3.584832612629217
0.00046484375,34.74560569994988,37.7285074984741,29.87587142577202,-7.680705924994195,-0.17193014770789006
0.000465625,34.232469667334975,37.780203993892556,29.869146132449842,-5.790131980685513,-2.1209258807572
0.00046640625,34.466127331313366,37.83184359300656,30.04231723087996,-10.508192733104792,2.7186663709781924
0.0004671875,34.48972139678972,37.88342621804781,29.99204997001854,-5.804487101255356,-2.086889146773911
0.00046796875,34.29802772369547,37.93495179133382,30.106468820329386,-8.655622669740984,0.8271396987365462
0.00046875,34.50904420973718,37.986420235267985,30.15815390974621,-8.084516323835462,0.2562499983136885
0.00046953125,34.35244878950996,38.037831472339796,30.18325287487738,-6.960774597655996,-0.8938039998064206
0.0004703125,34.394177940994595,38.08918542512482,30.28198324694609,-8.71605316424027,0.9088509860615418
0.00047109375,34.41127712431573,38.14048201628494,30.305874687062396,-7.223425090817137,-0.6111822384054083
0.000471875,34.18490077797866,38.19172116856842,30.37616162249611,-7.9382317568614305,0.12267221078911916
0.00047265625,36.76501397699098,0.007430697693982365,29.310398519390393,36.25013532019741,-6.947167498501
0.0004734375,33.37527482895054,4.2645433748883576e-07,28.938513824287458,38.09226505192637,-9.15375165409325
0.00047421875,35.335241724983895,2.4468342281275665e-11,29.379315606366465,13.359240088323782,16.020075518018214
0.000475,35.04980010074018,-3.831818772155085e-15,28.501096623545283,42.5476127317064,-14.046516108161114
0.00047578125,34.16318628406878,-5.7310446588840104e-15,28.753972430429652,21.303912320325132,7.450060110104528
0.0004765625,35.462809620456774,-1.264099000584029e-14,28.437464355919897,28.64206224117732,-0.20459788525740877
0.00047734375,34.39291218013524,-6.01050528284947e-15,28.111133363898634,32.49477157854782,-4.383638214649179
0.000478125,33.99045301483991,35.24101929195746,28.32880587748135,15.464796929756583,-22.37701034423269
0.00047890625,33.88754933817805,38.650083336560776,29.40015735597856,-28.834422862865225,19.58449688228301
0.0004796875,35.540400909472716,38.70093660874179,28.899878766965465,-1.371834961370253,-8.429222880406076
0.00048046875,33.53231839158406,38.75153887065138,29.03200035389126,-7.686116588899603,-2.033421927860517
0.00048125,34.95819247706098,38.802082762382966,29.37162811933349,-17.313965369698877,7.883510726649402
0.00048203125,34.43977737014744,38.852568218878496,29.04809814463774,-1.1963645947815338,-8.60810547945922
0.0004828125,34.159609070586825,38.90299516410845,29.421841426024613,-15.153183810175234,5.6720300720914025
0.00048359375,34.82638161013076,38.95336352213075,29.34842835976111,-7.966604406992028,-1.6383307553776114
0.000484375,34.15738213460244,39.00367321709156,29.388871486777223,-7.9852934847795956,-1.6295082455347423
0.00048515625,34.553476153790385,39.05392417322538,29.5734877101674,-12.51498856455134,3.034552101493355
0.0004859375,34.471979522185414,39.10411631485517,29.505542524369584,-6.795050786786317,-2.803523003699267
0.00048671875,34.306255583718404,39.154249566392494,29.661719356620303,-11.006509160788289,1.5139789510160988
0.0004875,34.55051871836925,39.20432385233758,29.69961908354331,-9.353167109410363,-0.15153765938390862
0.00048828125,34.334114901048,39.254339097279434,29.742516781740942,-8.68153809890276,-0.8302842166357316
0.0004890625,34.42561072093246,39.30429522589603,29.855191801878973,-10.532052744527725,1.0829493205106722
0.00048984375,34.26795661636245,39.354192162954334,29.87740773232452,-8.586364622949322,-0.8904198076804886
0.000490625,33.553737566555355,54.8506877076538,30.508654565676316,-30.605271822800376,6.2632386808228935
0.00049140625,34.9101584190559,54.83456320300988,30.607017610688125,-25.156293385609764,0.9287477932880102
0.0004921875,33.87913249574105,54.817465840194174,30.595752454270173,-18.946385257636614,-5.275328128287388
0.00049296875,34.25721952976774,54.80028587217171,31.02516845252161,-29.66871927647699,5.8936018568268835
0.00049375,34.388350691196116,54.78302337590617,30.971667847360983,-19.70491262553329,-4.106442903011898
0.00049453125,33.71767664409593,54.76567837739745,31.237735813580834,-24.764200867231448,1.2362583034148305
0.0004953125,37.76912124182054,0.010653168918606615,29.797726568795593,39.077932116712795,-9.290858716835809
0.00049609375,32.67726624530405,6.113948321305191e-07,29.289154806807005,43.98808356583223,-14.698929370420053
0.000496875,35.54338813742001,3.5088492786688804e-11,30.074933724522786,5.6189085712632085,24.456025153224488
0.00049765625,35.20573025596442,2.0137597855565097e-15,28.847856423079154,49.89275031063404,-21.044893887554892
0.0004984375,33.805873318539135,1.1557146380089013e-19,29.311291659623897,18.50049970969396,10.810791949929941
0.00049921875,35.78879543636503,6.632749020454427e-24,28.949356451847102,28.875954827313805,0.07340162453329793
0.0005,34.22303675722409,3.806593610697205e-28,28.53981035638848,35.41350343739427,-6.873693081005789
0.00050078125,34.932149627965025,2.1846379038789594e-32,28.719153929286,20.040092963266112,8.67906096601989
0.0005015625,35.06583915015246,1.253783108775436e-36,28.19414565985121,34.52204692409075,-6.327901264239544
0.00050234375,34.46311439882346,7.195572689915631e-41,28.174990946050197,25.68476356325779,2.490227382792407
0.000503125,35.146679798803966,4.1296031166370786e-45,27.97549442527824,26.916355403791165,1.0591390214870722
0.00050390625,34.68663242942655,2.3700159300508198e-49,27.679845332821646,30.472502639279465,-2.7926573064578193
0.0005046875,34.813904118344595,1.3601732055231519e-53,27.621657772780118,24.685695196013896,2.9359625767662214
0.00050546875,34.381429115562646,7.80615491045858e-58,27.328716161105746,29.146368651304684,-1.8176524901989397
0.00050625,31.906344715594656,54.49249256999124,29.08166246233434,-46.58296086422692,21.172130756570017
0.00050703125,36.616358766208,54.476959611310875,29.037913900461756,-29.181066426579424,3.742020715730304
0.0005078125,33.12016779601995,54.45821635199507,28.582080716368846,-7.5469594044335615,-18.329176231192662
0.00050859375,34.42072728944575,54.43939090005604,29.66537504809294,-45.18920175855274,20.41518590658964
0.000509375,34.96919952824327,54.42048346336786,29.086338038172748,-11.413788021995758,-13.920357403199354
0.00051015625,34.268604216784,40.66136414261194,29.35711805053637,-19.196575285079696,7.892329193004129
0.0005109375,34.854228876009294,40.67876438376078,29.196243177709405,-7.744492893023644,-3.7380283130277316
0.00051171875,34.068246460193585,40.72697200589351,29.318143122248237,-10.962590048200555,-0.44623883544471443
0.0005125,34.64751630568105,40.775120065521264,29.492265641988293,-14.174260305855057,2.891405882322086
0.00051328125,34.40662640110736,40.823206718656735,29.420723490130065,-8.014839342979872,-3.3876438855467996
0.0005140625,34.32046623272942,40.871231892780685,29.62334377635511,-13.577491800922525,2.3296036844969503
0.00051484375,34.56629411295289,40.91919551556802,29.6405548658865,-10.474506082212743,-0.8041345674687759
0.000515625,34.298464768558595,40.9670975147864,29.714558637815184,-10.710722981760382,-0.5418158952108375
0.00051640625,34.46077878986046,41.014937818296296,29.836356005223376,-12.312833183035282,1.134251369962362
0.0005171875,34.41359278677607,41.06271635405106,29.86226789162708,-10.071008552240713,-1.1294399101832693
0.00051796875,34.35290071823219,41.110433050097086,29.97768223760798,-11.762066561292006,0.6293157488028982
0.00051875,34.44227036644087,41.1580878345739,30.042626810047636,-10.993064781609533,-0.12239624291672868
0.00051953125,34.35105611941399,41.20568063571425,30.11354010648444,-10.784765690895656,-0.3073748383341567
0.0005203125,34.38635411807157,41.25321138184423,30.20932892318632,-11.448150462958367,0.4042680043004574
0.00052109375,34.36981477784919,41.300680001383405,30.270216271303603,-10.6621378885698,-0.3683258415100021
0.000521875,34.27989359518947,41.34808642284489,30.35873025626661,-11.12667707284198,0.13732090626370594
0.00052265625,36.93522568588365,0.0924525242621597,29.704799959939926,18.581220381535683,11.031127054142082
0.0005234375,33.939025021372046,5.30593252208634e-06,28.66154803709057,50.489238929222594,-21.827696198064547
0.00052421875,34.5587210637928,3.044955101719593e-10,29.432499340147594,9.105504717872524,20.326994621970574
0.000525,35.680469274616726,1.1432069213783301e-14,28.572028395319972,39.897926999619884,-11.325898604299923
0.00052578125,33.88685467119705,-1.5640599479702088e-14,28.592956305107926,27.298606436353136,1.2943498687548043
0.0005265625,35.415592956033386,-2.2020133260262377e-15,28.556477521655697,22.80289329605857,5.753584225597131
0.00052734375,34.615780779418124,-5.612830309525887e-15,28.029555571629437,35.92832202207074,-7.898766450441293
0.000528125,32.54743805712668,41.40917190615301,28.662870047237195,1.010474164606748,-13.756776023522566
0.00052890625,35.15031829586874,41.77191542279085,29.670842040110504,-34.91647074993704,22.815397367256697
0.0005296875,34.845324247957656,41.81871408214348,28.795219983823976,6.59955262193705,-19.623046720256553
0.00053046875,33.50752469420194,41.865431634522636,29.489818706703964,-22.261569803635123,9.885956875816449
0.00053125,35.346849015448456,41.91208613727792,29.42529363033856,-12.612300229658636,0.12550772271927998
0.00053203125,33.88066044486401,41.95867752118887,29.306276727509857,-6.111122506233844,-6.541278287445166
0.0005328125,34.51887993321745,42.00520571608975,29.741263048076135,-20.301382152658302,8.037439484644688
0.00053359375,34.64094450615783,42.051670651909944,29.51865479581305,-6.603577230206759,-5.929438625890137
0.000534375,34.063398768961264,42.09807225867413,29.76433738784116,-14.546158453558355,2.212423582725384
0.00053515625,34.69122252163782,42.14441046650226,29.845214483745075,-13.262600318263361,0.9634043355061772
0.0005359375,34.25934656212929,42.190685205609874,29.832882704621248,-9.676160808614533,-2.6816416923740913
0.00053671875,34.38169593334921,42.23689640630805,30.0426529037764,-14.869483665444314,2.675240162912665
0.0005375,34.488403381958115,42.283043999003546,30.034405162637547,-10.556296718626735,-1.6923421177392648
0.00053828125,34.25952410922768,42.32912791419892,30.156813104502845,-12.515641436239084,0.3433266265430092
0.0005390625,34.45871909620572,42.375148082492636,30.255297026937228,-12.710658827704853,0.590807772149444
0.00053984375,34.33253799179921,42.421104434579156,30.30012854474087,-11.09999159483614,-1.0209842950021482
0.000540625,34.22487216338269,42.46699690124903,30.427047898108405,-12.865457670845212,0.8255086677045853
0.00054140625,33.8201591638218,53.57441751112124,30.87274443680822,-26.493667847321202,3.791994773008179
0.0005421875,34.64383881480752,53.55273268662532,30.988620303967714,-23.148321341452558,0.5842089587949537
0.00054296875,34.00042617637965,53.530328508060435,31.03483960746042,-19.238522656142806,-3.256966244457211
0.00054375,34.15519457861921,53.507843677132406,31.351541006755575,-25.747376829686047,3.591074159309214
0.00054453125,37.640498516345794,0.11957095086845687,30.428598469851508,18.58603116375863,11.722996355224423
0.0005453125,33.51931517369507,6.862283137764093e-06,29.202758590225024,56.485533865658255,-27.282782137716367
0.00054609375,34.59109962308947,3.938325280581516e-10,30.252246764767435,3.555214753963465,26.697032010410137
0.000546875,35.859338250440054,2.2602398799769085e-14,29.151832952345558,44.949397436570166,-15.797564484224631
0.00054765625,33.597103779526,1.2971717547626497e-18,29.286158059829962,26.468400807622675,2.817757252207285
0.0005484375,35.631375494687305,7.44458398535647e-23,29.252656452852197,22.538057747458353,6.714598705393843
0.00054921875,34.553592445748855,4.2725129121522405e-27,28.640738564765915,38.7054894927177,-10.064750927951788
0.00055,34.62085786020224,2.4520331317927285e-31,28.860920407791276,20.43679722137767,8.424123186413604
0.00055078125,35.246918312867926,1.4072436065220763e-35,28.412052426970668,32.37836131564293,-3.9663088886722577
0.0005515625,34.44178358758124,8.076296125123723e-40,28.269323209053326,28.567020501929417,-0.2976972928760908
0.00055234375,35.06828495390998,4.635058123439783e-44,28.173389155610327,25.135870213027815,3.037518942582513
0.000553125,34.818360499243944,2.6601010506330342e-48,27.824974946236857,31.305629535938216,-3.480654589701359
0.00055390625,34.745753753076556,1.5266556343262443e-52,27.764252831661167,25.22852099618091,2.5357318354802545
0.0005546875,35.00441398818578,8.761612365310058e-57,27.507207171580767,28.328281050871738,-0.8210738792909723
0.00055546875,34.705558367630424,5.028367204358632e-61,27.313662480612418,27.78876367767515,-0.47510119706273246
0.00055625,33.65596253720749,48.51166191534209,27.396784029679008,16.34649362949693,-37.46137151516001
0.00055703125,33.38167415135262,53.11303516899605,29.194396891593048,-55.62325049507478,31.704612217671777
0.0005578125,36.14028163581581,53.08937060875964,28.451399924555503,-11.32286550887823,-13.315105175325906
0.00055859375,32.86325388403794,53.06536066645049,28.702506650921258,-20.63424889918603,-3.7286051163431986
0.000559375,35.63307985235691,43.62124127322052,29.207904969545755,-32.048135666072376,17.63479936239761
0.00056015625,34.34537045805369,43.59334949191456,28.41638838824885,4.722384209978148,-19.899345313643856
0.0005609375,33.785953860979866,43.63755282093368,29.24024736823541,-27.89200506651666,13.494699613818392
0.00056171875,35.297974193944974,43.68169457395708,28.99889252513578,-10.461994984465473,-4.220807064355829
0.0005625,33.749215199798414,43.72577054337554,29.057030245808065,-11.244676647730461,-3.4240636498370116
0.00056328125,34.70231736748834,43.76978066257381,29.4222095575716,-21.256973060187075,6.909401955184865
0.0005640625,34.48414644640239,43.813724865273414,29.212161680919884,-8.079773331568296,-6.521789852785236
0.00056484375,34.13054497457788,43.85760308529517,29.52526462729728,-17.997671323894604,3.665332865896715
0.000565625,34.69526537010179,43.901415256559275,29.552195048058312,-13.865519348302712,-0.48370086019825137
0.00056640625,34.198078457984984,43.94516131308539,29.60250158392082,-12.532452408473526,-1.8102073206910494
0.0005671875,34.441196908768106,43.98884118899278,29.806633508213576,-16.684333743551065,2.502126062771862
0.00056796875,34.4371923920485,44.0324548185003,29.80345199352252,-12.187058678977142,-2.0419441460006382
0.00056875,34.26791535770251,44.07600213592661,29.96108260006155,-14.997444102437337,0.8825245665722804
0.00056953125,34.46184455880829,44.119483075690276,30.050103483471467,-14.200915512354237,0.13153592013542922
0.0005703125,34.30430363757201,44.16289757230973,30.121931271431613,-13.24108501340576,-0.7998812874723584
0.00057109375,34.34662342040114,44.20624556040359,30.258943894954456,-14.791723481068198,0.8444218156190644
0.000571875,34.331336436646495,44.24952697469052,30.325157843976662,-13.305293872456515,-0.6190752582573436
0.00057265625,36.24244811322553,1.1369459559871076,30.100112604263355,-0.009319861336342683,28.97248650961259
0.0005734375,35.088913573746034,6.525033886151269e-05,28.556695012841868,57.021866743685635,-28.465236981182628
0.00057421875,33.639331738229586,3.744770293103755e-09,29.31576275981785,12.72006449036936,16.59569826570372
0.000575,36.10860098921856,2.082824854742857e-13,28.788986505890485,31.203257106474037,-2.414270600583761
0.00057578125,33.947761993171426,-5.330276963893242e-15,28.401533852531248,35.86419700005896,-7.462663147527704
0.0005765625,35.0672649758882,-2.1074397102625986e-15,28.663557179470775,17.6585516870593,11.00500549241148
0.00057734375,34.95377566479478,-5.290678772221868e-15,28.025588985462367,36.89571316816626,-8.870124182703888
0.000578125,31.66272990392006,44.56399122865258,29.15048448427636,-17.993892330252397,2.5803855858761753
0.00057890625,36.21958773539207,44.63605147396163,29.771922373803346,-32.90888563026076,18.04475653010248
0.0005796875,33.98436293563392,44.67866526801101,28.845575674645684,8.437105458025812,-24.270195051391138
0.00058046875,33.815405558121775,44.721210090697795,29.904529510603464,-33.55392590426933,18.737245324174996
0.00058125,35.427091635478966,44.763687563953624,29.4708698479268,-7.311245718909203,-7.981571997117621
0.00058203125,33.49642473222876,44.80609762390496,29.634153924578495,-13.097257806122176,-2.0746858932042898
0.0005828125,34.85917012860639,44.84844020668303,30.005589569375132,-22.469197319455496,7.626346682147599
0.00058359375,34.37034330596634,44.89071524852065,29.734967415364718,-6.873580440990444,-8.282167392165487
0.000584375,34.0914346848843,44.932922685752374,30.134052747115696,-20.206094029787636,5.407224091150956
0.00058515625,34.73462591361686,44.975062454814555,30.10618748439407,-13.331836358969676,-1.5370386114508066
0.0005859375,34.09073974870862,45.017134492245475,30.183766200140205,-13.225415756514998,-1.6079525355902733
0.00058671875,34.46667162939906,45.05913873468541,30.40233732238979,-17.57873662604883,2.9219352137532084
0.0005875,34.390324862662396,45.10107511887672,30.376923141534512,-12.027023402112036,-2.697128575230175
0.00058828125,34.22695649656869,45.14294358166398,30.5661567111717,-16.00932563265739,1.4325387621651142
0.0005890625,34.46086599181378,45.18474405999404,30.642689229476044,-14.40412192192342,-0.13793290859457485
0.00058984375,34.25204156016127,45.22647649091612,30.722517439031513,-13.68879204976033,-0.8151670021242758
0.000590625,34.338726270327946,45.26814081158196,30.869898210051506,-15.434004697794448,1.0357620962639955
0.00059140625,34.2676826564473,45.309736959245825,30.930104261119475,-13.527303423651745,-0.8523292744746057
0.0005921875,33.910045149764485,51.957446087917695,31.287347438895736,-23.547428218017455,2.8773295689954956
0.00059296875,34.49775722201698,51.9303388460734,31.399834602862047,-20.95426980522436,0.4237655620130082
0.00059375,36.343587704289085,1.3330401124755222,31.064336266208134,-1.5650060702705504,31.29630222400316
0.00059453125,35.090320739985735,7.650435678033162e-05,29.405193940159485,60.20765287911177,-30.802535443309065
0.0005953125,33.51676941233315,4.390653028064634e-09,30.23759262098758,12.303376045005281,17.934216571591644
0.00059609375,36.19263454605146,2.51983479427269e-13,29.680386091691975,32.26697340370041,-2.586587312008689
0.000596875,33.85943538155473,1.446155583199461e-17,29.27162267061442,37.36775732086621,-8.096134650251791
0.00059765625,35.08201067294989,8.299615417536182e-22,29.567136414375657,17.65155650593145,11.915579908444208
0.0005984375,35.06507488763148,4.763223050081985e-26,28.888340550357732,38.47494493819729,-9.586604387839555
0.00059921875,34.32566304008426,2.7336560410852824e-30,28.978911416015848,24.476714123786998,4.502197292228849
0.0006,35.2830938097941,1.568869497059021e-34,28.732011964372717,28.097593604691458,0.6344183596812585
0.00060078125,34.58089550223851,9.003881475246057e-39,28.41668671963028,31.957067470392474,-3.5403807507621927
0.0006015625,34.868694064710134,5.1674075996921034e-43,28.404443314954953,24.25193857559825,4.152504739356705
0.00060234375,34.97936851186838,2.965621146254149e-47,28.05874009838656,30.85737085304631,-2.7986307546597473
0.000603125,34.67737632544313,1.7019963324808764e-51,27.938052667795624,26.965470441536002,0.9725822262596232
0.00060390625,35.00279636000749,9.767908215239387e-56,27.751178139371344,27.050330331853708,0.7008478075176356
0.0006046875,34.803714400343644,5.605889335981465e-60,27.505169191953357,28.87788008664438,-1.372710894691025
0.00060546875,34.849376379292885,3.217269711670866e-64,27.377497194341466,25.98563660474943,1.391860589592035
0.00060625,34.87385668810201,1.846419680673654e-68,27.141708330584667,27.88662768111275,-0.7449193505280809
0.00060703125,32.23248161057438,51.032512947040175,27.59464498166736,1.1390767503442967,-24.57694471571711
0.0006078125,34.90582023739462,51.39318890872369,29.117186731370836,-54.174636922525934,31.898634745173084
0.00060859375,35.48408141916432,46.340559299819624,27.988620380925273,2.3541499693439754,-20.706088888238327
0.000609375,33.1232337343242,46.24749747048615,28.61671430728782,-23.870614279599994,6.23983111640166
0.00061015625,35.47205552547122,46.2874312735507,28.799784770387017,-22.773706687008275,5.28606018384459
0.0006109375,34.007194775517526,46.32730300531496,28.50433390874932,-7.140011466907975,-10.682957629657665
0.00061171875,34.312809653151646,46.367104969436404,29.09256447106181,-27.170670093462878,9.896129595088283
0.0006125,34.84632136698283,46.40683710553573,28.882094729669337,-11.899932639156507,-5.624809736709885
0.00061328125,33.96417910770273,46.44649935377707,29.105468933543246,-17.964299108856597,0.6232686886227727
0.0006140625,34.70762448366719,46.48609165442975,29.29726637538914,-19.925417634351497,2.7365923553108864
0.00061484375,34.324487292695494,46.525613947868514,29.251168876139612,-13.37292438802345,-3.901520683705453
0.000615625,34.31124189995298,46.565066174573474,29.52275580290395,-20.090539044557456,3.0482286728879338
0.00061640625,34.55663997515497,46.60444827513032,29.549165027154658,-15.658679481842373,-1.3966037661332935
0.0006171875,34.24280953310792,46.643760190230296,29.678875487652274,-16.68239713830709,-0.2824875642709344
0.00061796875,34.46377921885354,46.68300186067038,29.836027049344953,-18.014433727094104,1.1674589157686783
0.00061875,34.37483417520516,46.72217322735334,29.892562812610375,-15.47201674132854,-1.357593673414424
0.00061953125,34.33321957299781,46.76127423128776,30.057077369910964,-17.577548613386995,0.8733517520102005
0.0006203125,34.43379826458275,46.80030481358828,30.150573017551608,-16.349035358894195,-0.30069643714247896
0.00062109375,34.33342239037033,46.83926491547554,30.263438847666357,-16.317806024523716,-0.25802004328546463
0.000621875,34.420384583733124,46.878154478276315,30.397110559434388,-16.923638109588794,0.4425941907468655
0.00062265625,35.49396574670408,4.082732675390324,30.290225242046375,-7.502968051488423,33.710460618144474
0.0006234375,35.67752259476469,0.00023431165672543753,28.616023435486674,57.367138140031614,-28.751349016201665
0.00062421875,33.236251232648094,1.3447349645887673e-08,29.24817658926966,16.90741255320573,12.34076402261658
0.000625,36.1977925332297,7.57155948472975e-13,28.957522811382173,25.86901034718073,3.088512464200687
0.00062578125,34.11228034452327,-1.3399988941758179e-14,28.35630241092926,39.976956570360954,-11.62065415943168
0.0006265625,34.88671292914535,-1.4607832268649847e-14,28.734942945687703,16.043902631548097,12.69104031413962
0.00062734375,35.49052698220938,-1.3644119305112827e-14,28.088737727846933,36.37557396962376,-8.286836241776811
0.000628125,31.408405291876022,47.17755183571539,29.488736995522956,-28.887832639249567,11.19901779905713
0.00062890625,36.52325773116124,47.224976129734834,29.846614667588213,-30.68098073691242,13.302619274765801
0.0006296875,33.52769446074578,47.263157624459616,29.022710871615814,5.639879338610348,-23.88032609145415
0.00063046875,34.0170050506426,47.301267415352335,30.17055317027043,-38.398639020887515,21.26792477580561
0.00063125,35.316997846925936,47.33930597136095,29.60837617248051,-6.322318161529941,-11.408611637350496
0.00063203125,33.369335798456916,47.3772732352303,29.923370155327625,-18.034007501393546,0.5801044214908736
0.0006328125,34.962076036073015,47.415169149782365,30.23483314969667,-23.667051492553455,6.486715492467758
0.00063359375,34.203404349606856,47.4529936579466,29.98942956740815,-8.897679077967899,-8.565885012570552
0.000634375,34.120330423476275,47.49074670275992,30.442276935118915,-23.528798491583306,6.4803287239423
0.00063515625,34.695931961617916,47.528428227367016,30.37769219403141,-14.443183666831093,-2.70755236650451
0.0006359375,34.01573133693354,47.566038175020104,30.513133946085745,-16.212753690476955,-0.8401505384574052
0.00063671875,34.48476235379493,47.60357648907933,30.728848266718916,-19.57592841443923,2.701200192078814
0.0006375,34.320127388583764,47.64104311301266,30.7157044722136,-14.00447908963794,-2.9208595511611186
0.00063828125,34.21347603485033,47.67843799039604,30.936808551749113,-18.586898823728887,1.8452693850819608
0.0006390625,34.44051933302552,47.71576106491345,31.010710798934536,-16.186495698737243,-0.5185545672416739
0.00063984375,34.21487930171807,47.753012280357034,31.118200033518796,-16.024871514879532,-0.6099407319587069
0.000640625,34.34520017508472,47.79019158062712,31.27711593754575,-17.530102520391853,1.0170268773104822
0.00064140625,34.32807736338898,47.82729890973236,31.349503569996205,-15.520230239027084,-0.9575651007090727
0.0006421875,34.23889108504397,49.39739589778667,31.501032825327215,-17.037925275573535,-0.858437796885924
0.00064296875,35.44670075423275,4.353473305874,31.47424246576966,-10.413721792624868,37.53449095252053
0.00064375,35.748317595548194,0.000249849702127662,29.646991089956444,61.11717526472824,-31.470434024473924
0.00064453125,32.99432846416577,1.433909645639806e-08,30.341093500991924,17.188067144231127,13.1530263424217
0.0006453125,36.26779271654409,8.229334893536519e-13,30.054872140735824,26.24073003349368,3.814142107241319
0.00064609375,33.9850285606004,4.722888432747823e-17,29.392909586853843,42.43854266228341,-13.045633075429567
0.000646875,34.78419063505156,2.7105076457275428e-21,29.82887400184847,15.81962984670042,14.009244155148048
0.00064765625,35.27865795326635,1.5555844272342884e-25,29.133439738106453,38.17425350024151,-9.040813762135057
0.0006484375,34.181089402534425,8.92763727882533e-30,29.152000818064845,26.67220806252743,2.4797927555374146
0.00064921875,35.268009917317194,5.12365037775398e-34,29.002743035784,26.188900142739325,2.8138428930446766
0.00065,34.64068940134134,2.940508487696158e-38,28.608276446670434,33.58073080704128,-4.972454360370843
0.00065078125,34.75952641252591,1.6875839545483374e-42,28.629414932010768,24.079673879685274,4.549741052325495
0.0006515625,35.04141334569534,9.685194297399632e-47,28.289402585450986,30.668259997871356,-2.378857412420371
0.00065234375,34.64225210195562,5.558419083421996e-51,28.137034926200034,27.942291741531314,0.1947431846687195
0.000653125,34.990783016241195,3.190026111840116e-55,27.982889534391443,26.576099513468428,1.4067900209230162
0.00065390625,34.84067752310329,1.8307843366061625e-59,27.712941584533525,29.468370839831756,-1.7554292552982333
0.0006546875,34.83761234332731,1.0507034016812639e-63,27.590991347119015,26.16781803207101,1.423173315048004
0.00065546875,34.97332750590724,6.030080202407077e-68,27.360154105034024,27.889761522655455,-0.5296074176214305
0.00065625,34.85214147899495,3.4607166198641783e-72,27.173028918019423,27.2931432747523,-0.12011435673287672
0.00065703125,35.031898015238944,1.9861360248945547e-76,27.00326134999567,26.3809747417165,0.6222866082791718
0.0006578125,31.890666493351866,48.54972022347602,27.65419632876033,-7.7578728423271635,-13.137651052388527
0.00065859375,35.422222192767826,48.62533719247515,28.78899923535331,-45.65174014115785,25.81540218403601
0.000659375,34.701863422421305,48.66077628329526,27.781039545240528,3.0810831387288475,-23.96081987678358
0.00066015625,33.373485343284635,48.696139790224215,28.69823801872674,-33.35076855604684,13.352866784549363
0.0006609375,35.49166197174958,48.73142996151461,28.57870540308483,-18.68004189928682,-1.4726826591429565
0.00066171875,33.681815391683145,48.76664674415214,28.524701500889666,-13.446176768683282,-6.795768474579193
0.0006625,34.57695155897595,48.801790085101,29.051991317583756,-29.092680570760564,9.342881803243321
0.00066328125,34.60030551774497,48.83685993143596,28.810601746846636,-12.59305014268486,-7.433208041904464
0.0006640625,33.98322858075331,48.87185623034243,29.15871957456642,-22.93776509684882,3.224628441072811
0.00066484375,34.72423251267727,48.90677892911665,29.261216963084912,-20.272239229981956,0.62667726395022
0.000665625,34.176498149371525,48.94162797516564,29.29372849048757,-16.707979005218974,-2.9399204794590945
0.00066640625,34.37192398071287,48.97640331600737,29.570637990346018,-22.58798643896616,3.1822211133048044
0.0006671875,34.46257167758746,49.011104899270826,29.586417024161083,-17.232921980716778,-2.1917658943929643
0.00066796875,34.20956992641256,49.04573267269603,29.77209389825412,-19.887411272072953,0.6137724976310399
0.00066875,34.45428822869656,49.08028658413421,29.91190839477115,-19.711475941086412,0.5430977517233565
0.00066953125,34.29805899208745,49.11476658154777,29.9999476035193,-17.95294602304237,-1.161872954986103
0.0006703125,34.328050548207386,49.149172613010464,30.181532197438642,-19.98405850437249,1.0164180888006684
0.00067109375,34.38891199015394,49.183504626707446,30.278671898729044,-18.289206850823085,-0.6156258771553169
0.000671875,34.32026499889982,49.21776257093528,30.420989546727654,-18.832332661663752,0.035559637456127294
0.00067265625,35.5404140876406,4.286065797054028,30.348415631754264,-10.07451796741711,36.136867802117344
0.0006734375,35.717930930915536,0.0002459811252873868,28.5684590925501,59.422234413644475,-30.854021302219664
0.00067421875,33.11343773901781,1.4117069039695683e-08,29.263289063514385,15.956101308172885,13.307187741224432
0.000675,36.28320601563461,8.103399119070783e-13,28.96198130158711,25.739458050478152,3.2225232511081483
0.00067578125,34.043364045198,-1.4009708993220411e-15,28.334526453484393,40.742937593811774,-12.408411140327383
0.0006765625,34.87936992943593,-4.858236528612681e-15,28.753291703169356,15.164898582649341,13.588393120520019
0.00067734375,35.51523679838263,2.1970788706961155e-16,28.074193415606203,36.98052778743044,-8.906334371824235
0.000678125,31.214016008798787,49.47953203845785,29.55804043383433,-31.75274232633229,11.831250721708772
0.00067890625,36.60062016851881,49.52274191491158,29.942208556688495,-33.558114724069405,13.977581365846323
0.0006796875,33.4425490925799,49.556256897490435,29.08405401241219,4.668086609807673,-25.14028949488592
0.00068046875,33.96040004668505,49.58969669712367,30.30149167621053,-41.68832539917013,22.400120378256993
0.00068125,35.326707340520024,49.62306181553818,29.71753006935802,-7.875286889284789,-12.030244856895372
0.00068203125,33.27551768205888,49.656352202518384,30.058352248730515,-20.21981696574746,0.6218170119595883
0.0006828125,34.95264436051727,49.68956780792956,30.394295491058458,-26.11586865548698,6.820596338615875
0.00068359375,34.15169261718126,49.72270858174963,30.14435392134983,-10.556799248451336,-9.021555411948464
0.000684375,34.064221517616076,49.75577447406918,30.629553356597977,-25.95136049338961,6.82513937591841
0.00068515625,34.668656661537945,49.788765435091555,30.569484828727248,-16.360476422366485,-2.8588041839978233
0.0006859375,33.95099141537238,49.82168141513297,30.720391047115253,-18.21823085973409,-0.8830595082836283
0.00068671875,34.443517444550906,49.85452236462256,30.95540904969775,-21.739084757934435,2.8399714430096257
0.0006875,34.26756964368076,49.88728823410244,30.949490185142967,-15.85909113416966,-3.078706914789816
0.00068828125,34.15268220723498,49.91997897422782,31.190187805268735,-20.671713371753427,1.9419222027943435
0.0006890625,34.38753702813141,49.952594535767005,31.27565643493491,-18.12611883362184,-0.550819267210255
0.00068984375,34.14341011023387,49.98513486960159,31.396548440736233,-17.944212164739703,-0.6443742641256502
0.000690625,34.26866327764857,50.01759992672639,31.571401450767333,-19.512770204270844,1.066571728311784
0.00069140625,34.217121993654885,50.04998965824963,31.655038794371244,-17.380181547720237,-1.0147693161581461
0.0006921875,35.40843973395992,16.372488008425908,31.716822114503284,-14.45811788734665,29.802451993424025
0.00069296875,36.40560455719874,0.20234776640733987,30.045456663718735,53.42322931392228,-23.58012041661088
0.00069375,32.93507681301204,1.1612918148563656e-05,30.321236686978853,26.616959075717656,3.704265998343049
0.00069453125,35.986846657620234,6.664756934047743e-10,30.386911592506337,19.906418163943407,10.480493427896453
0.0006953125,34.395190456514065,3.824963236775369e-14,29.550125369374687,44.885962486963265,-15.33583711758862
0.00069609375,34.452297699268165,2.1951803955433353e-18,29.977751791671658,17.365715756697472,12.612036034974187
0.000696875,35.42065623888571,1.2598335384369061e-22,29.402579828292097,35.229916686082724,-5.827336857790629
0.00069765625,34.196588526904854,7.230296643468371e-27,29.274051936119953,29.917914283473927,-0.643862347353975
0.0006984375,35.132064476443006,4.149531502186477e-31,29.22971539421759,24.564063367038703,4.6656520271788855
0.00069921875,34.769506894341305,2.3814530076290478e-35,28.795951706583228,34.08586110386801,-5.289909397284784
0.0007,34.64911821314343,1.3667370459911189e-39,28.79690832945115,25.03422483586332,3.762683493587828
0.00070078125,35.05596259668891,7.84382537425865e-44,28.504985678633616,29.696638340409244,-1.191652661775629
0.0007015625,34.648440613124734,4.501641093459e-48,28.30305613442673,29.089859107328223,-0.7868029729014936
0.00070234375,34.921769972286185,2.5835318313972593e-52,28.177747084036554,26.30344170090407,1.874305383132483
0.000703125,34.86404628925603,1.4827118789059605e-56,27.901000764135635,29.614367724723987,-1.7133669605883526
0.00070390625,34.784191387179774,8.509415247498067e-61,27.76662587187836,26.6966267001985,1.0699991716798622
0.0007046875,34.94269530051827,4.883629037071005e-65,27.55313848088177,27.670422847585257,-0.11728436670348685
0.00070546875,34.81561703656578,2.80275810711381e-69,27.34966708025028,27.76354307254975,-0.41387599229947014
0.00070625,34.89049443474409,1.6085277868901273e-73,27.1864645934599,26.471519115521858,0.714945477938042
0.00070703125,34.78898620409733,2.526850070216396,26.976262298213896,27.15556754038595,-2.706155312388452
0.0007078125,34.58562111572011,3.649893181092615,26.937869142718895,21.12812426801894,2.1598516936073415
0.00070859375,32.15052614160227,50.712383231845735,27.840058695523794,-20.897397854375853,-1.9749266819460853
0.000709375,35.760830087220455,50.774051086254275,28.560469236014125,-39.75446193645305,17.540880086212898
0.00071015625,34.23699592155173,50.80462041231748,27.794333101073185,-2.2510315939786665,-20.75925571726563
0.0007109375,33.77866902599393,50.83511144715668,28.716039969000718,-36.75529282429661,14.636221346140651
0.00071171875,35.292839561431734,50.86552592513458,28.47800166884142,-17.25638935424857,-5.13113490204459
0.0007125,33.66491439583884,50.89586380054966,28.61091272960718,-19.236492584928744,-3.0484584860137396
0.00071328125,34.70731092223876,50.926125027713674,29.021671266018213,-28.893895219351876,6.989441457656416
0.0007140625,34.421489647773974,50.956309561053715,28.847675819867874,-15.214425039140416,-6.894208702045424
0.00071484375,34.08986067507859,50.986417355112465,29.227042403381837,-25.80748670070259,4.048111748971961
0.000715625,34.66574363728911,51.01644836454811,29.288142879394247,-20.97280452097347,-0.7555009641803949
0.00071640625,34.13679816162553,51.04640254413448,29.392990196581927,-19.907440303485885,-1.7459720440666686
0.0007171875,34.40975720274337,51.076279848761146,29.646242135131565,-23.995330022464426,2.565292308834845
0.00071796875,34.38734368521968,51.10608023343342,29.685429703037713,-19.228889794806562,-2.1917607355891433
0.00071875,34.22254710512667,51.13580365327245,29.896808636626435,-22.239408705242926,1.0004136885969162
0.00071953125,34.42639161573323,51.16545006351532,30.029111200627547,-21.188081452980448,0.05174259009267104
0.0007203125,34.26341721033399,51.19501941951506,30.14945638074774,-20.243109236872215,-0.8024538018951077
0.00072109375,34.33067194488751,51.224511676740754,30.33454857573826,-21.76380595826298,0.8738428572604896
0.000721875,34.37341557416397,51.25392679077762,30.44552593281012,-20.135748718826306,-0.6726521391411926
0.00072265625,35.49255142072055,4.4629738978173865,30.38642964682201,-11.616706296841679,37.5401620458463
0.0007234375,35.785827438600876,0.00025613403841448924,28.559815500337894,60.130995093330846,-31.571435727031368
0.00072421875,33.02489839707457,1.4699741884110734e-08,29.262968301521063,16.052693932759517,13.210274354061802
0.000725,36.302878983698186,8.464356939335991e-13,28.981191602651272,25.181225906976202,3.799965695674226
0.00072578125,34.00607288666114,-7.350251696761946e-15,28.3244469671806,41.3967960440897,-13.072349076909092
0.0007265625,34.79377262709876,-1.0166551335437276e-14,28.767726223546514,14.725345908624561,14.042380314921965
0.00072734375,35.17566195080596,-3.1348642034173417e-15,28.07638343866412,37.16122691580214,-9.084843477138017
0.000728125,31.061807144544417,51.45253062541326,29.315737089032595,-22.8001583349567,0.6633647985760334
0.00072890625,36.39177913550633,51.51518215518924,30.164919335865257,-44.330394623847646,22.980131804523666
0.0007296875,33.928430143599975,51.54382536754179,29.053569028013904,6.752148635461913,-29.242404974989803
0.00073046875,33.54374257938293,51.57238900850973,30.328281263754665,-43.013973100985666,21.7698653562306
0.00073125,35.56726728812027,51.600874982280075,29.87246049186379,-13.106121817070838,-8.622292673345447
0.00073203125,33.256372321133846,51.62928324606523,30.054053923850006,-18.334364972041108,-3.2408643501741126
0.0007328125,34.82828641149235,51.65761375708287,30.544586959135824,-30.57989661911678,9.466869821169734
0.00073359375,34.31837328903208,51.685866472667755,30.240371345116586,-11.580486697678115,-9.865008429873052
0.000734375,33.92964005470116,51.71404135027181,30.73155567845508,-27.165293086616835,6.182807414800102
0.00073515625,34.72158804866822,51.742138347464184,30.735462632091167,-19.485837357734148,-1.520838357638869
0.0007359375,33.96036525147554,51.77015742193129,30.8390552464123,-18.78113846227617,-2.1499637132428155
0.00073671875,34.387072600862005,51.79809853147691,31.12859903742246,-24.233615355915916,3.5641158618614686
0.0007375,34.32256703002718,51.82596163402224,31.120787608085905,-17.52697327439779,-3.178200751538549
0.00073828125,34.1140031276613,51.85374668760596,31.364769019707992,-22.088395935293164,1.599418267395194
0.0007390625,34.402117999444194,51.88145365038427,31.482884384413353,-20.33646366711328,-0.062105598857640824
0.00073984375,34.16638747722186,51.90908248063099,31.59615341955865,-19.274315974038757,-1.0386130870335861
0.000740625,34.28466318764219,51.93663313673761,31.794745249146594,-21.389270012201298,1.247382124610278
0.00074140625,34.75776644400787,51.96410557721334,31.88952140853393,-19.131877728856832,-0.9427064398225771
0.0007421875,36.526865153012515,6.693872528369214,30.476603565885114,40.6805112564658,-16.8977802189499
0.00074296875,32.88892618803197,6.7601981034546075,30.50840283781013,26.176992815461666,-2.4287880811061435
0.00074375,35.927856366960874,0.17469640857141236,30.770158934916488,12.211974248616231,18.383488277728844
0.00074453125,34.69317755608077,1.0025982147506703e-05,29.657975427637613,49.82997017472842,-20.172004773072956
0.0007453125,34.07216644051679,5.754000259314572e-10,30.187875094328042,16.67629182561475,13.51158326813789
0.00074609375,35.65555501128946,3.30227188689197e-14,29.658993364241358,33.51846403237281,-3.859470668131488
0.000746875,34.10073065100183,1.8952031844809265e-18,29.405531921067787,33.08536990997699,-3.679837988909201
0.00074765625,35.060316906064706,1.0876739509923173e-22,29.48608233590719,22.28222241794513,7.203859917962065
0.0007484375,34.88217706778626,6.2422574706218476e-27,28.974221425445975,35.49611273955511,-6.5218913141091335
0.00074921875,34.518204841470045,3.5824870397957603e-31,28.99105662338868,25.31053565218793,3.6805209712007483
0.00075,35.11372634025934,2.0560211511150724e-35,28.72723084031346,29.027644734237768,-0.30041389392430917
0.00075078125,34.627759578979884,1.179968811296396e-39,28.477942748532353,30.326001646613886,-1.8480588980815327
0.0007515625,34.88001831334886,6.771945876515468e-44,28.39174477149692,25.759588697128322,2.6321560743685986
0.00075234375,34.900170867228574,3.886479923488035e-48,28.094168237686723,30.075717878625653,-1.981549640938929
0.000753125,34.73769442405055,2.2304853687708087e-52,27.95855442378628,27.037019903746483,0.9215345200397963
0.00075390625,34.950976716562586,1.2800953763413845e-56,27.75760279113761,27.516829081901836,0.24077370923577635
0.0007546875,34.80942554151118,7.346581131951678e-61,27.536855268155467,28.30259108334954,-0.7657358151940727
0.00075546875,34.867111048301915,4.216268203593192e-65,27.384789391628622,26.457965258655946,0.9268241329726777
0.00075625,34.8194502818444,2.4197537936817677e-69,27.161516680526965,27.71636617494935,-0.5548494944223833
0.00075703125,34.42411747486369,7.998598757716854,27.263641695278004,16.056518051826902,3.20852488573425
0.0007578125,35.140507368155774,8.067770324216188,27.098704150908475,18.370543168610816,0.6603906580814716
0.00075859375,34.51973072332871,8.13647466461683,26.867151537328287,21.543267334497674,-2.812590461786217
0.000759375,32.12357976473646,52.545013373366125,27.92156571120397,-26.226350772415625,1.6029031102534728
0.00076015625,35.881357005889356,52.599871975279854,28.529777393783327,-39.377590868784296,15.30749628728777
0.0007609375,34.062733762331106,52.62537756624068,27.8258866287441,-4.5368382719606535,-20.262652665535924
0.00076171875,33.87840122680388,52.65080222428476,28.77680860821225,-39.31051842738222,15.43652481130971
0.0007625,35.23750576747703,52.67614759107579,28.497519043197656,-17.72222894587356,-6.4563996020045735
0.00076328125,33.627311592251154,52.70141362854049,28.698203679518656,-22.093362955974346,-1.9098469930474906
0.0007640625,34.74587527163617,52.7266002986287,29.08524675715571,-30.047847105792783,6.4064935643197884
0.00076484375,34.352796930351154,52.75170756340977,28.931992253479272,-16.919745619529536,-6.89996969040096
0.000765625,34.10610203030402,52.776735385072556,29.334789033911516,-27.86365440244921,4.421708051288171
0.00076640625,34.644136091121766,52.80168372592565,29.387293397505122,-22.18912285039002,-1.2252674780305075
0.0007671875,34.10829196331857,52.82655254839729,29.521637475975385,-21.901340629300382,-1.4035744431215194
0.00076796875,34.414632614504406,52.85134181503547,29.77699463876177,-25.505980155734637,2.431632979460939
0.00076875,34.356148825597565,52.876051488508025,29.827937213275554,-20.798819528270073,-2.249294746962397
0.00076953125,34.21761006785582,52.90068153160262,30.056278551309966,-23.996838751733918,1.1524357714412603
0.0007703125,34.41677235375418,52.92523190722685,30.19261673568811,-22.6261012250247,-0.10651394651404048
0.00077109375,34.25528176066726,52.949702578408306,30.329594578623812,-21.914299787163507,-0.7058082126209855
0.000771875,34.381043785242504,52.97409350829461,30.5236726307397,-23.30485591675425,0.8544350391993419
0.00077265625,36.99136143626286,0.40140680760723696,29.998729399497964,4.811691077473643,24.785631514417084
0.0007734375,34.283532180620796,2.3037093439268963e-05,28.417740032288688,60.62446045893418,-32.20674346373893
0.00077421875,33.94311769489774,1.3221244243924585e-09,29.474909572412745,5.13698251423969,24.33792705685093
0.000775,36.182876415666435,8.641267387130212e-14,28.603530233026426,38.30926005717368,-9.705729824147342
0.00077578125,33.65353679341231,-4.021485428873144e-15,28.45865528064555,31.75487533176699,-3.2962200511214337
0.0007765625,35.44059884705663,1.7321907406096456e-15,28.639964703537856,18.17850203707907,10.461462666458784
0.00077734375,34.94981737481325,6.862648719475644e-15,27.95030763347365,38.785481796625795,-10.835174163152153
0.000778125,31.178862735871736,53.04755243925271,29.080671951903902,-16.801639425416777,-7.165241061932031
0.00077890625,35.87698121519026,53.19001068017111,30.162612303639644,-49.19232270023565,26.16492432370418
0.0007796875,34.25810975674096,53.2136090139409,29.0458293953951,4.0215245610669035,-28.18930417961271
0.00078046875,33.30859012599417,53.2371203920987,30.21152969880159,-41.428837166032174,18.403246472735063
0.00078125,35.525560020737394,53.26055159572405,29.9281297911228,-18.23497913114416,-5.09744267345709
0.00078203125,33.34709806704034,53.28390258992122,29.996271394845227,-17.78125889542977,-5.506372299646223
0.0007828125,34.63670955280693,53.307173339524034,30.55066467224041,-32.79181776395143,10.035309096667802
0.00078359375,34.398765889337504,53.330363809487196,30.27122248251672,-13.922190903628668,-9.13695042334181
0.000784375,33.8519146535319,53.353473964886234,30.72247303596285,-27.530084920879162,4.899083991955779
0.00078515625,34.66737967511141,53.376503770917715,30.79216593403157,-22.193517801435235,-0.390820035450912
0.0007859375,33.97603191984896,53.39945319289911,30.870528383354838,-19.7772622407836,-2.751662568760672
0.00078671875,34.29677256341676,53.422322196269064,31.180843241455104,-25.825664954131625,3.5841859993176644
0.0007875,34.314299979457665,53.44511074658723,31.194279178543628,-19.42248603467374,-2.828345533369867
0.00078828125,34.06162312290314,53.46781880953448,31.429279716345974,-23.17739161419415,1.1388525210056444
0.0007890625,34.33636709260724,53.490446350912876,31.575686537053635,-22.193802523733147,0.2790427098739045
0.00078984375,34.11124700024052,53.51299333664578,31.689722586070868,-20.63959769489968,-1.183673055675228
0.000790625,34.009516227674794,53.53545973277778,31.89903796053442,-22.816757263414903,1.1803354911715436
0.00079140625,36.84037914052976,11.018001529521063,30.754249444261646,28.55121148044509,-8.814963565704508
0.0007921875,33.006219580085194,11.077801569709699,30.467550692507682,29.00023879283182,-9.610489670033836
0.00079296875,35.27512326152662,11.145868664482453,31.038816629312937,2.1594624824545976,17.733485482375887
0.00079375,34.85921030940241,11.213919449189486,30.145727696651537,34.88188116223606,-15.950072914774012
0.00079453125,34.62748236374047,0.025120095773010578,30.33801032018895,18.613763734089645,11.699126490326293
0.0007953125,35.273429725954195,1.4416646216336497e-06,29.75577562725947,36.231488015950255,-6.4757138303554065
0.00079609375,34.24384849748559,8.27384138998051e-11,29.679239439170363,28.938858436848957,0.7403810022386659
0.000796875,35.13203312428472,4.74843110660383e-15,29.571935990205777,26.219921141657718,3.3520148485480563
0.00079765625,34.70172725684684,2.72516681326133e-19,29.181058243340306,33.71100860601356,-4.529950362673251
0.0007984375,34.69551205544933,1.563997453763736e-23,29.165865548274322,25.51091555715311,3.6549499911212138
0.00079921875,35.00292450449203,8.9759203857767e-28,28.863741090215946,30.40424318394256,-1.5405020937266145
0.0008,34.64725626016538,5.1513604819444e-32,28.68175658562383,28.960983141216687,-0.27922655559285836
0.00080078125,34.92029788205473,2.956411562761672e-36,28.534728619555576,27.069570940947344,1.4651576786082328
0.0008015625,34.83117417640571,1.6967108706653408e-40,28.26892979823741,29.792758190455437,-1.5238283922180287
0.00080234375,34.79267912670218,9.737574480140176e-45,28.131152976396223,27.03391702300886,1.0972359533873608
0.000803125,34.92209231965993,5.5884805358201524e-49,27.9111781847337,28.181037390086455,-0.26985920535275504
0.00080390625,34.80823864345524,3.2072786465394116e-53,27.71412395145151,27.95177650753739,-0.23765255608588032
0.0008046875,34.88833765442199,1.840685719600173e-57,27.54304931841749,26.947925755896804,0.5951235625206873
0.00080546875,34.85582609155915,1.0563858933790249e-61,27.326918282498816,27.797071198469098,-0.47015291597028086
0.00080625,34.11787393530141,12.292288596635768,27.442239719631125,15.278312991774243,-0.12836186877888453
0.00080703125,35.182432658801844,12.368114942277607,27.485539766286124,10.295190648487784,4.822234175520734
0.0008078125,34.72168169508108,12.435846552557654,27.122174142286724,20.569280336102988,-5.882952746373919
0.00080859375,34.64102957886715,12.503558971182448,27.241575494746236,10.404503597475266,4.33351292608852
0.000809375,35.225831881118395,12.571252559646796,27.020722228125233,16.03100780644654,-1.5815381379681015
0.00081015625,32.04168594063487,54.06276337906303,28.14089262762785,-32.96962954584105,7.047758794405874
0.0008109375,35.98715784959817,54.0911902700886,28.557100845994867,-37.04744189629165,11.513352472197914
0.00081171875,33.77183807196869,54.111468819527275,27.960225777641337,-7.126613126574646,-19.02462991531129
0.0008125,34.019200110456175,54.131665415106326,28.92857507452611,-41.50734124675288,16.304250906172662
0.00081328125,35.11112340541052,54.15178048934897,28.587257026838124,-17.221675111698254,-8.342848350812597
0.0008140625,33.56748395737393,54.17181401198886,28.882293944585157,-25.17461490519591,-0.11490516220779022
0.00081484375,34.77740911118773,54.19176595285582,29.218686609909216,-30.332659517322227,5.359580174375626
0.000815625,34.22836361587481,54.21163628190262,29.095831956316715,-18.368408534371934,-6.74739579121397
0.00081640625,34.11701338456498,54.231424969204895,29.52014709192192,-29.603107198659984,4.891829321377009
0.0008171875,34.58241628876574,54.25113198496125,29.553178944331012,-22.77855017351962,-1.919402867110616
0.00081796875,34.04570950149571,54.27075729949326,29.724725217665288,-23.700954373746058,-0.8450777080819182
0.00081875,34.39190525148854,54.29030088324558,29.972363627929646,-26.485930399522523,2.167993144206592
0.00081953125,34.272649408973365,54.309762706785904,30.035247916141223,-21.98801891869475,-2.2864958719499295
0.0008203125,34.16626714825744,54.32914274080508,30.27940129144007,-25.406655001039866,1.3569135516748545
0.00082109375,34.32937419079905,54.34844095611714,30.41384813864793,-23.58356122951103,-0.3510315879581807
0.000821875,34.07189737675355,54.36765732365932,30.56816154212643,-23.247722552581106,-0.5517732289517879
0.00082265625,37.61108544596373,0.1215275813669393,29.806925207845964,14.407203547049495,15.278194079429529
0.0008234375,33.69198746809362,6.9745759117156815e-06,28.469401859215946,57.716924797028845,-29.24752991238881
0.00082421875,34.44372034618703,4.0027903701567607e-10,29.559046019286612,2.684971842550574,26.874074176335757
0.000825,35.97736578020733,1.7044059811998325e-14,28.491929251826953,43.25976184543165,-14.767832593604712
0.00082578125,33.57888132603678,2.5249294602654745e-15,28.571048646828924,27.160043768816365,1.4110048780125566
0.0008265625,35.59460115254798,-2.65494664926337e-15,28.597404174984387,20.789205735398873,7.808198439585519
0.00082734375,34.5549044639823,-1.5998922968234276e-15,27.957971623837146,38.5025550980912,-10.544583474254054
0.000828125,31.826965301176486,54.105494420788226,28.850972772194527,-7.338519377916832,-17.916002270676866
0.00082890625,35.25192291425872,54.536893048370516,30.227412695296994,-54.16657621998742,29.857095866913898
0.0008296875,34.835366595286665,54.555313064756675,29.13700867008273,0.3494594713540437,-25.76776386602799
0.00083046875,33.08900825187385,54.573627225331386,30.107443265935558,-37.48163223168614,13.015448272290312
0.00083125,35.496281752878176,54.59185919764978,30.076664058983145,-24.606398572147047,0.09120343348040905
0.00083203125,33.56905491491257,54.61000895561473,29.978954513005014,-16.081073809712183,-8.549980632897531
0.0008328125,34.40936282988309,54.62807647189312,30.604191022421013,-34.54539874309773,10.521513293625624
0.00083359375,34.562809933491415,54.64606171927559,30.36706419083437,-16.478666013524254,-7.800331514916971
0.000834375,33.80625066214075,54.66396467067669,30.744755006331147,-26.833793659592473,2.9145839952469306
0.00083515625,34.627382503761645,54.681785299134866,30.903852218784042,-25.011550452173815,1.2336173718229912
0.0008359375,34.05763938993357,54.69952357781263,30.94175616827767,-20.241408657638406,-3.5163587518965516
0.00083671875,34.21766982189995,54.7171794799964,31.269595760308327,-26.946478272919123,3.4988945532310454
0.0008375,34.3531907255997,54.73475297909674,31.310908636915396,-21.188375758322735,-2.2354685838586077
0.00083828125,34.04899943039356,54.75224404864825,31.523562151115332,-23.677603371469374,0.44892147393645543
0.0008390625,34.29849089608553,54.76965266230974,31.703595214835104,-23.82481177754869,0.7587543300740558
0.00083984375,33.984380769912704,54.786978793864094,31.81285933039709,-21.6148233424878,-1.3592961209792058
0.000840625,36.593124190909144,15.270088913936558,30.86419020752492,21.917425800137234,-6.3233245065488735
0.00084140625,33.194714779216206,15.329222942242517,30.564095955805897,24.947224990668218,-9.712351977104838
0.0008421875,35.110010864322795,15.396033537302834,31.11941698561467,-0.5272564950661774,16.250639943378015
0.00084296875,34.87164109475872,15.46282138810474,30.336350798350992,28.919798104151074,-14.046268693904821
0.00084375,33.93861303329567,15.529585952202474,30.681238488544235,7.918009176718957,7.233643359622803
0.00084453125,35.195665999347014,15.5963271290244,30.472873509419706,14.884158558965158,-0.007612178569854678
0.0008453125,35.17807126737863,0.00303558304263389,29.77582079533269,37.23142157820639,-7.458636365916331
0.00084609375,34.28702184439321,1.742148086592196e-07,29.7583068184495,27.59537786006789,2.1629287841668012
0.000846875,35.17182296969959,9.998342700529112e-12,29.59327992456086,27.39096262344559,2.2023173011052735
0.00084765625,34.65121615876131,5.738137735051459e-16,29.236466408207047,33.23653295340913,-4.000066545202086
0.0008484375,34.75860162823539,3.293168243240855e-20,29.215211355226728,25.485709181319923,3.7295021739068037
0.00084921875,34.981379178376116,1.889978522481877e-24,28.898482160739462,30.869202982251274,-1.9707208215118124
0.00085,34.659172267357995,1.0846754710374296e-28,28.73821833778062,28.52524237260792,0.21297596517269782
0.00085078125,34.94528413108849,6.225048927673998e-33,28.57293186843394,27.446186995309677,1.1267448731242635
0.0008515625,34.81980217539331,3.572610904058877e-37,28.31561995387253,29.729028983844422,-1.4134090299718904
0.00085234375,34.82068939190723,2.0503531490425586e-41,28.1784378229406,27.000710512992214,1.177727309948388
0.000853125,34.92799657609695,1.1767158945332089e-45,27.951809150579393,28.390571147308858,-0.4387619967294658
0.00085390625,34.82424412340725,6.753277098111985e-50,27.762204077914888,27.837301050215753,-0.07509697230086428
0.0008546875,34.928561262732764,3.875765745645474e-54,27.58559333671265,27.081403585581143,0.5041897511315072
0.00085546875,34.16823292522662,16.104415358091433,27.497222720189395,22.600213335243794,-11.207405973145832
0.00085625,34.61196783778974,16.59454572499369,27.93797931779352,0.31620088925989764,11.02723270353993
0.00085703125,35.18396744009375,16.66092337982521,27.49070433527386,17.184029461910022,-6.354248506461372
0.0008578125,34.23512250536175,16.727251625496724,27.53918178464371,9.877002054824827,0.9349281043221581
0.00085859375,35.07797693151746,16.79355467883395,27.537373107643393,7.8078458101075725,2.9359726187018724
0.000859375,34.66140063307701,16.859832441381243,27.284113308993554,14.651493168521306,-4.227212300908997
0.00086015625,34.82009591136192,16.92608481332558,27.38048038503017,6.9904513446802445,3.4639442270243466
0.0008609375,32.5772075218732,55.21606788420779,28.33015803143289,-32.48346461325581,5.597554760480914
0.00086171875,35.59186851720322,55.238519788337825,28.685870233713096,-35.151888758550264,8.599239203925537
0.0008625,33.88499252551407,55.25344352122286,28.282346783323977,-12.515106411562117,-14.455990326336769
0.00086328125,34.09052016115458,55.26828361614632,29.067708921894823,-38.652988397526286,12.45241370327479
0.0008640625,34.90932220846306,55.28304047800894,28.851416742296795,-19.98125568945849,-6.450368046253658
0.00086484375,33.73392191365575,55.29771408461169,29.126742636494075,-26.150594805664312,-0.020376642453302465
0.000865625,34.65804583504387,55.31230441385637,29.427182234941355,-29.913973192062862,4.02885101314785
0.00086640625,34.23088385087967,55.32681144377021,29.38099950011996,-20.79987920758373,-5.1459327360665235
0.0008671875,34.14980921263318,55.34123515250588,29.75129025619799,-29.328151416051767,3.738206519743875
0.00086796875,34.49911481062443,55.35557551834155,29.821457744201304,-24.031130078339388,-1.5029876958008606
0.00086875,34.087475112301085,55.369832519680905,29.999483644425368,-24.74037515687571,-0.6299737183798279
0.00086953125,34.349671385999976,55.38400613505311,30.23339129604427,-26.781334481535676,1.630719642526836
0.0008703125,34.25053739371411,55.398096343113,30.32717495555438,-23.31650865781385,-1.754412729744768
0.00087109375,34.15566500470052,55.41210312264096,30.559079556239052,-25.884934398077135,1.0319108316752315
0.000871875,34.07322177895797,55.42602645254303,30.70598386998138,-24.41317497565729,-0.30686760690435505
0.00087265625,37.57836383396024,0.010782387040683275,29.23613584531959,39.995697674947586,-10.77034421666868
0.0008734375,32.79348251065887,6.188107903448649e-07,28.831822503729835,41.00364966312912,-12.171827778210073
0.00087421875,35.619395194652945,3.551975118174075e-11,29.51320904345114,7.271568169120492,22.24164087429513
0.000875,35.142374174671794,2.7984023072302165e-15,28.35932962867365,48.25129158665616,-19.891961957982513
0.00087578125,33.952536908582104,1.5349863681157264e-15,28.80733904490549,18.021458105539946,10.785880939365544
0.0008765625,35.77923804258017,-3.7886396620948433e-16,28.42724217698196,29.058313906188886,-0.6310717292069278
0.00087734375,34.31715313191936,4.1649258784264635e-15,28.05968077084884,34.03203834572713,-5.972357574878295
0.000878125,33.58010052244351,39.15098579169677,28.324069498185914,15.204692197960396,-26.031608491471253
0.00087890625,32.65264796334919,55.54663751115686,29.892171340315027,-48.8700676666644,23.215601495822565
0.0008796875,36.077598650433906,55.56066541740399,29.592176124514502,-22.22761489831442,-3.7408743945750644
0.00088046875,33.0621550193704,55.573669499144344,29.507494558788224,-15.775010272222909,-10.29116466813321
0.00088125,34.6428785647874,55.586589833986636,30.30988724203813,-40.4174076214713,15.140705029522792
0.00088203125,34.58075539193914,55.59942645642613,29.86422428853963,-13.26414475785592,-12.471057410030578
0.0008828125,33.62886127568643,55.612179347134166,30.4107684221737,-30.99507700884181,5.793666083881344
0.00088359375,34.837972258033076,55.624848486905144,30.513503739765845,-25.72472258336893,0.6133778362296298
0.000884375,33.91240079141309,55.637433856659555,30.535354779838045,-20.51336062743887,-4.588718449382639
0.00088515625,34.27305146362391,55.64993543744408,30.94078903638635,-29.93929446898737,5.230148067929642
0.0008859375,34.38924195330585,55.66235321043155,30.916824547142696,-21.02492674567518,-3.7206019176136724
0.00088671875,33.9866828465129,55.674687156921,31.182973048730172,-25.68501156417848,1.1932974559876521
0.0008875,34.38541590822711,55.686937258337764,31.359353971512167,-25.100727146577473,0.7731438597518768
0.00088828125,34.10275204535599,55.6991034962334,31.46077816264519,-22.393880944879193,-1.8444443887090145
0.0008890625,34.01956932025197,55.711185852285766,31.711310524058277,-25.68485818700088,1.6849828587733908
0.00088984375,36.48394681944826,19.430948720315797,30.75143675959444,19.18490615352887,-7.864418114250228
0.000890625,33.14431035915845,19.489063454304908,30.549191808261483,19.29423938934434,-8.234111035387768
0.00089140625,35.131734353514595,19.554218405364274,31.082508683033833,-3.8401157564307633,15.368406034100321
0.0008921875,34.76653374322429,19.619344313852874,30.345513505010537,24.633831696694447,-13.907662505536784
0.00089296875,33.94928374828828,19.684440675986792,30.727773362635435,3.437450966525026,7.605881720123617
0.00089375,35.203257337099224,19.749507393708775,30.524015320237474,11.349280500901976,-0.5747725743732758
0.00089453125,34.14901534981768,19.81454436902954,30.338499718023517,14.62919421565407,-4.105238866660094
0.0008953125,35.18004971674254,5.862521248497242,30.464530260100297,6.8746847949553285,17.727324216647727
0.00089609375,35.57984751725731,0.0003364553047052767,29.437680227276836,44.16604856749521,-14.728704795523079
0.000896875,33.79749255629801,1.9309468958144593e-08,29.59290854034059,25.510021911565737,4.082886609465386
0.00089765625,35.54691002779607,1.1081875845951022e-12,29.468232569812805,25.017112045150782,4.451120524660914
0.0008984375,34.51687855387424,6.359987036995813e-17,28.952335447192077,36.99346885049207,-8.041133403299995
0.00089921875,34.70913751817749,3.6500530842469026e-21,29.106121287929835,21.762549700895004,7.34357158703483
0.0009,35.15240211349302,2.0947979045116875e-25,28.674229469198444,32.580893359983975,-3.906663890785529
0.00090078125,34.5012178323291,1.2022231346950257e-29,28.548082010471212,28.226454097138443,0.32162791333276886
0.0009015625,35.05909510264986,6.899665416329757e-34,28.415897536116514,26.187745861239694,2.2281516748768198
0.00090234375,34.80634902736464,3.959779302481414e-38,28.09754824763932,30.95841040075244,-2.860862153113122
0.000903125,34.79679504999979,2.27255253381562e-42,28.01775668310396,25.734798733613033,2.2829579494909287
0.00090390625,35.01097109541879,1.3042380962281006e-46,27.760699392914553,28.655422227071558,-0.8947228341570054
0.0009046875,34.24690277859774,14.56529348021307,27.618139283437543,25.927882807210644,-12.875037003986172
0.00090546875,34.04409843412509,20.72153468072399,28.230265775931034,-4.331351049609514,11.840082144816558
0.00090625,35.46766084343872,20.786463396229436,27.891636497598604,10.393917133326703,-3.2887440319575365
0.00090703125,34.08417229712387,20.85101122365049,27.783919005670125,10.368784625364782,-3.4358768433451496
0.0009078125,34.92084965459387,20.915527629762558,27.98395646199356,0.6451192085918536,6.423309623639149
0.00090859375,34.77262702400036,20.980012537466827,27.65384030923186,12.485236407569717,-5.8114086358046855
0.000909375,34.43777128753607,21.044465849651374,27.792216143231283,3.564988449366526,3.182761844213383
0.00091015625,34.97589727186354,21.108887469250668,27.686163491050856,6.816386004258908,-0.23910998245871867
0.0009109375,34.67548962961389,21.17327729924692,27.588792899725675,8.115331753948762,-1.6998161534700076
0.00091171875,32.60205200304847,56.01823124897165,28.66479906028539,-36.19695255185246,8.843520363166201
0.0009125,35.66901755843293,56.034565385535174,28.901510902514566,-33.362402116076616,6.22934763305601
0.00091328125,33.730448815940676,56.04403939585852,28.566625336667077,-13.90782302970296,-13.569591029488482
0.0009140625,34.191177967556364,56.05342861600569,29.35519460924736,-39.55699722421888,12.858763217460552
0.00091484375,34.83963683724353,56.06273342068002,29.103665496246066,-19.432949997160307,-7.526117927273645
0.000915625,33.715489926338705,56.07195379589102,29.433410362915,-27.702905427924005,1.0643619949479877
0.00091640625,34.68672482046525,56.081089727752925,29.700482822762478,-29.740568821981874,3.359961916991428
0.0009171875,34.171167667705554,56.0901412025072,29.67311571001028,-21.41363357798213,-5.00339191451479
0.00091796875,34.17530624157459,56.09910820652251,30.05285965909583,-30.034137537938854,3.987888990512177
0.00091875,34.48185933121589,56.10799072629468,30.110570162233785,-24.091671889561216,-1.90574867449968
0.00091953125,34.08103063973859,56.11678874844681,30.3092866307954,-25.522855978287552,-0.2846461393638593
0.0009203125,34.37921457132891,56.12550225972923,30.53622178994475,-27.0484825744285,1.4592021046440224
0.00092109375,34.28719758395702,56.13413124701958,30.636256322893363,-23.74369236830218,-1.7541825558240387
0.000921875,35.542167174728256,4.886381614666293,30.634038198964703,-16.291163195712898,42.03881978001131
0.00092265625,35.913718551654334,0.00028043378359897224,28.62097558106598,63.7258238177036,-35.105128670421216
0.0009234375,32.8085048732871,1.6094352477319435e-08,29.419070896090982,14.893537231173767,14.525533648822867
0.00092421875,36.4698701648416,9.395416386638207e-13,29.135396322553632,24.7197547752957,4.415641547256992
0.000925,33.92258816954099,7.992308969659327e-16,28.418810816815647,43.101217637925885,-14.682406821110238
0.00092578125,34.7967249398421,1.0769317644067721e-14,28.93661377693754,13.272502112811488,15.664111664126043
0.0009265625,35.353329478457226,2.083243920469553e-15,28.189018090992402,38.26036606127229,-10.071347970279895
0.00092734375,34.10206433202497,-9.815833559410754e-16,28.2357672003495,25.535198138302007,2.700569062047491
0.000928125,35.19325961565598,1.225627929166146e-14,28.0997325896308,24.923770218885853,3.175962370744937
0.00092890625,31.203592717995434,56.178706097743856,29.01146575343419,-19.588739159795992,-7.578501184513674
0.0009296875,35.9614922773847,56.223465771086865,30.147066105824834,-53.174522598967705,27.098122933705675
0.00093046875,34.275646190802085,56.231081620258706,29.00617133526551,1.9134451581746845,-29.13835544316788
0.00093125,33.27607211329371,56.23861065958015,30.224203149378955,-45.00158119931153,18.98717368911034
0.00093203125,35.564882054651484,56.24605500444821,29.947149470238305,-21.070900968746674,-5.22800456546323
0.0009328125,33.309498974908074,56.253414643773915,30.029874653113705,-20.499034287506312,-5.724505703153899
0.00093359375,34.63625580326424,56.26068956647381,30.617558400648832,-36.02638117548703,10.383250009662055
0.000934375,34.390891022123334,56.26787976159194,30.342329547730053,-16.484444271795336,-9.441105942066555
0.00093515625,33.82074908410496,56.27498521830005,30.821761376278783,-30.501391392574142,5.048167550552872
0.0009359375,34.66133242638781,56.28200592589744,30.907819063403288,-24.98252823777304,-0.39165862472111135
0.00093671875,33.942753759817194,56.28894187381103,31.001541262397186,-22.432193061758195,-2.8552075496556464
0.0009375,34.26203608742486,56.29579305159541,31.33555528250238,-28.664282699229837,3.704044930136805
0.00093828125,34.15414473641498,56.30255944893284,31.36215064856561,-22.006462041379887,-2.933946758987341
0.0009390625,36.05326072066319,23.4757228640187,30.649451594252994,12.166635520612466,-4.992906790378173
0.00093984375,33.462051464930816,23.53247111079248,30.460212269644614,14.19758727777302,-7.269846118920881
0.000940625,34.93004310740672,23.59558116482065,30.911678180104047,-4.992002068776687,12.308099084060082
0.00094140625,34.73428066351061,23.658656051473695,30.34837993230552,17.405397827153127,-10.715673946321301
0.0009421875,34.035219951366166,23.72169530863936,30.64523819591761,1.3700019272998718,5.553540959978378
0.00094296875,35.032207213337635,23.784698841360612,30.51643247552977,6.799096025225822,-0.067362391056664
0.00094375,34.22985400203797,23.84766655475523,30.37083190897101,9.967218048186082,-3.4440526939703013
0.00094453125,34.58848708053806,23.91059835399499,30.51950352438123,2.236918242240173,4.371986928146066
0.0009453125,34.613430978237,23.973494144305747,30.311956427927136,9.584496705349698,-3.2460344217283095
0.00094609375,35.834857606274355,0.05363336873136524,29.938957268474468,22.19177459160862,7.693549308134483
0.000946875,34.46101724077124,3.078066697584685e-06,29.246202888418665,41.33368624548099,-12.087486435129021
0.00094765625,34.583372089353354,1.7665298337374667e-10,29.553534004844135,19.2486422645039,10.304891740163583
0.0009484375,35.31293112584241,1.013827171429792e-14,29.04054775128548,34.05954072832546,-5.018992977039989
0.00094921875,34.34283096295112,5.818444239657751e-19,28.9153284243328,29.09389430096065,-0.1785658766278509
0.00095,35.11347892616278,3.339256859950009e-23,28.831351129677103,25.263821278374614,3.567529851302487
0.00095078125,34.79621390660099,1.9164291892189876e-27,28.449426987121825,32.66290929879791,-4.21348231167609
0.0009515625,34.72773412106043,1.0998557437553725e-31,28.415408646865203,25.29547191922529,3.1199367276399155
0.00095234375,35.046252589741115,6.312169861933024e-36,28.138675141221785,29.213605474572546,-1.0749303333507594
0.000953125,34.72734905239973,3.622610382508261e-40,27.944834221894332,28.46443557772439,-0.5196013558300582
0.00095390625,34.992284575747355,2.0790482940897594e-44,27.804575311856823,26.333601047155533,1.4709742647012884
0.0009546875,33.36993903371133,24.670226558863465,27.982306444315668,11.282245856545334,-7.970165971093133
0.00095546875,35.084899917904686,24.78781641640363,28.507450479997644,-10.130088691958319,13.849722755552335
0.00095625,34.84615147674156,24.85020132734996,27.889458491724916,15.225182723934774,-12.185925559559816
0.00095703125,34.07472988337386,24.91254564822364,28.24991661228755,-3.050456578462148,6.387827542526058
0.0009578125,35.20258919570491,24.974852451072106,28.11981895202485,3.3327030102658473,-0.1877365093131034
0.00095859375,34.29341525886076,25.037121642244102,27.97943709325215,6.785891335210778,-3.843575884202727
0.000959375,34.716899937145094,25.099353127963383,28.167654844339573,-1.864957974957102,4.9332596913332925
0.00096015625,34.77905639341359,25.16154681451045,27.953540063720215,6.495850842670748,-3.703857593460984
0.0009609375,34.44988698233035,25.223702608222737,28.034379186757562,1.3262239570624645,1.4844526214723588
0.00096171875,34.96107698539039,25.28582041549474,28.00591803997676,2.1887072289074156,0.5313903955746028
0.0009625,32.64690400945982,56.464152194515506,28.84508950948238,-31.8691455290019,4.250082843968776
0.00096328125,35.46474495837462,56.47426468818132,29.235582423642427,-36.070250642520584,8.831568377981688
0.0009640625,33.930109163587375,56.478228726908284,28.85263809282005,-13.740533252876768,-13.885057381211467
0.00096484375,34.04389563706615,56.48210736245922,29.608864282080745,-38.46360614877695,11.590363068398474
0.000965625,34.86839134120907,56.485900936957265,29.43416499205005,-21.314854729064685,-5.73688121584253
0.00096640625,33.747258288526,56.4896094447093,29.693915600184727,-26.435293281072887,-0.3604005634516875
0.0009671875,34.60409877706853,56.4932328801304,30.00452668317761,-30.487650206728933,3.998944009776141
0.00096796875,34.23254740951937,56.496771237763745,29.97238186389632,-21.634933467816985,-4.889455906050439
0.00096875,34.134262280519685,56.50022451228061,30.334922057276128,-29.60414762368568,3.4388451686811963
0.00096953125,34.48485376742208,56.50359269848046,30.421638127579566,-24.792490623223944,-1.289463947676949
0.0009703125,34.113957056600775,56.50687579129084,30.599313506956708,-25.20721956268009,-0.7003427216540374
0.00097109375,34.47886432871638,56.510073785767474,30.83825968029055,-27.271003548897156,1.5991894434202345
0.000971875,37.709689015756574,0.03726182562278937,29.60806514868673,29.22277100599651,0.3480323170674335
0.00097265625,32.972707014612716,2.1384893021389933e-06,28.75118635880217,49.956398547538384,-21.20521432722552
0.0009734375,35.1142874897649,1.2274503897804366e-10,29.70073369941222,3.2956352347695432,26.405098464519927
0.00097421875,35.53692132914943,1.4753005074837822e-14,28.49915286460029,47.8252589715388,-19.326106106938525
0.000975,33.6849365919205,1.2592271872664693e-14,28.833505442144396,21.42166586258218,7.411839579562202
0.00097578125,35.77125113575707,8.716463659040328e-15,28.624194997794678,25.401540812591893,3.222654185202778
0.0009765625,34.387909989651526,9.151256359298028e-15,28.113851697534894,36.75252930940778,-8.638677611872891
0.00097734375,34.83204359956306,1.2540478614670426e-14,28.329141370113874,19.455948624588583,8.873192745525278
0.000978125,35.24984140886915,7.106713715181435e-15,27.83122214962003,33.26747111844608,-5.43624896882606
0.00097890625,32.00027257303442,55.0856116018426,28.194051930759628,8.627269503554066,-35.51882917463704
0.0009796875,34.23901340430154,56.5395506313803,30.142586330841603,-64.93832622500582,38.541361924467125
0.00098046875,35.655579254480955,56.54181041991069,28.95973687707513,-2.7482039664229037,-24.833869576412656
0.00098125,32.557946226899155,56.543901749221305,29.720811607800982,-33.102125906138376,6.279035764718053
0.00098203125,35.52208427118608,56.545907919656614,30.04914561337693,-34.40173868273805,7.904976376458364
0.0009828125,33.78217752173796,56.54782893297623,29.674171157289884,-12.84921988519783,-14.024437890488517
0.00098359375,34.0435488928401,56.549664786287416,30.454089551224584,-38.45487648695129,12.359301251888459
0.000984375,34.808106854758755,56.5514154768254,30.23819767911609,-19.705597984714124,-6.607619812995181
0.00098515625,33.661208884743345,56.553081001953686,30.52745759837213,-26.263568891225376,0.23794548764381906
0.0009859375,34.57928045090939,56.554661359164015,30.8202935959227,-29.542610994604384,3.808243231363068
0.00098671875,34.1283594218915,56.5561565460764,30.78392158437942,-20.738002030960892,-5.0342329307360885
0.0009875,33.955921673877036,56.55756656043912,31.154940217989633,-29.132766826310803,3.7301404838613146
0.00098828125,36.20939453779207,27.38024678707095,30.364690163911614,10.041695616123995,-7.057252239283329
0.0009890625,33.247539011986156,27.435289517489473,30.23502117897574,10.05780498854868,-7.258073327062414
0.00098984375,35.014241803212904,27.495977638215678,30.75318148572989,-10.337495876132557,13.594699723646768
0.000990625,34.68413759479559,27.55662467686164,30.146457476980327,14.940736597835528,-12.350903797716843
0.00099140625,33.96345801924532,27.617230215747604,30.532859819334625,-3.8415196491411283,6.757149252728151
0.0009921875,35.075695540189294,27.67779416358394,30.397556115377302,3.2643648507322256,-0.5446028989388635
0.00099296875,34.14776128014806,27.73831642916247,30.280315064456257,6.176313235345626,-3.634314600051839
0.00099375,34.60091156916435,27.798796921337768,30.47496799244739,-2.2226715874236613,4.898842658533283
0.00099453125,34.63531132198048,27.859235549027265,30.268911073395014,6.205397136340778,-3.795721611973029
0.0009953125,34.320645031296586,27.9196322212115,30.36536548388593,0.8254849087047476,1.620248353969684
0.00099609375,34.996185034688295,27.979986846934185,30.341365559719666,1.926749210436492,0.43462950234898784
0.000996875,35.87504968015418,0.0016057963120641996,29.297877285280624,41.454838695850896,-12.158567206882335
0.00099765625,33.673648548330675,9.215807748392572e-08,29.291160375833773,29.20154380996471,0.08961647371098423
0.0009984375,35.46242169608044,5.289033971323323e-12,29.33308603648936,21.537421797624344,7.795664238859726
0.00099921875,34.676609098884406,3.0354236018748745e-16,28.716203021048237,38.38931320250969,-9.673110181461452
0.001,34.550078488391236,1.742056582123584e-20,28.893490337732295,21.6509936396823,7.242496698049994
0.00100078125,35.24355299805392,9.997817548251386e-25,28.50055681442491,31.239624874012385,-2.739068059587474
0.0010015625,34.49010717518494,5.737836345492036e-29,28.31442532333345,29.390333933615423,-1.0759086102819744
0.00100234375,35.02430814886926,3.292995273094135e-33,28.23610047397562,25.008678328787642,3.2274221451879748
0.001003125,34.8859193095475,1.88987925337742e-37,27.892546982335674,31.109575190262962,-3.2170282079272896
0.00100390625,34.01329796821582,20.151308234990058,27.873580766248732,23.15364122378609,-15.431368692527414
0.0010046875,33.77176832292845,28.640602914564397,28.70226846923224,-14.566126297207171,14.627791851875015
0.00100546875,35.56580306826443,28.700929682591223,28.352635894364266,3.5762032163177637,-3.924497004544721
0.00100625,33.83567679044798,28.760729484052398,28.274817459186032,3.97292282444934,-4.458834849315704
0.00100703125,34.86342637374395,28.82048594461228,28.593149420254477,-8.301503027375999,8.074166503018196
0.0010078125,34.68854000754509,28.880199002039607,28.243958190393492,6.62015644051498,-7.2563972521610935
0.00100859375,34.25085213604937,28.939868566409146,28.477813784311806,-4.360971645371916,3.898916863274576
0.001009375,34.909070513356134,28.999494547859626,28.411122580704138,-0.3418948976426805,-0.24647706951280954
0.00101015625,34.3631346682044,29.059076856595404,28.349002546863666,1.4870825410390482,-2.197156850770784
0.0010109375,34.61929919477756,29.11861540288659,28.474964880534827,-3.536444262450917,2.8927937400991555
0.00101171875,34.63532942533276,29.178110097069222,28.364366830974873,1.4117503479933988,-2.2254936140877475
0.0010125,34.38039558391775,29.237560849545346,28.43071932577315,-1.720932091051799,0.9140905672796024
0.00101328125,33.013954063236014,56.538303862401364,29.07190831461163,-26.78297947731859,-0.6834160704711416
0.0010140625,35.10357013591649,56.554820743555965,29.567364915714364,-36.7492470757363,9.761791247894699
0.00101484375,34.185916276062834,56.55325033008292,29.23135755124094,-15.440967117834848,-11.880925661007128
0.001015625,33.95570617351063,56.551593715279026,29.860163655507662,-35.185043499281775,8.493613439510414
0.00101640625,34.80247765499142,56.54985193473771,29.812933505243258,-23.594448741953357,-3.1424696875410945
0.0010171875,33.867505284666585,56.54802499114136,29.99268757646251,-24.934519659571556,-1.6208177551072915
0.00101796875,34.475268731448004,56.54611288724131,30.319491388102247,-30.145803141921615,3.919181642782554
0.00101875,34.29775629841141,56.54411562591716,30.315709057985433,-22.248189578313017,-3.980216989618706
0.00101953125,34.124420319270584,56.54203321017675,30.62966276623599,-28.269186234305433,2.3568157903646774
0.0010203125,34.480596846914956,56.53986564315616,30.75606581851126,-25.27230716369825,-0.5114926609466492
0.00102109375,35.487978390082915,4.920991253381661,30.668993772437712,-14.45206059656901,40.20006311562506
0.001021875,35.898014491391244,0.00028242006152434884,28.733329187612277,62.21884735477525,-33.485800587224496
0.00102265625,32.893343309148,1.6208346922770117e-08,29.478994542082205,15.81852373598967,13.660470789884187
0.0010234375,36.409464044488956,9.442548994149666e-13,29.20966632565176,24.74511698292097,4.464549342729848
0.00102421875,33.98688096875262,7.740274825139097e-15,28.507045563743752,42.69420253167115,-14.187156967927406
0.001025,34.808657806853795,1.2258728717170823e-14,28.99660137056129,13.979293525083248,15.01730784547803
0.00102578125,35.368232496875535,8.625765535873635e-15,28.273809829732315,37.84829635148641,-9.574486521754103
0.0010265625,34.18113737174162,1.4209559746811865e-14,28.306060399799236,25.806307072723726,2.4997533270754944
0.00102734375,35.350197066245265,9.059538586090062e-15,28.171027216748957,25.04277461926191,3.1282525974870383
0.001028125,34.70631772970799,1.877253934356932e-14,27.76397390397962,33.14240000031037,-5.3784260963307675
0.00102890625,35.0399021342789,1.7267552738784902e-14,27.806279430430457,22.929287900846123,4.876991529584315
0.0010296875,31.635219972133367,56.49622143829865,29.12732460434944,-35.42531439695375,8.056417563004542
0.00103046875,36.150761408170915,56.503939534782525,29.591743068614676,-40.07418945146566,13.161992985297807
0.00103125,33.62366369624652,56.5005808817875,28.898118073950183,-5.869432098898958,-21.733030708938358
0.00103203125,33.90935399981695,56.497136509117865,29.992636860069066,-45.13867344590799,18.63417379685919
0.0010328125,35.160269243883164,56.49360705274546,29.590444960940047,-17.37690569402818,-9.526256397777232
0.00103359375,33.39983417477201,56.48999251802181,29.914973289862466,-26.44843907694141,-0.1265801512179337
0.001034375,34.78621130185879,56.48629291039031,30.28652668199884,-32.329871628791146,6.130105400399675
0.00103515625,34.164334130278995,56.4825082354225,30.133018472115115,-18.645820369153213,-7.703669394154173
0.0010359375,34.04706737214528,56.47863849881808,30.604441957386676,-31.469962923678693,5.595766382247293
0.00103671875,34.63687788487166,56.47468370640475,30.628638980039984,-23.664345636909093,-2.1816990894556705
0.0010375,35.511482887991,31.132999786697955,30.212288591152525,-0.837203613853795,-0.08350758169163548
0.00103828125,33.816822051696754,31.17420287535608,29.99426349557695,6.2783931692480595,-7.458332549027192
0.0010390625,34.59175210829398,31.23210581826826,30.410684273570084,-10.178188504854964,9.356766960156788
0.00103984375,34.724829400330606,31.289962687307344,30.062807619232977,5.717054542567958,-6.944209610642324
0.001040625,34.069529665263296,31.34777243428328,30.265553907975058,-3.7686111531392643,2.6863926268310445
0.00104140625,34.80754867656265,31.40553497208044,30.269154706157913,-2.204904277096555,1.0685240111740277
0.0010421875,34.30638125116345,31.4632502137095,30.170265929515697,1.774362166288384,-3.067346450482188
0.00104296875,34.463585731039856,31.520918072252357,30.327529556389045,-4.332620699892586,3.1392321840292725
0.00104375,34.59066236221519,31.578538460862234,30.23066445081785,0.6290042597437093,-1.9768782697880931
0.00104453125,34.33635923608872,31.636111292763886,30.28841702081937,-1.7993823850382455,0.4516881130937311
0.0010453125,34.58401616460827,31.69363648125365,30.31600963856726,-2.064940175440866,0.6873133327544747
0.00104609375,34.47877945908217,31.751113939699657,30.283156561741524,-0.3103536990661837,-1.1576036788919504
0.001046875,36.06157725857451,0.24075377724563696,29.95815985195155,13.41123949471542,16.306166579990492
0.00104765625,34.54449779349018,1.3817073243511191e-05,28.886147907192992,48.873185609182876,-19.987051519063126
0.0010484375,34.206804817915454,7.929741132234417e-10,29.44917529285501,14.881958544245865,14.56721674781617
0.00104921875,35.65848987570989,4.5509489105285444e-14,28.86276987647472,34.16529853851278,-5.302528662038106
0.00105,34.09917499347358,2.6118300258315025e-18,28.669964417293368,31.224480546332337,-2.55451612903897
0.00105078125,35.15654934647503,1.498952464188996e-22,28.721544418115382,22.005617541981913,6.71592687613347
0.0010515625,34.86770481697413,8.60262140980232e-27,28.217386957675462,34.85186313375694,-6.634476176081481
0.00105234375,34.59460197956893,4.937120881977368e-31,28.253559840509052,24.12230379820769,4.131256042301364
0.001053125,35.20649798692349,2.8334575523087105e-35,27.971314955870977,28.76112331014684,-0.789808354275864
0.00105390625,32.654909551955626,32.25108162945871,28.313603150867813,6.202529329072494,-10.14000780766339
0.0010546875,35.25998605260049,32.38018695372484,29.096015476199586,-22.745522246539526,19.461350769014274
0.00105546875,34.76284707752122,32.43708906189846,28.265921729989344,13.670474807170107,-17.841642139079227
0.00105625,33.745682083286184,32.493938179394036,28.870127287682287,-13.460482164656941,9.83667127294519
0.00105703125,35.34056456249957,32.5507383613683,28.713192147686804,-2.919617509397748,-0.9179287042837498
0.0010578125,33.99687647306845,32.60748952251882,28.59210502857999,1.155026308075523,-5.17041080201435
0.00105859375,34.65516348804464,32.66419157737943,28.91426127993817,-10.775103072292284,7.025172774851026
0.001059375,34.68795047414827,32.72084444055781,28.660490366381786,1.4452991366159127,-5.50565321079194
0.00106015625,34.22144813713045,32.77744802673581,28.84467668068104,-6.297208274903841,2.364436928849071
0.0010609375,34.77797649171095,32.83400225066945,28.85073175238407,-4.51995341267992,0.5366829143945415
0.00106171875,34.3722411696173,32.890507027189074,28.80062481083246,-1.8787021340429009,-2.2111800823137138
0.0010625,34.50947249944275,32.946962271199524,28.935806008643354,-6.404362049722875,2.393205787166703
0.00106328125,34.53353196308066,33.00336789768019,28.876218547140876,-2.5153156736504365,-1.6118336768888804
0.0010640625,32.98545508279936,56.26739158249301,29.4909224599292,-26.427130423443558,-0.34933869912025206
0.00106484375,35.08928296323253,56.27572282307223,29.97114163588266,-35.847684143957665,9.543102956768093
0.001065625,34.14618993012444,56.26862711298237,29.63706180669829,-14.81161008875875,-11.819955217525331
0.00106640625,33.942690144436,56.26144578285448,30.26353452451038,-34.55785692837122,8.559945670027123
0.0010671875,34.77502534454163,56.254179723955446,30.208071487318506,-22.784516260006463,-3.2615919766304766
0.00106796875,33.844435101608035,56.24682894727839,30.389451048277,-24.346068245433365,-1.511309653568024
0.00106875,34.462251166389514,56.23939346389345,30.709094747750807,-29.39202748103004,3.8617287648874
0.00106953125,34.28640300812693,56.2318732849983,30.702626794068355,-21.55518755745142,-3.9740589334785263
0.0010703125,34.233065589168135,56.22426842191821,31.013945085465963,-27.61070404059998,2.400380704147734
0.00107109375,37.84132938766342,0.03707159208717794,29.80879067032714,28.34425311484302,1.4274659633969433
0.001071875,32.898465067791214,2.1275716341475756e-06,28.879630839325323,51.84823755508432,-22.968608843330628
0.00107265625,35.06095180217715,1.2210917940529534e-10,29.902240152359525,1.983732184313702,27.918507967923713
0.0010734375,35.58400067069797,1.5271203412403426e-14,28.65244966999154,48.745062368901145,-20.09261269890962
0.00107421875,33.58667055604508,1.5422905746472916e-14,28.997285234882323,21.596934353926578,7.400350880955732
0.001075,35.78169536165108,1.5635035934107393e-14,28.80261526973174,25.078026646541947,3.7245886231897796
0.00107578125,34.34190228748173,1.1049903360443861e-14,28.26416999866342,37.52658369109698,-9.262413692433572
0.0010765625,34.76275747412746,1.762701112775472e-14,28.502129366053392,19.17484872666729,9.327280639386085
0.00107734375,35.177002671922786,1.584191869906866e-14,27.99064160114236,33.60526379177797,-5.614622190635626
0.001078125,34.400786403142895,5.0299502784045876e-15,27.92145334595527,26.741971671670747,1.17948167428452
0.00107890625,35.08520904319814,8.710427252437172e-15,27.78016827332887,25.544878723968324,2.2352895493605387
0.0010796875,33.39816482098013,51.24106971306395,27.689268683499627,20.755979792995795,-44.30778082256012
0.00108046875,33.19147938344971,56.11742395210793,29.800654503284065,-63.96898551071543,37.652216061891565
0.00108125,36.368666242315335,56.10891512884878,28.894200503956974,-10.964799595905344,-16.24991502898646
0.00108203125,32.51294367699108,56.10004146479515,29.20564629797314,-23.016235238462585,-3.878159928359425
0.0010828125,35.25728427118742,56.091083299003856,29.911920053805403,-41.3022001630372,15.123036917838746
0.00108359375,34.25939827367646,56.08204066105387,29.344336517158563,-10.188555048172464,-16.54914909572284
0.001084375,33.72659385647315,56.07291356456416,30.115832038843838,-36.86260911506431,10.905527589343986
0.00108515625,35.013203510974634,56.063702023280015,30.02605193826231,-22.868177137941846,-3.1694729470758594
0.0010859375,33.774181406960366,56.054406051073784,30.155454375381158,-22.77706877161345,-3.121882904079174
0.00108671875,35.788382772667234,34.68617050626635,30.055428633532173,-11.186891818909432,6.556149946175255
0.0010875,33.8649525814899,34.726872462976466,29.563933065109048,8.61406283883415,-13.777002236701566
0.00108828125,34.312468513518716,34.78164508010863,30.215507734841438,-17.562531226270945,12.996393881003753
0.0010890625,34.990943196109434,34.83636612724099,29.819536676732735,2.45481169048865,-7.4716411409969075
0.00108984375,33.854474268233965,34.891034711482064,30.002997314654227,-5.889097240147006,1.0010598433191686
0.001090625,34.83707991794949,34.945650750455414,30.132310102681004,-8.30930511478322,3.4959644670088097
0.00109140625,34.32914968098363,35.00021416191028,29.959250776168904,0.0015331251952432014,-5.042496510936617
0.0010921875,34.32891057821184,35.054724863675155,30.199405003542022,-8.89433901781945,4.039019157686316
0.00109296875,34.64606295318652,35.10918277365788,30.116682858528012,-3.1356336593307392,-1.8568662557991253
0.00109375,34.240337960690326,35.16358780984586,30.173907370684972,-4.697376693675437,-0.29230374548544696
0.00109453125,34.53341484534538,35.21793989030607,30.263067504130262,-6.4763149832910845,1.521442597115275
0.0010953125,34.41027890810266,35.27223893318528,30.223228845761557,-3.3011408274996175,-1.7478692599241044
0.00109609375,34.34454658349596,35.326484856710096,30.32468433408049,-6.180461541272831,1.1786610186432263
0.001096875,35.40296036213397,10.436103825718675,30.258139964768517,-1.475142072570182,21.297178211620025
0.00109765625,35.904927628796365,0.0005989372735353647,28.97275263997427,47.911703664877166,-18.939549962176432
0.0010984375,33.467273911611926,3.437354242738889e-08,29.212346545223088,24.596813099623375,4.61553341122617
0.00109921875,35.7728338493501,1.9727281490316845e-12,29.144538268792846,22.669822488777598,6.474715780013277
0.0011,34.45538225582045,1.1321662171429556e-16,28.51101755307026,39.42692692485997,-10.915909371789708
0.00110078125,34.642208730507804,6.497602540263659e-21,28.782943245621762,19.1427795772339,9.640163668387864
0.0011015625,35.26384579687474,3.7290318446156127e-25,28.2859351312992,33.23074159882702,-4.944806467527816
0.00110234375,34.36780695880143,2.1401245170027065e-29,28.17300331510174,28.028263409393475,0.14473990570826595
0.001103125,34.726450396771206,1.2282364804391165e-33,28.07239549610996,25.000004212779913,3.072391283330045
0.00110390625,32.9290140902254,35.863949295279454,28.96331878742229,-16.644423364240748,9.743792856383582
0.0011046875,35.832343299377854,35.91966071327475,29.011754392753012,-11.882300406213515,4.974394085691774
0.00110546875,33.89236946911759,35.9732629734139,28.594918146088364,5.109579709371713,-12.48792453669725
0.00110625,34.43311158867757,36.02681094052721,29.21822055453982,-19.205214428910054,12.396624042922658
0.00110703125,34.98033507795184,36.08030465190756,28.83943852705778,0.313023131203029,-7.553889256052812
0.0011078125,33.936442285331786,36.13374402700114,29.04954057529744,-8.563452992874337,1.4792495411706328
0.00110859375,34.879588547249796,36.18712898532924,29.16506388464377,-9.964243012088552,2.9421779114030873
0.001109375,34.356246835478935,36.24045944649505,29.023157996213392,-2.5529834269866116,-4.664318023295047
0.00111015625,34.39619969727295,36.2937353301839,29.264521578977398,-10.940952959509318,3.9117392083028166
0.0011109375,34.6694792560447,36.34695655616323,29.192082338096355,-5.206789095741181,-1.9480851223256934
0.00111171875,34.290098962048766,36.400123044282864,29.267737823628842,-7.02706839603804,-0.10531682461598457
0.0011125,34.5759880791379,36.45323471447501,29.35965556525571,-8.431122870976694,1.3375437217573944
0.00111328125,34.44241263315254,36.50629148675446,29.337255228606388,-5.52316858689548,-1.6458676712525937
0.0011140625,34.367064160865844,36.5592932812187,29.448026058299394,-8.269440640068433,1.1581734171491278
0.00111484375,33.36642998666775,55.638652372786446,29.915545252416315,-24.6303001035061,-1.0928070168640296
0.001115625,34.80879528871329,55.638744991087144,30.330125778358976,-32.544679039845995,7.236059827117828
0.00111640625,34.208125338582356,55.62616910884929,30.129868464141325,-17.04066736527689,-8.455633279431076
0.0011171875,33.994580231020784,55.613508732358355,30.613914111378183,-30.832937825789834,5.833343204809663
0.00111796875,34.60891580565913,55.60076460288689,30.633677899139293,-22.96774071870632,-1.9993459850412785
0.00111875,33.93401535099432,55.58793673966875,30.794544742446632,-23.450184574503677,-1.3432074227184376
0.00111953125,34.302705438989484,55.575025162022456,31.07390732795193,-27.34354502413784,2.84242719006731
0.0011203125,36.67882970531516,1.426863327513459,30.68903055119633,-4.068536639621901,33.33070386330477
0.00112109375,35.006209150192014,8.188895449146538e-05,28.891082508864244,63.18661513998802,-34.29561452007827
0.001121875,33.480841258891765,4.699693196406186e-09,29.873099155155565,8.923405469151524,20.94969368130435
0.00112265625,36.358421342910724,2.8296726431810526e-13,29.223876192273345,33.3486666822266,-4.124790489953542
0.0011234375,33.743140752273625,2.2332933904078395e-14,28.841081279191425,36.9434191908453,-8.102337911653894
0.00112421875,35.1915102702253,1.1087261144220583e-14,29.169616455240615,16.263617536635838,12.905998918604766
0.001125,35.075571673169044,9.560629639183598e-15,28.439622045416623,39.26162535417356,-10.822003308756948
0.00112578125,34.319596637639556,1.4377162456716585e-14,28.579850052924037,23.166808305618186,5.413041747305837
0.0011265625,35.36666686753048,3.0196426992251555e-14,28.310397588077915,28.025152427351568,0.28524516072631817
0.00112734375,34.5711754699304,9.479914335996615e-15,27.998361862208387,31.684366749682155,-3.6860048874737785
0.001128125,34.931535687108116,2.055083393308642e-14,28.003318254907928,23.444353193548807,4.558965061359101
0.00112890625,35.037287416030686,1.8938419415240774e-14,27.640949545499378,30.852050735790932,-3.2111011902915707
0.0011296875,34.79893816359127,9.656063882677172e-15,27.537238958333717,26.29863240151994,1.2386065568137683
0.00113046875,31.64689923511026,55.26167812409118,28.324298135925485,-12.834274668573858,-14.10310531959184
0.00113125,35.3947157545153,55.37131218274001,29.571797684602256,-53.35904985667794,27.559535358540185
0.00113203125,34.64543865956245,55.3570710092792,28.531154445417933,-1.3272321117394044,-25.498684452121864
0.0011328125,33.21792173858814,55.34273936454591,29.537923392804572,-39.94691182886815,14.142095857126813
0.00113359375,35.478753600793425,55.32832437423959,29.446268704768443,-24.388189650587606,-1.4938660188835458
0.001134375,33.55802722009143,55.31382606047663,29.41750712931732,-18.60543878157088,-7.290880149588431
0.00113515625,34.541417847388,55.299244445091254,30.01126254684419,-35.25053677716891,9.962554878921846
0.0011359375,35.58209001087645,38.032116805304284,29.37722974227721,-1.3402108853493644,-7.31467617767771
0.00113671875,33.4923170527867,38.07207446573692,29.44585910016164,-5.255869350961426,-3.3703460146138506
0.0011375,34.898401464550496,38.12338953088677,29.830961182259564,-17.132595167068178,8.840166818440975
0.00113828125,34.482328615872646,38.174647838003054,29.477271234338478,0.24720681159722205,-8.944583415261798
0.0011390625,34.10106304222149,38.225848654827196,29.845476261158254,-13.866766874294479,5.486394480625538
0.00113984375,34.83942879465231,38.276991904214086,29.783836264426757,-7.3080070862252775,-1.1851485535620512
0.001140625,34.154619974423106,38.328077509142915,29.79840812197481,-6.458419401146791,-2.0712499860213143
0.00114140625,34.5331505324702,38.379105392679705,29.992922501952858,-11.689889705536094,3.3037068148092477
0.0011421875,34.492218544556906,38.430075477977326,29.914004183027597,-5.665426422898197,-2.850644872051532
0.00114296875,34.29617322576348,38.480987688275825,30.06223041980538,-9.826876025886259,1.4081187574158138
0.00114375,34.563186217019336,38.531841946902276,30.101562254115407,-8.449099462525275,0.018819769738408355
0.00114453125,34.351980554364445,38.582638177271114,30.13205745296613,-7.483521729215055,-0.9670589950899292
0.0011453125,34.44614859803783,38.63337630288415,30.243484767269113,-9.544794968390196,1.154903432775157
0.00114609375,34.47434344009443,38.68405624733062,30.25959231788056,-7.557669210255071,-0.8667947191949928
0.001146875,34.47255052725574,38.73467793428752,30.343512861274473,-8.703361037545251,0.31219596453220544
0.00114765625,36.83191541647273,0.025549001371937833,29.489568654151178,27.94470319368066,1.5193164590985795
0.0011484375,33.57602096625092,1.4662798951414192e-06,28.787481266964402,44.378246857099,-15.59076705641449
0.00114921875,34.97217650869621,8.41511063229811e-11,29.409424556753926,10.767077179338,18.642347377331777
0.00115,35.36797641486237,4.829506780285415e-15,28.51666746616758,41.72579826397089,-13.209130797803311
0.00115078125,34.02416546604276,2.7716968629387027e-19,28.6726682203843,23.945177178235156,4.7274910421491425
0.0011515625,35.49683466384906,1.590701462804497e-23,28.487376762202345,25.819299859431055,2.6680769027712916
0.00115234375,34.58628199900631,9.129177066952308e-28,28.059765514259283,34.285388806947815,-6.2256232926885335
0.001153125,33.101626963879674,38.13304254604656,28.45360223538148,9.568379637804762,-19.24781994846984
0.00115390625,34.46894578036177,39.18758133078818,29.503657768803425,-31.286619016003893,21.60269545401914
0.0011546875,35.1947622404332,39.23767391041973,28.79669809981408,3.783107472756376,-14.224083283362024
0.00115546875,33.49330326882619,39.28764975615006,29.20618673792903,-13.99767784855423,3.9162148303332005
0.00115625,35.161920408510795,39.3375664320817,29.341632584858083,-14.14108327119672,4.145149423973101
0.00115703125,34.1611497379465,39.387423866349025,29.1064331681974,-2.5391522983358175,-7.741838399815811
0.0011578125,34.34027537556862,39.437221983867815,29.510607316345194,-16.903263474083264,6.976648806560643
0.00115859375,34.749659630951726,39.48696070964301,29.352879581088388,-6.307897578282862,-3.8261835502717556
0.001159375,34.1156779355354,39.536639968768995,29.489447807060643,-10.317171248879971,0.2699790871716168
0.00116015625,34.63858589407379,39.58625968642969,29.61785971666528,-12.025175334392923,2.0567753646285087
0.0011609375,34.381648839100045,39.63581978789872,29.56872445626319,-7.270129136956448,-2.7969661946790825
0.00116171875,34.35960830927436,39.685320198539436,29.747251746562412,-12.068131979211266,2.130063527234243
0.0011625,34.5419907006987,39.734760843805134,29.755026832095623,-9.05290687729723,-0.9268271344122803
0.00116328125,34.317378762274416,39.78414164923912,29.831081827554158,-9.697951598034836,-0.2551082236501266
0.0011640625,34.467507368555175,39.833462540474734,29.931270744648277,-10.761956391382007,0.85976459555555
0.00116484375,34.378351139738804,39.882723443235655,29.957836244661305,-8.958306819577066,-0.9665803789972834
0.001165625,33.48245955721091,54.6560846383032,30.409276639056877,-24.35181720980967,0.10500921056335066
0.00116640625,34.775592335681125,54.64793804532845,30.745996242280384,-29.49404937902351,5.592107575975444
0.0011671875,34.175735456152914,54.6299619660259,30.602816226360243,-16.869220035749816,-7.1579257039158435
0.00116796875,34.081713865221495,54.611903055588165,31.040814295309556,-28.843846718110843,5.272757957832234
0.00116875,34.59281049183435,54.59376190057928,31.057029058260753,-21.422050504548793,-2.114682337769734
0.00116953125,34.5828715588577,54.57553852835159,31.22827921653462,-22.57391751959347,-0.7733417922235057
0.0011703125,37.20777794081417,0.0031321386596025506,29.569044748708233,48.02458991220893,-18.4586773021603
0.00117109375,32.59343134986834,1.7975623655498225e-07,29.487419250357796,34.97640287183904,-5.488983801237482
0.001171875,35.874150252623906,1.0345684265203958e-11,29.955594132262632,11.155463732498788,18.8001303997535
0.00117265625,34.780132738087666,1.5885511529247443e-14,28.852678786017037,48.718216846958164,-19.86553806094114
0.0011734375,34.09071369281079,9.488027333769174e-15,29.363960315405837,16.41261807045065,12.951342244955175
0.00117421875,35.68794088394958,1.4438444153258627e-14,28.862773398355934,32.221167837179884,-3.3583944388239653
0.001175,34.16480208725243,1.5787633757826365e-14,28.596745818698206,32.548057297796696,-3.9513114790985044
0.00117578125,35.08033091717446,1.5647226768165306e-14,28.68566731652822,21.46565892573153,7.2200083907966786
0.0011765625,34.94179867367715,7.751976922211599e-15,28.18194314220227,34.55295467809027,-6.371011535888007
0.00117734375,34.56247056737389,1.2073102631043014e-14,28.19400688606347,24.714625337859157,3.479381548204301
0.001178125,35.160381940303445,1.9399616292233164e-14,27.941880507872558,28.08885171606849,-0.14697120819595036
0.00117890625,34.69533191165504,1.3703885923540665e-14,27.69212432344057,29.604122905053732,-1.9119985816131775
0.0011796875,34.950841072157495,9.89587792405114e-15,27.610324419969704,24.995054760442446,2.615269659527246
0.00118046875,35.19432765851405,2.2509530566620657e-14,27.319466720413725,29.21761264206111,-1.8981459216474066
0.00118125,31.46096268571157,54.28177600963477,28.784524275861784,-36.504901522767156,11.007649788994172
0.00118203125,36.429123057405334,54.272805197384365,29.176810541121768,-37.88094500232885,12.784950346066251
0.0011828125,33.51250209616103,54.25318903854249,28.43092441457971,-2.6839486031714515,-23.138316020791326
0.00118359375,34.00143698227434,54.23349056912326,29.594663314455453,-45.282541649096565,20.643714394428756
0.001184375,35.28140328211213,54.21371042501256,29.09717892226928,-13.989749155225358,-11.126782347517919
0.00118515625,34.15668396714893,41.15084910949945,29.146166907755394,-13.047846211426881,1.043164009682829
0.0011859375,34.62141619932534,41.1898237559493,29.24592726668514,-13.073822854163922,1.1299263648997628
0.00118671875,34.346856417374774,41.237374699250964,29.243353907678543,-9.846477584868929,-2.1475432067034927
0.0011875,34.39400234613066,41.284864035572895,29.416840200165172,-13.768834002703105,1.9008101672953825
0.00118828125,34.50521077108682,41.332291197664155,29.436009012020044,-10.83126620526842,-1.06501598037569
0.0011890625,34.32870871294076,41.37965611407182,29.53589061997325,-11.898882571756554,0.055117077657985195
0.00118984375,34.47023161145662,41.4269587134652,29.63382611757898,-12.344686703975377,0.5515541080891595
0.001190625,34.397743270175816,41.474198924607435,29.682828572763462,-11.006176538487539,-0.7851938133564318
0.00119140625,34.38944040052773,41.521376676355615,29.79447681150598,-12.29619564455733,0.5692957797076968
0.0011921875,34.43792969411129,41.568491897660905,29.859254044480874,-11.4400566188272,-0.2691812343528325
0.00119296875,34.37480802796138,41.61554451756863,29.94271441141322,-11.586341681371147,-0.08648842478426105
0.00119375,34.41577893022509,41.66253446521838,30.03288744908816,-11.851406461044107,0.22175944491388933
0.00119453125,34.399511576063205,41.70946166984416,30.10278513059372,-11.326699302553692,-0.2799772366967474
0.0011953125,34.39138276165052,41.75632606077445,30.193780923573847,-11.713593052081567,0.15104791488096458
0.00119609375,34.41772455095184,41.80312756743233,30.27137506612845,-11.465932874017192,-0.06581962728668414
0.001196875,34.436858681175956,41.849866119335545,30.352287213972982,-11.431532215681699,-0.06604668968086429
0.00119765625,36.5084504693934,0.31721794588875746,29.9268622304633,9.376829943317427,20.232814341257118
0.0011984375,34.41684622672904,1.8205419838664505e-05,28.61604470923944,54.36740055683609,-25.751374053016487
0.00119921875,34.088970029219944,1.044825224416112e-09,29.413772541306827,10.19119569593271,19.222576844329293
0.0012,35.908420502556844,5.996344820665556e-14,28.690604823019576,36.128249071277224,-7.437644248257709
0.00120078125,33.89206126105922,3.441355584463067e-18,28.522819462805714,31.384247734511117,-2.8614282717054023
0.0012015625,35.30125623472715,1.9750245546086932e-22,28.634613780853645,20.168081422764573,8.466532358089072
0.00120234375,34.935323281879754,1.1334841447126633e-26,28.043240850022205,36.66399424159822,-8.620753391576013
0.001203125,31.923900295670837,42.127199397610894,28.898749006618374,-7.477985508393219,-5.750464882599303
0.00120390625,35.665302874122446,42.26766312797254,29.722261360924204,-33.42353467358139,20.878132906533057
0.0012046875,34.38216214196707,42.313773688387,28.792493595301917,8.928823983492205,-22.45010407657729
0.00120546875,33.623949492773185,42.35981511366388,29.681362356798438,-27.331232335290913,14.652779578425474
0.00120625,35.39378283876736,42.40579274551416,29.417494046374312,-8.95508143642536,-4.03321726271449
0.00120703125,33.66053720698763,42.45170651500692,29.432382780097107,-8.624929594575981,-4.394394140333829
0.0012078125,34.68853741265463,42.49755635299685,29.83620008887975,-20.669370319126756,8.008014055009651
0.00120859375,34.50264821123121,42.543342190434956,29.575648245006214,-5.698129943589139,-7.269564001839605
0.001209375,34.06805249747785,42.589063958368556,29.897355091296447,-16.595234549421384,3.9035256823492746
0.00121015625,34.720313186162436,42.63472158794152,29.91600137585209,-12.421315890137402,-0.2974043219520285
0.0012109375,34.1722385382948,42.680315010394246,29.941367051425594,-10.549597249449478,-2.1893507095191747
0.00121171875,34.42989573582775,42.72584415706392,30.15222297318104,-15.437094799221924,2.863473615339048
0.0012125,34.44749739125968,42.77130895938443,30.126865871130747,-10.39973953535866,-2.244703552895018
0.00121328125,34.2498002739935,42.81670934888661,30.27826171705751,-13.450343289183923,0.9118956573548211
0.0012140625,34.47436413473409,42.86204525719832,30.359657440168558,-12.734129454023472,0.23174163699371278
0.00121484375,34.30665242337039,42.90731661604446,30.415472530741436,-11.555534208875885,-0.9363098764271399
0.001215625,34.338537064917205,42.9525233572472,30.54789119916989,-13.362381110723312,0.9577489526459978
0.00121640625,33.76552694093998,53.32593692168693,30.84500793107549,-21.474237977485785,-1.0066910131256581
0.0012171875,34.547186591320404,53.3096029248916,31.145509843620744,-26.377375437625354,4.213282356354497
0.00121796875,34.263527283002425,53.28634096562858,31.088335674677147,-17.48333498273453,-4.714670308216905
0.00121875,34.23073731552335,53.26299836510468,31.41090248841948,-24.970992694132914,3.1188968174477143
0.00121953125,37.70242042385379,0.03511641202477542,30.22955850019328,29.285044502529338,0.9093975856391707
0.0012203125,32.943653633931696,2.0153621103507887e-06,29.344021913707625,51.08048915303357,-21.736469254688053
0.00122109375,35.0566440582726,1.1568341196258078e-10,30.30774189838,3.5947310524698026,26.713010845794514
0.001221875,35.52413021317907,2.0255329097477468e-14,29.09643036416992,48.46665919790943,-19.37022883373953
0.00122265625,33.630218109871734,1.547138964149089e-14,29.423514601863683,22.15252888249277,7.270985719370898
0.0012234375,35.73494623299356,2.536509624764243e-14,29.219113099655285,25.791566238020565,3.4275468616346956
0.00122421875,34.34680988724039,3.3724888747538804e-14,28.696846808134215,37.501668881936865,-8.804822073802681
0.001225,34.767781975131925,1.4551819459589776e-14,28.9134381920096,19.96463089591286,8.948807296096724
0.00122578125,35.159569292997865,2.9776234218550137e-14,28.410952378707236,33.84059094763024,-5.42963856892303
0.0012265625,34.430653790951006,2.7344015604661464e-14,28.33680142791089,27.14113319623955,1.1956682316713079
0.00122734375,35.12209620926793,3.172510614767759e-14,28.188643511034623,26.083102130785264,2.105541380249327
0.001228125,34.755110533842554,1.3433891627181394e-14,27.86092933407315,31.13088627129848,-3.2699569372253436
0.00122890625,34.80570468869675,2.3226897461466113e-14,27.806989279834518,24.93733710982034,2.869652170014152
0.0012296875,35.017188091387375,1.0898665317182262e-14,27.527523329552572,28.897645948845913,-1.370122619293352
0.00123046875,34.783711060578135,1.6035062447416075e-14,27.357083503558535,27.350378392187686,0.006705111370831674
0.00123125,33.61339082553808,37.277328285003605,27.307603999111933,21.444548897051167,-31.41427318294284
0.00123203125,32.578664134106305,52.85303532972364,29.038568192996355,-50.57603754045283,26.761570403725546
0.0012328125,36.33033926831854,52.82914970978348,28.62303821293355,-19.06501119513284,-5.1411003017170875
0.00123359375,32.93037668864206,52.804289260179665,28.527099043925464,-13.478300371243751,-10.79888984501045
0.001234375,35.3257860587349,44.03760185572046,29.212692448574597,-33.825251947017726,19.000342539871863
0.00123515625,34.549272604122706,44.0614948648225,28.44198115307384,3.047048002246241,-18.666561713994902
0.0012359375,33.66989256815073,44.10499680850717,29.175843853591303,-26.032181516992747,11.103028562076885
0.00123671875,35.246397930593275,44.1484334600461,29.04250272548737,-13.08238405916485,-2.023546675393879
0.0012375,33.82233987902492,44.19180362490691,29.031785872667836,-10.512873872532579,-4.647143879706497
0.00123828125,34.58023833176091,44.235107237710096,29.422635419946978,-21.841271042378597,7.028799224615478
0.0012390625,34.528489756620154,44.278344233241214,29.233151467602752,-9.151610690345482,-5.893582075292979
0.00123984375,34.093542454659236,44.321514546386126,29.51273280832023,-17.60765074752326,2.7988690094573623
0.001240625,34.655279638148826,44.3646181121311,29.577018591595603,-14.981229745809067,0.19363022527357288
0.00124140625,34.21538125686018,44.407654865562975,29.610615357506433,-12.689677670718538,-2.107361837338003
0.0012421875,34.390131341698144,44.45062474186915,29.820291426338514,-17.06669289997583,2.436359584445198
0.00124296875,34.43619249943469,44.493527676337784,29.829374432063126,-12.890409736956322,-1.7737435073183385
0.00124375,34.24910729868281,44.536363604357845,29.9766043608298,-15.144979413361495,0.5852201698334504
0.00124453125,34.43423777558362,44.57913246141917,30.079238024604834,-14.8277877117686,0.3278932749542608
0.0012453125,34.29991588258302,44.62183418311265,30.14911241607917,-13.613619612572627,-0.8591021544608503
0.00124609375,34.31949986762481,44.664468705130275,30.288245219880682,-15.165382033004597,0.7891585477550053
0.001246875,34.31806367042024,44.707035963265184,30.36140407832184,-13.8298387456502,-0.5157931392931431
0.00124765625,36.24705075482837,1.1486825342339062,30.131143169312907,-0.18969631252372637,29.172156947602726
0.0012484375,35.075704602007924,6.592391151918913e-05,28.576797378341485,57.28485800408833,-28.708126549658363
0.00124921875,33.620444147196864,3.783431871268366e-09,29.344699606810014,12.58071332011485,16.763986282911734
0.00125,36.10806929208288,2.171345175773229e-13,28.81343194414195,31.284251300542618,-2.4708193564008862
0.00125078125,33.92857819874737,1.2461542939778362e-17,28.42553724298873,35.926519861202856,-7.500982618214124
0.0012515625,35.06027876701372,7.151790243789326e-22,28.690574486121626,17.602865400426925,11.087709085694701
0.00125234375,34.94312404189913,4.104475981693314e-26,28.048704518066764,36.999169087735666,-8.9504645696689
0.001253125,31.62193910724497,45.01546401229734,29.186793095483075,-18.4394952036167,2.6108242868024316
0.00125390625,36.223250762839236,45.08710216444219,29.81582387675115,-33.48547714353985,18.21419885584881
0.0012546875,33.96613638760585,45.128994978020735,28.882422240037435,8.257839296039046,-24.504412034022348
0.00125546875,33.796250109401974,45.170818124933874,29.95341461576055,-34.136191954641,18.918788445467676
0.00125625,35.423443119960126,45.21257324531349,29.517244023741448,-7.633605742585376,-8.061723478986671
0.00125703125,33.474398461509246,45.254260276374886,29.683958566461968,-13.476876933125368,-2.093424776787552
0.0012578125,34.85067567074783,45.295879155338156,30.06065715629712,-22.93345603499015,7.698234035949113
0.00125859375,34.35719517325117,45.337429819525994,29.78916309549513,-7.1854474966686555,-8.362819227362207
0.001259375,34.07602061155663,45.37891220636388,30.193831568029346,-20.6445079967661,5.4594273584315705
0.00126015625,34.72565905843015,45.42032625338007,30.16735552883062,-13.699624246476795,-1.553346478072657
0.0012609375,34.07588984646172,45.46167189820576,30.247393543465368,-13.590799103418727,-1.623479251321664
0.00126171875,34.455915364824826,45.50294907857517,30.46972112806446,-17.982555285977167,2.949327335466457
0.0012625,34.37926613070325,45.5441577323256,30.44570952405149,-12.37463440268476,-2.723813805589349
0.00126328125,34.21502452020706,45.585297797397565,30.63841167130093,-16.393024004744806,1.446137878648169
0.0012640625,34.45215053191182,45.62636921183487,30.7172865344224,-14.769100282539203,-0.1399823948732685
0.00126484375,34.243030604967906,45.6673719137847,30.799496664761065,-14.044681701786823,-0.8231935472368083
0.001265625,34.3352096495627,45.708305841497754,30.94988735543578,-15.804118064111098,1.0456995780491247
0.00126640625,34.35485168807727,45.749170933328244,31.012452578853424,-13.884233894671642,-0.8524844598031784
0.0012671875,33.8788164692054,51.659419474675396,31.31450756149936,-21.800210513765673,1.4552986005896393
0.00126796875,34.405376439841,51.63225079793891,31.477297125078508,-21.566595394652445,1.4116417217920427
0.00126875,37.310369983102674,0.11537411656961077,30.599227405644054,19.54059617309982,10.943257115974621
0.00126953125,33.67274086467751,6.621423116892866e-06,29.469116729629224,54.01619864160566,-24.547088533399556
0.0012703125,34.58101066452731,3.800367600440192e-10,30.384986497476085,6.607186390428396,23.77780010666765
0.00127109375,35.74973269295287,3.7548621530414356e-14,29.387622088723912,43.28326259455393,-13.895640505830057
0.001271875,33.72024992590231,1.6229511950855373e-14,29.475674037619896,27.168107110251515,2.3075669273683617
0.00127265625,35.530584959893325,2.9573564598101776e-14,29.431234579417083,23.29361666704782,6.137617912369233
0.0012734375,34.58751893187712,2.0849072121504702e-14,28.859657232006516,37.87507811897079,-9.015420886964296
0.00127421875,34.63336458874749,1.4483953554190872e-14,29.033429948973083,21.550748119950917,7.482681829022152
0.001275,35.20439986624906,1.3903507618539526e-14,28.61381157553343,32.07198578392353,-3.4581742083901164
0.00127578125,34.48694132094443,1.4085521746651842e-14,28.461177049048562,28.7899881712925,-0.32881112224395115
0.0012765625,35.04547463557902,1.3736910130119455e-14,28.355893357087083,25.601869476300728,2.7540238807863435
0.00127734375,34.83314186372647,1.3168999833006626e-14,28.0224577660541,31.12567346442988,-3.103215698375794
0.001278125,34.76972626323375,1.6159246651562303e-14,27.94592425476713,25.69712559682633,2.2487986579407866
0.00127890625,35.01472862004127,1.9179855538631608e-14,27.696009293391846,28.394643592009796,-0.6986342986179669
0.0012796875,34.78204970850081,1.4650432378432218e-14,27.500644242106464,27.93681520338263,-0.4361709612761786
0.00128046875,34.95758004833865,1.464589507929043e-14,27.350060219692285,26.229430312914644,1.120629906777628
0.00128125,34.964925808399855,8.289487931758705e-15,27.110826150153375,28.102150282282704,-0.9913241321293356
0.00128203125,32.63269107033499,49.79651045636194,27.34592858445538,10.140416942960679,-32.59099881486724
0.0012828125,34.130242408796725,51.07932587196061,29.03881570218016,-54.993820555009485,32.95331038522903
0.00128359375,35.956696491221265,46.640636842268854,27.985668754607634,-0.050694737831420866,-18.6042733498298
0.001284375,32.83782950683329,46.66992968481848,28.430892251547526,-19.4521130977267,1.213075664455748
0.00128515625,35.413912313218106,46.70912392033071,28.849440958339287,-28.145800916477658,10.286117954486233
0.0012859375,34.17461308093982,46.74824838502986,28.38537658551907,-4.635623390569458,-13.727248408941335
0.00128671875,34.06389309642843,46.78730244774462,29.042462331780918,-28.244153503418346,10.499313387454643
0.0012875,34.98097988082271,46.826286049627456,28.862314056542772,-13.52623186311058,-4.437740129974103
0.00128828125,33.890499620973294,46.86519913196974,29.012315741232584,-16.600712010238933,-1.2521713804982213
0.0012890625,34.652872684331605,46.90404163616909,29.285038591777045,-21.936593527937134,4.317590483545091
0.00128984375,34.38210988566195,46.94281350372939,29.193219507092216,-13.065596958071433,-4.6839970385657415
0.001290625,34.21839946228529,46.981514676260915,29.478759717110947,-20.51365376018001,3.0108988010300433
0.00129140625,34.581773158786994,47.02014509548039,29.525474852678315,-16.64057981625888,-0.8540904265431927
0.0012921875,34.217970145405914,47.05870470321109,29.629362179030522,-16.487848552050973,-0.9414939721295966
0.00129296875,34.427026908076364,47.09719344138299,29.81428819332394,-18.923106196973283,1.6402009489142313
0.00129375,34.38576060860828,47.135611252032696,29.861051013618773,-15.742963087680648,-1.5315971507332753
0.00129453125,34.292788775084816,47.173958077303695,30.028440679604767,-17.92989698776477,0.7843795900658419
0.0012953125,34.42760725536277,47.21223385944637,30.132978959272346,-16.996933491050033,-0.08232140912399029
0.00129609375,34.317691307195396,47.25043854081808,30.23855468164644,-16.533587141447903,-0.478296717723737
0.001296875,34.39522936033247,47.288572063883265,30.382605848770137,-17.48032391552032,0.5743577004071926
0.00129765625,35.49666361898654,4.118405363441035,30.273933998969888,-7.825386476533459,33.98091511206231
0.0012984375,35.6652746812941,0.00023635894399727585,28.585652587922244,57.643372901530284,-29.057956672552038
0.00129921875,33.21150647164159,1.3564849857525984e-08,29.228580359725363,16.69877750102304,12.52980284513747
0.0013,36.19834447476565,7.784987889408724e-13,28.93385563271474,25.887932786537036,3.0459228461769254
0.00130078125,34.08947630769628,4.4678737379916775e-17,28.331311854009705,40.0218717372222,-11.690559883212494
0.0013015625,34.87716265077916,2.5641524459907475e-21,28.714685170821916,15.911244440997052,12.803440729824864
0.00130234375,35.48099862496071,1.4715898773889168e-25,28.063883611433972,36.44867801719854,-8.384794405764568
0.001303125,31.36561152996567,47.58182016098543,29.478999295125003,-29.426275434599145,11.323454568738718
0.00130390625,36.52492743964829,47.62856167647001,29.840640023726703,-31.183414026480104,13.3954923737368
0.0013046875,33.50114783260215,47.665981006555185,29.01193288725874,5.425995265616881,-24.080043384913324
0.00130546875,33.99662731664712,47.70332802164238,30.171424212963586,-38.986130614062404,21.454226805383612
0.00130625,35.30596958334194,47.7406031963492,29.605760673538065,-6.616923545173188,-11.517918977637947
0.00130703125,33.34147748131186,47.77780647457041,29.925631676224317,-18.445726529201433,0.5935517308553385
0.0013078125,34.947873829150915,47.8149378002785,30.241150267782956,-24.1094566195091,6.535669087013557
0.00130859375,34.18123054152053,47.851997117554376,29.995437095533166,-9.216667825783544,-8.639892196237666
0.001309375,34.09743493032871,47.88898437058739,30.45391413148619,-23.97237275069839,6.537302511597194
0.00131015625,34.67670774161275,47.92589950367539,30.390278084190765,-14.799796995173319,-2.735824424311305
0.0013109375,33.98956752326344,47.96274246122486,30.528676971600692,-16.58835516501036,-0.8457103246138135
0.00131171875,34.4614755143786,47.99951318775098,30.747782740738053,-19.97333029508725,2.7215998480743253
0.0013125,34.2933341030516,48.036211627877705,30.73615388952234,-14.35240380812675,-2.9476539302286167
0.00131328125,34.183574702330716,48.072837726337816,30.960791360889015,-18.972653567515387,1.860607202066585
0.0013140625,34.409059912005574,48.10939142797309,31.03685082224186,-16.546421759503446,-0.5261188462277829
0.00131484375,34.17620543270532,48.14587267773432,31.146872033265208,-16.382589039212387,-0.6164116052567228
0.001315625,34.29864067634263,48.1822814206814,31.30866980978867,-17.896442628797296,1.0228310179045685
0.00131640625,34.26125621591611,48.2186176019834,31.383181682954977,-15.865566883925721,-0.9698690351026991
0.0013171875,34.145760779386976,48.25488116691871,31.532786128730486,-17.191252968111257,0.46915792992303695
0.00131796875,36.39406775882962,1.2754170139919905,31.3135127347601,-2.771493435769753,32.80958915653786
0.00131875,35.069354978399865,7.319731596013766e-05,29.5840306743269,61.9063809969708,-32.32242351995986
0.00131953125,33.438381342267284,4.200873638875277e-09,30.468862208025154,11.57216609494322,18.89669610888106
0.0013203125,36.23828125678812,2.555209315847584e-13,29.88863950756734,32.70777407302692,-2.819134565459834
0.00132109375,33.78903946453411,1.9365798738091587e-14,29.47249791844793,37.89426604000217,-8.42176812155426
0.001321875,35.07927899095944,1.4648114568673435e-14,29.789273518631887,17.31859053256541,12.470682986066464
0.00132265625,35.053633460445674,1.9211178129610112e-14,29.085871553248634,39.15911806989743,-10.073246516648815
0.0013234375,34.283455286236794,1.8061047976807516e-14,29.1908275717561,24.43577517058832,4.755052401167761
0.00132421875,35.28654702512092,1.9269384273974838e-14,28.93884256172186,28.31000398586596,0.6288385758558791
0.001325,34.5486244241412,1.9390187872443332e-14,28.61779991611257,32.31344791698738,-3.6956480008748267
0.00132578125,34.85377372146531,1.478696380151038e-14,28.613040628386255,24.263260139845855,4.349780488540387
0.0013265625,34.96781898834653,1.2372002159609354e-14,28.25867957551225,31.205050025660917,-2.9463704501486783
0.00132734375,34.653368200968394,1.564731569842743e-14,28.14104212457357,27.11008283046117,1.030959294112385
0.001328125,34.99630570661216,1.6211835088127832e-14,27.95286919372608,27.23052701199439,0.7223421817316743
0.00132890625,34.79015735531798,1.464928760594232e-14,27.703485811993993,29.140013694569525,-1.436527882575545
0.0013296875,34.84836820075417,1.561349096837112e-14,27.577802154326264,26.118590778101648,1.4592113762246015
0.00133046875,34.92351605893496,1.4377509835807682e-14,27.338691580333492,28.121361943396323,-0.7826703630628459
0.00133125,34.7991090222911,1.5609198019282204e-14,27.164475299357285,26.997650829609178,0.16682446974809295
0.00133203125,34.865555643985005,2.1273729366037933e-14,26.98379593712136,26.57605517203269,0.40774076508865137
0.0013328125,32.40728393308739,48.594009794712086,27.368898829751405,2.835322152215099,-24.06043311717578
0.00133359375,34.857267491425596,48.99952462225271,28.824776537890227,-50.63870110666516,30.46395302230268
0.001334375,35.274178603161836,49.034198284647445,27.78925038283885,1.359278013798678,-22.604225915607273
0.00133515625,33.120145445334906,49.06877682375668,28.543850703492357,-29.211877486909675,8.686951366645353
0.0013359375,35.51164716781167,49.10328146495359,28.65285025749894,-23.946747242745808,3.4963160352911573
0.00133671875,33.87139414250349,49.137712157495955,28.424634785903823,-10.688795967239347,-10.024281404352784
0.0013375,34.36918254625794,49.17206884953182,29.031186947285256,-30.343820192672958,10.202938290426397
0.00133828125,34.773675086671226,49.20635148932065,28.80964319533995,-13.953080751700663,-6.443627542280041
0.0013390625,33.92871874676844,49.24056002523341,29.089781024155908,-21.58802332795349,1.437244326875991
0.00133984375,34.706769053822875,49.27469440575264,29.27209780452372,-22.231428948066128,2.228832346837208
0.001340625,34.25512278288517,49.3087545794726,29.25574882342361,-16.252488396691884,-3.8005173593571038
0.00134140625,34.30398807232876,49.34274049509927,29.550159890240565,-23.026024101461406,3.2334434966027006
0.0013421875,34.514204236516846,49.376652101450496,29.582720438458313,-18.088091917542222,-1.7058397454499605
0.00134296875,34.20352036404963,49.41048934745599,29.74360735788203,-19.63979163994684,-0.027090349627124068
0.00134375,34.44229811694392,49.44425218215747,29.911044016128447,-20.566420318704814,1.0332121526757925
0.00134453125,34.329026297090515,49.47794055470875,29.987716817709888,-18.124773182448685,-1.3654505545501792
0.0013453125,34.30795494017553,49.511554414375716,30.173135092110666,-20.295392269806428,0.9569729475413766
0.00134609375,34.40427115375272,49.545093710536506,30.27999875296172,-18.853410523616407,-0.41168443395837867
0.001346875,34.32336854485248,49.578558392681565,30.414916375671215,-18.981612504822753,-0.18202951218759722
0.00134765625,35.54409874466981,4.317417062217027,30.351002416787303,-10.50653285627066,36.54011821084094
0.0013484375,35.74027425183326,0.0002477804022595814,28.556326250985197,59.67053908365691,-31.114460613073973
0.00134921875,33.09988596893342,1.4220337497900448e-08,29.256894380514694,15.897887370422911,13.359006995871447
0.00135,36.302453447458504,8.161178071797e-13,28.958047823395074,25.632938671046134,3.325109152348123
0.00135078125,34.04472901530675,4.6837726270149384e-17,28.324132160758275,40.89312786798206,-12.568995707223785
0.0013515625,34.88242195455896,2.6880587371798358e-21,28.749682122339962,15.025231014079168,13.724451108260794
0.00135234375,35.52935420752608,1.5427007991064485e-25,28.066507333006022,37.0392845630458,-8.972777230039776
0.001353125,31.191983922873447,49.83389322014955,29.56183419801502,-32.16702815539287,11.894969133258343
0.00135390625,36.61992207855868,49.87637406673428,29.951393000948848,-34.031256210872805,14.106275145087373
0.0013546875,33.43953543132225,49.90909041156813,29.087380839849878,4.520789991703612,-25.342499563421864
0.00135546875,33.95939955845123,49.94173103813117,30.315581425083515,-42.19631780819855,22.5701681951509
0.00135625,35.33801399694716,49.97429645331791,29.728751158893036,-8.131529170199782,-12.114016124225094
0.00135703125,33.270834252910156,50.006786608117324,30.073079511236465,-20.551148355868648,0.6174412589877871
0.0013578125,34.96096199335091,50.039201453599844,30.413232517611398,-26.505310016754066,6.879341080765619
0.00135859375,34.155097973241816,50.071540940949276,30.162500824054206,-10.816614341483975,-9.092425775411096
0.001359375,34.06688417436455,50.10380502146296,30.65266875330812,-26.327228291605298,6.876092023450456
0.00136015625,34.6772213798477,50.13599364655176,30.593521087621415,-16.665306717465736,-2.8771658414646084
0.0013609375,33.95502046837051,50.16810676774019,30.74668238569461,-18.528930966146714,-0.8924934158988681
0.00136171875,34.452559162209866,50.20014433666648,30.984830969914448,-22.079217707823247,2.863904341071212
0.0013625,34.27744195958082,50.23210630508262,30.98005003193267,-16.150111444049674,-3.1019448291002716
0.00136328125,34.16417952072291,50.26399262485446,31.223773407983376,-20.996909716839152,1.9566904999680688
0.0013640625,34.405145906039785,50.2958032479618,31.31113891772473,-18.43177600419191,-0.55288832604516
0.00136484375,34.16634750642219,50.32753812649839,31.434093589183767,-18.24458863980117,-0.6488558975134524
0.001365625,34.30758244505339,50.359197212672086,31.611497948321578,-19.82518840640716,1.0774891420566528
0.00136640625,34.30684116122659,50.39078045880488,31.697011561379316,-17.67706443709788,-1.0167044603276894
0.0013671875,35.34248210147657,7.131265186771926,31.657651022127702,-10.50668696003334,35.03307279538912
0.00136796875,35.71766088661723,0.9041312267140034,29.952863212240484,56.52202057577013,-27.473288590243648
0.00136875,33.19426512220074,5.188889465435548e-05,30.49072016869468,19.884098647158535,10.606569632641493
0.00136953125,36.03301320947963,2.977965632024666e-09,30.24781780337556,26.289177744298442,3.9586400560991515
0.0013703125,34.10611834876044,1.9217303524730842e-13,29.62768467233601,41.22553397233736,-11.597849300001544
0.00137109375,34.73594752163387,1.4659006564715757e-14,29.98169871205254,17.875450424208058,12.10624828784447
0.001371875,35.21326475618316,1.9625980041690114e-14,29.359976899179372,36.947260152461624,-7.5872832532822745
0.00137265625,34.244466245893754,1.966849027285143e-14,29.336685745584504,27.457792587336446,1.878893158248036
0.0013734375,35.18047912034552,1.4821312395199564e-14,29.19046866021494,26.555150524769353,2.6353181354455715
0.00137421875,34.658668421721366,1.5704179821855228e-14,28.816747321207426,33.182094196594925,-4.365346875387513
0.001375,34.741153119828866,2.1607849940958792e-14,28.80772033966166,24.903480749710408,3.904239589951231
0.00137578125,34.999934852061635,1.3827735867653333e-14,28.4898251394703,30.45032710820143,-1.9605019687311451
0.0013765625,34.651552873722885,2.619541636718293e-14,28.326700106881383,28.242950339353087,0.08374976752827089
0.00137734375,34.94954568728037,1.5742780412408778e-14,28.169418176829524,26.892164699058313,1.277253477771195
0.001378125,34.82756379139348,1.5692062803730484e-14,27.907778608085124,29.431186263162957,-1.523407655077846
0.00137890625,34.81757086938604,1.9345428913441464e-14,27.774903425021837,26.560223870676744,1.2146795543450752
0.0013796875,34.93659938007982,1.4212123828136983e-14,27.54982453829999,27.968746529271726,-0.4189219909717494
0.00138046875,34.823590389379135,1.4301533768866088e-14,27.359838117503003,27.487752847617703,-0.12791473011471483
0.00138125,34.91926276366197,1.9705158083607328e-14,27.18714061674853,26.634858834452928,0.5522817822955801
0.00138203125,34.811622905126335,3.944900821704485,26.99122417153834,26.677909389584478,-3.6315860397506246
0.0013828125,34.84299762343172,4.388535870571769,26.987654001401935,19.566497995113885,3.032620135716282
0.00138359375,32.16451859204527,50.96210439102753,27.568662834199117,-9.8213012209422,-13.572140335886212
0.001384375,35.20162154347975,51.09614933975059,28.67343534385117,-46.469501662630734,24.046787666731316
0.00138515625,34.729744116975944,51.12590440072981,27.787279924980616,-1.8896660272818282,-21.448958448467366
0.0013859375,33.40001961188943,51.15557648614784,28.619723580830197,-33.866678261223335,11.330825355905695
0.00138671875,35.35575878051524,51.18517153184892,28.57628227668214,-22.046206322564213,-0.5626829326025696
0.0013875,33.74525432810841,51.21468949360668,28.529118706954165,-16.032870902082433,-6.65269988457008
0.00138828125,34.49046357309515,51.24413032696761,29.046755099020963,-30.767215120086476,8.56983989213983
0.0013890625,34.56918325794306,51.27349398759438,28.86039148662703,-15.842880417694145,-6.570222083273203
0.00138984375,33.973886520998995,51.3027804312658,29.192961079108315,-24.737441069544907,2.6276217173874197
0.001390625,34.646998829218624,51.331989613877056,29.326548310928555,-22.814454633835773,0.80901333088727
0.00139140625,34.16443380580825,51.36112149143965,29.376706936970916,-19.185880915808834,-2.7985336386598973
0.0013921875,34.3151971174647,51.390176020081455,29.657983252546195,-24.608447452038504,2.8762546845032455
0.00139296875,34.41227851463667,51.4191531560469,29.703062236419765,-19.80374081082712,-1.9123501088000183
0.00139375,34.170305116270164,51.44805285569697,29.895076102694965,-21.999932949654198,0.4469561966521928
0.00139453125,34.38476949291189,51.476875075509206,30.053711918817775,-21.982598554842543,0.5594353981511122
0.0013953125,34.2417366575102,51.505619772077864,30.159352096965847,-20.256285054400095,-1.0899826207119216
0.00139609375,34.24519734504593,51.534286902113976,30.351768549519377,-22.082704734063032,0.9001863814684328
0.001396875,34.25624238501526,51.56287642244534,30.46860364168852,-20.557489475423793,-0.5367833053330265
0.00139765625,36.47293029190568,1.3245043341603169,30.229972882920247,-4.642297727146928,33.54776627590686
0.0013984375,35.118748445646844,7.60144808767389e-05,28.471333297240257,61.523537174321916,-33.052279891562534
0.00139921875,33.445561196006985,4.362538614585397e-09,29.385810308691024,10.081150608303346,19.30465969602514
0.0014,36.30612826002201,2.5036996825130673e-13,28.80348940051313,31.67275086152401,-2.869261461011128
0.00140078125,33.79570837745711,1.4368954991615065e-17,28.387606613837377,37.0149523947156,-8.627345780878223
0.0014015625,35.09832519508341,8.246470972262143e-22,28.722121690290734,15.971127218547776,12.750994471742958
0.00140234375,34.960764864317525,4.7327229806235546e-26,28.012992680944393,38.324449276423195,-10.3114565954788
0.001403125,31.140919712017315,51.75465910451812,29.35154197967382,-25.416649266579494,3.013532141735192
0.00140390625,36.43226810063822,51.81668064420795,30.10305699858453,-42.64550213621522,20.931878490591803
0.0014046875,33.833964428408876,51.84449367765782,29.058221734335284,5.3984678323644095,-28.18473977568695
0.00140546875,33.63872793822759,51.87222667545909,30.318167320262905,-43.31032181730434,21.756262462108158
0.00140625,35.508292987781935,51.89988155451199,29.844198501783524,-12.772920228964107,-9.282762823764363
0.00140703125,33.26574733199366,51.92745827328122,30.06382944279463,-19.456168955731222,-2.407459874755364
0.0014078125,34.847809130637174,51.95495679023673,30.52427698520946,-30.276455182699443,8.845775377672174
0.00140859375,34.278680423343395,51.98237706396624,30.239202595472847,-12.120401419204933,-9.62277304928846
0.001409375,33.95458187132038,52.00971905317533,30.731508466032505,-27.553737654981195,6.275527067838369
0.00141015625,34.70038278829068,52.036982716687454,30.727557976911108,-19.516002981710255,-1.7934217580660938
0.0014109375,33.95185734770264,52.06416801344404,30.846013580716694,-19.347859103433866,-1.8702953292934799
0.00141171875,34.38772887028852,52.09127490250448,31.12771789966728,-24.350161140528122,3.3866041376909224
0.0014125,34.297847445181446,52.11830334304632,31.12589067776503,-17.85491918283188,-3.13749348244941
0.00141328125,34.10704372798565,52.14525329436524,31.373051334113995,-22.431396073886944,1.6591941136356991
0.0014140625,34.37659856581486,52.17212471587505,31.48897078248588,-20.51672388273449,-0.16643005065468108
0.00141484375,34.12976681458469,52.19891756710792,31.608505935255483,-19.639147060382214,-0.9512645714702231
0.001415625,34.21451005290782,52.225631807714265,31.806116000562003,-21.615741901147672,1.1962260939954092
0.00141640625,35.39538737849628,20.603772277591126,31.808247609792176,-15.324846571845285,26.529321904046334
0.0014171875,36.11402622624939,7.4267182905167815,30.30649937387435,46.18894615311288,-23.309165069755313
0.00141796875,33.0130811922319,7.494771785111061,30.678287594244267,17.98674144848601,5.196774360647197
0.00141875,36.067098897021225,0.6568241273941426,30.678459297987448,16.002237883990546,14.01939728660276
0.00141953125,34.4899286130666,3.7695720431503e-05,29.67710693678215,48.19675575880998,-18.519686517748262
0.0014203125,34.27856935430771,2.1634060284000796e-09,30.19591555226888,16.21549012924393,13.980425420861543
0.00142109375,35.57276318398048,1.3380093543353335e-13,29.6091130306566,35.10927030828648,-5.500157277630016
0.001421875,34.116716689060524,2.2187769695382518e-14,29.435348432557692,31.361124144451704,-1.925775711894032
0.00142265625,35.13624586209262,2.0747438363790386e-14,29.453455511474303,23.39158533468401,6.061870176790271
0.0014234375,34.81893409049316,2.1225855401923574e-14,28.96888551669936,35.182388996105765,-6.213503479406427
0.00142421875,34.59019975486526,2.0869091844807138e-14,28.991703882068247,24.964378706317934,4.027325175750293
0.001425,35.10575862135406,2.118665517155339e-14,28.703119359719736,29.63231282872012,-0.9291934690004077
0.00142578125,34.63407738377004,2.1289522279616703e-14,28.48114248937688,29.76254883142063,-1.281406342043775
0.0014265625,34.92110979543486,1.9811710929662922e-14,28.37680426056555,26.048863410330075,2.3279408502354517
0.00142734375,34.89102311908605,1.774689985179148e-14,28.08462468267633,30.045760348786644,-1.9611356661103312
0.001428125,34.77270841304531,1.5730125642544233e-14,27.954044046180478,26.860890524635796,1.0931535215446666
0.00142890625,34.968303128921505,1.9367509748982908e-14,27.743530404516246,27.72751830932651,0.016012095189718068
0.0014296875,34.82937311255735,1.9270433688135498e-14,27.53170983232526,28.12273219430476,-0.5910223619795189
0.00143046875,34.91277051364762,2.0148009658088236e-14,27.37480056192704,26.51821937620672,0.8565811857202988
0.00143125,34.70585906103792,6.109602708324018,27.170459235084106,26.938739194338815,-5.877882667578728
0.00143203125,34.50348316653131,8.731241173767732,27.321455403767548,13.753451675890354,4.836762554109462
0.0014328125,35.20418535099252,8.799969228780695,27.089557960046534,19.135425875096004,-0.8458371438301676
0.00143359375,34.660483955011514,8.868537518156348,26.912675776826873,19.997364991836193,-1.9532267331656685
0.001434375,32.209688125293276,52.74489670802426,27.6842115432919,-16.442406717868334,-8.61827844686402
0.00143515625,35.34619349998974,52.86781814140771,28.614697625319714,-44.760951214735485,20.50783069864749
0.0014359375,34.511917168725994,52.892480367026224,27.833946744862253,-4.8583552511449515,-20.200178371019017
0.00143671875,33.57031839270724,52.91705730291129,28.680399491710467,-36.26402869665747,12.027370885456646
0.0014375,35.27255759856566,52.941554546340996,28.586185499320525,-22.11806283286554,-2.237306214154932
0.00143828125,33.731310883381425,52.9659720607463,28.627488960886783,-19.329624805767708,-5.008858294091812
0.0014390625,34.55285554101222,52.9903098093549,29.100682021749158,-31.47025410556833,7.580626317962592
0.00143984375,34.49305198650706,53.01456775551456,28.94680271839795,-17.678892245511808,-6.388872791604803
0.001440625,34.02389925493349,53.03874586269329,29.30042953363868,-26.767682229760386,3.029365900705777
0.00144140625,34.630282370700655,53.062844094479246,29.41993247307825,-23.82974659034221,0.18683496894121543
0.0014421875,34.153837611370065,53.08686241458096,29.507022442873208,-21.298915585553658,-2.2809243861540978
0.00144296875,34.34428749431893,53.110800786827284,29.783671287621168,-25.950945188242216,2.6238156890361015
0.00144375,34.39446769585398,53.13465917516744,29.843225216042335,-21.36117241932906,-1.9302615397960503
0.00144453125,34.19562283928108,53.158437543671134,30.052164087385005,-23.735219853323844,0.6289463970377162
0.0014453125,34.40196733980048,53.18213585652858,30.212206197034867,-23.312452242197594,0.3425225827038771
0.00144609375,34.27120714827145,53.20575407805053,30.33686535862977,-21.93488952243599,-0.9339991969847724
0.001446875,34.355208344311954,53.229292172668394,30.536068146388708,-23.54446643026525,0.8512424039855621
0.00144765625,37.011790370699956,0.40333687887784686,30.014336087225637,4.5544676299331615,25.056531578414628
0.0014484375,34.27663371056087,2.314786194020309e-05,28.418575735372034,60.966353967465096,-32.547801379955004
0.00144921875,33.93162291431832,1.328476369166779e-09,29.488818912482948,4.898937929436824,24.58988098171765
0.00145,36.195665693906456,7.624243949586403e-14,28.610525821842668,38.4134032506903,-9.802877428847706
0.00145078125,33.639774323823815,4.375621362332811e-18,28.46592101656964,31.801945825206385,-3.336024808636743
0.0014515625,35.44535945894939,2.5112079877168503e-22,28.651293328717486,18.078036388177864,10.57325694053962
0.00145234375,34.949544046943025,1.44120458224723e-26,27.956356602314457,38.905912477185026,-10.949555874870569
0.001453125,31.15842153194256,53.295358409390936,29.095078819581307,-17.040596411496495,-7.159683178313134
0.00145390625,35.88401055668127,53.43751665491007,30.182068090612663,-49.53439442893183,26.278945864634426
0.0014546875,34.25286778266939,53.460258399980304,29.060570208990328,3.9364365599453524,-28.33612475093533
0.00145546875,33.30180287433616,53.48291278606703,30.233516795061984,-41.762390843034815,18.512994852029767
0.00145625,35.52906241386074,53.5054866274606,29.94861355924266,-18.415207308678447,-5.1416657595394915
0.00145703125,33.33920216292866,53.52797989055823,30.018507938266936,-17.987378743966026,-5.522093208325266
0.0014578125,34.63696401732996,53.5503925414855,30.576141961844364,-33.05671279434082,10.082462214699682
0.00145859375,34.39660463792859,53.57272454648939,30.295961144368512,-14.090161830662414,-9.186601571458466
0.001459375,33.848065376427364,53.59497587193829,30.750460954931178,-27.774837671753087,4.930322754745978
0.00146015625,34.66771147213542,53.61714648432209,30.820924266226598,-22.39744694425914,-0.39877527383635286
0.0014609375,33.9727621302262,53.639236350252254,30.900569230694693,-19.976378722860098,-2.762288396697466
0.00146171875,34.29589051038456,53.66124543646186,31.213073935098084,-26.050186459461315,3.6020149580975387
0.0014625,34.31325972229571,53.683173709805615,31.227199688626254,-19.61163000464136,-2.8443440165380034
0.00146328125,34.05958812098381,53.70502113725993,31.4641471026645,-23.387865312327392,1.146991277731961
0.0014640625,34.33516604142934,53.726787685922986,31.611848302662988,-22.393548985353597,0.27860960209360036
0.00146484375,34.10346678943028,53.748473323014736,31.727140927463452,-20.83207434249302,-1.189258053058266
0.001465625,35.27437054617158,24.09018068657997,31.85018002642975,-19.24680192614592,27.0068012659957
0.00146640625,36.06552690081087,11.73578648360814,30.39135041442259,41.712807379922346,-23.057243449107894
0.0014671875,32.964556925610445,11.802974576473613,30.781856593039233,13.982783287837345,4.996098728728275
0.00146796875,35.826291188504825,11.870857780934521,30.848511785436024,10.399078264089695,8.578575740411805
0.00146875,34.24362955762819,11.938723149011313,30.167340712555674,32.07106072554758,-13.84244316200322
0.00146953125,35.00769267652001,0.09070092771315158,30.483810209064444,12.708458156615102,17.68465112473619
0.0014703125,35.22739684209953,5.205406870747097e-06,29.59708925428566,42.8877732007039,-13.29068915182511
0.00147109375,34.01806500389492,2.9876381682732065e-10,29.770165126603022,24.37256981155685,5.397595314747405
0.001471875,35.42691153580175,3.192525383699774e-14,29.545323951830557,27.65957161307506,1.885752338755468
0.00147265625,34.4687338087601,1.9751697613066763e-14,29.141797213818876,34.817106755143755,-5.6753095413249
0.0014734375,34.794403157684634,1.982387664312437e-14,29.217596465193576,23.192912302162895,6.02468416303066
0.00147421875,35.02782613053102,2.1270356051239005e-14,28.80978549292774,32.58117406661242,-3.7713885736846993
0.001475,34.5552927391497,2.1305083970233064e-14,28.70177961222949,27.70674278860416,0.9950368236253099
0.00147578125,35.02446378209411,1.7242792007736908e-14,28.52984695977142,27.23118838808626,1.2986585716851424
0.0014765625,34.76759406928797,1.9789087750546632e-14,28.247898248440862,30.3780697762058,-2.1301715277649564
0.00147734375,34.8166315802894,2.134294677954681e-14,28.146266747307493,26.183770124598876,1.9624966227085956
0.001478125,34.94804271926985,1.6178491496360673e-14,27.891448953887906,28.854737142689324,-0.9632881888014352
0.00147890625,34.78216569846461,1.765601235727065e-14,27.71488430631887,27.637607831470365,0.07727647484848568
0.0014796875,34.939495296212094,1.9670705695859492e-14,27.54052157568838,26.89374885705918,0.6467727186291814
0.00148046875,34.93316131662731,2.087922362505969e-14,27.31562322525098,28.04252546285385,-0.7269022376028894
0.00148125,34.07936992650191,13.01953272588193,27.53756680918873,11.49022138226519,3.0278127010416087
0.00148203125,35.278151744748314,13.089600106194888,27.474258108048538,11.579420649104362,2.8052373527492875
0.0014828125,34.5654345861245,13.157126377582669,27.16223238307106,19.392213107116085,-5.387107101627693
0.00148359375,34.72620509315151,13.22463268987075,27.29922060177298,9.075701318317888,4.998886593584343
0.001484375,35.06849865757177,13.292119086092685,27.03685200995246,16.489410446953315,-2.744677523093536
0.00148515625,32.031880465817814,54.19226305288789,27.712006537982013,-15.88753944828914,-10.592717066616736
0.0014859375,35.34954366184411,54.30327926542725,28.756365028179818,-48.44159530801099,22.894681070763557
0.00148671875,34.55681793660439,54.322691818692576,27.894602908986407,-4.496039708236441,-21.932049201469727
0.0014875,33.442450778231084,54.34201731044375,28.79691148180831,-38.205307355129285,12.660201526493843
0.00148828125,35.33110173222102,54.36126096379749,28.711812566645843,-23.72195891911158,-1.9274894780400686
0.0014890625,33.6643856793529,54.38042275007463,28.73290673410746,-19.840074455301163,-5.807441560666007
0.00148984375,34.520628227796266,54.399502640417865,29.252208096305154,-33.521912693935995,8.374618149823286
0.001490625,34.49436997784914,54.41850060609324,29.08001625279868,-18.460908411578778,-6.877575941715782
0.00149140625,33.95725622741094,54.437416618490175,29.453228986761737,-28.110253321401963,3.126065689673526
0.0014921875,34.622574907286854,54.45625064912147,29.58587737545279,-25.242057341343276,0.3716840676745914
0.00149296875,34.1101299158553,54.475002669623436,29.669679903478364,-22.22443400264931,-2.58088876349576
0.00149375,34.30028521263746,54.49367265175586,29.967458028896367,-27.399633769648787,2.8734191467892973
0.00149453125,34.363046235102,54.51226056740208,30.027863789755855,-22.426067905545942,-2.0583288721002813
0.0014953125,34.13159661262765,54.53076638856904,30.247136118620833,-24.90444431525618,0.6208140453079689
0.00149609375,34.337886619049286,54.549190087387316,30.418345683335115,-24.554929404211887,0.4240850001596852
0.001496875,34.109985255459854,54.56753163611113,30.546642069909023,-22.971368614162127,-1.0495209520399766
0.00149765625,37.60172906860347,0.12197356637212392,29.79493339607325,14.214167487252098,15.458792342449028
0.0014984375,33.73065495776428,7.0001713768187715e-06,28.456391123885933,57.64837514882185,-29.191991025107292
0.00149921875,34.454381525271494,4.017460566442199e-10,29.53960747710307,2.8479828034438164,26.691624673257508
0.0015,36.00470883914624,2.3056563238388738e-14,28.48144744004849,43.05320331872584,-14.571755878677372
0.00150078125,33.62339624551069,1.3232366555288936e-18,28.553759988652544,27.26665142967569,1.2871085589768538
0.0015015625,35.646386408911646,7.594172767344548e-23,28.583217255472313,20.738494927473692,7.844722327998619
0.00150234375,34.71912175876267,4.3583632435897454e-27,27.94476235255192,38.43972534070418,-10.494962988152258
0.001503125,32.217000204170056,53.306580629421134,28.587755926571123,2.626441432330299,-27.34526613518031
0.00150390625,34.42853153908144,54.728823685313216,30.19031973246552,-56.39829938168785,31.859795428840155
0.0015046875,35.329994276949236,54.74642284797162,29.19536647007103,-3.828750082286878,-21.722306295613716
0.00150546875,32.8897300139602,54.76385895447541,29.90845174717908,-31.52501653329007,6.66960932599374
0.00150625,35.36136407477244,54.781212582971094,30.142689235245754,-30.07344615437574,5.4349228066504
0.00150703125,33.81810269109839,54.79848371195036,29.88237826972844,-13.738799464991272,-11.177305977230649
0.0015078125,34.1507011393003,54.815672315403496,30.545655151886265,-34.65676546348425,10.386748299967016
0.00150859375,34.7037788569662,54.83277836744476,30.369127428681846,-18.509912065223816,-5.953738873539099
0.001509375,33.78093515336155,54.84980184231274,30.65087679348003,-24.88885930898122,0.6899342601485063
0.00151015625,34.562683232767405,54.8667427143704,30.895342395227857,-26.8047180033267,2.833317684184154
0.0015109375,34.157182940580185,54.88360095810509,30.891987223349247,-19.896832296792162,-4.094781437963684
0.00151171875,34.147160806703724,54.90037654812861,31.22094648157256,-26.878408337072297,3.1989782705162453
0.0015125,34.40385241539294,54.91706945917721,31.29135505837464,-22.13582025798861,-1.489894142813964
0.00151328125,34.07855550530861,54.93367966611167,31.471013458993106,-23.172962345362407,-0.289703861756158
0.0015140625,34.324952687521076,54.950207143917325,31.677832109384735,-24.482865815046992,1.2104907805144003
0.00151484375,34.62752580622214,54.96665186770409,31.780099007349502,-21.79181698394582,-1.3947358764087616
0.001515625,36.18835378218758,15.976322162476691,30.631843099419093,28.599257788229604,-13.943736851287202
0.00151640625,33.07808246813038,16.04066334493337,30.677564284507376,17.149231594245062,-2.512330654671059
0.0015171875,35.38330062402234,16.107221754093448,30.998424294207837,2.776666364125741,12.114536175988647
0.00151796875,34.5264227545889,16.173756034703665,30.30183653813007,27.61339164864793,-13.485311145221525
0.00151875,34.15221654626198,16.240265957936955,30.70291677965647,5.289929473553328,9.172721348166187
0.00151953125,35.22749734958474,16.306751423623236,30.383535655029164,16.862971678590533,-2.7861874471846053
0.0015203125,35.142281271823414,0.01076321485435458,29.87898221729577,31.590428170092128,-1.7222091676507092
0.00152109375,34.4512990252044,6.177104895081087e-07,29.654391427977547,31.317530400696,-1.6631395904289434
0.001521875,34.89533494931577,3.5470742074734046e-11,29.58313932019783,26.274005773782587,3.3091335463797726
0.00152265625,34.822595795909706,2.3339560657512935e-14,29.242108935736383,32.183178474458735,-2.941069538722376
0.0015234375,34.66218923682307,1.4192206533849685e-14,29.1417550683835,27.447685802326177,1.6940692660573093
0.00152421875,34.93941263013221,2.0838632907301586e-14,28.914441460960013,29.02018119479721,-0.10573973383721783
0.001525,34.72413841085503,2.127500392311221e-14,28.693539322657216,29.513825129151236,-0.8202858064940428
0.00152578125,34.84392088304697,2.292039527764414e-14,28.547476751409576,27.32410689124588,1.2233698601636744
0.0015265625,34.85885821754621,2.2319279560603466e-14,28.305478353783965,29.181625054412514,-0.8761467006285706
0.00152734375,34.789672292050824,2.1574559118315062e-14,28.137417213679118,27.69609383509556,0.441323378583536
0.001528125,34.89125921385308,2.1224643479565177e-14,27.940163439858587,27.80464846164987,0.13551497820869537
0.00152890625,34.829728067926055,2.623476313806113e-14,27.734111892703595,28.05997614431719,-0.3258642516136197
0.0015296875,34.846143506374524,1.4690733956784198e-14,27.559756882767605,27.11553498655099,0.4442218962166007
0.00153046875,34.02013674378744,17.104608148975316,27.563502525174307,18.98079734711891,-8.521902970919918
0.00153125,34.85402333898025,17.30102302767004,27.95114284473535,-0.008614629844373667,10.658734446909683
0.00153203125,35.02804439226403,17.367111059494547,27.470655534282994,17.872324726874478,-7.768780252086032
0.0015328125,34.27375057291883,17.433165458685416,27.607711004382182,7.237351837971423,2.937193707725345
0.00153359375,35.115836577295575,17.499193603414966,27.53009891243511,8.696843777270303,1.3340615317498434
0.001534375,34.56630325769728,17.565195394675193,27.328647473747495,13.27123314003522,-3.507781060962918
0.00153515625,34.789140857434425,17.6311707330686,27.42208691775067,6.21453115517699,3.5763850295050754
0.0015359375,32.55018362345753,55.29499904326632,27.893739656260554,-15.190510254037608,-12.21074913296816
0.00153671875,34.96453434870718,55.393404038302165,28.887849967112867,-46.746075455509015,20.240521384319717
0.0015375,34.67702463329732,55.40744346699556,28.208308273522675,-9.615053423200484,-17.5840817702724
0.00153828125,33.505429082389156,55.42139461605322,28.934175492821506,-35.40582499032877,8.918605867097053
0.0015390625,35.1421064329759,55.435262301214564,28.972224279905873,-26.431836584537134,-0.03120143677155527
0.00153984375,33.82763649198333,55.4490465018727,28.97095153385361,-20.690488716724097,-5.787606251294991
0.001540625,34.40590682678875,55.4627471972689,29.457997609870812,-33.14025158999774,7.1355020025996545
0.00154140625,34.50420291773827,55.47636436677014,29.358722228042073,-20.775505564929837,-5.342136573798232
0.0015421875,33.99241981282203,55.48989798986923,29.67940750115378,-27.807862924568777,1.9973724358533298
0.00154296875,34.55124122244122,55.503348046184755,29.848884010962408,-26.45485732321443,0.8003932879920834
0.00154375,34.16295551552218,55.516714515461196,29.937755375349433,-23.183551273145873,-2.3954078669658885
0.00154453125,34.27722563926916,55.52999737756888,30.222929491367783,-27.674844115156823,2.367776228955723
0.0015453125,34.37517225130701,55.54319661250406,30.312909406193146,-23.687342607393024,-1.5429445989178925
0.00154609375,34.19283458366821,55.55631220038892,30.52011524530078,-25.340464001722918,0.3042670466347726
0.001546875,34.939101468562875,55.56934412147164,30.705462488749305,-25.413543745337126,0.5496621126147926
0.00154765625,37.1179237056537,0.003189174045800631,28.90214612940736,50.939389993403225,-22.040433038041666
0.0015484375,32.55623485489134,1.8302953283334544e-07,28.975353861347926,31.366325071211612,-2.390971392893218
0.00154921875,36.044077178327626,1.0504227554875472e-11,29.350020608510807,12.136184516109154,17.213836092391148
0.00155,34.662125335081136,6.028469548959202e-16,28.275263972710384,48.141007895268324,-19.86574392255794
0.00155078125,34.20745939229805,3.4597922515359305e-20,28.821403523672384,14.85743418134899,13.963969342323393
0.0015515625,35.70898808186002,1.9856055216957466e-24,28.26891157288116,32.89469109210744,-4.6257795192262865
0.00155234375,34.19368650290295,1.1395566557611543e-28,28.05509515567602,31.067878905833584,-3.0127837501575643
0.001553125,33.73512190084582,39.24695578011569,28.238700677877315,16.255842752039616,-27.264097854277992
0.00155390625,32.49245588413405,55.68192064177317,29.815861714264635,-48.695236923231874,22.82917799572334
0.0015546875,36.14269709460045,55.695057348809385,29.56293877484816,-23.68136795012954,-2.450750623831684
0.00155546875,33.052945372880394,55.7071677215958,29.41716117343352,-14.630108610901582,-11.659897937260698
0.00155625,34.58632414170723,55.71919414630585,30.269304452888083,-41.47473795643775,16.02484826301998
0.00155703125,34.634557578143365,55.731136658913385,29.803942152357813,-13.223720919215971,-12.703473587339602
0.0015578125,33.578607576828226,55.742995241436276,30.34672790219776,-30.913192182942367,5.516924843703851
0.00155859375,34.85118350060265,55.75476987601574,30.47017002857163,-26.39096671601365,1.1063668685695391
0.001559375,33.91725939167568,55.76646054491937,30.471923182672583,-20.26488126878364,-5.029656093463147
0.00156015625,34.25320719637366,55.778067230541254,30.892622144516448,-30.350569956054386,5.465124870029581
0.0015609375,34.41281858260192,55.7895899154019,30.865781359097316,-21.190656703944153,-3.733151852360429
0.00156171875,33.98230036976915,55.801028582148376,31.129108705952458,-25.73054792499669,1.0586280488007718
0.0015625,34.40628824619015,55.812383213554256,31.31419332959625,-25.448752409714693,0.9505625257566873
0.00156328125,34.152117348878974,55.823653792519664,31.40989702355265,-22.437233390656434,-1.976523378310583
0.0015640625,34.56454567178932,55.8348403020713,31.66652997978576,-25.956353181703705,1.788042859418167
0.00156484375,36.12825823041289,20.11970768210652,30.529535774329997,25.060953601384586,-14.651125509161108
0.001565625,33.020451513133274,20.18252082072285,30.632444537725426,12.380522129634137,-1.9305984126315594
0.00156640625,35.36447364118349,20.247356894670858,30.96330960847612,-1.1028916968527398,11.818844410658002
0.0015671875,34.44704434857321,20.312162594307726,30.298676598699128,23.4950545491741,-13.508540544782697
0.00156796875,34.108996545281336,20.376937704201563,30.734199720010878,0.9878515384743025,9.369410477335013
0.00156875,35.125972665795715,20.441682126795484,30.431788694737946,13.03231617251128,-3.0422096045688196
0.00156953125,34.06695701830329,20.506395764585548,30.349758069222933,11.997541166141858,-2.1541788615044726
0.0015703125,35.277147240249484,6.06654936482243,30.422162070451378,7.072563601734048,17.283049103894903
0.00157109375,35.493684907888245,0.00034816465965389903,29.38268607027925,44.64403695052427,-15.261699044904672
0.001571875,33.80586373225388,1.998150052232282e-08,29.572419521411522,24.650920969502437,4.921498531927585
0.00157265625,35.547630428985535,1.1633693295014367e-12,29.41310277160332,25.67254469059266,3.740558081009499
0.0015734375,34.46806717941315,2.7262940961156744e-14,28.919347285795197,36.61092491490636,-7.691577629111194
0.00157421875,34.728389770440984,2.3222537631452236e-14,29.06848286812322,21.710207600872906,7.358275267250289
0.001575,35.11927113297076,2.6156653676541895e-14,28.62912243032874,32.780274048415485,-4.151151618086771
0.00157578125,34.49095141338838,2.1313256949668475e-14,28.5161577499577,27.90070595811292,0.6154517918447588
0.0015765625,35.05448916700408,2.1313953417984247e-14,28.37312721391446,26.358499441733223,2.014627772181218
0.00157734375,34.780689826654374,1.9720058915800653e-14,28.06076548593736,30.844950089891302,-2.7841846039539626
0.001578125,34.79444628049179,3.268138304568913e-14,27.98127170301026,25.660029659451784,2.3212420435584447
0.00157890625,34.99372637743901,1.6744733027394006e-14,27.720855342431065,28.714826385036982,-0.9939710426059345
0.0015796875,34.215974407439234,15.049990591866333,27.584583610134615,25.733738361926385,-13.1991453436581
0.00158046875,34.005121588673276,21.408738532011093,28.219261322587027,-5.331605510258996,12.14212830083493
0.00158125,35.469351113518634,21.473339974689395,27.878685502956955,9.761415847915439,-3.3560703196478805
0.00158203125,34.04796173198688,21.537547854094782,27.773278253359493,9.785994005330757,-3.550263606066045
0.0015828125,34.90525568637631,21.601723277611313,27.985455705197438,-0.2202692185245823,6.6040016461107065
0.00158359375,34.75416505712037,21.66586616932178,27.652411742798673,11.956174715856339,-5.969629142379446
0.001584375,34.40747958955438,21.729976432629375,27.800359352152576,2.8108212641742867,3.2595616553489166
0.00158515625,34.95669933883625,21.794053970985125,27.69782172971891,6.14352071922898,-0.23975296049519415
0.0015859375,34.557275127128655,21.858098687889495,27.60327810426769,7.507416069242623,-1.762236652864427
0.00158671875,32.60461871132722,56.04609193833902,28.26491502881311,-21.063636801444503,-6.717540108081406
0.0015875,35.078493163623726,56.131259919006425,29.050137482407933,-43.1832871422294,16.102164705630912
0.00158828125,34.40988513335408,56.13983694076513,28.490121831597705,-11.719912010171152,-15.929803098996274
0.0015890625,33.671304325294905,56.14832502617219,29.21221074328678,-36.429043583823564,9.492929300938155
0.00158984375,35.00647363686597,56.156728552964466,29.190393946368136,-25.15522082630084,-1.8111137802954909
0.001590625,33.788093771821124,56.16504750873841,29.277985738128166,-22.95397587325478,-3.933085897355463
0.00159140625,34.434261348886736,56.17328188096583,29.70352142835458,-32.42037391567885,5.950613463067601
0.0015921875,34.38024321831535,56.18143165724591,29.635403366145223,-21.495133417056934,-5.050894874043753
0.00159296875,34.007716043727356,56.18949682530523,29.967281649363986,-28.608358443001283,2.3861432670600435
0.00159375,34.47903906901143,56.19747737299779,30.113400285508508,-26.206697984100728,0.12262089661144877
0.00159453125,34.0948967673455,56.205373288305026,30.234633890662423,-24.1680034404816,-1.8027359571610035
0.0015953125,34.23145481645406,56.213184559335865,30.504327606751065,-27.76108469677368,2.0522277441888783
0.00159609375,34.22285851963997,56.220911174326645,30.602690755993656,-24.07803224023573,-1.5401881780972615
0.001596875,36.57941561294432,1.4437797844194893,30.3898392465618,-8.116915834047736,37.06297529619005
0.00159765625,35.18987195388855,8.285980497191309e-05,28.48182241904205,64.53462374929566,-36.052884190058585
0.0015984375,33.29588251172198,4.755397848117144e-09,29.487197655979422,8.741262010475925,20.7459356407481
0.00159921875,36.44830764118225,2.7291650881320014e-13,28.885968330201962,31.63758792525367,-2.7516195950519804
0.0016,33.71950920917253,1.5662920992462616e-17,28.43506886258522,38.12995862488501,-9.694889762299796
0.00160078125,35.125727845783885,8.989089560135117e-22,28.824918813627065,14.811818288220554,14.013100525406513
0.0016015625,35.121163581062945,5.1589183881483476e-26,28.068638752814497,39.26353103205639,-11.194892279241895
0.00160234375,34.22366332456604,2.9607491123022138e-30,28.20932515924987,23.04673232854438,5.162592830705491
0.001603125,35.22598137012806,1.6992002288961728e-34,27.96264307218274,27.14595130144132,0.8166917707414205
0.00160390625,31.112861101556533,56.256403625735075,28.9557858916142,-21.09609460196431,-6.204523132156562
0.0016046875,36.08023864664758,56.300311273765296,30.065418418359084,-53.15184853379626,26.91695567839005
0.00160546875,34.21227453025233,56.30702327508318,28.90813038321253,2.391208176314666,-29.79010106818532
0.00160625,33.305646231387755,56.31364834921639,30.165977743498363,-46.06606188472917,19.918391279011143
0.00160703125,35.59465747471311,56.32018861589066,29.85231754406758,-20.492582033492468,-5.97528903833061
0.0016078125,33.2803434824294,56.326644065378694,29.958042216160358,-20.983465004601914,-5.3851368446164205
0.00160859375,34.68237703206983,56.33301468795871,30.543051079333104,-36.22730613173783,10.437342523112228
0.001609375,34.383550107626604,56.33930047403666,30.259120493833013,-16.355140882059107,-9.725039098144542
0.00161015625,33.83701593648752,56.34550141414627,30.7537943410017,-30.96137641763525,5.369669344490683
0.0016109375,34.69049233687139,56.35161749894903,30.828996494291147,-24.91204619713304,-0.6105748075248454
0.00161171875,33.955994149991945,56.357648719234234,30.929180292581897,-22.64385792109072,-2.7846105055616164
0.0016125,34.3243203774144,56.36359506591897,31.26471411791423,-28.859473799009976,3.760592851005236
0.00161328125,34.65919393311378,56.369456530048154,31.288978871738014,-22.078555945732887,-3.001921712577255
0.0016140625,35.73061383686387,24.14289270958594,30.424267835129974,17.291251614076806,-11.009876488532772
0.00161484375,33.37112251477248,24.203802541942864,30.509573431960458,7.875135478031215,-1.5693645880136196
0.001615625,35.144541965148804,24.26652893270532,30.77606180566829,-2.5126995295202534,9.022232402483224
0.00161640625,34.45797952238504,24.329218884859586,30.282800253556793,16.212175130915455,-10.258593762218247
0.0016171875,34.1949342987805,24.391872197655992,30.62461070146358,-0.8453339464982662,7.078072450305854
0.00161796875,34.97320214396124,24.454488776733687,30.408992293763873,8.225171239129514,-2.2706677220993265
0.00161875,34.17874919167688,24.51706852779322,30.357353098881887,7.507913077332964,-1.6676285062442995
0.00161953125,34.688778783168516,24.579611356590647,30.458170901740402,2.321342943329178,3.5572166018205795
0.0016203125,34.596869262806784,24.642117168937563,30.26456751437805,8.982602430016838,-3.360152084576349
0.00162109375,35.64058573066641,0.18691738776979347,30.041648726574152,16.016209350892186,13.838521987912173
0.001621875,34.70647896452521,1.072735502761709e-05,29.149985009569182,44.532862036676036,-15.382887754461883
0.00162265625,34.2627213754411,6.156730809591981e-10,29.512306563820314,19.094597627964646,10.417708935239995
0.0016234375,35.46498961764479,5.818109224781139e-14,29.05855890969488,32.116143268468846,-3.0575843587740223
0.00162421875,34.27962789011171,1.97772907054858e-14,28.825134346861642,31.532955936736933,-2.707821589875313
0.001625,35.02268332519912,2.57070534057494e-14,28.839590686887238,23.36778839546446,5.471802291422753
0.00162578125,34.87885259657036,1.8697188003442845e-14,28.404762018129944,33.38608170187277,-4.981319683742844
0.0016265625,34.6087163576393,2.3947689756585372e-14,28.37490997886464,25.516910586878044,2.8579993919865707
0.00162734375,35.06081752183753,2.0099498319288652e-14,28.127735682748536,28.38879897946473,-0.2610632967162147
0.001628125,34.68360453484214,2.3006822582086123e-14,27.895162864858534,29.270973740263305,-1.37581087540479
0.00162890625,34.827183881348176,1.6692757632088317e-14,27.785124740974382,25.778193736816036,2.006931004158328
0.0016296875,33.356586643591804,25.37255507461997,28.112737043682873,5.169408268733894,-2.4292262996709906
0.00163046875,35.324896483273896,25.451280519798473,28.457532069227575,-7.660303208847731,10.666554758276835
0.00163125,34.588841899046066,25.513259202501928,27.906333791497048,14.163551420745677,-11.770476831750555
0.00163203125,34.23451437444407,25.575198503786247,28.311693336009867,-5.165092524842687,7.901587357066308
0.0016328125,35.14432233610534,25.637099289228804,28.095868263808182,4.808209906429013,-2.349440931849635
0.00163359375,34.23297568603126,25.698961465663153,28.047048052312594,4.460002223751737,-2.1119156371022956
0.001634375,34.79299388666299,25.760784939925934,28.18860394278866,-1.718841897962679,4.146660900825405
0.00163515625,34.68090175376661,25.822569618912187,27.987221424252887,5.996192996454958,-3.831541191114259
0.0016359375,34.47536967881936,25.88431540957524,28.094842695922598,0.067586540020136,2.142940746327222
0.00163671875,34.8589474329352,25.946022218927073,28.03734971260085,2.3134578343277967,-0.22213034065401802
0.0016375,32.633987157578055,56.44076523688426,28.52904096153967,-18.714938824512462,-9.196785450832127
0.00163828125,34.969901134517066,56.51215458580623,29.397316333125026,-44.612556806112224,17.49771855343102
0.0016390625,34.5193999711693,56.51521465590593,28.812198893465748,-11.612174591780898,-16.090841170659285
0.00163984375,33.59451368680751,56.518185698519986,29.51694496511888,-35.80599403931103,8.804753305909925
0.001640625,35.02464668855915,56.52107162554302,29.53700154614567,-26.139556339574046,-0.8445137398233072
0.00164140625,33.80964845408355,56.52387243285362,29.58719240078174,-22.238232114006667,-4.698447918065215
0.0016421875,34.395435616292424,56.52658811623384,30.036331162616776,-32.78329976308413,6.2930428094670665
0.00164296875,34.42155338895889,56.529218671593924,29.965980132081427,-21.577539511145634,-4.985699028366861
0.00164375,33.997840974254,56.53176409497229,30.288677702509883,-28.333248765727507,2.090162373265101
0.00164453125,34.49934732553402,56.534224382535584,30.450596688335303,-26.54024379806041,0.4566161038601269
0.0016453125,34.145889730240725,56.53659953057864,30.560631740661336,-23.95262298884847,-2.0233448010688337
0.00164609375,34.390226905299,56.53888953552455,30.836958926921955,-27.836651385878753,2.1347207772761627
0.001646875,37.75960934755409,0.03728067631539339,29.60347778541531,29.043385516959894,0.522811592140023
0.00164765625,32.92277471421546,2.13957114654889e-06,28.726295362122073,50.50526818633651,-21.778974963785583
0.0016484375,35.095406406536505,1.2279188962176493e-10,29.703507665716295,2.695489550540441,27.008018115053062
0.00164921875,35.53743874315307,7.04713567539184e-15,28.480656719580793,48.19685380226619,-19.716197082685404
0.00165,33.63358443390868,4.0444137947835413e-19,28.82424414269908,21.313707518560605,7.510536624138476
0.00165078125,35.760977677325506,2.3211250211279488e-23,28.61730529487936,25.272763135680268,3.34454215919909
0.0016515625,34.340998204498746,1.332114278379512e-27,28.0983887099342,36.957840526093655,-8.859451816159456
0.00165234375,34.76896619287455,7.645122233873628e-32,28.323144062695242,19.259206844631404,9.06393721806384
0.001653125,35.12168209037807,4.3876035952388016e-36,27.818985578540783,33.36718226112446,-5.548196682583679
0.00165390625,33.069966807542905,51.634498436229414,27.995494121738492,16.29112991596772,-39.93013423045864
0.0016546875,33.5170714431546,56.55817673805309,30.023220220608245,-63.562498180085505,37.02754166264066
0.00165546875,36.12379716331255,56.55972729012137,29.067553295362035,-9.241277997265072,-18.250895997494265
0.00165625,32.562989452862006,56.56091018386476,29.50255810465895,-26.079388158669403,-0.9789639205364105
0.00165703125,35.30244519847936,56.562007881687784,30.09425198361017,-39.24251604955156,12.77476015147395
0.0016578125,34.120574495012704,56.56302039814821,29.59941296840141,-11.494160298244514,-15.469447131502287
0.00165859375,33.81803045729815,56.56394773172212,30.361734613760255,-37.256532464404486,11.05431934644262
0.001659375,34.92670489267583,56.564789881012985,30.24544823840943,-22.269961447688015,-4.049380194915538
0.00166015625,33.71104894251106,56.56554684475254,30.422353078501025,-24.019034847988344,-2.1241589182631686
0.0016609375,34.50345286841333,56.5662186218008,30.792939250775035,-30.9021369424755,5.1288575714497355
0.00166171875,34.282373537947905,56.5668052111461,30.7321784350503,-20.664394492287094,-5.1702322838087005
0.0016625,34.33678775094041,56.56730661190501,31.08588886987666,-28.579789131181283,3.0983713891529305
0.00166328125,35.9345637313359,28.021841666070735,30.1980952576125,13.711187424104043,-11.534933832562277
0.0016640625,33.183440366297376,28.080484300607704,30.27839882462215,5.060358142340822,-2.862443618326375
0.00166484375,35.16136166334413,28.140726264020373,30.651449382188947,-8.445156103760267,10.955879221928841
0.001665625,34.461826761858894,28.20092594222173,30.10513701821401,13.77311996210949,-11.868908886117211
0.00166640625,34.076865434167644,28.261083150343673,30.521972010504513,-5.574900075596471,7.835788935757312
0.0016671875,35.00756689633857,28.321197797785125,30.323111497399577,4.209700957701313,-2.2077872580868596
0.00166796875,34.089809803393564,28.38126979401453,30.27897821387791,4.1482594691514185,-2.2505510492880365
0.00166875,34.640023275487714,28.441299048564545,30.43590767736607,-2.230992099802623,4.225600728604148
0.00166953125,34.53333573130943,28.501285471032162,30.24326826503607,5.58803629633545,-3.8460535023315425
0.0016703125,34.30016831401053,28.561228971078936,30.359991624016164,-0.3057164938232504,2.104479146760479
0.00167109375,34.53455249692741,28.621129458431078,30.314019869613425,1.878212563713862,-0.18532215253151493
0.001671875,36.129447740215845,0.00556913703376537,29.430226554071393,35.88514955621245,-6.460492139174822
0.00167265625,33.76372427889466,3.196177435944741e-07,29.175477039091074,34.25495383332072,-5.079477113847387
0.0016734375,35.23977429818077,1.8369184818564122e-11,29.384857730036888,18.7692595165875,10.61559821343102
0.00167421875,34.914577484870314,2.2003214339165874e-14,28.71759537045525,38.610466812594844,-9.892871442139615
0.001675,34.3952204842885,2.2165365954238964e-14,28.851198982503647,23.137412924218342,5.713786058285284
0.00167578125,35.27265194089677,2.4190436450484822e-14,28.54550819844214,29.233155168298364,-0.6876469698562482
0.0016765625,34.52706292279859,2.514513800965959e-14,28.27859739672881,30.94360599308613,-2.665008596357346
0.00167734375,34.91416030629696,2.1231080105183595e-14,28.24584338521376,24.34584676479744,3.8999966204162977
0.001678125,34.90663199887124,1.9549438916525e-14,27.897247124505945,30.94476583943818,-3.0475187149322576
0.00167890625,33.988384485716146,26.67597724041836,27.92132169339638,21.08541724872256,-19.84007279574454
0.0016796875,34.171553142234764,29.277024353724432,28.838738261991452,-18.742515521911177,18.304229430178196
0.00168046875,35.49531887544568,29.336547537254397,28.284091716254927,7.796866944085902,-8.84932276508537
0.00168125,33.72484907779525,29.395880682687277,28.404513534989473,-0.3408099709596741,-0.6505571767381298
0.00168203125,35.078364403811364,29.45516955008418,28.61811638320073,-7.298755806166693,6.461702639283245
0.0016828125,34.51094487686441,29.51441405852758,28.285112912509305,6.44654477698,-7.675845922998278
0.00168359375,34.35046123053392,29.5736141187968,28.57764816516564,-6.450111559514998,5.45414560588384
0.001684375,34.91135897174701,29.632769641737625,28.43910682195336,0.7298706223354359,-1.923533442119701
0.00168515625,34.311660452950086,29.69188053826288,28.441122384487873,-0.15578362892588588,-1.0949745248491212
0.0016859375,34.70452171983032,29.750946719352626,28.544587760586705,-3.793577766633754,2.5872188078678335
0.00168671875,34.604601737993924,29.809968096054313,28.43281074250498,1.1695913169529122,-2.5467486705022444
0.0016875,34.52319657624627,29.868944579482758,28.52686108079765,-2.863674838442913,1.5215913397578065
0.00168828125,33.048703556072645,56.47650905296776,28.972414043475517,-20.14768313087838,-7.356411878613857
0.0016890625,34.76705332134974,56.53366577661755,29.681873743674856,-40.175672093996496,13.3238800610538
0.00168984375,34.47313430440533,56.53118943484411,29.28511514589274,-15.196321457462416,-12.049752831488954
0.001690625,33.744608382977745,56.52862454061257,29.852281849162708,-33.10036806077329,6.424025369323431
0.00169140625,34.829213454521316,56.52597451509794,29.92007211993382,-26.157361283985047,-0.44854111117907697
0.0016921875,33.921926285093235,56.52323936248723,29.994459974079724,-22.8610779283148,-3.6677014600927067
0.00169296875,34.34628861755205,56.52041908689952,30.37847069098354,-30.896305280875126,4.7543568849591455
0.00169375,34.3820412386598,56.51751369258212,30.369508864321016,-22.43095228879004,-3.7170525394710654
0.00169453125,34.05984503476895,56.51452318391049,30.652292996013422,-27.354357557652452,1.4921273697553827
0.0016953125,34.46548119822648,56.51144756538828,30.819892834955525,-26.091527589080467,0.3999728586477106
0.00169609375,35.50453118241236,4.918458516228489,30.70024135593951,-13.808546569891233,39.590329409602255
0.001696875,35.84063313553148,0.0002822747054745617,28.779118484345776,62.09560547419857,-33.31676926455827
0.00169765625,32.90664230763878,1.6199996215856882e-08,29.527475081164543,15.689140751866336,13.838334313098208
0.0016984375,36.37827651519443,9.297321804040573e-13,29.244919551278223,25.113144156178603,4.131775395098691
0.00169921875,33.96148896588666,5.3358156123072945e-17,28.556537809672733,42.44383576473831,-13.887297955065575
0.0017,34.798056989301,3.062272001402483e-21,29.036153938276172,14.183881149326968,14.852272788949202
0.00170078125,35.326181761934166,1.7574651172248023e-25,28.316078259428256,37.87937153978585,-9.563293280357595
0.0017015625,34.15465132493081,1.0086248500614606e-29,28.35066485604382,25.763600407989315,2.5870644480545066
0.00170234375,35.29933421562992,5.788587654974066e-34,28.21032238633102,25.204121311820735,3.006201074510283
0.001703125,34.6192003768067,3.322121900652789e-38,27.80769762280601,33.09858166656566,-5.290884043759645
0.00170390625,34.618659778958964,1.906595283793167e-42,27.846376575447053,23.04209504708254,4.804281528364512
0.0017046875,31.613152375327235,56.43066785678617,28.834367568863833,-23.0859087422975,-4.510391545624839
0.00170546875,35.84165489558507,56.46371967362292,29.776434377186263,-49.00014592307041,22.312860626633757
0.00170625,34.19737966164182,56.45945519869758,28.835899114869964,-2.5064566737630223,-25.117099410064597
0.00170703125,33.48558796237344,56.45510356011805,29.93257917047895,-43.541056705118336,17.018532315479238
0.0017078125,35.38995698102441,56.45066690105019,29.684464040334507,-21.427997399009744,-5.33820546170594
0.00170859375,33.434315695338405,56.446145228298164,29.81383115592907,-22.304618759234376,-4.327695313134719
0.001709375,34.63684504625463,56.44153854867152,30.329793970159372,-34.819129683592074,8.707385105079927
0.00171015625,34.36324044123693,56.43684686910783,30.119420018317804,-18.079559174099945,-8.237867676690085
0.0017109375,33.92599144658643,56.4320701966727,30.568510680824808,-30.480958044577456,4.617398528729566
0.00171171875,34.89079754406375,56.42720853855971,30.656388246670137,-25.174500727836147,-0.5963195640534285
0.0017125,35.27950403154706,31.733380677419085,29.909771450637543,9.890977079433892,-11.714586306215432
0.00171328125,33.55165039869032,31.78940576741916,30.1616926588498,-3.39839160599022,1.770678497420859
0.0017140625,35.08001211719416,31.846803401948424,30.312522074586106,-6.79494432449939,5.2606629971370715
0.00171484375,34.284137355904896,31.904153157286387,30.008113616174526,5.830543975508474,-7.726583516620335
0.001715625,34.30480779448541,31.96145486555095,30.338206363348704,-7.905161529093033,6.281913026890786
0.00171640625,34.78869633794164,32.0187084404421,30.166595298592462,1.0776550643122478,-2.929768206161883
0.0017171875,34.17043702627242,32.07591379573698,30.217175573338174,-1.4891723478189591,-0.3695658745798472
0.00171796875,34.63418946659831,32.13307084528536,30.311370586899983,-4.14176889431288,2.320068635927504
0.00171875,34.45050968335375,32.19017950300978,30.20954212025748,0.6999228515705881,-2.680560234322888
0.00171953125,34.38649240944652,32.24723968290559,30.32556605758959,-3.774392155160612,1.8527185298446172
0.0017203125,34.59272181053135,32.30425129904125,30.295163995215017,-1.3916022062954596,-0.6174850975307721
0.00172109375,34.415836427113156,32.36121426555822,30.309231193878574,-1.6271230476894063,-0.4248600239902352
0.001721875,36.14278467381586,0.24537374909997958,29.966845519815752,13.206916081334327,16.514555689381446
0.00172265625,34.495591626571034,1.4082217557749138e-05,28.868687305330656,49.59489771175325,-20.72622448864015
0.0017234375,34.201187271280226,8.082122881995651e-10,29.46752491125811,14.112530108171903,15.354994802277993
0.00172421875,35.678465672059275,6.606758158375061e-14,28.853041661931833,34.668955911711016,-5.815914249779252
0.001725,34.054158954381286,2.3696457699042487e-14,28.672433527728,31.090079732219575,-2.4176462044916014
0.00172578125,35.16842717453279,1.959311229767502e-14,28.726700682705044,21.855363989162807,6.871336693542216
0.0017265625,34.836473504013995,2.4564799473504594e-14,28.211355632762434,35.13025406961909,-6.918898436856684
0.00172734375,34.55189883154314,2.5079236670077863e-14,28.259744807871243,23.87654571273998,4.38319909513124
0.001728125,35.062046385287246,2.2097787972339128e-14,27.969078629368568,28.907190816530296,-0.9381121871617509
0.00172890625,32.610944847767335,32.90646530409235,28.519745026769364,-1.690902734297282,-2.695817543025706
0.0017296875,35.63034505010936,32.98457029602308,29.067497850307504,-19.423310622642703,15.506238176927125
0.00173046875,34.433145312456524,33.04094404134996,28.307586707976427,12.94705848095584,-17.680415814329375
0.00173125,33.97067242266842,33.097266783287516,28.985103774998993,-16.27776307286692,12.165600064578399
0.00173203125,35.30111677644014,33.153539681268036,28.7027118455052,-0.5178215012670194,-3.933006334495818
0.0017328125,33.92376673831915,33.20976265061692,28.702678075136514,-1.6174686820799797,-2.8896158934004292
0.00173359375,34.78769025639984,33.26593560666345,28.96469578208649,-10.40222451604047,6.100984691463512
0.001734375,34.58177037973375,33.322058464812145,28.719657632676267,1.206623205337614,-5.809024037473494
0.00173515625,34.281244547367905,33.378131140542976,28.942274367113498,-7.770290397347828,3.3344336239183505
0.0017359375,34.78432584624416,33.43415354941154,28.90552078546757,-4.046103206060194,-0.48252955788377677
0.00173671875,34.34491941836588,33.49012560704907,28.89514579811882,-3.0381035992524543,-1.5568762096777995
0.0017375,34.575080030878794,33.54604722916266,29.018754774527316,-6.755350928569854,2.228058473934508
0.00173828125,34.6017888929383,33.601918331535416,28.959071305197394,-2.8277696750254524,-1.8150773513125698
0.0017390625,33.02635600854491,56.153096077314856,29.442049695746245,-21.539574602285512,-5.171471779283099
0.00173984375,34.82409274704883,56.19565669314305,30.07079310737865,-38.05991595019683,11.93505236443243
0.001740625,34.350606657855245,56.18765968754785,29.702162300320722,-14.773494893075645,-11.712002494151484
0.00174140625,33.788268730669735,56.17957516766273,30.274640388620618,-32.79764043668653,6.892705657644413
0.0017421875,34.77304719395248,56.17140604218645,30.30643895206977,-24.616756887667172,-1.248210202449508
0.00174296875,33.87449490041222,56.16315232358781,30.41083441844041,-22.786655849985234,-2.965662055162165
0.00174375,34.33495424288124,56.15481402429674,30.768497231940586,-29.774961233048657,4.388644440692504
0.00174453125,34.282929009005436,56.14639115687059,30.761196259034467,-21.674913328991508,-3.7102815688446174
0.0017453125,33.78613039299821,56.13788373399406,31.045938670882993,-26.7863886188412,1.6944435557301354
0.00174609375,37.823782359255596,0.010920319506926752,29.54313007767404,39.91194904251741,-10.3797392843503
0.001746875,32.63028979947186,6.267268418214836e-07,29.06597105500406,43.33963131684834,-14.273660888571122
0.00174765625,35.61293525814326,3.59684104490154e-11,29.851622921488058,5.2312697101160595,24.62035321133603
0.0017484375,35.19797394115946,2.0642590422149884e-15,28.608639329074546,50.130888539215015,-21.522249210140473
0.00174921875,33.824703902102925,1.1846966102120273e-19,29.096081444315686,17.793087648790685,11.302993795525
0.00175,35.829237857215894,6.799079134670425e-24,28.71834241197918,28.954462680383116,-0.2361202684039384
0.00175078125,34.22626739110045,3.9020519414871385e-28,28.317257577650945,35.117592965133035,-6.80033538748209
0.0017515625,34.97714737886024,2.2394222882951646e-32,28.500187469673406,19.713302551453076,8.78688491822033
0.00175234375,35.09547386930332,1.285224353882343e-36,27.96935309912658,34.47663098724592,-6.50727788811934
0.001753125,34.506941383803934,7.376016789891718e-41,27.959276699613426,25.310041392250522,2.649235307362905
0.00175390625,35.232376081835255,4.233161589291292e-45,27.756292942226484,26.774463935166377,0.9818290070601066
0.0017546875,33.29442315146104,39.498967023696345,27.58090819306992,25.213187812228927,-37.13124664285535
0.00175546875,32.44794000328205,56.01865000881785,29.614978971420264,-58.93699926909545,32.533328231697865
0.00175625,36.55872104296723,56.00990884335414,29.035557637933415,-18.757038149040394,-8.217313056380332
0.00175703125,32.642475188658835,56.00013475187012,29.01244530513724,-16.333710572325327,-10.653978874407551
0.0017578125,34.914102090332214,55.99027627075559,29.92619482090175,-44.52002826865388,18.455946818800044
0.00175859375,34.56811814006993,55.980333469293726,29.311370924110683,-10.283383361885626,-16.385579183297416
0.001759375,33.53573447494775,55.97030636246134,30.00750316415673,-34.53094547263492,8.568142274330304
0.00176015625,35.04123530653363,55.96019496535908,30.04043932707454,-25.56779257793461,-0.35196306034992597
0.0017609375,34.022753654142285,55.94999929321453,30.06325677617366,-20.751597317844347,-5.135145199196527
0.00176171875,35.434738870910365,35.25533602108745,29.79826886299378,-4.111114087381906,-1.3459530707117668
0.0017625,33.79417447513283,35.308408857741895,29.6686816604491,0.5294423907822342,-6.169169588075031
0.00176328125,34.61823616505057,35.362619254632435,30.068619321941068,-13.83434288154947,8.540342948858102
0.0017640625,34.64228702240078,35.41677646439472,29.767552556605075,1.1187604482028974,-6.767984355992543
0.00176484375,34.08379348024452,35.470880337135625,30.004920227005492,-8.433832657593227,2.9678725474630943
0.001765625,34.76305126520449,35.52493079137181,30.01777335608342,-6.090697586653967,0.5835401513655779
0.00176640625,34.26579012076693,35.578927745704206,29.967500551401656,-2.950197474501923,-2.661229719800625
0.0017671875,34.44721064045253,35.63287111881441,30.140205212006148,-8.413794542802988,2.9211286359947284
0.00176796875,34.53141605954762,35.68676082946466,30.074895947959874,-3.627389563213055,-1.9844753182917323
0.00176875,34.301912217176636,35.74059679649805,30.165052879966836,-6.15522442395228,0.5796805074210634
0.00176953125,34.524797793291626,35.79437893883859,30.21344097788311,-6.091192066193836,0.5102541052383543
0.0017703125,34.37804181953481,35.84810717549129,30.215043238133013,-4.589737824988297,-1.0433261123699826
0.00177109375,34.38804454959313,35.90178142554247,30.302238901911572,-6.541714002355775,0.9421714787248789
0.001771875,35.38364434183611,10.605681563311837,30.237271630080166,-1.8609952885183363,21.492585355286664
0.00177265625,35.947372480657656,0.0006086694906326172,28.94752154853161,47.84403044559358,-18.897117566552602
0.0017734375,33.457719724325266,3.493210256869326e-08,29.178344920443042,24.830563550122847,4.34778133538809
0.00177421875,35.78670205811384,2.0237023530831224e-12,29.12439701047397,22.340711960682352,6.783685049789591
0.001775,34.48013420473173,2.2209708694611423e-14,28.479647517805013,39.60899536529388,-11.129347847488887
0.00177578125,34.64925339513158,2.2063610536457326e-14,28.757252317466822,19.045466283588503,9.711786033878298
0.0017765625,35.30563180168186,2.4633030292598833e-14,28.260841185264585,33.15523447743342,-4.894393292168856
0.00177734375,34.42664966104895,2.7940645872683608e-14,28.144103994929253,28.10159771623349,0.042506278695735755
0.001778125,34.200322844946555,25.650733081134067,28.125646997641887,21.567227136855507,-19.092313220347688
0.00177890625,33.22883602597026,36.434921019928815,29.1201182617399,-22.57367766555987,15.258874907370956
0.0017796875,35.770628842650794,36.48861196534964,28.89688533537035,-6.418114103475282,-1.173612526504008
0.00178046875,33.66350604226277,36.54163212997026,28.70756677096524,0.5006777899993665,-8.334743149004387
0.00178125,34.6814843991498,36.594597228210276,29.23110654884323,-18.493137592828564,11.129646913461517
0.00178203125,34.755443826385985,36.64750721564617,28.84249681293423,0.8250992220061847,-8.630109624718129
0.0017828125,34.008326914257125,36.700362012598504,29.139546918191776,-11.192206546858298,3.6313914524515702
0.00178359375,34.89041777703535,36.753161539468906,29.163422379128047,-8.525470223440996,0.9357310631001383
0.001784375,34.25976344263025,36.80590571674223,29.09124705042998,-4.179877616517001,-3.5347810497952494
0.00178515625,34.47871080371282,36.85859446498672,29.314695635677573,-11.32356503711865,3.7796662078095005
0.0017859375,34.60289419150951,36.91122770485405,29.230673319286666,-5.172842684482141,-2.507711701085244
0.00178671875,34.30287783949279,36.9638053570795,29.34281913742042,-8.297982412263064,0.6769961926039815
0.0017875,34.59542458015434,37.01632734248214,29.407004744670395,-8.32518425474997,0.7158616569382226
0.00178828125,34.42241197174728,37.068793581964734,29.406389421199314,-6.2935472730271975,-1.3688568877382221
0.0017890625,34.478226754436285,37.12120399651412,29.518173694939698,-8.818765358026754,1.2157350564523346
0.00178984375,33.38416058988024,55.47258302286138,29.855372383595036,-20.063129414325193,-5.554081224941151
0.001790625,34.59190410885001,55.50027687082736,30.4135055764446,-34.7471506160739,9.660379321691138
0.00179140625,34.40831390207776,55.48681005757912,30.169505961286518,-16.69699581403022,-8.620308282262384
0.0017921875,33.86690599599897,55.473257324747635,30.613501775933365,-29.34900719711685,4.489251648302579
0.00179296875,34.654376807701226,55.45962105005785,30.708277109674,-24.540085704425454,-0.21125823595839177
0.00179375,34.016867811706376,55.445901254181024,30.7979142820812,-21.932992429063265,-2.714994543036558
0.00179453125,34.36449160485657,55.43209795777895,31.115494569025106,-27.74477775057525,3.428174361821406
0.0017953125,37.122892682751015,0.41988317236043127,30.473639346785493,6.046623649590794,24.007132524834265
0.00179609375,34.11283331438441,2.4097468428512694e-05,28.87943482670074,61.804575487359365,-32.92516475812705
0.001796875,33.95584662740247,1.3829751294836333e-09,29.987763490544758,4.264274651398234,25.723488837763547
0.00179765625,36.15612408373691,7.93701717856476e-14,29.05271219699453,40.03268449013673,-10.979972293142279
0.0017984375,33.54930075906111,4.555124698182623e-18,28.946589716544867,31.537178425390064,-2.590588708845195
0.00179921875,35.43650026724977,2.6142265474780515e-22,29.11195814796617,18.721036112100546,10.390922035865627
0.0018,34.773929693880405,1.5003278492607837e-26,28.40907142623569,39.61739726773774,-11.208325841502052
0.00180078125,34.42293100130873,8.61051486696521e-31,28.619763646365474,21.12156113465593,7.498202511709543
0.0018015625,35.310488719230285,4.941651007195418e-35,28.24487482460587,30.32660513372072,-2.0817303091148482
0.00180234375,34.447046230191,2.83605743143236e-39,28.01963567441666,30.086381735670177,-2.0667460612535176
0.001803125,34.97636571581805,1.6276385650607808e-43,27.98349033464718,23.94379411326426,4.0396962213829175
0.00180390625,34.87286476914179,9.341162379547185e-48,27.616982874676697,31.22501597900062,-3.6080331043239227
0.0018046875,34.61554930032476,5.3609761082190365e-52,27.54444700543022,25.50043609793899,2.0440109074912303
0.00180546875,32.232169263647755,54.81163394627174,27.990949233604383,-0.11879162099577911,-26.70189309167158
0.00180625,34.72156792412756,55.215018867323934,29.599889845096016,-58.422514442678995,32.80738542045108
0.00180703125,35.28537893330898,55.19990648957036,28.528219475660187,-2.832718011562806,-23.838969002347365
0.0018078125,32.91129354777333,55.184686968595486,29.340595764555758,-34.55732110174535,8.713229897705622
0.00180859375,35.475026708638865,55.169384339101214,29.509257814958474,-29.894281297931258,4.23415477378852
0.001809375,33.74703926391228,55.15399862551107,29.27670563967787,-14.894401995453453,-10.982890990379747
0.00181015625,34.167632851229385,55.13852985099575,29.956029186302985,-36.08743053411398,10.90492986942121
0.0018109375,35.725693523938325,38.56894474195573,29.261567997258567,0.552189550430468,-9.859566295127635
0.00181171875,33.34924086654225,38.616470240647175,29.401045406524272,-6.732310472562074,-2.4831143615608298
0.0018125,35.029868093022124,38.66716940181297,29.792353197065786,-18.23698995577489,9.36217375102771
0.00181328125,34.427313659822744,38.71781051639733,29.39665210622169,0.8451088090346517,-10.16626721921029
0.0018140625,34.09209924257814,38.768393322669425,29.82446510139405,-15.622165156175615,6.678236934900241
0.00181484375,34.884974004130754,38.818917744441805,29.72618339636185,-7.196186686327898,-1.896547661752057
0.001815625,34.09743689201325,38.8693837056256,29.75946529991477,-7.163514813054807,-1.9464035926560266
0.00181640625,34.56561907014913,38.91979113021999,29.965005146308258,-12.554653720409569,3.5998677364978366
0.0018171875,34.47507080117717,38.970139942312294,29.87129696221461,-5.7952142620719425,-3.303628718025739
0.00181796875,34.28103842167471,39.02043006607813,30.041900995539635,-10.76080708062894,1.7822780100904496
0.00181875,34.574939543190816,39.07066142578146,30.07361163427666,-8.834727327941053,-0.16232246356374846
0.00181953125,34.326785098087264,39.12083394577476,30.110195697982522,-8.027793455810244,-0.9828447919819958
0.0018203125,34.448171704798455,39.170947550499164,30.229717303936386,-10.228659004451973,1.2874287578891952
0.00182109375,34.46446329116507,39.221002164484446,30.242605910093783,-7.952887594802374,-1.0255086595882887
0.001821875,34.45991636848181,39.27099771234926,30.33613477107756,-9.357755448117604,0.42289250684590346
0.00182265625,36.86171919293382,0.02590253371207587,29.470314758199816,27.94632225393856,1.4980899705491788
0.0018234375,33.54882770912484,1.4865694535565292e-06,28.76149952311681,44.586195483996455,-15.824697447449097
0.00182421875,34.9716272010141,8.534045176419675e-11,29.396667274096213,10.44943915167698,18.947228122333893
0.001825,35.37008032390035,3.2396663996559153e-14,28.492164520190567,41.93399815215588,-13.441833631965345
0.00182578125,34.00524839795294,2.86300281844453e-14,28.654879213289448,23.832470524608123,4.822408688681296
0.0018265625,35.50188189622667,1.6250210442100235e-14,28.469181902063674,25.772102059386,2.6970798426776557
0.00182734375,34.57454862777535,3.2103928056853505e-14,28.03825782133675,34.36197999251285,-6.323722171176134
0.001828125,33.071499960505705,38.65067571541528,28.441018037301646,9.280770350238567,-19.490428028352206
0.00182890625,34.45685066024761,39.718228841321974,29.507250230026266,-32.0896536908573,21.87867507956159
0.0018296875,35.19090196274719,39.76768803087022,28.79389829498796,3.43658015704975,-14.410369892932005
0.00183046875,33.467503408579574,39.81702890511598,29.211536546870462,-14.574522245176134,3.969029886930615
0.00183125,35.15714066806186,39.86630981228268,29.35130276770281,-14.709593521279395,4.1945864766995244
0.00183203125,34.1428508316942,39.91553068150708,29.11586396353069,-2.958554201005076,-7.841112516971314
0.0018328125,34.32412231734695,39.964691438663635,29.527900066545172,-17.502261728782372,7.0654703566639085
0.00183359375,34.73812751769977,40.01379200971712,29.37076906690779,-6.765528199085764,-3.8774947437235685
0.001834375,34.09565491143899,40.06283232072299,29.511786147623337,-10.824628075974852,0.27358190287519907
0.00183515625,34.624929372472394,40.111812297827385,29.644423268067047,-12.54869237984932,2.0813033500889833
0.0018359375,34.36429212766258,40.16073186726738,29.59727545931848,-7.7297152125209285,-2.8337411954279705
0.00183671875,34.34193968590726,40.209590955370984,29.780676920269663,-12.58547934943406,2.156565314332738
0.0018375,34.52692071529131,40.25838948855726,29.791092658549758,-9.527093275545422,-0.9402035544620818
0.00183828125,34.3009252749706,40.307127393336536,29.87068139978922,-10.177517217116499,-0.2589287764308164
0.0018390625,34.45879002521922,40.35580459631038,29.974668848227658,-11.251180293920473,0.8700445458377555
0.00183984375,34.4181716925318,40.404421024171825,30.00417847833777,-9.424686097058169,-0.9755564487758841
0.001840625,33.491028940936154,54.439297545290586,30.359069113540052,-20.970575314094305,-3.10965311765623
0.00184140625,34.57060004455963,54.45194850909833,30.793311987384705,-30.82376683540231,7.165130313688684
0.0018421875,34.278345877932814,54.43309752906832,30.627317083093473,-16.741668743623613,-7.064111702351235
0.00184296875,33.93114883832747,54.414162770558846,31.027600427374924,-27.52856612866524,4.142003785481317
0.00184375,34.49601002758168,54.39514606520015,31.101521325907285,-22.521120224650577,-0.7725045146422898
0.00184453125,35.38265131915029,16.04287158573732,31.105264027602335,-16.472713748417913,31.535106190282928
0.0018453125,36.64000430350374,0.0009207146582386351,29.347398889584813,55.39169765921811,-26.045219484291536
0.00184609375,32.74519059374065,5.284063251177151e-08,29.675394485988384,25.718320705449646,3.9570737276981043
0.001846875,36.15298736215924,3.032570861406234e-12,29.782227253358347,17.936801920971345,11.845425332383968
0.00184765625,34.38366279882273,1.7404193690152006e-16,28.869382512768663,46.07721273202898,-17.20783021926032
0.0018484375,34.43163459374345,9.988421436716779e-21,29.374299864386394,15.297898296966293,14.0764015674201
0.00184921875,35.522222170642145,5.732443833575373e-25,28.759766652102737,35.22478725439017,-6.465020602287436
0.00185,34.14842714064266,3.289900462579781e-29,28.639813593627018,29.42656945445312,-0.7867558608261032
0.00185078125,35.18998446402971,1.8881031141184303e-33,28.618837681666342,23.370593277473745,5.248244404192597
0.0018515625,34.786946332938726,1.0835991575101532e-37,28.159406573939773,34.09050913957886,-5.931102565639089
0.00185234375,34.64463226345769,6.218871868684729e-42,28.186657749869116,23.999021917115837,4.187635832753281
0.001853125,35.0979383508064,3.5690658350069744e-46,27.8875066570392,29.205095950928353,-1.3175892938891545
0.00185390625,34.63483021993056,2.048318602407244e-50,27.687125529380847,28.593438953325517,-0.9063134239446697
0.0018546875,34.9227603582244,1.1755482501373826e-54,27.573892848166295,25.47632771678208,2.097565131384215
0.00185546875,34.742055363897,6.746575883151171e-59,27.290277696432376,29.223896507738758,-1.9336188113063812
0.00185625,31.48534188584763,54.0440888940465,28.441506768635872,-24.88131106327707,-0.7212710621335617
0.00185703125,36.12133716179766,54.05935040360739,29.27059312435975,-45.84953051126146,21.060773232013823
0.0018578125,34.052005320850405,54.038865720386106,28.30780236775421,0.2339907205144769,-25.965054073146373
0.00185859375,33.60623341259201,54.018297608776194,29.460002256847737,-43.447897290068006,18.88960193813955
0.001859375,35.39585571904572,53.997648146468855,29.112084883074978,-17.755244504206537,-7.130318759187341
0.00186015625,34.161487650879295,41.649288216098626,28.92209985973936,-7.111955553071784,-5.61523280328748
0.0018609375,34.43228671549345,41.69382638243145,29.270352779519108,-18.132515504408545,5.7090419014961995
0.00186171875,34.65548426924853,41.74071158079703,29.155174807334348,-8.974739417715481,-3.6107973557472017
0.0018625,34.180562221968295,41.78753405670712,29.32104487466696,-13.268895977633647,0.8024067955934833
0.00186328125,34.61463325438043,41.83429360135407,29.432228597765995,-13.646156678792455,1.2440916752043805
0.0018640625,34.36046143251195,41.8809901443109,29.432381841891495,-10.318116450501549,-2.1304918519178573
0.00186484375,34.38673407872752,41.92762361525344,29.606625685609913,-14.128061460196694,1.80706353055317
0.001865625,34.50329789171332,41.97419394395252,29.634408771138844,-11.381341796061378,-0.9584433767523021
0.00186640625,34.32832833278685,42.0207010602741,29.734188957654844,-12.26834642154063,-0.01816568107862837
0.0018671875,34.46091304867824,42.067144894179286,29.837748594159947,-12.804321851778127,0.574925551758786
0.00186796875,34.39621795303513,42.11352537572451,29.890643184628942,-11.455137724078039,-0.7677444670175249
0.00186875,34.38269493412701,42.159842435061584,30.004544413161344,-12.687620953479211,0.5323229315789718
0.00186953125,34.43315975382678,42.20609600243788,30.07459215729211,-11.897268753445477,-0.23423509170029322
0.0018703125,34.37424689767458,42.25228600819634,30.16046300059304,-11.985402121389823,-0.10642088621348052
0.00187109375,34.41948020473081,42.298412382775666,30.254569091904425,-12.269021475290037,0.22517818441879625
0.001871875,34.446144156544676,42.34447505671038,30.328270792709937,-11.749205169644291,-0.266999094356153
0.00187265625,36.519371178650495,0.32096238142606737,29.90539694969645,9.050658878382334,20.533775689888046
0.0018734375,34.42516838117052,1.8420316346408602e-05,28.582198389770962,54.58887266290836,-26.006692693453743
0.00187421875,34.07871555892756,1.0571807219508285e-09,29.3879803976232,10.040527670713509,19.34745272585251
0.001875,35.92229635491506,8.56020047962875e-14,28.66333063405291,36.093807748638426,-7.430477114585601
0.00187578125,33.886652727358815,2.3914853055209774e-14,28.49292009318626,31.443184473035384,-2.9502643798491484
0.0018765625,35.303592565880386,2.3866024734962634e-14,28.609610317453136,20.036631640576147,8.572978676876964
0.00187734375,34.94002878333265,2.693841744433834e-14,28.014453668343595,36.71155717779398,-8.697103509450411
0.001878125,31.889419818714444,42.61528032416881,28.880849547160718,-7.881120304679621,-5.8533104723284675
0.00187890625,35.673877414850544,42.75615570409754,29.717783142255588,-34.18745092275735,21.1490783609154
0.0018796875,34.377528443799996,42.80158304660735,28.778738893374886,8.70214721583124,-22.7249913690637
0.00188046875,33.60713150410677,42.84694045655431,29.68046631705782,-27.987258438226633,14.820784298730146
0.00188125,35.39911326372101,42.89223333946911,29.416242882300036,-9.405983972704504,-4.070006484464567
0.00188203125,33.644312031910054,42.93746162745563,29.433095525948346,-9.045985814720614,-4.4583802867866735
0.0018828125,34.68336218971515,42.982625252400915,29.844377733041696,-21.247205171908014,8.108957652548794
0.00188359375,34.49561086038625,43.02772414628937,29.58287796838141,-6.08732050142628,-7.357525676481683
0.001884375,34.05434854150914,43.07275824120285,29.91058704159822,-17.108418836007967,3.9462476364033394
0.00188515625,34.714097189559936,43.117727469320826,29.931871811110653,-12.888497384631549,-0.29735827357862304
0.0018859375,34.1587613394803,43.1626317629205,29.959583564955828,-10.98345776091328,-2.2195904370513886
0.00188671875,34.418427395237146,43.207471054376754,30.175247650891173,-15.930539617465378,2.898316213979797
0.0018875,34.43579389946384,43.25224527616245,30.151751377617053,-10.828530884387314,-2.271963014158081
0.00188828125,34.23480614253272,43.29695436084842,30.307063030214422,-13.91048241025686,0.9205910796228649
0.0018890625,34.46195928175642,43.3415982411036,30.391633989005207,-13.185117186417706,0.2351529343193157
0.00188984375,34.294581180458685,43.3861768496951,30.450184482685366,-11.986880344140879,-0.9491120228688512
0.001890625,34.3586554385167,43.43069011948834,30.586375073446238,-13.81572967039461,0.9714146243525085
0.00189140625,33.77422608248759,53.0598107217334,30.811735758668878,-19.030123238947972,-3.21795172411655
0.0018921875,34.37857126880427,53.05733834882573,31.175679199722868,-27.083138926219462,5.2014797771165995
0.00189296875,34.28793253090021,53.03322308296307,31.107024877470074,-17.388887207624794,-4.5373109978681985
0.00189375,33.77207466202133,53.00902671250573,31.39776769119538,-23.83790175317418,2.2266427318638304
0.00189453125,37.67203645578367,0.010311280123726582,29.952174821845848,39.86007599760731,-9.91821245588519
0.0018953125,32.689377174179945,5.917735303422878e-07,29.482588995985093,43.20756089912615,-13.72497249491459
0.00189609375,35.54866391439631,3.396240883883688e-11,30.227167001868068,6.587885549590492,23.639281452243612
0.001896875,35.1532577473557,1.9491328269940377e-15,29.02419924811989,49.670703377363225,-20.64650412924334
0.00189765625,33.832619523756726,1.11862465212461e-19,29.48132549204319,18.646322536316404,10.835002955726788
0.0018984375,35.755765926441484,6.419886295131046e-24,29.109324166388213,29.32081035084972,-0.21148618446150635
0.00189921875,34.2164000217985,3.6844298008390615e-28,28.713838879803774,35.24648946832103,-6.532650588517256
0.0019,34.93318721440606,2.1145270076833758e-32,28.87945300805667,20.44426963855044,8.435183369506232
0.00190078125,35.04324414369403,1.2135458423455842e-36,28.360016183837537,34.60052009784454,-6.240503914006999
0.0019015625,34.46884330469187,6.964647441830032e-41,28.34005205289035,25.802416038357677,2.5376360145326724
0.00190234375,35.13760414042732,3.99707306443693e-45,28.13536706091412,27.190372054813277,0.9449950061008437
0.001903125,34.68809545535369,2.293955755246273e-49,27.84407805045106,30.522695179141763,-2.678617128690703
0.00190390625,34.839175811995275,1.3165215952260288e-53,27.781128533580404,24.91139008032209,2.8697384532583152
0.0019046875,34.948311965370515,7.555634439472494e-58,27.49000572491003,29.24280413410261,-1.7527984091925775
0.00190546875,34.70616629524109,4.336245754718644e-62,27.340200316798175,26.86401123190349,0.4761890848946834
0.00190625,34.39258803657352,2.488609976560515e-66,27.16046622951632,26.566882704590206,0.5935835249261153
0.00190703125,32.10845665292987,52.58248513089853,28.765546977796458,-42.82623754298519,19.009299389883115
0.0019078125,36.45590426394011,52.5598767222126,28.747884596418793,-27.705793835629386,3.8938017098355773
0.00190859375,33.23129793997129,52.534170110776415,28.31460805520828,-7.088429384930072,-17.131132670638063
0.001909375,34.9206105861769,44.480807750033776,29.080643237597794,-32.69159894294009,17.291434430504108
0.00191015625,34.76885484273092,44.52209250114051,28.467635005539208,-1.5153409138637046,-14.5391165817376
0.0019109375,33.71674023127951,44.56488363204396,29.015456224939314,-22.59478494940133,7.045357542296684
0.00191171875,35.10350250887056,44.60760773933853,29.023649911664116,-15.995551096627203,0.4115932689527858
0.0019125,34.020720799975514,44.650264668387194,28.96462037577755,-10.588814272285639,-5.096830020324008
0.00191328125,34.467991956950435,44.6928543549442,29.335049897904256,-21.39178460485733,6.033980147817385
0.0019140625,34.58216305046254,44.73537673487022,29.211662325145216,-11.16174960632501,-4.361964803399995
0.00191484375,34.13483521173007,44.77783174412736,29.431294309279572,-16.866243940139288,1.5197065052915009
0.001915625,34.60291562169279,44.820219318779124,29.53789639045342,-16.095785234779147,0.8134623064534422
0.00191640625,34.285428979501084,44.86253939499058,29.566512455421396,-13.231317319237911,-2.0647096203312687
0.0019171875,34.364697619176674,44.90479190902847,29.76492251244408,-17.126097363926977,1.9862279673425889
0.00191796875,34.44982176476986,44.94697679726127,29.800817203502135,-13.907562906403871,-1.2385966873552663
0.00191875,34.27310797440252,44.98909399615932,29.931231044326395,-15.261250969253323,0.20338801742039722
0.00191953125,34.4186071136719,45.03114344229483,30.047218889047492,-15.446494254712611,0.46256970146527937
0.0019203125,34.325653295424594,45.07312507234214,30.120585595394772,-14.168623103912337,-0.78391637303503
0.00192109375,34.3173529484245,45.11503882307767,30.256210608616108,-15.467204917114163,0.6083767026526012
0.001921875,34.32261753923694,45.156884631380045,30.34088255227786,-14.477501663821887,-0.33850041528029706
0.00192265625,36.27955204465296,1.1602222916419136,30.104361024690796,-0.4133413540586446,29.357480087107525
0.0019234375,35.08047530769401,6.658618847756453e-05,28.53883595175196,57.51763195220422,-28.978862586640737
0.00192421875,33.62423350053891,3.821457765478739e-09,29.31783387061865,12.338738317019846,16.979095549777345
0.001925,36.1292627978831,2.4208961849044074e-13,28.78055291652217,31.346013311902013,-2.5654603953800854
0.00192578125,33.92797943252507,1.5344624671252127e-14,28.393813561703347,35.91284206331427,-7.519028501610942
0.0019265625,35.075188956913856,2.8373454081706224e-14,28.66197648722745,17.490030776196445,11.171945711030977
0.00192734375,34.951124204240976,2.4366193330380604e-14,28.016174885005203,37.05939198329997,-9.04321709829479
0.001928125,31.60117364157486,45.459223627923855,29.1683672684663,-18.94935592044213,2.6584995609845756
0.00192890625,36.246286430988675,45.53042741207595,29.804616781899227,-34.09553109822171,18.36972046804499
0.0019296875,33.966128588762786,45.57159206706572,28.86496840641324,8.023256778542608,-24.72988043919509
0.00193046875,33.79641713619061,45.61268637202427,29.948193178200004,-34.76511880484693,19.10062561102266
0.00193125,35.43780973996821,45.65371198500276,29.50971284581784,-7.998462103548843,-8.145537035636073
0.00193203125,33.470751739095,45.69466884431605,29.680437964848302,-13.908733817841734,-2.1054970616260142
0.0019328125,34.86048747470062,45.73555688828385,30.06249624612942,-23.43944350051983,7.766382858365396
0.00193359375,34.36188319026679,45.77637605532952,29.790584263740712,-7.544975591330877,-8.440816200257933
0.001934375,34.07889315421824,45.81712628398013,30.201147379614156,-21.12891921737434,5.512940313008364
0.00193515625,34.7347029350646,45.857807512866586,30.17631688583106,-14.110743951646558,-1.570746675388967
0.0019359375,34.079301410461184,45.89841968072365,30.259225773789133,-14.002975548038519,-1.6362183588959966
0.00193671875,34.46373230295271,45.938962726390166,30.485557711106306,-18.42962642785155,2.9762214125676887
0.0019375,34.386995078445786,45.97943658880904,30.463297199383263,-12.766816976093384,-2.7493224133323895
0.00193828125,34.22255824582083,46.01984120702734,30.659790587510354,-16.821039453878424,1.4609888343614381
0.0019390625,34.463456994860934,46.060176520196464,30.74129370172496,-15.17702631606372,-0.14185650240778377
0.00193984375,34.25450781437816,46.10044246757216,30.82622871648634,-14.444551350932471,-0.8296624001533444
0.001940625,34.34986706979972,46.14063898851464,30.979912978165444,-16.216742454678958,1.0560164443297617
0.00194140625,34.34606819841497,46.18076602248865,31.04488148818671,-14.273673417119506,-0.8622111171824329
0.0019421875,33.98248276572689,51.35104632150437,31.29788906624416,-20.22618554528593,0.173028290025721
0.00194296875,34.602678941343434,51.32531574363639,31.49964348645292,-21.922976718295416,2.0973044611119502
0.00194375,37.35333949273192,0.033837796501762635,30.309685580757247,31.27259009484431,-0.9967423105888298
0.00194453125,33.09162990004978,1.941981214221445e-06,29.568137721123612,47.584253936899984,-18.016118157757585
0.0019453125,35.102143803072146,1.114520277995214e-10,30.36758070806516,7.085151884878541,23.282428823075165
0.00194609375,35.3768599875481,6.3963309272305115e-15,29.267988421695627,46.725812907302775,-17.457824485607155
0.001946875,33.78738109399651,3.670911165855094e-19,29.55876722250306,22.483592948616817,7.075174273886245
0.00194765625,35.632642369599374,2.106768542920633e-23,29.326618837644258,26.875708969964617,2.4509098676796413
0.0019484375,34.372073431563344,1.2090931904657076e-27,28.860534797750084,36.31744883924226,-7.456914041492175
0.00194921875,34.79695861506396,6.939093276966672e-32,29.022850075050847,21.133729501191194,7.8891205738596515
0.00195,35.09927561719512,3.982407302111899e-36,28.550508304803483,33.515963852097,-4.9654555472935185
0.00195078125,34.475986708612076,2.2855389439075193e-40,28.471546887790684,27.177763327254123,1.29378356053656
0.0019515625,35.08761937224446,1.3116911123951937e-44,28.308270754686433,26.621698400617746,1.6865723540686888
0.00195234375,34.745955535744336,7.527911869202258e-49,28.000654171832174,30.809265488707396,-2.8086113168752207
0.001953125,34.80535339436183,4.32033552525913e-53,27.92933749462619,25.369086327858827,2.560251166767361
0.00195390625,34.97105538722686,2.4794789544732107e-57,27.656798651269742,28.936608784455462,-1.2798101331857212
0.0019546875,34.74410842479621,1.4229950080802632e-61,27.486790820579998,27.39956382958301,0.08722699099699015
0.00195546875,34.93282787539331,8.166694818555385e-66,27.319343865104734,26.487538141769114,0.8318057233356214
0.00195625,34.82430628684503,4.686938737009081e-70,27.085232490825067,28.06250954177399,-0.9772770509489256
0.00195703125,33.64079237132008,46.36632774674838,27.153378498373673,16.967060362226096,-36.180009610600806
0.0019578125,33.502198621074065,50.75658521939428,28.894426432090626,-52.975746383309115,31.11358759600546
0.00195859375,36.32623361589207,47.048320305663125,28.052709550297223,-5.609086800459606,-13.386523954906298
0.001959375,32.8379192911331,47.084371881203154,28.241477453367835,-14.274476616331667,-4.56841781150365
0.00196015625,35.24000639127755,47.12281319956696,28.873143104178602,-32.433883512824075,14.184213417435712
0.0019609375,34.442751131688524,47.16118369304467,28.315263091202727,-3.9423117777665087,-14.903608824075434
0.00196171875,33.88160526725701,47.19948316264014,28.962013336851058,-27.715167021378164,9.47769719558908
0.0019625,35.072952169604775,47.23771155066697,28.86341547566989,-15.966420876960814,-2.407875198036267
0.00196328125,33.92295276081037,47.27586879955388,28.926658271067527,-15.211917333824267,-3.1372931946620883
0.0019640625,34.580828653621545,47.31395485183677,29.264304311485457,-23.426098778427715,5.376448238076404
0.00196484375,34.47602711654817,47.35196965015869,29.155346139349522,-13.393729140097179,-4.802894370711993
0.001965625,34.16937911047245,47.38991313727009,29.429332650131645,-20.44251064300501,2.481930155866564
0.00196640625,34.603525333124445,47.427785256028734,29.50996171205207,-17.800705737037998,-0.11711780693866701
0.0019671875,34.24111418018925,47.46558594939992,29.587303373434,-16.352934309134344,-1.5253482668315799
0.00196796875,34.40189593765892,47.50331516045645,29.79217687600393,-19.609525030474025,1.8983867460215025
0.00196875,34.41903738278592,47.540972832378834,29.83937949782247,-16.219914170502438,-1.481679164053925
0.00196953125,34.283007611522144,47.57855890845531,30.00183338749317,-18.132941549655897,0.5562160286937605
0.0019703125,34.433586010703685,47.61607333208191,30.1205963593661,-17.665922205453324,0.17044523273751225
0.00197109375,34.33094843302526,47.65351604676261,30.219836101392346,-16.784605185548205,-0.6490747598220615
0.001971875,34.389090881542565,47.690886996109334,30.370968817056568,-17.94559583060941,0.6256776515566413
0.00197265625,35.51935062279272,4.153372383934349,30.26398194395335,-8.207211264716745,34.31782082473575
0.0019734375,35.67754676503094,0.0002383657324056726,28.55966014909965,57.95461280458685,-29.39519102121961
0.00197421875,33.2050809661753,1.3680046054763854e-08,29.213825413977357,16.49544783862836,12.71837756166895
0.001975,36.22206469300603,8.049310264906087e-13,28.91576374996771,25.88890583252578,3.0268579174411245
0.00197578125,34.08790167508296,2.1658309801670155e-14,28.310733572362807,40.09695248307275,-11.78621891070996
0.0019765625,34.88849710151016,2.3328943579419175e-14,28.699869358801937,15.763483019692295,12.936386339109616
0.00197734375,35.49450593482039,2.8391518133034125e-14,28.04396651691087,36.53252917217494,-8.488562655264095
0.001978125,31.344583093217796,47.9779355863228,29.47396469048437,-29.94791725822969,11.443946362391259
0.00197890625,36.54941905057593,48.023986314354474,29.839623281350253,-31.68109969781026,13.49673666480604
0.0019796875,33.497912071653666,48.060637068190424,29.00578173569205,5.2292489660840005,-24.284104298582374
0.00198046875,33.99965342757872,48.097214908253335,30.177036499230795,-39.56446228572905,21.64428387670651
0.00198125,35.3195824840061,48.1337203147491,29.60781436585141,-6.900529129026464,-11.625376819871224
0.00198203125,33.33864941872423,48.170153232731934,29.93243483309627,-18.843878662715216,0.6061602630795531
0.0019828125,34.95980925191104,48.20651360733456,30.252066672253683,-24.54294066815783,6.588493733076956
0.00198359375,34.186416196868144,48.24280138379886,30.005902362234536,-9.522855727788244,-8.714043293776081
0.001984375,34.10309864203213,48.27901650747613,30.469995461938566,-24.40534939278825,6.596328347250685
0.00198515625,34.6879308649917,48.315158923827056,30.40725965260108,-15.14590453126659,-2.761994739959386
0.0019859375,33.99584648190593,48.3512285784218,30.548527278501123,-16.952347496321767,-0.8503538035989067
0.00198671875,34.473332949244,48.38722541694012,30.77100735799035,-20.360937157136064,2.744719098186296
0.0019875,34.3052220654856,48.42314938517141,30.76081278820065,-14.689564322258981,-2.9727722747117817
0.00198828125,34.19701448916445,48.459000429014836,30.988938450654256,-19.348436732107672,1.8783747537470923
0.0019890625,34.427757608842604,48.49477849447938,31.067110449952818,-16.896976628817622,-0.5306914157089352
0.00198984375,34.19809503324508,48.53048352768391,31.17960499007531,-16.73104870172416,-0.619829835884446
0.001990625,34.330936508169486,48.566115474857305,31.34426441026106,-18.25517161279634,1.033320548200096
0.00199140625,34.31406350189123,48.601674282338486,31.420900587924717,-16.205446959221913,-0.9753267351918563
0.0019921875,34.29930323682114,48.637159896576534,31.573447922591377,-17.54790165662096,0.48418968263580403
0.00199296875,36.770637666485094,0.3731684446893552,31.100660873798414,7.069163679028084,23.658328750080976
0.00199375,34.29035779562311,2.141646869024739e-05,29.591803425891413,59.85609143820554,-30.264309428782816
0.00199453125,33.91784463144424,1.229110171794304e-09,30.56077082617309,7.911386383950838,22.649384440993142
0.0019953125,36.044585042347386,7.053972511799624e-14,29.736607017915432,38.56918196260841,-8.832574944693048
0.00199609375,33.66779199882109,4.048337515959632e-18,29.57191610978532,32.87686470839103,-3.3049485986057117
0.001996875,35.31616886670719,2.3233768795825657e-22,29.730456180351105,19.814561968760827,9.915894211590278
0.00199765625,34.8079895583537,1.3334066399597715e-26,29.064299886793656,39.216650900552196,-10.152351013758542
0.0019984375,34.420621919953845,7.652539211840012e-31,29.224058541798364,22.73726848273661,6.486790059061753
0.00199921875,35.26034537199503,4.3918602648113213e-35,28.879904467501845,30.366681786190952,-1.4867773186891087
0.002,34.487712695699905,2.5205276381708032e-39,28.639250357361508,30.79723969869167,-2.15798934133016
0.00200078125,34.94615962533505,1.4465532124701657e-43,28.59309230718872,24.813234485723054,3.779857821465667
0.0020015625,34.89612250728755,8.301897447259641e-48,28.239271159051647,31.45615108612682,-3.2168799270751713
0.00200234375,34.69463996967291,4.7645327272215776e-52,28.147618168913176,26.413404102204368,1.7342140667088104
0.002003125,35.00799679498373,2.7344076764353123e-56,27.926793120504495,27.909985764374035,0.01680735613046025
0.00200390625,34.775070606647354,1.569300867266483e-60,27.701812905899097,28.70448469417553,-1.002671788276433
0.0020046875,34.89739423303387,9.006357147204255e-65,27.56669161921365,26.19679067450059,1.3699009447130608
0.00200546875,34.927855664827334,5.168828409831187e-69,27.323984321187808,28.269365150630325,-0.9453808294425173
0.00200625,34.85386291740606,2.966436561820269e-73,27.16054059922319,26.727919093197155,0.43262150602603633
0.00200703125,35.00535295088126,1.702464306721193e-77,26.9690965808162,26.776275167478914,0.19282141333728334
0.0020078125,32.72112079536564,48.08061820856387,27.14721130021141,11.29129556077937,-32.22470246913183
0.00200859375,34.135805510946845,49.36528470777493,28.802258667076963,-52.816483140251755,32.253457099553785
0.002009375,35.69117460506605,49.3992185267429,27.84796078706919,-2.3893782116780757,-19.161879527995634
0.00201015625,32.934159737238765,49.43300617498706,28.383144907371584,-24.280063996185824,3.230202728570352
0.0020109375,35.38584085825009,49.46671937389797,28.72198666311653,-28.85700679616951,8.112274085388071
0.00201171875,34.07296372039304,49.50035807682322,28.354051028515247,-8.8343047051749,-12.312002343133072
0.0020125,34.13319007699564,49.533922233103794,28.995670302518114,-30.64516720266087,10.106915272075188
0.00201328125,34.88239259410877,49.56741179219267,28.82694258523172,-15.875618228856707,-4.8648509781042435
0.0020140625,33.8911505103925,49.60082670365517,29.02589226623168,-20.09527346883716,-0.47966096858633345
0.00201484375,34.63534955385713,49.63416691716907,29.283211603847562,-23.96331569838966,3.6123603850681523
0.002015625,34.32240058314985,49.66743238252456,29.232221254972334,-16.12684859374273,-4.308362533809498
0.00201640625,34.22167390880926,49.7006230496245,29.529179928641405,-23.151597108902678,2.9801539879195844
0.0020171875,34.53199300167225,49.733738868484295,29.587872612136227,-19.078129662769964,-1.0677365935781027
0.00201796875,34.193192736796135,49.76677978923215,29.721583275993428,-19.378845284470938,-0.6663512287677865
0.00201875,34.40423047242092,49.799745762109076,29.91338798538055,-21.307651525097207,1.4212937483686785
0.00201953125,34.344532835804834,49.83263673746884,29.9840306322017,-18.40355163147502,-1.4450544737921178
0.0020203125,34.274946791963906,49.86545266577826,30.16843098642986,-20.50227897337613,0.8052572940277316
0.00202109375,34.39829840802512,49.89819349761714,30.28741240474802,-19.43671890162942,-0.17406219123970104
0.002021875,34.31530849601334,49.930859183678386,30.414778533781217,-19.13100107558968,-0.38507957430749046
0.00202265625,35.5301101544119,4.348028560192564,30.35795846584071,-10.885224812630863,36.89515471827901
0.0020234375,35.74709186737041,0.00024953722335735505,28.5507290546439,59.879141564150615,-31.328662046730074
0.00202421875,33.07314906551658,1.432118440576027e-08,29.25540385305131,15.873437657730532,13.381966180999592
0.002025,36.30459825869848,8.45177295835625e-13,28.959575250189857,25.527614296545174,3.4319609536438374
0.00202578125,34.03257777573779,2.5993391758474867e-14,28.319446002298314,41.03814887616221,-12.718702873863922
0.0020265625,34.86997112303864,2.36244146970874e-14,28.751015206007246,14.909083851167598,13.841931354839623
0.00202734375,35.527926068945064,2.2654873581302662e-14,28.06446240142496,37.0896709954035,-9.02520859397856
0.002028125,31.155851044685136,50.1797156207836,29.570532774445574,-32.55834984874,11.949167002401978
0.00202890625,36.622665880279136,50.221460158624936,29.965448100844604,-34.487647130971084,14.231635073190752
0.0020296875,33.421129729543445,50.25337225993654,29.0957967296452,4.379203713801532,-25.536779244092873
0.00203046875,33.94201740981096,50.28520812062606,30.33424504018955,-42.68100590250128,22.730042822064775
0.00203125,35.332033789868305,50.316968252668765,29.74478682327861,-8.379577083285932,-12.192604346104222
0.00203203125,33.248885601625396,50.34865260826663,30.092385997075997,-20.866793068487446,0.6105264572968092
0.0020328125,34.95040846232617,50.38026113970357,30.43662525896977,-26.87889838750897,6.9352625067751665
0.00203359375,34.138960610920165,50.411793799377705,30.18514437990475,-11.06567608895747,-9.160973330515487
0.002034375,34.04856599584243,50.44325053980143,30.680044253903564,-26.68613722031037,6.922930934412502
0.00203515625,34.662901230207645,50.47463131360146,30.621822135096487,-16.957696497471524,-2.8951126810334546
0.0020359375,33.9342277613551,50.505936073518924,30.77711798690515,-18.82546811394216,-0.9033499726716117
0.00203671875,34.43364421011371,50.53716477240939,31.01827723451257,-22.404326309567,2.885438771670181
0.0020375,34.255500111943,50.56831736324304,31.014590792122085,-16.42803617898242,-3.1256903921385355
0.00203828125,34.13819609262516,50.599393799104625,31.261195584527215,-21.306705005083383,1.968506790505973
0.0020390625,34.37645189887609,50.630394033193575,31.350381974902746,-18.72290387990961,-0.557108178381219
0.00203984375,34.1279700147759,50.661318018824105,31.475284089089797,-18.529388229393614,-0.6566457003406939
0.002040625,34.25290377283947,50.69216570942527,31.6550833167797,-20.119719408935325,1.0826370162897565
0.00204140625,34.18758140285951,50.722937058540985,31.742186234065155,-17.949262316784527,-1.0314885076913047
0.0020421875,36.22459828366364,4.949857822558342,31.55027255993173,-4.477964995374873,31.07837973274826
0.00204296875,35.00053460856164,3.811650357193269,29.93324962909927,56.54936719526492,-30.42776792335892
0.00204375,33.68801517265351,0.0007431567321267223,30.662729120774298,13.711233585445179,16.95075237859699
0.00204453125,36.00197403293055,4.265042532947191e-08,30.09450225908379,33.47651991703699,-3.382017700603622
0.0020453125,33.89388763564556,2.4477458147747426e-12,29.74650706915926,36.219271240156466,-6.472764170999653
0.00204609375,35.06749708219396,1.4047830771823753e-16,29.968061140773642,19.573595555827143,10.3944655849465
0.002046875,34.970064372779355,8.062174928566226e-21,29.33773806506273,38.06013528255095,-8.72239721748822
0.00204765625,34.3652276832441,4.626953843234787e-25,29.40971741786941,25.01502770027891,4.394689717590498
0.0020484375,35.20875637240032,2.65544993219745e-29,29.14967054251484,28.9330081416711,0.21666240084374097
0.00204921875,34.56620717085951,1.5239863161197373e-33,28.857167092235233,31.80576193653375,-2.948594844298515
0.00205,34.856079108754635,8.746292910890072e-38,28.81917918890918,25.138720099867893,3.6804590890412885
0.00205078125,34.930641994981976,5.019575233316963e-42,28.48536063944058,31.07114533855136,-2.585784699110782
0.0020515625,34.67838824617183,2.880778837346867e-46,28.360470784925983,27.35084575971932,1.0096250252066632
0.00205234375,34.97279841682177,1.653304577371902e-50,28.165360997997904,27.64521972666733,0.5201412713305722
0.002053125,34.79302003030334,9.488461905240526e-55,27.926372617510623,29.094393575699748,-1.1680209581891234
0.00205390625,34.857224856864285,5.445512615123467e-59,27.78916459160104,26.533957833819144,1.2552067577818946
0.0020546875,34.92068571967064,3.125228086239245e-63,27.55481786429538,28.250941662862637,-0.6961237985672583
0.00205546875,34.83126136852734,1.793596173828194e-67,27.37899315284288,27.185333337915594,0.1936598149272861
0.00205625,34.940035877340534,1.0293607845571074e-71,27.19432503524741,26.865545235740235,0.3287797995071756
0.00205703125,34.679855718090444,4.928074596524483,27.02409333879336,25.797604194715646,-3.7015854524467673
0.0020578125,34.863200871306915,5.12640168783829,27.042283342700703,18.238996188193706,3.6768854666687063
0.00205859375,32.99052002118379,50.19416308710998,27.1200038159147,9.034054278803508,-32.10821354999879
0.002059375,33.951549062928706,51.409434627690715,28.721164469326744,-52.84599162770899,30.15772146934502
0.00206015625,35.693561777422836,51.43842822529686,27.890378817852856,-6.8883868454782915,-16.659662561965714
0.0020609375,32.984477013727926,51.46727628045755,28.344814843559163,-24.55439692078975,1.4319354838913636
0.00206171875,35.25276465845998,51.49604682292329,28.744852339468533,-31.50233947217137,8.751144988716614
0.0020625,34.13470750832219,51.52473981327293,28.391059096614647,-11.163208137246897,-11.970472579411387
0.00206328125,34.064665416657526,51.553355208295564,29.01469044255986,-31.800280048968876,9.261615283233171
0.0020640625,34.84803428100181,51.581892964896944,28.898045850323513,-18.647923590831276,-4.035923523742158
0.00206484375,33.892931207378986,51.61035304009971,29.081798348636873,-21.543176044233284,-0.9853786472295525
0.002065625,34.56521619368573,51.63873539104352,29.363029072095426,-25.980497650336773,3.7047913313886798
0.00206640625,34.313627200819504,51.66703997498504,29.32985536913469,-18.2267003328623,-4.110484272988047
0.0020671875,34.17589397669619,51.69526674929809,29.627017536114153,-24.73171910876862,2.663469895584678
0.00206796875,34.485809804050426,51.72341567147365,29.71160739918985,-21.203166759450397,-0.8086415128334032
0.00206875,34.16197241152175,51.75148669911998,29.85011504919951,-21.10285119302335,-0.7985204568971191
0.00206953125,34.34246530474272,51.77947978996259,30.05642927001621,-23.132710159066754,1.4096596391203686
0.0020703125,34.294027813377156,51.80739490184442,30.14268087506011,-20.30670255144455,-1.3580114753397603
0.00207109375,34.200646323686286,51.83523199272578,30.334838773459968,-22.190660573232197,0.6902673539663824
0.002071875,34.271812507369695,51.86299102068453,30.470357522845756,-21.288419543041204,-0.1042139547975733
0.00207265625,36.48818553548542,1.332197429560927,30.212177614031667,-4.454434637730869,33.33441482220161
0.0020734375,35.104161473060685,7.645599448111646e-05,28.458002718491116,61.47141190856503,-33.013485646068396
0.00207421875,33.45715539248842,4.387901770594859e-09,29.37455222082944,9.986084533981023,19.38846768246051
0.002075,36.303529895137544,2.6974734308752306e-13,28.7870106192907,31.785896031596668,-2.998885412306237
0.00207578125,33.79415861928805,2.3322883484615805e-14,28.376575128020296,36.895434557557614,-8.518859429537343
0.0020765625,35.104604854813175,2.60095796202472e-14,28.707861699931083,16.009634187671953,12.698227512259106
0.00207734375,34.95608763939264,2.533526462592788e-14,27.999529468142693,38.31442971116484,-10.314900243022171
0.002078125,31.127237747305585,52.04791968921918,29.34631727558476,-25.743046380614704,3.0414439669802844
0.00207890625,36.43961524363137,52.10930061175131,30.1015579044528,-43.009398076277954,21.001655368979446
0.0020796875,33.83011058155971,52.13627870067841,29.054351623456576,5.208859222404254,-28.290786299626088
0.00208046875,33.63556885108439,52.16317630340659,30.320606162946213,-43.685810504411634,21.84324036395126
0.00208125,35.5118225113031,52.18999534922091,29.845958219338986,-13.019371635637269,-9.324665494244654
0.00208203125,33.26105093743411,52.216735797845395,30.068064063225627,-19.737086666540026,-2.4115850680797406
0.0020828125,34.84991194671423,52.24339760900945,30.531477393517115,-30.58882331664777,8.876903101155436
0.00208359375,34.2785892587919,52.26998074256085,30.2467030440733,-12.363473538332387,-9.659804160155161
0.002084375,33.9542689054709,52.29648515846588,30.742293095201845,-27.855476937675594,6.301284874411562
0.00208515625,34.70358808565313,52.32291081680938,30.73956410914226,-19.78088361089879,-1.8024630967683313
0.0020859375,33.953284894963375,52.349257677794775,30.85987591226615,-19.613569388939553,-1.8758123765890717
0.00208671875,34.39255968794436,52.37552570174416,31.14392560542059,-24.630752799520486,3.3991527031969184
0.0020875,34.30448338262142,52.40171484909839,31.143390208688427,-18.108838241633773,-3.14948639877619
0.00208828125,34.116719482084925,52.427825080417044,31.392812630923334,-22.70180041003749,1.6667879605437805
0.0020890625,34.39371376692169,52.453856356378644,31.510423685699912,-20.776542954418126,-0.1668897162606051
0.00208984375,34.1597427204338,52.47980863778049,31.631723811876796,-19.89537471986371,-0.9527101060399858
0.002090625,34.2925696530922,52.50568188553896,31.8314164384112,-21.87995448981169,1.2056890426839275
0.00209140625,35.327147805374295,11.959662516724872,31.738312795329836,-11.596461917146806,31.37511219575177
0.0020921875,35.43289701925956,8.159595429585748,30.204820471566066,49.1332044365115,-27.08797939453118
0.00209296875,33.175270244211184,8.228061351037724,30.84501919377915,10.79093921527084,11.826018627470587
0.00209375,36.154960656899966,2.445192953066676,30.580544374121978,20.422679652791437,7.712671768263864
0.00209453125,34.33182843590278,0.00014033179671598265,29.75268571895075,44.86568932487959,-15.113143937725551
0.0020953125,34.47175125813121,8.053766531936708e-09,30.182037178881473,17.38706677133278,12.794970399494927
0.00209609375,35.3901127119619,4.622128189680367e-13,29.59204763989004,35.790667890992054,-6.198620251102476
0.002096875,34.17834976346324,2.6526804467350808e-17,29.479470849895815,29.775930917518043,-0.296460067622229
0.00209765625,35.13339457612694,1.522396883799373e-21,29.423092084645873,24.95416694233448,4.468925142311392
0.0020984375,34.74102369910714,8.737171017544379e-26,28.992520674459424,34.258239504684894,-5.265718830225471
0.00209921875,34.64750010667585,5.014340097656005e-30,28.995433058063362,25.136735551042765,3.858697507020598
0.0021,35.04158221948105,2.8777743464643275e-34,28.697185537652963,30.02384735532138,-1.3266618176684177
0.00210078125,34.63435570220778,1.6515802733523165e-38,28.49999713421995,29.17878993648699,-0.6787928022670414
0.0021015625,34.91681467550234,9.47856597122642e-43,28.37081167437474,26.54458930591505,1.8262223684596877
0.00210234375,34.84869531913961,5.439833250643702e-47,28.09381665393763,29.815446061609222,-1.7216294076715934
0.002103125,34.777117443978476,3.1219686484895533e-51,27.960100297269104,26.8482907699089,1.1118095273602049
0.00210390625,34.932920575426444,1.7917255535357358e-55,27.74375296142607,27.907273705904664,-0.1635207444785948
0.0021046875,34.80449365598624,1.0282872189463248e-59,27.541180104525676,27.923208839475514,-0.3820287349498365
0.00210546875,34.879687673314095,5.901431737476629e-64,27.376361989155487,26.67117025484732,0.7051917343081684
0.00210625,34.66153872599223,8.577646999429922,27.198103880796488,25.979413301297377,-7.358956419930815
0.00210703125,34.58099107589387,9.462178604397664,27.38715150614821,11.825163583516908,6.09980931823364
0.0021078125,35.12959894202128,9.530660291929411,27.091965402700062,19.97664861537924,-2.4153435046085887
0.00210859375,34.452558384835235,9.599080793446792,26.979376260605605,18.197021429419106,-0.8167259622602935
0.002109375,32.759264733318695,52.77360966623755,27.479153121888032,-7.032039085838386,-18.26241745851113
0.00211015625,34.789013223396466,53.126696374115284,28.669871017249662,-48.36999358582539,23.91316822895977
0.0021109375,35.02269454649014,53.15052031305814,27.900980965979347,-7.088937684481877,-18.160601662596914
0.00211171875,33.3679969911373,53.17424531618671,28.571451280385844,-31.905105261739216,7.302311225938347
0.0021125,35.250592784048486,53.197890238778584,28.694507444191963,-26.872239135967387,2.368856341380766
0.00211328125,33.925010072802394,53.2214550463091,28.581447297599404,-16.894248440447168,-7.74575930826253
0.0021140625,34.352221499887996,53.244939703290136,29.113482603166915,-32.18954299723469,8.058085897111466
0.00211484375,34.64118006123791,53.268344174354226,28.989481109724437,-19.043744564667943,-5.235118499961844
0.002115625,33.98338096452499,53.29166842425466,29.272827102652997,-25.30037228723075,1.2815309656290865
0.00211640625,34.599012164356395,53.31491241786554,29.465791142828447,-25.483841787894654,1.634720512857558
0.0021171875,34.22879907162888,53.33807612018185,29.51061983994465,-20.8537455973527,-2.9737106828845064
0.00211796875,34.27819254352791,53.361159496319445,29.7977586398791,-26.127454727913904,2.564053871473556
0.00211875,34.43493408240588,53.384162511515186,29.87581426559344,-22.095683939040587,-1.4126643068811586
0.00211953125,34.19147866898548,53.40708513112695,30.059468125609033,-23.367285376976486,0.01966837145857241
0.0021203125,34.38415835679486,53.429927320633695,30.243823239823943,-23.959205131976404,0.7731010511666502
0.00212109375,34.29796353375633,53.45268904563548,30.358743355974838,-22.01083759781207,-1.083108091848574
0.002121875,34.33433193481949,53.47537027185358,30.55903577143608,-23.67833313070888,0.7619986302913805
0.00212265625,37.03356918524036,0.405197840450673,30.043603440669035,4.257385432847515,25.381020167370846
0.0021234375,34.27780913616034,2.325466419806603e-05,28.431814123475185,61.331659223474155,-32.89986835466317
0.00212421875,33.92120209712584,1.334629200653979e-09,29.51460563388285,4.692471959430644,24.822133673117577
0.002125,36.21287230811547,9.619919364264379e-14,28.630618265239512,38.49825874844103,-9.867640483201615
0.00212578125,33.629762065580174,2.3942816155901162e-14,28.48485329058661,31.88792294173031,-3.4030696511437237
0.0021265625,35.45173308331313,2.4110592795268493e-14,28.675056632313424,17.976040474496134,10.699016157817264
0.00212734375,34.9532605586033,2.1932164129513564e-14,27.97455465133855,39.03796056385371,-11.063405912515178
0.002128125,31.140342044480903,53.53403249423098,29.121100244030544,-17.252191663039696,-7.16074058716074
0.00212890625,35.89351477803753,53.67586638626733,30.21330267926623,-49.86223607895792,26.39967237195682
0.0021296875,34.25035033080412,53.697747645957065,29.086729246027094,3.8755479421688435,-28.486566342098815
0.00213046875,33.2971569938006,53.71954115826029,30.266857949122112,-42.07619933134683,18.62351612220865
0.00213125,35.5352424361686,53.741253769510536,29.98035374801561,-18.57689137560116,-5.184008645893764
0.00213203125,33.33384374774981,53.76288544740379,30.051757161352246,-18.171008195453688,-5.540120090597855
0.0021328125,34.639981777184516,53.78443615936319,30.61259403124169,-33.30369966193779,10.131857533816293
0.00213359375,34.397712901729214,53.805905872933714,30.331474623611612,-14.237449080976626,-9.236982168345476
0.002134375,33.84782030815429,53.82729455578239,30.789096872203213,-27.999898816247743,4.961701132668569
0.00213515625,34.67260309588426,53.84860217569824,30.860218417562802,-22.582701398475123,-0.4056823596603149
0.0021359375,33.975217269843235,53.869828700592365,30.94097162327913,-20.155443852319067,-2.7734132249941683
0.00213671875,34.30263926418362,53.89097409849802,31.255564098587108,-26.25633395169284,3.6209239517819274
0.0021375,34.323135982988596,53.9120383375706,31.270232747647285,-19.781926073719898,-2.8598795162034167
0.00213828125,34.07438909703747,53.93302138608775,31.50899994894992,-23.580033349193393,1.1560119120555619
0.0021390625,34.364428261921674,53.953923212449375,31.657894983448696,-22.57635432011309,0.2803260911124094
0.00213984375,34.176247332724685,53.97474378517771,31.774390704569605,-21.010487024262513,-1.1898660563455914
0.002140625,35.20918570849398,16.012930716495376,31.80848341895618,-15.71356022724332,31.509112929704123
0.00214140625,35.426765444799855,12.458627328080674,30.321888791129155,44.426141777283654,-26.562880314235173
0.0021421875,33.12548268323599,12.526125609873185,30.963070610384193,7.2405370712216355,11.196407929289373
0.00214296875,35.86940964407557,12.59381288704041,30.767622386586527,15.116645531632038,3.0571639679140787
0.00214375,33.92871096432483,12.66148121008226,30.267242193167753,28.51969594935418,-10.913934966268688
0.00214453125,35.17977228759863,0.32621094740325063,30.587723525027783,10.217439786825771,20.04407279079876
0.0021453125,35.2361858012201,1.8721536188016654e-05,29.580884640224955,45.441555788871575,-15.860689870182808
0.00214609375,33.9116430247096,1.074445600398402e-09,29.842409170224425,22.865905142702477,6.9765040264475005
0.002146875,35.53226201360044,6.16633879090764e-14,29.582633343456507,28.028499351134187,1.5541339923222595
0.00214765625,34.37675283243978,3.538916634788508e-18,29.165628226787952,35.437089057604055,-6.271460830816102
0.0021484375,34.810930136723776,2.0310157084540248e-22,29.280022996910446,22.29899742026384,6.981025576646603
0.00214921875,35.03294719319364,1.1656179655199825e-26,28.831962766462375,33.419303238825904,-4.587340472363531
0.00215,34.50350155416333,6.689585097188327e-31,28.74899316775271,27.346646052711492,1.4023471150412214
0.00215078125,35.049115235579585,3.839212340259436e-35,28.57087580658138,27.26125840312791,1.3096174034534707
0.0021515625,34.730492222158176,2.2033580826702476e-39,28.280025736216125,30.686064499942262,-2.406038763726139
0.00215234375,34.80437501268083,1.2645267857573738e-43,28.192850488026853,25.894270637428832,2.2985798505980215
0.002153125,34.93909203841488,7.257231606947949e-48,27.92501094383943,29.134311475509943,-1.209300531670515
0.00215390625,34.74475697059892,4.164989717109058e-52,27.754837841714973,27.58752710506445,0.1673107366505235
0.0021546875,34.917430320894326,2.3903246145563743e-56,27.580142332415168,26.89241427490244,0.6877280575127287
0.00215546875,34.70121020488997,1.371828540052184e-60,27.350457518855436,28.20805110986387,-0.8575935910084355
0.00215625,34.138346404791996,13.740727155940025,27.67307495785551,8.015013229754894,5.91733457216059
0.00215703125,35.32746082390852,13.808842215351117,27.49871083973408,13.172426369035382,0.5174422553475805
0.0021578125,34.414384530788716,13.87615179672339,27.257773739467424,17.76136604627514,-4.379744103531105
0.00215859375,34.784467929311226,13.943440435828208,27.389673986673778,8.251097850670783,5.195135700174788
0.002159375,34.85909936409496,14.010708076361144,27.100756058767256,16.740897574657605,-3.650849592251494
0.00216015625,32.49171210257918,54.181145120596554,27.595318183933987,-8.437298201885369,-18.148528734777198
0.0021609375,34.9183381409265,54.50605613615527,28.84291581931035,-51.19591398172542,25.532773664880494
0.00216171875,34.96725370768282,54.52460690383619,27.99241630277482,-6.255687342983889,-20.276503258077476
0.0021625,33.29204757523638,54.5430579808685,28.754100212901804,-34.696077884061836,8.907120116095141
0.00216328125,35.31882389325324,54.56142691603242,28.840632152415004,-27.430864255291887,1.7100694916744743
0.0021640625,33.825966215682456,54.579713682673386,28.740012556820595,-17.88635179057402,-7.95334933527877
0.00216484375,34.369911993621656,54.59791825325192,29.30470652586647,-34.02722938096468,8.734017653579228
0.002165625,34.61963390410746,54.616040600352264,29.15652224275609,-19.507048406500136,-5.952469951096037
0.00216640625,33.9360878397072,54.63408069668249,29.473589772516213,-26.902016072893158,1.7415251487268841
0.0021671875,34.60903133007056,54.65203851507454,29.663973471103084,-26.50168637233207,1.5136213283606186
0.00216796875,34.18396717260426,54.66991402848427,29.71434003278608,-21.83459754091622,-3.1209764547819705
0.00216875,34.2662559113783,54.68770720999147,30.019836143694107,-27.48917265624803,2.8213015899506657
0.00216953125,34.419131682758845,54.70541803279994,30.09478271525604,-22.966354415222725,-1.6442809023211753
0.0021703125,34.164651903201694,54.72304647023749,30.29373152505629,-24.570408774827218,0.14109382964601896
0.00217109375,34.38899050610477,54.740592495756026,30.48386872757159,-25.023515325604933,0.7667915574204983
0.002171875,34.392419709598215,54.75805608293154,30.604685902587065,-23.007765090115164,-1.1456050902293116
0.00217265625,37.58857731353326,0.03610894151793148,29.52492416788201,26.699018544157116,2.789796682206962
0.0021734375,33.1420727684088,2.072324265569999e-06,28.60991982404095,50.4967614884566,-21.886843736739912
0.00217421875,34.99758248816032,1.1894957233373863e-10,29.54891813578904,3.852959690285036,25.695958445385056
0.002175,35.5931084715932,2.800843158414887e-14,28.399986983685686,46.40385651915375,-18.00386953546809
0.00217578125,33.71224104945452,1.6041762258530183e-14,28.67754272874274,22.465797369651092,6.21174535909163
0.0021765625,35.73587316766503,2.0335457418658415e-14,28.507897604879176,24.62958098007526,3.8783166248038934
0.00217734375,34.49760373598974,1.6608696322875817e-14,27.98666561735801,36.67381975469174,-8.687154137333751
0.002178125,32.38241424992787,53.48535096559554,28.61132372535674,2.316914717268034,-27.190941957506837
0.00217890625,34.308454717781295,54.911433454420575,30.169915447819708,-55.21956083918382,30.478042832582954
0.0021796875,35.32970861633969,54.92815211671726,29.24776437854581,-5.587093805273893,-20.093293932897556
0.00218046875,32.925012505032214,54.94470717831293,29.90089491457661,-30.557504162875148,5.513691899138827
0.00218125,35.277391118644566,54.96117948953081,30.166481800496307,-30.63085153279235,5.836153843757851
0.00218203125,33.86185922166221,54.97756903020535,29.908232134036773,-14.127200039264011,-10.942136856904566
0.0021828125,34.11199140168134,54.993875775654516,30.551786647786784,-34.27588876211522,9.833799634247493
0.00218359375,34.6872141141103,55.0100997013206,30.40149021448416,-19.193703878579022,-5.414905608257418
0.002184375,33.789901171847816,55.02624078277069,30.665920025520162,-24.727895917122034,0.3675751598715028
0.00218515625,34.525863478857694,55.04229899569661,30.91811852765361,-27.013850766582483,2.889670298539482
0.0021859375,34.16145918858988,55.05827431591497,30.91900142871652,-20.178052053022146,-3.9612208341763058
0.00218671875,34.12944197243407,55.07416671936723,31.240527500162862,-26.827454945144964,2.993815725940599
0.0021875,34.38761094848979,55.08997618211973,31.320312641716697,-22.448829739947456,-1.3208338004555729
0.00218828125,34.07569813675914,55.10570268036368,31.495772174995327,-23.238043530981532,-0.3718869743868169
0.0021890625,34.31270327199276,55.121346190415274,31.704610502200875,-24.62051672063355,1.2037810324191505
0.00218984375,35.123866846086365,19.970533403460962,31.643268104587634,-15.007812042342008,26.680546743468682
0.002190625,35.24151668743134,16.683228068826406,30.375793797693373,36.658805840333,-22.966240111466036
0.00219140625,33.3065006279767,16.749355458247354,30.950067154601207,4.289296318463151,9.9114153778907
0.0021921875,35.65542805836419,16.81565008136795,30.781037811636047,11.62045857004466,2.344929160223438
0.00219296875,33.979767248898014,16.88191939146875,30.37246501830754,22.710182397965752,-9.219636771126961
0.00219375,34.58469756336346,16.94816327770467,30.740095078928775,3.7120855784752353,10.079846222748868
0.00219453125,34.8848539752793,17.01438164031298,30.291615802060402,19.937956545008536,-6.660722383261114
0.0021953125,35.18684503583119,0.03808256753358948,30.06762470427482,23.538727020009492,6.4908151167317385
0.00219609375,34.749085904338976,2.1855923962335387e-06,29.548923098306254,36.590252289160894,-7.041331376447037
0.002196875,34.53506512416768,1.2543309004206794e-10,29.606124334778677,24.83709786234347,4.7690264723097755
0.00219765625,35.09466642944213,7.198716514852087e-15,29.29227412735695,30.61885957925071,-1.3265854518937665
0.0021984375,34.55494902718152,4.131407385708525e-19,29.07558743089766,30.33393767905996,-1.2583502481623015
0.00219921875,34.897247174480086,2.3710514161061748e-23,28.976180057895746,26.42259628828293,2.553583769612817
0.0022,34.84040888898975,1.360767480173093e-27,28.669555475835782,30.927381548683897,-2.2578260728481134
0.00220078125,34.718999592832745,7.809565505490124e-32,28.54871837986037,27.22876446905645,1.3199539108039224
0.0022015625,34.93393158148209,4.481979050291768e-36,28.329834812608,28.40773747061353,-0.07790265800553052
0.00220234375,34.77009917535861,2.572247610079247e-40,28.11658011925461,28.735465325401936,-0.6188852061473249
0.002203125,34.86599784802669,1.4762357640042247e-44,27.960909856027754,27.01013091100328,0.9507789450244744
0.00220390625,34.8829385888782,8.472248248519112e-49,27.731630108521056,28.3982648221906,-0.6666347136695464
0.0022046875,34.85684587030217,4.862298566039195e-53,27.559684549844494,27.206284918404876,0.3533996314396177
0.00220546875,33.7993481243539,17.898702001379743,27.681470718652808,14.460862782941502,-4.678094065668438
0.00220625,35.03687886961645,18.004524229115695,27.96581484974739,0.8167387272988933,9.1445518933328
0.00220703125,34.79776460775198,18.070322973420783,27.494161212957856,17.81453812708008,-8.39069988754301
0.0022078125,34.325833468155274,18.1360922087189,27.699116795797178,4.887768214807961,4.675256372270318
0.00220859375,35.07441560530139,18.201834131258146,27.543952888654253,9.792083629759338,-0.44996487236323124
0.002209375,34.43603193387965,18.267548642164147,27.408975793590898,11.539734928024297,-2.3983077765975476
0.00221015625,34.71409474839153,18.33323564247201,27.481572550667007,5.836522106233294,3.311814801961702
0.0022109375,32.90223353715253,55.2441209238647,27.73703135651889,-7.068363123564615,-20.438726443781192
0.00221171875,34.542615004819076,55.53879000753149,28.975550469348082,-50.45335711780312,23.890117579619716
0.0022125,35.090485536483946,55.55194963217215,28.265179160736885,-10.510976454704432,-16.77579401673084
0.00221328125,33.297180692826934,55.565009445302785,28.87600769164449,-32.26452261400703,5.575520860348732
0.0022140625,35.15327638307669,55.57798557760642,29.079926832463855,-30.131006570419416,3.6329478252768506
0.00221484375,33.949404272159015,55.59087801046814,28.947095449575936,-18.412208896267586,-8.231573664624616
0.002215625,34.24082685719172,55.60368672447222,29.494844014213573,-33.9567529796988,7.8479102694401535
0.00221640625,34.621036203638816,55.61641170032897,29.406043048087874,-21.539663379525695,-4.670705272715397
0.0022171875,33.93529789932179,55.62905291887481,29.677030963756202,-26.65323307049879,0.7012111153801794
0.00221796875,34.52714080804338,55.641610361072296,29.904150720632217,-27.728133291427014,1.9906736509869356
0.00221875,34.20493953120043,55.65408400801012,29.9548929520436,-22.64294719495398,-3.056243861012542
0.00221953125,34.21170417276946,55.66647384090324,30.253025652020504,-27.844841250312996,2.4313930614302635
0.0022203125,34.39801825582119,55.67877984109275,30.35330183611699,-24.123883832907723,-1.2015941720680337
0.00222109375,34.16992755515378,55.69100199004605,30.541433553625893,-24.984371834627986,-0.1651966017921688
0.002221875,34.91379741425852,55.70314026935682,30.746111674705336,-25.873411379144343,0.9163827844928574
0.00222265625,37.12681231593654,0.0031968527256611957,28.92820301740195,51.177139573662444,-22.252133408986154
0.0022234375,32.51419213780779,1.8347023259180464e-07,29.00319245958555,31.437888928486696,-2.4346966523713784
0.00222421875,36.03363468464959,1.0545528263266294e-11,29.384174687303137,11.983072499410657,17.401102187881936
0.002225,34.63354303714578,1.978506015308841e-14,28.299888553086856,48.375272738335745,-20.07538418524891
0.00222578125,34.16427180449946,1.7882767202004286e-14,28.853399986857877,14.75145371963144,14.101946267226417
0.0022265625,35.66530298265845,2.6078250403351403e-14,28.297252337689766,32.967709559536075,-4.670457221846336
0.00222734375,34.083990958135395,2.0738562816565368e-14,28.08267352166322,31.138881574137038,-3.0562080524738384
0.002228125,34.52582679118833,2.3058902313394385e-14,28.15080388012018,21.2744990962999,6.876304783820259
0.00222890625,31.98412152737771,55.805405422403545,29.59602158859287,-40.82180881424745,14.61242498043677
0.0022296875,36.25249685294107,55.81990608929482,29.76526021534109,-33.11774157846914,7.063095704515416
0.00223046875,33.3744507173612,55.831120807632054,29.26763181668659,-8.268522822911297,-18.29496616803417
0.00223125,34.189952740514286,55.842251261551326,30.291897630965824,-43.79114093812971,18.240787307544206
0.00223203125,34.97422691112477,55.85329761803883,29.838470170136276,-14.785699899501072,-11.229127548401484
0.0022328125,33.4407199275194,55.86425986046952,30.258414016211876,-27.863195052050454,2.257349207792813
0.00223359375,34.82783872706419,55.87513797233444,30.529993620942655,-29.585306349679264,4.240161998287475
0.002234375,34.04612401877252,55.88593193725136,30.42721645040847,-18.595017777472105,-6.863697709370783
0.00223515625,34.10902158210334,55.89664173896476,30.886033977496908,-30.764656321468806,5.754048560000953
0.0022359375,34.502439500524126,55.90726736134587,30.88050779578673,-22.104323620992314,-2.922435944566828
0.00223671875,33.94099853516608,55.917808788392705,31.09491825499797,-24.681316955055703,-0.1415735783390307
0.0022375,34.35822406381015,55.92826600423005,31.329630006428584,-26.52870576164351,1.930069763842042
0.00223828125,34.1468427500539,55.93863899310955,31.396581860996317,-22.102271469787148,-2.439785662326084
0.0022390625,35.0211682325866,31.131842013925983,31.584721304703184,-22.82422749272395,23.27710678350115
0.00223984375,35.816855555237915,20.80857903621602,30.396441776641392,28.843362343026463,-19.25549960260109
0.002240625,33.11454658982281,20.872520220398165,30.748527903411265,6.202394638538971,3.673613044474127
0.00224140625,35.54883069332754,20.93702610361892,30.871597869724503,2.1756927049886317,7.758879061116954
0.0022421875,34.22495790313582,21.001500490269315,30.320676747579405,21.333646143351803,-12.014469886041715
0.00224296875,34.32571225025328,21.065943249041503,30.760118680312573,-0.40414266162216567,10.098318092893237
0.00224375,35.05377416877586,21.130354282883836,30.393295931860845,14.171230599552315,-4.908288950575305
0.00224453125,34.09543400241893,21.194733494794498,30.402519378025495,9.492268572024912,-0.2844826887939174
0.0022453125,35.062499470519434,21.25908078781956,30.4588646254369,5.649430646376982,3.5503531912403563
0.00224609375,35.6271854472107,0.0012200775401971303,29.473972186560765,41.73365331927107,-12.260901210250502
0.002246875,33.79779368522775,7.00213343629782e-08,29.521306327990377,27.700488854338627,1.8208174036304172
0.00224765625,35.4227243236144,4.018586609814824e-12,29.47046638935042,23.774258128186972,5.6962082611594305
0.0022484375,34.59706210786331,2.306302570138015e-16,28.931993032757916,37.087533635837225,-8.155540603079311
0.00224921875,34.619807605200364,1.3236075420234169e-20,29.067514665301236,22.3809635756245,6.686551089676738
0.00225,35.14637386062325,7.596301317898765e-25,28.673604505633165,31.689241043471725,-3.015636537838559
0.00225078125,34.49880511170098,4.359584837670079e-29,28.512328693499164,28.888518522286617,-0.3761898287874516
0.0022515625,34.995855673574276,2.5020044836899847e-33,28.40045077013513,25.87349469726169,2.526956072873439
0.00225234375,34.81060585316522,1.435922609491039e-37,28.079825239807697,30.872397966971803,-2.7925727271641083
0.002253125,34.74293142729873,8.240887471978787e-42,27.99052104193408,25.989141443259246,2.001379598674834
0.00225390625,34.95171569558237,4.7295185601881655e-46,27.74738823610013,28.341027878815726,-0.5936396427155967
0.0022546875,34.22645146293897,20.112770680856375,27.64539458070993,23.993245148861334,-16.46062124900778
0.00225546875,34.2724040056294,22.092536994410104,28.338862546493228,-8.365698528948121,14.612024081031246
0.00225625,35.40985402027668,22.156537221977143,27.860964934055232,12.405483027114776,-6.701055315036687
0.00225703125,33.96255060696711,22.220394136590723,27.89218126762504,6.62008334337022,-0.9482962123359044
0.0022578125,35.036420979465724,22.28421758138242,28.033820955487773,0.26239886937477197,5.48720450473058
0.00225859375,34.61409670936523,22.34800746654482,27.714046839078996,11.606290966315331,-6.2402515937811565
0.002259375,34.44952245153657,22.411763696011832,27.902886653171674,1.1830349586773963,4.308087998482445
0.00226015625,34.91385710030785,22.47548617376775,27.75301976552617,6.661261441743836,-1.3837278499854169
0.0022609375,34.394424578368735,22.539174803847672,27.70357737041735,6.180271104985336,-1.0158685384156592
0.00226171875,33.04625066199333,55.95577718621179,28.15723769352784,-13.799763941305045,-13.998775551378907
0.0022625,34.654305545550336,56.21833041899819,29.134293071584022,-45.635437113171115,18.551399765756944
0.00226328125,34.80477374411348,56.22601521326304,28.5890088212052,-13.403453669100546,-14.233552722957292
0.0022640625,33.52967062778185,56.23360070989783,29.17128376859717,-32.872166155572074,5.8098492142714155
0.00226484375,34.99017246941445,56.241101518907016,29.315787964145983,-28.638441272309013,1.7131277175479802
0.002265625,33.94694072992731,56.24851762983367,29.28570376255763,-20.981025945358425,-5.981787921917613
0.00226640625,34.28705837924577,56.255849031509314,29.752891265275355,-32.76412329352001,6.26116552728605
0.0022671875,34.49920589973336,56.26309571289298,29.708786153089104,-22.42759552873909,-4.126714031064782
0.00226796875,33.98650489928887,56.27025766307128,29.98481260843144,-27.319477159042254,1.0340321044024168
0.00226875,34.46086168817017,56.27733487125846,30.18620221799744,-27.315581742530412,1.2244490892693911
0.00226953125,34.161352217340934,56.284327326796394,30.274797889703645,-23.695710371103573,-2.313819065989177
0.0022703125,34.189622988659785,56.29123501915454,30.550688880111313,-27.729229292653965,1.988683153610738
0.00227109375,34.26244102932872,56.29805793793006,30.662879741317884,-24.503325976448163,-1.131852220164012
0.002271875,36.590742289186274,1.4457462765440316,30.428869189648363,-7.6615170844005664,36.644639997504896
0.00227265625,35.18842188732441,8.297266372393529e-05,28.5355821397082,64.31169692475459,-35.77619775771011
0.0022734375,33.32862723014975,4.761894665664656e-09,29.53401123261527,8.864980093245576,20.6690311346078
0.00227421875,36.45106097894455,2.9314347117425593e-13,28.931285456199518,31.76081982190368,-2.829534365704457
0.002275,33.745275824116,2.5491984546904527e-14,28.48594093643425,38.03093247917042,-9.544991542736193
0.00227578125,35.15390839654821,2.044636039849849e-14,28.869046020860424,14.98958834104792,13.879457679812484
0.0022765625,35.15317906808396,1.7990572927458426e-14,28.116904435692714,39.23530208611596,-11.118397650423262
0.00227734375,34.29765235078758,1.928148517196152e-14,28.25603031600688,23.095405384409926,5.160624931596935
0.002278125,35.491114601057426,2.3498353263805078e-14,28.008371794240244,27.211365087966215,0.7970067062740035
0.00227890625,31.100856631652864,56.23566267715569,28.67049483661218,-8.397375756740002,-19.16779208380351
0.0022796875,35.47089467598841,56.367504911675,30.21281210033208,-60.50793232228473,34.35323951094181
0.00228046875,34.76464960545387,56.37331701104637,28.91051217829877,3.298158985920987,-30.760963818668586
0.00228125,32.881139167876675,56.37903698511146,30.07409089772317,-42.67537174838682,16.37042566099853
0.00228203125,35.67807496512907,56.38467205295092,29.971886220612582,-25.490117792590702,-0.9226680397476361
0.0022828125,33.36717260038411,56.39022220649325,29.874287244995873,-17.077310632980236,-9.43862432851714
0.00228359375,34.446877260784014,56.395687437380005,30.579113916110416,-38.087472501167035,12.270898979897444
0.002284375,34.55127172172924,56.40106773738068,30.27616984072548,-16.6954775688486,-9.429420327806602
0.00228515625,33.7051733498681,56.40636309839263,30.718766868769187,-29.511010330529697,3.8234141009062514
0.0022859375,34.66920587962916,56.41157351244114,30.872010232041788,-26.66915270523207,1.1295894248327176
0.00228671875,33.97330744333863,56.416698971679416,30.90864811206216,-21.531033595567237,-3.977017264050021
0.0022875,34.18106536975768,56.42173946838861,31.27441694828273,-29.27821393770624,4.130891417600362
0.00228828125,35.15278164967947,34.094792360227984,31.234946716918994,-19.534465633701043,16.674619990392053
0.0022890625,35.37960734436973,24.80915417357904,30.29290223402771,21.532341108245745,-16.048593047797073
0.00228984375,33.4373714199286,24.87098696140872,30.645874333504466,1.3522549086962385,4.422632463399511
0.002290625,35.32434103063594,24.933318755792428,30.691822500029023,1.0066634440187485,4.751840300217846
0.00229140625,34.194398625212216,24.995613031836687,30.315675524256235,14.072731334370884,-8.752668841951333
0.0022921875,34.39578864777931,25.057869664941236,30.664584231568004,-2.316383428926457,7.923097995553224
0.00229296875,34.863579595748014,25.12008856134691,30.377675107726983,9.551544145765376,-4.293957599385306
0.00229375,34.146354832971916,25.1822696273532,30.423095518080014,4.923011982794091,0.31781390793272346
0.00229453125,34.73710226401308,25.24441276931652,30.46053908719243,2.853147604956625,2.362978712919287
0.0022953125,34.4320217153083,25.306517893650422,30.29639838029382,8.136034215970511,-3.146153729327114
0.00229609375,35.54634674272425,0.6508243399451914,30.19700289426221,10.607679691510127,18.93849886280689
0.002296875,35.064543499987636,3.7351387282732666e-05,29.156480928390305,46.5412199407826,-17.384776363779576
0.00229765625,34.0129786277379,2.1436293118081192e-09,29.518724652517335,20.102093440210847,9.416631210162858
0.0022984375,35.60469683148461,1.2302479133264375e-13,29.15865799394178,29.68093613029354,-0.5222781363518835
0.00229921875,34.30428976808071,7.06050211156812e-18,28.80761830084667,34.04311517599552,-5.235496875148847
0.0023,34.93496723920267,4.052084911297903e-22,28.908723841231364,21.895370553020946,7.0133532882104195
0.00230078125,35.002712486857114,2.3255275430717804e-26,28.440242734160286,33.730695421149804,-5.29045268698952
0.0023015625,34.54128863313556,1.3346409248500269e-30,28.39653826497334,26.135699122595817,2.2608391423775225
0.00230234375,35.10446629758335,7.659622882520959e-35,28.187690005218162,27.501725392906856,0.685964612311307
0.002303125,34.732811286421445,4.395925646370493e-39,27.915551658397654,30.089708557055246,-2.174156898657592
0.00230390625,34.97507159155475,2.522860796778263e-43,27.830320819725067,25.412292432130137,2.4180283875949318
0.0023046875,33.35395828079517,26.04372323474819,28.320552788251984,-1.0666079791688816,3.3434375326726755
0.00230546875,35.44967334231785,26.11038213848368,28.449446675113776,-4.110515841884722,6.4495803785148205
0.00230625,34.30750507594108,26.17194551194383,28.01619153607197,12.04683406049944,-10.202588036371296
0.00230703125,34.40976716322157,26.233469180746706,28.423860635402264,-6.441339981355991,8.631731436011549
0.0023078125,35.0160905808011,26.29495334240243,28.141379047848503,6.117355834206427,-4.270930128760354
0.00230859375,34.19267644392189,26.35639790433363,28.186023211428886,2.0114180956972803,-0.1817927886020243
0.002309375,34.8323045730108,26.417802774005906,28.26485124361299,-1.108914677275618,2.9559631468827017
0.00231015625,34.55379791332996,26.47916785894465,28.0935821442406,5.197920579455808,-3.583506294159859
0.0023109375,34.481558966136554,26.54049306673511,28.21502285208024,-0.911773567717519,2.5863033530626467
0.00231171875,34.70895261762081,26.601778305022666,28.13213896977107,2.480279166795561,-0.9499185020471551
0.0023125,32.95649809453146,56.311588199794144,28.48372775559961,-12.987299829303915,-14.84056061489062
0.00231328125,34.6357797785901,56.54035590029936,29.503945109647486,-46.54235714015905,19.505946349507173
0.0023140625,34.80887921539915,56.54251699349683,28.92411521258419,-12.714328887540672,-14.904072893371968
0.00231484375,33.463249317241996,56.544579934417726,29.52472080028017,-33.05777849658093,6.037919362443375
0.002315625,34.998142124335104,56.546557719477036,29.670920086172664,-28.732475374681094,1.8568377413767232
0.00231640625,33.90662902730386,56.54845034644229,29.629251519143754,-20.61192186797428,-6.307276959324253
0.0023171875,34.258358780598485,56.55025781246327,30.11184012449869,-33.01471080515824,6.576293117193657
0.00231796875,34.48462699330354,56.551980114817965,30.05763059522413,-22.181628345120835,-4.312721174473002
0.00231875,33.94281708885618,56.55361725091262,30.33794057841489,-27.28044397989266,1.0647673073949278
0.00231953125,34.43648262013413,56.555169218281755,30.54168697104368,-27.317649130419575,1.3041668831815034
0.0023203125,34.10952994812271,56.55663601458811,30.625588057431102,-23.495687703303552,-2.435360253853452
0.00232109375,33.92864300985333,56.558017637622726,30.90612222729257,-27.719698110115207,2.0678026997850516
0.002321875,37.76825198733505,0.011002288798851938,29.349274944284065,41.081128370963384,-11.74285571547817
0.00232265625,32.61258641897336,6.314311445900734e-07,28.93345544259225,41.94010586540651,-13.006651054245404
0.0023234375,35.66244153994112,3.625176231289149e-11,29.678414375028883,5.772974331354323,23.905440043638308
0.00232421875,35.133123594413085,1.1061212084697337e-14,28.450075636298305,49.89119121140071,-21.441115575102415
0.002325,33.852502233526536,1.7002188091794986e-14,28.948211381016048,17.292424585953,11.655786795063031
0.00232578125,35.804623327786146,7.503411674322865e-15,28.550709245397453,29.28336653707983,-0.7326572916823815
0.0023265625,34.19390404816028,9.680480350265022e-15,28.17046217837325,34.57978106809655,-6.409318889723313
0.00232734375,34.96421266781902,1.0888926638348994e-14,28.3429150417599,19.73309861079285,8.609816430967038
0.002328125,35.004353131566695,1.1016941492850748e-14,27.814724965565684,34.3600707528198,-6.545345787254128
0.00232890625,33.11899241331414,51.643647469774514,28.05404084855268,14.808844474558652,-38.39845109578049
0.0023296875,33.55303944692336,56.56731098758175,30.018298447790762,-62.297619293187644,35.74860675339666
0.00233046875,36.06584514132146,56.56795295365745,29.101462556387553,-9.837057147238944,-17.629433250030957
0.00233125,32.626783553663,56.56822719772525,29.52791218211534,-26.103175777941985,-0.9371392376679254
0.00233203125,35.26994693350621,56.56841623485047,30.1048757512051,-38.78937529496365,12.325834811318282
0.0023328125,34.12618539167542,56.568520080962216,29.63332709533482,-12.000952070791662,-14.934240914835733
0.00233359375,33.83240641965019,56.56853873590503,30.37533694652715,-36.86565337252312,10.67245158314524
0.002334375,34.89919168490077,56.56847219965082,30.268938743597854,-22.38532758449571,-3.9142058715572574
0.00233515625,33.720950026368435,56.5683204722998,30.445840756250675,-24.07290608544554,-2.0495736306035908
0.0023359375,34.477408869451345,56.56808355408046,30.809460609265464,-30.70623076581475,4.9476078209997585
0.00233671875,34.23841747752718,56.567761445349575,30.756716873579897,-20.815755537521902,-4.995289034247775
0.0023375,34.742319210640844,36.854051336545005,31.044797491905978,-25.91246631801553,20.1032124733765
0.00233828125,35.64978349797123,28.661512816516954,30.114661057248576,16.841514680716852,-15.388366439985232
0.0023390625,33.2720824895257,28.720867802451778,30.408231162739757,-0.28633598244653274,1.9736993427345124
0.00233984375,35.310300747027696,28.780653121258045,30.59968132927129,-5.556207380270353,7.3752355882836005
0.002340625,34.26697211029438,28.840395124100354,30.155756555137565,11.79895632077671,-10.4835948897395
0.00234140625,34.26002032327786,28.900093693830378,30.572376674380994,-6.721161114493326,8.393444095043941
0.0023421875,34.929894314215474,28.959748740541585,30.319963601841586,5.151589797108612,-3.7913749358086095
0.00234296875,34.09108574320619,29.019360174394528,30.354564875133736,1.962663649330378,-0.6274589485911708
0.00234375,34.70535753608324,29.07892790561551,30.458884997393632,-1.8280664620944451,3.208023553872564
0.00234453125,34.46495188241397,29.138451844496586,30.293243405128926,4.767180465809496,-3.6123889051771556
0.0023453125,34.355417192001646,29.19793190139579,30.42137772566767,-1.238738009491513,2.4621838337633952
0.00234609375,34.51622771635834,29.257367986737208,30.355351954046352,1.8811858409781879,-0.7832018736690444
0.002346875,36.161446917038724,0.0056928934924556545,29.482040805958917,35.53817681638402,-6.0618289039175615
0.00234765625,33.77418725285765,3.2672021703116816e-07,29.20811567705076,34.69998502358258,-5.491869673252033
0.0023484375,35.234661065575324,1.8750763624570855e-11,29.431759875786845,18.55350965314901,10.878250222619082
0.00234921875,34.94365945247927,1.0761229889578243e-15,28.75823748501879,38.713769929605604,-9.955532444586817
0.00235,34.393872736018885,6.175965472926306e-20,28.889859207568744,23.263509652965872,5.6263495546028715
0.00235078125,35.29186786306557,3.5444414731551414e-24,28.589962421248288,29.12576523097769,-0.5358028097294024
0.0023515625,34.54815348927874,2.0341864622940545e-28,28.316389610639135,31.11245096453085,-2.7960613538917145
0.00235234375,34.9369282858336,1.1674376893285163e-32,28.287590236693102,24.316877001319313,3.9707132353737906
0.002353125,34.98144453803207,6.700028653851537e-37,27.93771024042474,30.982200323187513,-3.0444900827627754
0.00235390625,33.39627259092819,29.083379903629726,28.062331576423016,16.998116733895547,-18.019165061102257
0.0023546875,34.533807899098505,29.908193294227175,28.965667543148154,-20.52769324603031,19.58516749495129
0.00235546875,35.25979005474331,29.96713871197598,28.279891708611892,10.88763413381123,-12.574881137175318
0.00235625,33.68797327233511,30.02599504849678,28.580383231693595,-4.628574408617829,3.1829625918146434
0.00235703125,35.19519252392006,30.084806163889287,28.663673514927233,-5.466606788856163,4.045474139894107
0.0023578125,34.31580825217366,30.143571972107246,28.389391512169787,5.356560886803646,-7.110741346741105
0.00235859375,34.44922419484415,30.202292384650573,28.702697162093585,-7.787752904391013,6.288157681834026
0.002359375,34.8408192532709,30.2609673130874,28.511426645192945,1.5829457698043066,-3.3324864376987593
0.00236015625,34.26024589682587,30.319596669054306,28.576828829591083,-1.8714247873477605,0.12865694788453794
0.0023609375,34.72789345473148,30.378180364256618,28.645416083998242,-3.685526925765889,1.952762645507513
0.00236171875,34.5012365682666,30.436718310468258,28.54729849879927,0.6531276827790308,-2.542547494448019
0.0023625,34.4467714204033,30.495210419532185,28.656966093660227,-3.747791072595682,1.9095467467237233
0.00236328125,33.34119519536877,56.309291219547546,28.93134766320597,-14.115690107686987,-13.26225344865459
0.0023640625,34.43745017608274,56.50281856213268,29.80577483783021,-42.34546029764016,15.648416573337688
0.00236484375,34.77205749002495,56.49944221100364,29.401544571073977,-15.995943147329184,-11.101954492600477
0.002365625,33.60155810592379,56.49596947714124,29.870806130202364,-30.379367294847107,3.754203947908234
0.00236640625,34.815777659225446,56.49241166072154,30.06375694049651,-28.713502859940988,2.2848481397159612
0.0023671875,34.013824574495494,56.48876876775077,30.042182032712837,-21.068416385091822,-5.37817034994611
0.00236796875,34.2079681132122,56.48504080371512,30.46405858167661,-31.165475821801245,5.144493599762733
0.00236875,34.443280028838245,56.48122777422883,30.46699394631543,-22.901321089079172,-3.112912738834225
0.00236953125,33.98160204226714,56.47732968503425,30.708510099480065,-26.251859397231684,0.483039811677499
0.0023703125,34.32465075080543,56.47334654200182,30.917770552325912,-26.819643167018043,1.264067177342136
0.00237109375,36.63532518216421,1.4500739590111973,30.582186426280465,-5.588047504034853,34.72015997130412
0.002371875,35.0859038379358,8.322103324801611e-05,28.745237941818967,63.62071631363611,-34.87556159285039
0.00237265625,33.4139780125921,4.7761300707317924e-09,29.731632021241253,8.95905134321072,20.772580673254403
0.0023734375,36.39405632175734,2.785368640044401e-13,29.10427535293313,32.638031857080854,-3.5337565041480006
0.00237421875,33.74423722933687,7.003758226864064e-15,28.693791342799877,37.42326379228981,-8.729472449489938
0.002375,35.17063722727419,7.114478313793406e-15,29.04542246947988,15.734473054165626,13.310949415314248
0.00237578125,35.105347440156265,6.2810932634563135e-15,28.306711317637706,39.23523929464847,-10.928527977010772
0.0023765625,34.30253390513774,1.1444218463245476e-15,28.4455269116839,23.159308437528388,5.28621847415551
0.00237734375,35.381423937443,4.324321396365991e-15,28.18587737985216,27.674614969076334,0.5112624107758201
0.002378125,34.59176327173858,4.36935616646233e-15,27.86496484567429,31.75218849432828,-3.887223648653993
0.00237890625,35.013432836676685,1.8423010961322207e-15,27.877381414909724,23.204381459685493,4.672999955224229
0.0023796875,31.543027010054022,56.2928138458425,28.50949570109482,-9.541193707616136,-18.242124437131547
0.00238046875,35.25685363019307,56.41382145030587,29.925744724141587,-57.220197061144134,30.732120334979854
0.00238125,34.78544124633827,56.40865547840717,28.80141911560645,-0.7831935195936659,-26.824042843207053
0.00238203125,33.027939877155,56.403397319754895,29.82353189147006,-40.343776735101216,13.76391130681638
0.0023828125,35.516754283487096,56.39805421819027,29.784805431865223,-26.43297446760873,-0.1802743187163138
0.00238359375,33.50967567056514,56.39262618217522,29.698623457001105,-17.99473060952517,-8.699272115648943
0.002384375,34.40460075961212,56.387113219884256,30.3488212899006,-36.91055969675009,10.872267766766434
0.00238515625,34.541320693663685,56.38151533961983,30.107044133440144,-18.12165830034477,-8.152812905834917
0.0023859375,33.75857066367416,56.375832549812245,30.50813755961653,-28.988773841612314,3.1210788514165984
0.00238671875,35.24286428677109,39.39313439488237,30.623590876112047,-24.720991937356956,15.951448418586637
0.0023875,35.078435658576524,32.34263994850277,29.773710885325603,13.748924712567465,-16.317853775744634
0.00238828125,33.53987384052709,32.39916253004888,30.243607608770617,-8.540085372101531,6.384530450823264
0.0023890625,35.26142738140622,32.456044199860585,30.2395682712673,-4.651515857272786,2.4350399286794984
0.00238984375,34.077217690569434,32.51287701486491,30.000944016242002,4.633561352413229,-7.145494351036139
0.002390625,34.447578868778656,32.569660866065405,30.3593440395416,-9.570489848423975,7.36017302190017
0.00239140625,34.73397270020769,32.62639566794522,30.12177952461562,2.147672005923252,-4.65228814925285
0.0023921875,34.13161951083975,32.6830813350628,30.248227777294993,-3.5268054898174483,1.0919519320496371
0.00239296875,34.69410536619116,32.73971778205053,30.301205058535196,-4.02932572365265,1.590813000137311
0.00239375,34.36745621453945,32.796304923614954,30.213846105232342,0.12458041984077967,-2.7070392382233925
0.00239453125,34.40561787297123,32.85284267453687,30.349548686811712,-4.851066957805223,2.347772970080061
0.0023953125,34.55082274261708,32.90933094967143,30.296647832413903,-1.3872099306327357,-1.225473186624788
0.00239609375,34.30476515544635,32.96576966394832,30.337485015333748,-2.635821399644488,0.007536751029914513
0.002396875,35.957408864190455,0.8474097410142575,30.13045294466343,7.05017590667741,22.23286729697176
0.00239765625,34.97120403885574,4.8633598163291285e-05,28.885598376596967,51.15961590049483,-22.274066157496023
0.0023984375,33.911763735445724,2.7911254211894827e-09,29.445343281408125,16.126715494317033,13.318627784299967
0.00239921875,35.81612902846667,1.601851685053885e-13,28.97168507410236,31.246928862360324,-2.275243788258123
0.0024,34.12366973032146,9.193169183405809e-18,28.639527764902642,34.17912773890481,-5.539599974002169
0.00240078125,35.03813884068905,5.276041497679556e-22,28.792797641617884,20.27916299695502,8.513634644662865
0.0024015625,34.99212581689079,3.027967105781475e-26,28.250122439946857,35.22377968568134,-6.973657245734488
0.00240234375,34.47235479324198,1.737777232746759e-30,28.268917444915367,24.865490276956436,3.403427167958931
0.002403125,35.0883398443926,9.973257981855117e-35,28.032272360784454,27.70844400753036,0.3238283532540933
0.00240390625,32.61544137220667,33.505332833751524,28.547977079885463,-1.2906384029594364,-3.6667173509066266
0.0024046875,35.596608073959324,33.58329898208443,29.13363232439625,-20.573040753663122,16.123374095974942
0.00240546875,34.47696085485091,33.639137624967596,28.363216226651506,12.556111617659063,-17.832033015975153
0.00240625,33.93900457505789,33.69492434090284,29.04044750395638,-16.613862554762402,11.959385717815943
0.00240703125,35.31164943803719,33.75066031281823,28.77589793817846,-1.3953639737034251,-3.57939840093635
0.0024078125,33.927257741830054,33.806345456849144,28.764450446763952,-1.8406644258702771,-3.2012305842149136
0.00240859375,34.770320341871596,33.86197968913477,29.039992083764567,-11.085086403871584,6.263098798501378
0.002409375,34.59195843476561,33.91756292589092,28.795949191238968,0.6923781271366765,-5.813991861788628
0.00241015625,34.26656951899615,33.97309508341028,29.019223423873242,-8.18914448030772,3.235272820770685
0.0024109375,34.777957762605006,34.0285760780624,28.991503621933667,-4.679775193852433,-0.35729726227629927
0.00241171875,34.33579470509535,34.08400582629389,28.979841562761877,-3.4517228393579247,-1.6524414241740868
0.0024125,34.547114589864954,34.13938424462863,29.109639056305976,-7.293845026141828,2.2640998378191757
0.00241328125,34.53007868352531,34.19471124966765,29.05323106480234,-3.334182704156582,-1.8072974807087254
0.0024140625,33.30304603432523,55.94890085289144,29.406889396745967,-16.808663104924364,-9.733348351221109
0.00241484375,34.577076327527436,56.105957119499706,30.15743282644975,-39.50582178207137,13.557297489021417
0.002415625,34.61004250869689,56.097064795616305,29.79226533465888,-15.550570943909399,-10.754228517048029
0.00241640625,33.712318630012895,56.08807847147924,30.280025908529474,-30.471397848516915,4.663345285567148
0.0024171875,34.78731698748721,56.079007679163325,30.412809940574547,-26.598875388221913,0.9326776496331335
0.00241796875,33.997203017427424,56.06985243287528,30.44236309840692,-21.366482048466125,-4.261007286002235
0.00241875,34.28560395326307,56.06061274640277,30.826295000838037,-29.855403731211993,4.621085985647262
0.00241953125,34.43957094236488,56.051288633660604,30.831323669982243,-22.058631002821116,-3.161333960857245
0.0024203125,34.64450049955726,56.04188010869072,31.082982186901543,-25.903597652954534,0.9446997311653589
0.00242109375,37.305393769876325,0.003216293306074062,29.310989609809948,49.80778910014109,-20.50001578363722
0.002421875,32.46955651234706,1.8458593345675802e-07,29.28287340991732,34.104123259199866,-4.8212500338684805
0.00242265625,35.97860179745698,1.0598563238109455e-11,29.756398400681974,10.487604623339656,19.26879377733172
0.0024234375,34.73788725975726,3.932571430267122e-15,28.6160811797267,49.496652176205544,-20.88057099647885
0.00242421875,34.081945828665795,5.138017800522965e-15,29.174237898270793,15.255478610094753,13.918759288176034
0.002425,35.72612793664185,6.925595487001833e-15,28.641895245874647,32.56328699748813,-3.9213917516134877
0.00242578125,34.11645675379747,4.1376126277198584e-15,28.38840347672271,32.257125166089416,-3.868721689366707
0.0024265625,35.1016004208175,5.020598233407714e-15,28.485137986918907,21.01155381839815,7.473584168520756
0.00242734375,34.91905361536421,6.669318135910584e-15,27.96719602171467,34.71199972173419,-6.744803700019523
0.002428125,34.53020423885996,3.827580951061654e-19,27.995608329690075,24.216004993912616,3.7796033357774577
0.00242890625,35.124943271701184,-1.3651932995177054e-16,27.735663312729745,28.026699667180335,-0.29103635445059145
0.0024296875,34.05026629200817,1.5806583014446197e-15,27.487421016032545,29.47345389215791,-1.9860328761253645
0.00243046875,32.005484381509234,55.90868495553918,29.3623150056507,-50.5252094043002,23.97883945441172
0.00243125,36.6247570816925,55.90130545691811,29.202319303787558,-27.7863298616831,1.0873437085525475
0.00243203125,32.990751211008664,55.890632704139605,28.8438924840696,-10.236419609294746,-16.81032061077526
0.0024328125,34.52553649656751,55.87987559690707,29.906516871460514,-46.181459572890155,20.2081008474436
0.00243359375,34.89145992097609,55.869034335581176,29.317827068374513,-11.914656932467132,-14.636550334739532
0.002434375,33.41656467786548,55.85810893649925,29.88395105820309,-31.23626319787119,5.262105319575029
0.00243515625,34.98478472650321,55.84709941611474,30.060623214350837,-28.449611921978768,2.6631357202148678
0.0024359375,34.4535445435209,41.696872376818696,29.942164434966656,-17.235748409720667,5.481040467868629
0.00243671875,35.10037830074107,35.83054353565991,29.68283323303749,-2.2555077882038765,-3.8922025144185484
0.0024375,33.96351744163286,35.8838960318615,29.730481883624464,-4.315841114210367,-1.8375730340266636
0.00243828125,34.71078689700477,35.937534226433975,29.950153398880534,-10.742187014133618,4.7548061865801765
0.0024390625,34.486734988282535,35.9911183192273,29.77240377826339,-1.4155939319481747,-4.803120609015735
0.00243984375,34.27792886980546,36.04464821004802,29.98209596785995,-8.9952394982572,2.932687256069135
0.002440625,34.67337047204075,36.09812381827989,29.9619271500749,-5.5078361559402085,-0.6283605122647784
0.00244140625,34.30470587950566,36.151545063389676,29.9818666538822,-5.047029518089769,-1.122648891417709
0.0024421875,34.50609402332213,36.20491186492595,30.0990908349766,-7.878668428631435,1.7728473986820863
0.00244296875,34.48431493026916,36.25822414251924,30.069434910728102,-4.657033761632599,-1.5317554701585392
0.00244375,34.37833910519387,36.311481815882246,30.16164466829783,-6.898814620149119,0.7489774725647012
0.00244453125,34.52246592073259,36.364684804809855,30.195796901331462,-6.179489060622174,0.010601157143783891
0.0024453125,34.41201505779926,36.41783302917932,30.22500378843896,-5.668682188334531,-0.5241470524058262
0.00244609375,34.47362622396232,36.47092640895042,30.29792138725157,-6.791185068370949,0.618180046672102
0.002446875,34.85608301589224,36.52396486416542,30.320576906041367,-5.770164059627537,-0.43322389849651827
0.00244765625,36.31648116517833,0.0020961428038435833,29.102876453528683,42.808603897539285,-13.707823586814445
0.0024484375,33.36146353044481,1.2029949843742517e-07,29.057352454718917,31.047503137310418,-1.990150802891003
0.00244921875,35.589958118803956,6.904095130236164e-12,29.243904809142702,17.857712740882636,11.38619206825316
0.00245,34.74212801875803,3.962321554660918e-16,28.47508694227772,41.3084559562756,-12.83336901399788
0.00245078125,34.41668682140645,2.274011554935436e-20,28.75393420857788,19.85598657935474,8.897947629223138
0.0024515625,35.40629115599378,1.3050754414156595e-24,28.335195343370405,31.12298364267992,-2.7877882993095153
0.00245234375,34.43216560751588,7.48994394548992e-29,28.12039885409676,30.19229172956257,-2.071892875465809
0.002453125,34.10038405415987,26.048233061029606,28.175920864892152,20.269253965665662,-18.141566161803116
0.00245390625,33.29511833775016,36.99820075517753,29.162924863357087,-23.122390100168662,15.287114208348221
0.0024546875,35.71570788533679,37.05131099844566,28.92567400873624,-6.39489965847535,-1.7307373312340673
0.00245546875,33.661077930036065,37.103740065973184,28.769497739012586,-0.6753724157551787,-7.658869911205421
0.00245625,34.69083020354192,37.15611322004776,29.270962731612745,-18.523210869135223,10.63806038070021
0.00245703125,34.71581438917051,37.208430417685236,28.899111331624106,0.14102140935671345,-8.450340495417846
0.0024578125,34.021245875706704,37.260691580098964,29.199616924677457,-11.779317492331918,3.7182428369104112
0.00245859375,34.86728641084425,37.31289662858455,29.218691381902218,-8.803578921193926,0.7093736745115969
0.002459375,34.24586940497504,37.365045484522156,29.16048956322421,-4.89442222594904,-3.3101336953489056
0.00246015625,34.47334201851532,37.417138069376506,29.379655875200093,-11.678004133710871,3.6405219395344575
0.0024609375,34.57692282017548,37.46917430469713,29.302112850715943,-5.686507083997291,-2.4805543699838934
0.00246171875,34.29149851894737,37.5211541121184,29.418893893243194,-8.83083019481064,0.7285699759354292
0.0024625,34.57009756587487,37.57307741335967,29.48307307933661,-8.720083088789652,0.6300787547665918
0.00246328125,34.38846501488106,37.62494413022539,29.489360437921448,-6.836127848844573,-1.2994558434593644
0.0024640625,34.40396035281763,37.676754184605194,29.60222677334932,-9.249263525304212,1.1747361140483363
0.00246484375,33.59704768471257,55.232708966834466,29.834577976395025,-16.23393328048764,-9.1641977099518
0.002465625,34.37137264635501,55.35229537362134,30.486589657646466,-35.7441498794186,10.878444163443728
0.00246640625,34.590160708927044,55.33794362684068,30.248323009576744,-17.30733966494638,-7.78228095231756
0.0024671875,33.77662600200991,55.323500860071434,30.621621393433383,-27.364939732088978,2.663060265450926
0.00246796875,34.615915227350754,55.308974776668805,30.797425572078673,-26.047008854341087,1.5354596497509552
0.00246875,34.03956167593072,55.294365398949694,30.827185382844704,-20.732002129979456,-3.7351778861255323
0.00246953125,34.10145252267029,55.27967274891558,31.163772726305293,-27.686362393087506,3.5704623704772196
0.0024703125,37.77079052972048,0.1235375118856837,30.23285282055724,17.58940144154127,12.519913867130288
0.00247109375,33.492046185843066,7.089927603204726e-06,28.954712939010385,57.56694685541725,-28.612241006334468
0.002471875,34.5833434868626,4.0690430904080956e-10,30.061583992968888,2.214113006637922,27.847470985924062
0.00247265625,35.9287228935395,2.8358462316715818e-14,28.92636216628744,45.31246764165464,-16.38610547536723
0.0024734375,33.559785657922,4.999597355827894e-15,29.071048465979693,26.253087565394903,2.8179609005847865
0.00247421875,35.68105605576276,1.2456833328785222e-17,29.0504031224281,21.959510447234113,7.090892675193989
0.002475,34.56634246766851,-3.5280444204470298e-15,28.419352424747853,38.954406146669754,-10.535053721921898
0.00247578125,34.62874475781559,5.320602949270906e-15,28.65882428404895,19.8865961354498,8.77222814859915
0.0024765625,35.290562451694036,5.38169373289313e-16,28.201672902110193,32.30150392002083,-4.099831017910634
0.00247734375,34.45229657867187,-5.402898818643355e-15,28.06058367663878,28.412435696839765,-0.35185202020097645
0.002478125,35.110350892036024,5.00885522814203e-15,27.97153243416094,24.778637754702093,3.192894679458845
0.00247890625,34.86568435036213,5.421992902033687e-15,27.617125876426808,31.25376157433791,-3.6366356979111103
0.0024796875,34.832951795391494,-1.3567718296226476e-15,27.56324922232951,24.923729580245077,2.6395196420844345
0.00248046875,32.64751776523969,53.65111039643271,27.725314948794484,10.7340808570532,-36.65987630469143
0.00248125,33.88227090689316,55.04922450662758,29.573657710472084,-60.53039874774395,35.054831951588454
0.00248203125,35.8162812574021,55.03328374774527,28.59224921269971,-6.684631567329834,-19.75640296771573
0.0024828125,32.70816269427189,55.01717896062441,29.13798799906982,-28.0464702138467,2.1672792522921083
0.00248359375,35.35027032005594,55.00099131396911,29.579332564467755,-35.22866440161429,9.807005652112936
0.002484375,34.0091591809118,54.98472083681462,29.173290093960148,-12.044936884078158,-13.766493858776313
0.00248515625,34.386027359574136,43.75150213809806,29.85891630051184,-34.4720040936502,20.579418256063978
0.0024859375,35.554498953397875,39.10438591302949,29.119304409009988,3.271409163688146,-13.256490667707647
0.00248671875,33.321206727560586,39.15424958186497,29.418326013596705,-10.588558282251654,0.8526347139833927
0.0024875,35.1579344161116,39.20432385233846,29.699813344404784,-16.866258875561794,7.361748367628117
0.00248828125,34.273650348004274,39.25433909727943,29.35015245375825,-0.10322945301142711,-9.800957190509754
0.0024890625,34.192998130381504,39.30429522589603,29.801352850496386,-17.000963324811988,7.498020949412345
0.00248984375,34.84889652635745,39.35419216295432,29.65509573121501,-6.5411709261643285,-3.1579255055749806
0.002490625,34.07048387805573,39.40402983331041,29.744112475964368,-8.76402732097231,-0.8958900363737329
0.00249140625,34.615104388835135,39.453808161909734,29.921319992545975,-12.622908664468746,3.090420495104988
0.0024921875,34.42306638031618,39.50352707378695,29.83805802694588,-6.324621186413807,-3.340847860427262
0.00249296875,34.30670916008419,39.553186494066296,30.024356648892354,-11.681042973970728,2.1522131287967854
0.00249375,34.56776230365531,39.602786347961604,30.040373260044085,-8.95889523598064,-0.6035178519368796
0.00249453125,34.31011055526308,39.65232656077637,30.097129733891634,-8.885073737633553,-0.6701230892511861
0.0024953125,34.46319289151238,39.70180705790396,30.212016860889328,-10.665902653909988,1.176112456895355
0.00249609375,34.44446361206343,39.751227764827604,30.228321425434068,-8.434150363285102,-1.0887559761084333
0.002496875,34.462584212178356,39.80058860712063,30.331031366252045,-10.040306779835896,0.5707495389673113
0.00249765625,36.88798819767069,0.02625162778635287,29.449518730470523,28.05365492488059,1.3696121778035832
0.0024984375,33.522913215268346,1.506604249516524e-06,28.739087183741994,44.68465967592167,-15.945573998783928
0.00249921875,34.9743594253268,8.646535685841365e-11,29.383437438613672,10.204015320122828,19.17942211840438
0.0025,35.362792307106865,4.962323675279681e-15,28.468842251667827,42.1251038117699,-13.656261560102074
0.00250078125,33.97882303854608,2.847921659372078e-19,28.638651292180104,23.698754542785633,4.939896749394471
0.0025015625,35.47834190559219,1.6344475509174612e-23,28.450857232230213,25.767380586214166,2.683476646016048
0.00250234375,34.46410021022485,9.380239754520122e-28,28.01820233403948,34.41042732582175,-6.392224991782271
0.002503125,32.76674628240433,39.88900484486144,28.612009705499084,1.6643655094026912,-12.941360648765045
0.00250390625,35.066829012254985,40.242112579272,29.535350405094412,-31.520978945898147,20.814216771720556
0.0025046875,34.84843668763801,40.290888165096774,28.74205523325247,6.09369169586376,-17.642524627708067
0.00250546875,33.60249875873091,40.339585611157744,29.359277880797897,-19.675441095138297,8.695133364778448
0.00250625,35.27674812450343,40.38822230552962,29.310473964607016,-11.431882343464977,0.35413400254237787
0.00250703125,33.96291869328738,40.43679817596855,29.193040263520974,-5.184397352665349,-6.059360559782226
0.0025078125,34.52062155783418,40.48531314932021,29.58789830964202,-18.19236860101996,7.29495376134177
0.00250859375,34.65024955947476,40.53376715252192,29.38651385379125,-5.844547685765772,-5.302705612964895
0.002509375,34.11902713838145,40.58216011260281,29.60353005688349,-12.88875023164971,1.910120175930392
0.00251015625,34.68842421516091,40.630491956684,29.679048004385432,-11.898748236310196,0.9473042840116315
0.0025109375,34.30444177792074,40.678762611978584,29.66427740644034,-8.553117317930989,-2.461367887607255
0.00251171875,34.40891224843394,40.72697200579182,29.853213263622454,-13.290788026902176,2.4170292847328074
0.0025125,34.51223497304934,40.775120065521236,29.845431152152496,-9.426452242524055,-1.5032366708446838
0.00251328125,34.30411639485915,40.82320671865673,29.953600223487967,-11.148838659119823,0.2792321639510655
0.0025140625,34.484250778579444,40.87123189278066,30.042778240502436,-11.385845422026271,0.5573917697480447
0.00251484375,34.36582306401031,40.91919551556802,30.081692835942405,-9.906197626907622,-0.931305052717994
0.002515625,33.71777102989124,54.16527011307213,30.35803467406396,-18.16851074361323,-5.638724695394946
0.00251640625,34.43835369471679,54.246626162072744,30.849473212167972,-31.1594749979972,7.762322048092429
0.0025171875,34.46596286992475,54.22690626091369,30.700947458794914,-17.379703853030954,-6.146254949087818
0.00251796875,33.95409615020643,54.20709889886369,31.03841801764981,-25.79184111012689,2.6231602289130067
0.00251875,34.59908263334808,54.18720990156974,31.17526741683009,-23.567829942968686,0.5558874582290356
0.00251953125,35.40516697086102,4.715063306952888,31.017284505421937,-10.681050613617183,36.98327181208623
0.0025203125,35.802009700015006,0.00027060167365077083,29.214506242905426,60.04470635658429,-30.83047071535252
0.00252109375,33.01945544227306,1.5530075694193e-08,29.880964640302267,17.371118173898076,12.509846450874115
0.002521875,36.26525116787294,8.913731967805829e-13,29.619057147617838,25.411671049603086,4.207386098013861
0.00252265625,34.03602767176436,-3.4811657869151327e-15,28.950674234130847,42.078412421490384,-13.127738187359533
0.0025234375,34.78616828930881,5.167647589701126e-15,29.385505481043754,15.526723289636905,13.858782191406846
0.00252421875,35.30799116859864,7.0630909745588106e-15,28.70206003798502,37.503802225482985,-8.80174218749797
0.002525,34.20810374084294,-4.570441895540359e-15,28.712892820005155,26.437349166251177,2.275543653753983
0.00252578125,35.28136811451544,6.92601274503003e-15,28.572238967532385,25.657306207408386,2.9149327601239943
0.0025265625,34.67417363754921,5.046536180793397e-15,28.178626420040324,33.14816905814964,-4.9695426381093215
0.00252734375,34.779176361728965,9.237115375206507e-16,28.199924744306347,23.71958829096388,4.480336453342468
0.002528125,35.06996749295384,1.528962423984237e-15,27.865953157162608,30.16070011389678,-2.2947469567341727
0.00252890625,34.67697646741284,-4.0914946919851333e-16,27.712772151878713,27.579100540697734,0.1336716111809791
0.0025296875,35.03179153958054,4.706109942977285e-16,27.56268850369682,26.1323436159282,1.430344887768621
0.00253046875,34.96307000437853,4.877262596280964e-15,27.295283024422975,29.03327001294979,-1.737986988526818
0.00253125,31.535416048947372,53.73750655560707,28.125108837763072,-12.66873251939823,-12.943665198445766
0.00253203125,35.53206872345418,53.83662939592875,29.34967564389892,-52.20942177871264,27.722468026682805
0.0025328125,34.598700915839,53.81528312058498,28.267513800047517,0.8920364306970978,-26.43980575123456
0.00253359375,33.24836745460839,53.79384889122084,29.31232442438109,-39.70254758795485,15.221023121115094
0.002534375,35.65496760775368,53.77233364889592,29.17144573715511,-22.376985600361024,-2.223902311379787
0.00253515625,34.126430087585014,42.14508046273882,28.745575684370028,-1.8968300620282912,-11.502674716340499
0.0025359375,34.197467758855694,42.190685244061534,29.30552300096499,-22.377488193608414,9.492325950511868
0.00253671875,34.89807360232978,42.23689640631024,29.10511423042702,-8.550512911674346,-4.581269264208869
0.0025375,33.973347180866675,42.28304399900353,29.25205009950521,-12.6226967271615,-0.4082971723368209
0.00253828125,34.67434916783889,42.329127914198914,29.451258093694033,-16.25235204161424,3.37448222110936
0.0025390625,34.38046059507627,42.375148082492636,29.36326487621802,-8.987797750834977,-4.024085455439638
0.00253984375,34.29035749175044,42.42110443457914,29.60123533848401,-15.628824072913293,2.8089549768181628
0.002540625,34.581448740947316,42.466996901249026,29.615472277503063,-11.847897878914354,-1.0036267448316083
0.00254140625,34.265546616010546,42.51282541338904,29.701181474880457,-12.206092117523568,-0.6055518209850143
0.0025421875,34.46512834199145,42.55858990198227,29.84071668826577,-14.053230881615205,1.3353576678986998
0.00254296875,34.40879130229237,42.60429029810825,29.867310204296015,-11.391144590450706,-1.3458355033615337
0.00254375,34.34369878328763,42.64992653294298,30.000748369981707,-13.415377252138368,0.7661990891770967
0.00254453125,34.45482852299485,42.695498537759114,30.07280750029506,-12.463127251362364,-0.1595637861016911
0.0025453125,34.35441904356414,42.741006243926066,30.153255128987283,-12.23592398721147,-0.3518271277273149
0.00254609375,34.414083643378,42.78644958291005,30.26240608358122,-13.005997801599012,0.48195430227017727
0.002546875,34.45094356667295,42.831828486274176,30.330274581586284,-12.068201559926031,-0.43335234476186035
0.00254765625,36.52780305659387,0.3246518217115897,29.908610159801462,8.774429054478594,20.809529283611276
0.0025484375,34.429402340000294,1.863205657891569e-05,28.5735346482982,54.82624935644662,-26.252733340204998
0.00254921875,34.06794712139036,1.0693102861080372e-09,29.38719019746118,9.910404455849855,19.476785740542013
0.00255,35.93467700946348,6.136866765799586e-14,28.660460423995048,36.095240427120956,-7.43478000312597
0.00255078125,33.88109122555112,3.522002377649476e-18,28.4877884235584,31.515233957126277,-3.027445533567878
0.0025515625,35.30707983495776,2.0213084659582552e-22,28.60880471939035,19.936333359696835,8.672471359693516
0.00255234375,34.94571677737112,1.1600468927795647e-26,28.009849069466462,36.78165458739568,-8.771805517929215
0.002553125,31.85807820578795,43.09605934182719,28.886894146839058,-8.257873864196418,-5.951291330791718
0.00255390625,35.68539713003374,43.237322233051906,29.736707495347417,-34.91275919501584,21.41214445731135
0.0025546875,34.37683510314957,43.28205857391579,28.78852007546677,8.498794987716378,-22.9923334861654
0.00255546875,33.59557298001269,43.32672419677412,29.702660552395344,-28.60939670034462,14.985333055965842
0.00255625,35.40994335352015,43.37132457005113,29.437931625939257,-9.827166350239779,-4.106226593872094
0.00255703125,33.63507684337855,43.4158596268971,29.45660176935491,-9.439601546142114,-4.519656311400078
0.0025578125,34.68593000288151,43.46032930024312,29.875011709199512,-21.792823780939457,8.20750618989585
0.00255859375,34.4973596929929,43.504733523118624,29.612465968868783,-6.44955535539631,-7.442712198853529
0.002559375,34.050785487384736,43.54907222865166,29.94590540707445,-17.59187783614129,3.988711014564077
0.00256015625,34.71904193922628,43.59334535006895,29.969624526941995,-13.326816910487828,-0.29690391263912697
0.0025609375,34.15795949286674,43.63755282069596,29.999508080755916,-11.389923803342151,-2.2481209365978905
0.00256171875,34.42103810206304,43.681694573957046,30.219728855841623,-16.39499083118646,2.9330251130710376
0.0025625,34.43964858362366,43.72577054337553,30.19792277775008,-11.230187149569131,-2.297660616056321
0.00256328125,34.23684538879359,43.769780662573794,30.356930885685408,-14.342976800911305,0.9301270240229172
0.0025640625,34.467107314572374,43.81372486527339,30.44446827857187,-13.6086360521997,0.23937946549817327
0.00256484375,34.29657516198327,43.85760308529515,30.505556596586366,-12.391243650213276,-0.960802838495511
0.002565625,34.34299918249293,43.901415256559275,30.64519247696691,-14.237739643781985,0.9815168641896194
0.00256640625,33.93935023057218,52.753372563764316,30.81163538996867,-16.999300919066773,-4.9424362547288725
0.0025671875,34.30991839562245,52.79598087920536,31.21376907615626,-27.19230739990443,5.610095596855331
0.00256796875,34.471036548987996,52.771018230435246,31.15626510535695,-17.7066505100356,-3.9081026150426954
0.00256875,34.57718440908903,52.74597223607081,31.405093662556364,-22.601536244238957,1.2606576707245074
0.00256953125,37.18114534948292,0.0030271382240604694,29.722195883207377,48.874269304996155,-19.155100560012837
0.0025703125,32.56347071351757,1.7373014817675975e-07,29.66747740198849,34.60765832503155,-4.940181096773209
0.00257109375,35.88925331180959,9.975617227958298e-12,30.11882960360483,11.559720881560176,18.55910872203468
0.002571875,34.739458933875774,5.622885067609795e-16,29.017239758963715,48.932638018219286,-19.91539825925557
0.00257265625,34.08991947984061,-3.5804590689340675e-15,29.53509342632668,16.367608669698953,13.167484756627728
0.0025734375,35.67194582852885,-5.1759454130995955e-15,29.02228731668507,32.619492779470725,-3.597205462785652
0.00257421875,34.141179971230656,-5.269656044300004e-16,28.764010498697438,32.55541311443337,-3.791402615735935
0.002575,35.074557650818676,1.6556994388171384e-16,28.848073670640325,21.675885587487098,7.172188083153225
0.00257578125,34.91668223513605,-4.883831918016924e-15,28.34285115858894,34.75703442704672,-6.414183268457778
0.0025765625,34.54734499670228,-1.9140871125368745e-15,28.35725993361291,24.79418635663186,3.56307357698105
0.00257734375,35.14060316890636,4.879454217541492e-15,28.100504837054043,28.32567445672499,-0.22516961967095167
0.002578125,34.66629226046989,-3.8656624782726913e-16,27.852360847665516,29.72178252181058,-1.869421674145066
0.00257890625,34.913432533501194,-1.9900096080942815e-15,27.768789532642423,25.159911273009577,2.608878259632849
0.0025796875,34.946121065456005,1.0037656530564332e-15,27.47591758119028,29.415717824355557,-1.9398002431652774
0.00258046875,34.80140345748409,1.027863867921797e-17,27.341615584784414,26.456498338017504,0.8851172467669102
0.00258125,35.21745673697396,-6.7666179501012076e-15,27.14546929959653,26.86552989979092,0.2799393998056168
0.00258203125,31.64412298569765,52.297888089294055,28.468893637711297,-32.848645254657725,9.019650803074969
0.0025828125,36.288392849058845,52.28159758126044,28.884753967644127,-36.355896040914324,12.959052427298008
0.00258359375,33.71817566215124,52.25504950175474,28.156528866737318,-2.0281856857431317,-22.07033494927429
0.002584375,34.37024515258502,44.9333453314401,28.991228040729908,-32.33825822452129,16.396140933811097
0.00258515625,35.008799054035705,44.97506247907056,28.522834048233847,-6.039561826466882,-10.41266660436983
0.0025859375,33.670852332242724,45.01713449224686,28.867893751916235,-18.60081566953819,2.4515749292075615
0.00258671875,34.92772518351651,45.059138734685405,29.04628842508251,-19.523884869045425,3.511034559442529
0.0025875,34.20011896012814,45.10107511887672,28.91320545567264,-10.147598637239978,-6.040271025964105
0.00258828125,34.29297404827623,45.14294358166397,29.276476039866466,-21.09290445920563,5.226436917408124
0.0025890625,34.62800399050828,45.18474405999403,29.21846485001509,-13.212659933925131,-2.7536192760538105
0.00258984375,34.13478701436417,45.22647649091612,29.369964618864884,-15.876849195632435,0.020337323581198774
0.002590625,34.52182184142413,45.268140811581944,29.528971435813727,-17.394566182426168,1.6553968066579516
0.00259140625,34.33725050983162,45.309736959245804,29.544618461264886,-13.602208784653016,-2.1629097133279034
0.0025921875,34.303911239148455,45.35126487126465,29.734692860400354,-17.18302384699167,1.5664518361273778
0.00259296875,34.446260408204196,45.39272448509817,29.798235950772778,-14.939598358392752,-0.6548901759326388
0.00259375,34.27112760488462,45.434115738309,29.908305379950672,-15.26382081924359,-0.2619895391147427
0.00259453125,34.37893072668982,45.47543856856258,30.040916432139888,-16.101906299003,0.6673841625803084
0.0025953125,34.33275898281152,45.516692913627544,30.115336300190826,-14.655182650190984,-0.7461739632457324
0.00259609375,34.290482305571665,45.557878711375544,30.24780569832736,-15.736565267030407,0.42649225398222657
0.002596875,34.308264098471746,45.59899589978154,30.344503571393687,-15.115623656101162,-0.13886867228669217
0.00259765625,36.29085095988867,1.1715632509330305,30.10030808232336,-0.5788762422727445,29.507621073663074
0.0025984375,35.06418698214781,6.723705618554788e-05,28.524799296061023,57.748778368558874,-29.224046309554037
0.00259921875,33.6095580641305,3.858794410714187e-09,29.313977160019647,12.13196048377054,17.18201667239031
0.0026,36.12950159989426,2.2145964069378185e-13,28.77060880429159,31.43461140427283,-2.6640025999814565
0.00260078125,33.90853773813061,1.2709765599339563e-17,28.38524903247365,35.91241965837141,-7.527170625897764
0.0026015625,35.07069537425274,7.294247434164243e-22,28.65585164068036,17.4123055635459,11.243546077134463
0.00260234375,34.93940518528941,4.1862334293227546e-26,28.006381033821533,37.135614758791526,-9.129233724969993
0.002603125,31.562061192161988,45.89519403960644,29.17215320329779,-19.42642405217992,2.7033832158712725
0.00260390625,36.24936074113096,45.96595125536389,29.815279307769387,-34.66965748768279,18.518985540088288
0.0026046875,33.94683627886231,46.006380698413174,28.86950285226617,7.811581351054639,-24.948459197201643
0.00260546875,33.777059751907515,46.04673912011955,29.964435373470536,-35.35740866828814,19.275104921639127
0.00260625,35.43185886575176,46.087028196169314,29.523632073529786,-8.336056896680708,-8.22733922595882
0.00260703125,33.44700985215332,46.1272478659875,29.69812811700649,-14.310903445732345,-2.118216303248663
0.0026078125,34.8492067858888,46.16739806900401,30.085264197934286,-23.913280391667588,7.831146520597866
0.00260859375,34.34499769487347,46.20747874475336,29.812851689598908,-7.8774626985733125,-8.51716435658114
0.002609375,34.05941017895901,46.24748983287483,30.229006252730034,-21.581927819350497,5.563444239205704
0.00261015625,34.720115586186374,46.28743127311237,30.205667993527527,-14.493068693229446,-1.5886945863553956
0.0026109375,34.05792927326703,46.32730300531491,30.291249394389514,-14.386267516881162,-1.6497860940442353
0.00261171875,34.444876982080665,46.36710496943638,30.521348813473537,-18.84658835339685,3.000832197434003
0.0026125,34.365794270165026,46.406837105535715,30.500680037656224,-13.130741866774953,-2.775415201104536
0.00261328125,34.1981462848676,46.446499353777064,30.70073281066804,-17.219433057742187,1.4736665146331618
0.0026140625,34.43853378765826,46.48609165442975,30.784671993078554,-15.555882817648277,-0.14553684370291792
0.00261484375,34.223873139776366,46.5256139478685,30.872133088746757,-14.815359056889529,-0.8381218022322138
0.002615625,34.31425336091771,46.565066174573474,31.028889633333463,-16.599496943114076,1.063320401874065
0.00261640625,34.30492859579801,46.60444827513031,31.096135014957373,-14.63606237978774,-0.8722508803851974
0.0026171875,33.99285641884388,51.00599514218772,31.284090269690978,-17.944459320592557,-1.7774455519041876
0.00261796875,34.09930391318894,51.00958476068751,31.534902576801205,-22.23040391795594,2.7557217340696334
0.00261875,37.41549533610631,0.009922187659361696,30.05206548683082,41.98359594502145,-11.941452645849992
0.00261953125,32.776436928009865,5.694431679165751e-07,29.709939924021214,40.303932717163185,-10.593993362585136
0.0026203125,35.61122082427627,3.268127428745545e-11,30.324343165069227,9.30397508082032,21.020368084216223
0.00262109375,35.02679297826324,-4.016732538634553e-15,29.20068159119799,48.57244667125337,-19.371765080055372
0.002621875,33.95807354699516,-4.362200953443309e-16,29.639886737734283,18.72189193326924,10.917994804465042
0.00262265625,35.687129346767385,-5.0593080629771375e-15,29.237540225771898,30.365886075280606,-1.1283458495087058
0.0026234375,34.22962129893401,4.842300325056327e-15,28.889391690716394,34.32644345959866,-5.437051768882266
0.00262421875,34.9686791361524,3.983196547953246e-16,29.013116394408822,21.359431850247145,7.653684544161677
0.002625,34.999342007807165,4.444571792285333e-15,28.513656673248352,34.47537075776821,-5.96171408451986
0.00262578125,34.51118565858642,-5.175484849446309e-15,28.49334181062705,25.802276434254658,2.6910653763723964
0.0026265625,35.124676070001854,-1.9141038507578127e-15,28.27413505486053,27.696945121475835,0.5771899333846994
0.00262734375,34.69192692757174,-6.96335828433302e-15,27.999022431521777,30.313329551871334,-2.314307120349551
0.002628125,34.86213557106549,3.0366022036431075e-16,27.922905143662057,25.270747014261612,2.652158129400445
0.00262890625,34.94603861652515,-1.644374448323147e-15,27.635663780491228,29.346053730128865,-1.7103899496376358
0.0026296875,34.74961428808444,-5.4495266004332675e-15,27.487198826516657,26.91988529807684,0.5673135284398271
0.00263046875,34.95309402971212,-6.619225029879595e-15,27.302310375725263,26.794989335167827,0.5073210405574446
0.00263125,34.81687386548856,-1.5979569526118218e-15,27.076350847616954,27.953634219058234,-0.8772833714412805
0.00263203125,34.33367272753049,-1.8019027827321437e-16,26.926064143983755,26.083021145544684,0.8430429984390714
0.0026328125,32.300257942319114,50.422683999672955,28.469977423888192,-40.70044033756196,18.747733761777194
0.00263359375,36.574793279331956,47.45357742262118,28.32514356483893,-21.46414677432606,2.33571291654381
0.002634375,33.2581551710277,47.490746736262686,27.90716356248971,-3.174020274817877,-16.409562898955098
0.00263515625,34.5748596432312,47.52842822736891,28.87229014004883,-37.59237606397119,18.936237976651103
0.0026359375,35.01783356320762,47.56603817502008,28.294010785508963,-5.997250154472479,-13.274777235038641
0.00263671875,33.59655375839064,47.60357648907933,28.761570325284797,-23.242104148868634,4.4000979850741
0.0026375,35.06810069873807,47.64104311301264,28.908652430376605,-21.6305071259041,2.898116443268062
0.00263828125,34.116099488596376,47.67843799039602,28.78782945485581,-12.36370085669196,-6.52690767884825
0.0026390625,34.34577698415556,47.71576106491345,29.207076445250085,-24.728599449367827,6.219914829704462
0.00263984375,34.648574188150945,47.75301228035702,29.122332578757142,-14.938920018246392,-3.6917596833534847
0.002640625,34.10496302177404,47.79019158062712,29.32238075507461,-19.018965500951083,0.5511546753985715
0.00264140625,34.57372789620424,47.827298909732356,29.488495522204087,-19.923576728397123,1.584773340868855
0.0026421875,34.31860453703017,47.86433421178977,29.514719897217265,-15.928943663781432,-2.4206706507910716
0.00264296875,34.32216578567863,47.90129743102488,29.737320231279263,-20.091612562481554,1.9276353627359377
0.00264375,34.46641526818315,47.93818851177171,29.80350107522443,-17.187082177821818,-0.9476052587254685
0.00264453125,34.271141309715716,47.975007398473025,29.939316747444327,-17.903409383252797,-0.13228126777590318
0.0026453125,34.413709607489125,48.0117540356802,30.087658091975598,-18.61199657353995,0.6879006298353517
0.00264609375,34.35823909011467,48.048428368053465,30.1753236782609,-17.015330605687264,-0.8577740841053002
0.002646875,34.36201277762003,48.08503034036194,30.33036161730703,-18.30846621571494,0.5537974926600306
0.00264765625,35.53873802624599,4.187627745451259,30.232519352336976,-8.780826583609926,34.82571819049564
0.0026484375,35.68606623543126,0.00024033167802150557,28.50533084256129,58.37633480388334,-29.87124429300007
0.00264921875,33.183871450097335,1.379284859390205e-08,29.174945015874016,16.204829083769035,12.97011591831213
0.00265,36.24439783152625,7.915838390529706e-13,28.872932933568265,25.85683608457262,3.0160968489948528
0.00265078125,34.07444375593958,4.5429700035050573e-17,28.263783595761623,40.19797133448736,-11.934187738725742
0.0026515625,34.89159310671886,2.607250860179027e-21,28.661416720003707,15.533561159746192,13.127855560257515
0.00265234375,35.50086157220399,1.4963244403241877e-25,27.99834453328465,36.63203997488075,-8.633695441596094
0.002653125,31.312041911888283,48.36583023938853,29.44413422743572,-30.49720169273709,11.575505680784278
0.00265390625,36.565766983523694,48.41118228941208,29.81392482706648,-32.20227707196098,13.605019609615377
0.0026546875,33.48347262453758,48.44705818708084,28.97436403948264,5.033156356191424,-24.505850503789624
0.00265546875,33.99144008213163,48.48286058469487,30.158215470325054,-40.17470384250079,21.850058728130975
0.00265625,35.32201002561726,48.51858996796609,29.58494694772524,-7.190463340308002,-11.743179679932853
0.00265703125,33.32235430047671,48.55424628311764,29.91457894543757,-19.259199667176425,0.6195323294963515
0.0026578125,34.958507877707255,48.58982947645176,30.23849767846253,-24.99605089324033,6.644719095251098
0.00265859375,34.176514354847306,48.625339494380825,29.99169090590356,-9.838289346447624,-8.79535924202964
0.002659375,34.09227487089254,48.66077628342735,30.461725248421295,-24.858572177393615,6.659521142387556
0.00266015625,34.681333653051354,48.69613979022422,30.399805438001284,-15.504690421486309,-2.7916439307366296
0.0026609375,33.98167746443944,48.73142996151459,30.54404165277211,-17.33094213091457,-0.8564461778279157
0.00266171875,34.46243698825943,48.76664674415213,30.770029179416195,-20.765004035298425,2.768386470562485
0.0026625,34.29070553393757,48.80179008510099,30.761243240721328,-15.038954748388191,-3.0015920959914726
0.00266328125,34.17924926662198,48.83685993143594,30.993007638742853,-19.73972653726004,1.895874244566956
0.0026640625,34.40859042132333,48.87185623034243,31.07332007295101,-17.2605857725779,-0.5379503848135218
0.00266484375,34.17130174981128,48.906778929116626,31.18834722649881,-17.0920608130646,-0.6263708895532181
0.002665625,34.29565820227557,48.941627975165616,31.355944603005018,-18.626330230280725,1.0406468581201265
0.00266640625,34.25552675892089,48.976403316007364,31.43467537683216,-16.55360274917383,-0.9881251900013748
0.0026671875,34.122153872556275,49.01110489927081,31.589828503368306,-17.898097482596302,0.47682108669379686
0.00266796875,37.31578818534902,0.10956868872018304,30.84002379644502,17.720834873315013,13.009620234409821
0.00266875,33.7235632555874,6.288244423487463e-06,29.63214976991264,55.644715272677765,-26.01257179100955
0.00266953125,34.481404524503404,3.608862771846951e-10,30.586097940006024,6.293453758596098,24.29264418104904
0.0026703125,35.811574647332016,2.0529536741087486e-14,29.589247910225232,43.19073344992826,-13.601485539703049
0.00267109375,33.67722923626563,-2.2078300402347475e-15,29.650601863797103,28.039366336460656,1.6112355273364516
0.002671875,35.515969728614984,-5.690204337900005e-16,29.637433615724504,22.81641281136805,6.821020804356452
0.00267265625,34.604823288401626,-1.9560646538101816e-15,29.041962639667755,38.46587001781644,-9.423907378148682
0.0026734375,34.59284156945387,-4.472972986177728e-16,29.223677215672836,21.666475743834365,7.5572014718384715
0.00267421875,35.21589400845494,-1.5682369488114505e-15,28.80739999057625,32.09676291471446,-3.289362924138212
0.002675,34.47031723977893,-5.031646241488745e-15,28.643433219370483,29.23026093430559,-0.586827714935103
0.00267578125,35.03044910638515,-5.448746563813433e-15,28.54804508221472,25.578633218289653,2.969411863925073
0.0026765625,34.83343227372225,-2.0928640575481863e-15,28.20728394806024,31.414183832483463,-3.20689988442322
0.00267734375,34.748554749781626,-1.954203238233157e-15,28.131326558320904,25.890065096323806,2.241261461997101
0.002678125,35.00816201239719,-5.138878695372616e-15,27.88306519398779,28.5055707750852,-0.6225055810974077
0.00267890625,34.76602844382459,-2.0839792883253305e-15,27.682898720907176,28.20936256122206,-0.5264638403148837
0.0026796875,34.93227325409537,-5.0705980961764e-15,27.534836720962186,26.350643200168243,1.1841935207939487
0.00268046875,34.91115521072509,-6.658125538612396e-15,27.29298301132722,28.309906181646564,-1.016923170319339
0.00268125,34.86879324704153,-5.63088734932624e-15,27.13728355267863,26.49594104878255,0.6413425038960846
0.00268203125,34.99149934027615,-6.567763669677169e-15,26.936108060430687,26.959668774000843,-0.02356071357014962
0.0026828125,33.56932457676563,35.449921820950486,26.87343859933994,21.32773009195735,-29.904213313567894
0.00268359375,32.863495424957,49.72189135581111,28.531089291247188,-47.65192777984356,26.46112571527964
0.002684375,36.260769418995004,49.75577442716786,28.062099923394463,-15.241055318021097,-6.4526191857522965
0.00268515625,33.05128954001738,49.78876543508885,28.026252113556374,-12.803537557183658,-8.958975764348816
0.0026859375,34.89424672890467,49.82168141513296,28.77668327119695,-36.27065583243511,15.225657688499107
0.00268671875,34.632259049734174,49.854522364622554,28.267135297329105,-8.174536592069831,-13.412850475223616
0.0026875,33.76737837412376,49.887288234102414,28.830489793706825,-27.99010672383993,6.933308283444339
0.00268828125,35.00088093835539,49.9199789742278,28.858060971101093,-20.868666184624786,-0.19325181850192252
0.0026890625,33.99515460381486,49.952594535767,28.869447248645116,-16.790378055450287,-4.292769231671597
0.00268984375,34.44723058732663,49.98513486960158,29.243611164999166,-26.133544158570977,5.392020453968562
0.002690625,34.50834398411937,50.017599926726376,29.17428240261367,-16.74717378378267,-4.096143740330034
0.00269140625,34.12620784697638,50.049989658249615,29.427250359057904,-22.198447824417926,1.5757085252262142
0.0026921875,34.54875953933665,50.08230401539294,29.560462750379376,-21.07371088161257,0.5518696165990032
0.00269296875,34.249175165219356,50.11454294949151,29.636880287979324,-18.683307280203003,-1.794355381309182
0.00269375,34.339026554021515,50.146706411994074,29.860406265185745,-22.08148197689022,1.7951818300818918
0.00269453125,34.40546203374068,50.178794354463044,29.93573079293368,-19.05100010865874,-1.1920634528706238
0.0026953125,34.25537567034649,50.21080672857454,30.10166999174916,-20.358083083626607,0.24894634680122465
0.00269609375,34.398534787078724,50.24274348611854,30.248393106153245,-20.3533404017612,0.3589900217959041
0.002696875,34.34229771054498,50.27460457899884,30.360494761815524,-19.21746434876249,-0.6966454684208245
0.00269765625,35.519034434020455,4.37789504585798,30.31113388497926,-11.259621984748607,37.192860823869886
0.0026984375,35.77793413290484,0.0002512512874899068,28.496883687392046,59.89878564932466,-31.402153213220103
0.00269921875,33.06466917639879,1.441953468598152e-08,29.199540042023862,15.93141929175717,13.268120735847157
0.0027,36.318649209591364,8.275499108380762e-13,28.911707271126886,25.289720752317603,3.621986518808454
0.00270078125,34.04403835460055,4.749382485926532e-17,28.263916139434468,41.14674355209674,-12.88282741266227
0.0027015625,34.87077789369577,2.7257128183099117e-21,28.700995284521298,14.774630055056589,13.926365229464707
0.00270234375,35.5455622915282,1.5643108109136801e-25,28.01349407023549,37.03844987790411,-9.024955807668615
0.002703125,31.13921569071897,50.51693998547188,29.528211767137847,-32.94791653356407,11.959188315230037
0.00270390625,36.64132130926279,50.55794106185817,29.930013471371346,-35.00470727048411,14.376779679997282
0.0027046875,33.42364889489227,50.589043451673234,29.054830008710802,4.191015157527639,-25.725228600490073
0.00270546875,33.94277131949848,50.6200690915784,30.303127241155185,-43.189304085406036,22.87236223498282
0.00270625,35.345941552255844,50.65101849854196,29.712187060457524,-8.688335488520332,-12.250495949564101
0.00270703125,33.248224426959005,50.681891625987035,30.06259691317858,-21.210828160057503,0.5915334472490471
0.0027078125,34.96048787154141,50.71268842741927,30.411484687007103,-27.296955971521022,6.995752231108852
0.00270859375,34.14610548548239,50.7434088564592,30.159567347995228,-11.359186566464476,-9.224654941999493
0.002709375,34.054012599165006,50.77405286684244,30.659171846694274,-27.078688143738503,6.96380712359034
0.00271015625,34.67427902540302,50.80462041241965,30.602434622668746,-17.2967512729019,-2.905434516849004
0.0027109375,33.94179408489925,50.83511144715667,30.75991035519376,-19.158855286187155,-0.9163458057757566
0.00271171875,34.44553728167213,50.86552592513457,31.00439586120597,-22.76987763749303,2.9087475735644284
0.0027125,34.269012838270775,50.895863800549655,31.00211403224736,-16.747968295551896,-3.1457814727504005
0.00271328125,34.153466126029834,50.92612502771367,31.251750216289697,-21.65424417044325,1.9798693590192784
0.0027140625,34.39841378435013,50.9563095610537,31.343121456693027,-19.056463150189398,-0.5567249541712755
0.00271484375,34.15703133352903,50.986417355112444,31.470190603862264,-18.85457441387814,-0.6616523373720415
0.002715625,34.30220223404518,51.01644836454809,31.652702403649833,-20.457187240035466,1.0934412791372106
0.00271640625,34.32089209516823,51.04640254413447,31.741957737036348,-18.275260642434784,-1.029184164663342
0.0027171875,36.54872795510397,4.833973658297117,31.34297060355118,3.5936295125153452,22.91536743273872
0.00271796875,34.31754604308502,4.550051340893383,29.92826941758763,53.98295694596297,-28.604738869268722
0.00271875,34.15106730814531,0.0030115823110314277,30.744519649968744,9.524368775895537,21.217139291762173
0.00271953125,35.820816434611174,1.728373782381117e-07,29.91511144986085,39.615781330439994,-9.700670053416523
0.0027203125,33.741512530281526,9.91872612811201e-12,29.82504900513762,31.130600538432482,-1.3055515333047827
0.00272109375,35.312250969707435,-4.928356572960806e-15,29.89181449970839,21.92140182966133,7.97041267004706
0.002721875,34.71088384993407,-6.4905683180219845e-15,29.2908029267007,38.28949870220653,-8.998695775505823
0.00272265625,34.488977828229096,-2.0582789443692858e-15,29.425815935972594,23.13798933377048,6.2878266022021165
0.0027234375,35.18022097799818,-5.0495597335871304e-15,29.068888094867262,31.045271964007732,-1.9763838691404658
0.00272421875,34.48586455574672,-2.1373948012046116e-15,28.857901079783204,30.27711879367982,-1.4192177138966102
0.002725,34.939357398195675,-1.2084252272958369e-14,28.780610038352194,25.612303552507008,3.1683064858451973
0.00272578125,34.84287691814768,-5.626921408040791e-15,28.444474867015963,31.370091986357625,-2.9256171193416547
0.0027265625,34.69933790153346,-5.023986622524925e-15,28.34827887067842,26.588386716163683,1.7598921545147406
0.00272734375,34.965626362706,-7.10433346670891e-15,28.119424666756043,28.322462900226768,-0.20303823347071628
0.002728125,34.74867573719721,-7.371539327888506e-15,27.90493129817512,28.650919552222952,-0.7459882540478235
0.00272890625,34.8728277610676,-5.449855287515663e-15,27.759314551665167,26.57208925644431,1.1872252952208613
0.0027296875,34.87790662851275,-2.0961670375415257e-15,27.520449949144165,28.404606832684465,-0.8841568835402968
0.00273046875,34.81092737675766,-2.5197942358932196e-15,27.35627172085502,26.887855127137136,0.4684165937178875
0.00273125,34.90154750321323,-7.075108913894778e-15,27.160515557883645,27.060645492001335,0.09987006588231823
0.00273203125,34.548939116575404,5.7506975200198145,27.02922231558737,24.37850906716632,-3.0999842715987636
0.0027328125,34.84129952596131,5.863379956871176,27.050702056567218,17.221698455148616,3.9656236445474238
0.00273359375,33.84045995324981,47.70267342485058,26.94836105368643,15.440183740294305,-36.194496111458456
0.002734375,33.36516399726107,51.713812751282774,28.63814405387093,-52.485126049787,29.409457352375156
0.00273515625,36.094525725039084,51.74213833434466,27.977366340050814,-12.159618010748032,-11.605153983545812
0.0027359375,32.968161692689506,51.77015742193051,28.175237187140894,-19.188927426987647,-4.4059928078019714
0.00273671875,35.089967369050676,51.79809853147688,28.793808799340376,-35.825572082843244,12.821282350706737
0.0027375,34.40416700180321,51.82596163402223,28.337248479523353,-10.163702538540926,-13.32501061595795
0.00273828125,33.87658145740877,51.85374668760595,28.956036216606638,-31.25126703005148,8.35355655905217
0.0027390625,34.94847440960614,51.88145365038427,28.91755270837583,-20.930511044064588,-2.0333898979438567
0.00273984375,33.92001390393656,51.909082480631,29.013017051781834,-19.987801610006404,-2.908263818842762
0.002740625,34.49560265866134,51.936633136737626,29.36098744853716,-27.404649080525274,4.829003392324808
0.00274140625,34.4087858603472,51.96410557721333,29.30711055451481,-18.370667163766047,-4.286327858932474
0.0027421875,34.12438686963668,51.99149976068515,29.593737202525137,-24.56228352543002,2.1645209672700028
0.00274296875,34.51030532291526,52.018815645897945,29.710964630580396,-22.235646466622804,-0.07220454869474509
0.00274375,34.18352793822397,52.046053191714456,29.8215843462965,-20.82413045522596,-1.400338390191999
0.00274453125,34.31764275489344,52.07321235711544,30.048049717490326,-23.716359140505148,1.6911965008800367
0.0027453125,34.32781731547919,52.100293101199696,30.13305060042166,-20.641961473165477,-1.3252810276125588
0.00274609375,34.18965692821902,52.12729538318409,30.31995967616685,-22.276498398531476,0.4691626915142337
0.002746875,34.27811266079984,52.154219162403706,30.468876788525975,-21.836518745778356,0.1511763719006261
0.00274765625,36.51339350517814,1.3396622597901051,30.20107854816111,-4.483719401498071,33.345135689869075
0.0027484375,35.102054796073425,7.688440770007923e-05,28.442795783614354,61.58467924849967,-33.141960349293015
0.00274921875,33.46558903090399,4.412464488115201e-09,29.36614734155833,9.826841425815497,19.539305911330374
0.00275,36.315251740693235,2.5323525850427647e-13,28.773152829740315,31.87749262916624,-3.1043397994261777
0.00275078125,33.794626315848866,1.453339654572954e-17,28.36561910768878,36.8480909574296,-8.482471849740818
0.0027515625,35.11668127026537,8.340845441625436e-22,28.6971876863779,15.976055969766264,12.721131716611639
0.00275234375,34.95995031850191,4.7868853273343065e-26,27.987059683086493,38.35297093821311,-10.365911255126617
0.002753125,31.116370855193022,52.33226213082486,29.343032628869057,-26.070916798882468,3.081687296926667
0.00275390625,36.45467046679171,52.39299191889422,30.10218926410967,-43.3750368573486,21.084234202564048
0.0027546875,33.830767533938776,52.4191304407419,29.051686772304205,5.052374286949586,-28.419817955387284
0.00275546875,33.63728404922508,52.44518803963123,30.32525045156732,-44.07159575580524,21.95165816774133
0.00275625,35.52123824531197,52.47116665690152,29.849221880278648,-13.244118123329137,-9.377826653293733
0.00275703125,33.26006747450821,52.49706625354307,30.07399052491484,-20.0085468238515,-2.414528904776728
0.0027578125,34.85698993494752,52.522886790551574,30.540526708303226,-30.89688269067358,8.91452260842523
0.00275859375,34.28229376013144,52.54862822904179,30.25567252385884,-12.58796042832616,-9.704995276856787
0.002759375,33.95717419125016,52.574290530247545,30.75485151962987,-28.153177542918254,6.333738532300578
0.00276015625,34.70988260897578,52.59987365552189,30.753129659040678,-20.032638540717308,-1.8141054557639038
0.0027609375,33.956201950331604,52.6253775663371,30.875288221862156,-19.868163926559156,-1.881925417915788
0.00276171875,34.398038061695935,52.65080222428475,31.161743008979915,-24.90343775639154,3.4143785410867014
0.0027625,34.30965057232867,52.67614759107577,31.16233449916047,-18.349397612014197,-3.1644154799011015
0.00276328125,34.1217433569352,52.701413628540486,31.41408204361137,-22.963338617889363,1.6760070329602472
0.0027640625,34.40097971965514,52.726600298628696,31.533294653765715,-21.02485543092811,-0.16845021393487125
0.00276484375,34.16841544080804,52.75170756340975,31.656294771831814,-20.139456997981416,-0.9559557935965217
0.002765625,34.320519566944995,52.77673538507254,31.85802153103919,-22.13187126421191,1.2131574101785554
0.00276640625,36.48765349085843,9.15616176438708,31.42116925103116,2.1071664993230614,20.157840987321016
0.0027671875,34.20303823361598,8.891409779332283,30.141112737368857,47.81888503651265,-26.56918207847607
0.00276796875,33.96352055717304,8.959941100254072,31.03834753671132,1.8350720283185382,20.243334408138708
0.00276875,35.88166266784796,9.028478055860074,30.330436112678907,29.5258608485218,-8.223902791702965
0.00276953125,34.16206314803855,0.0005181523795798358,29.92340778897569,35.89889413444135,-5.976004497845237
0.0027703125,34.89701721475076,2.9737216994915982e-08,30.06419865811774,22.025524880841935,8.038673747538587
0.00277109375,34.97120019153361,1.6995402924058525e-12,29.551321463738358,35.645886300037596,-6.094564836300935
0.002771875,34.443900097468536,-6.829711354081084e-15,29.52724553412194,26.911568603655105,2.615676930466839
0.00277265625,35.08758926027681,-6.93786247679154e-15,29.311268651611517,28.549773504536887,0.7614951470746377
0.0027734375,34.65014452104396,-8.196388710450728e-15,29.02406322124937,31.51522449441389,-2.491161273164511
0.00277421875,34.81493835913553,-6.9267454447848934e-15,28.950160517808527,26.188973827313816,2.7611866904947178
0.002775,34.91756040290732,-6.575445634201847e-15,28.6566811037843,30.384163689402467,-1.7274825856181573
0.00277578125,34.7124837083889,-2.5589735614492235e-15,28.50305906927707,27.97741447638397,0.5256445928931044
0.0027765625,34.93181257495556,-2.061356223014743e-15,28.316753165004645,27.73881737637874,0.5779357886259086
0.00277734375,34.817263078390305,-2.2143783383389676e-15,28.083737165111366,29.01295190810663,-0.9292147429952614
0.002778125,34.84910803059,-6.474319094947046e-17,27.931973889928873,27.01074683269875,0.9212270572301215
0.00277890625,34.9121814402801,-5.688974401310742e-16,27.710492444928835,28.14006858367874,-0.4295761387499056
0.0027796875,34.844531514240764,-8.324649991333473e-15,27.526315532804745,27.450727429833297,0.07558810297145585
0.00278046875,34.92836082423556,-7.066575074095093e-15,27.342241226380498,27.034485280009275,0.3077559463712291
0.00278125,34.45460252167005,9.863862605477186,27.213569103997905,24.243488926876044,-6.893782428355323
0.00278203125,34.73879710916098,10.191426997586037,27.4137427511735,10.391293432435479,6.831022321151983
0.0027828125,35.100028198914764,10.259718321613319,27.065477216533253,20.730667731960352,-3.9249088370404146
0.00278359375,34.54954272560186,10.327979315659263,27.025298185405823,16.08554925397835,0.6117696157682098
0.002784375,33.1473976223962,52.249970425631474,27.280883906396742,1.154879874908481,-26.123966394143213
0.00278515625,34.067202319803926,53.37644043986884,28.64663876978012,-49.885579040144535,25.15577737005582
0.0027859375,35.435848782252506,53.39945318926447,27.98014867133991,-11.13707961745726,-14.282224900467297
0.00278671875,33.21263886035066,53.42232219626884,28.417671876496755,-26.656562777921536,1.6519124581494555
0.0027875,35.11131003734118,53.44511074658722,28.771706481453855,-31.623214464639013,6.949810199505649
0.00278828125,34.14481059095463,53.46781880953448,28.5239116751316,-15.079661257972404,-9.864245876430473
0.0027890625,34.12227554510652,53.49044635091289,29.081802407685124,-32.18303939788931,7.774395454661544
0.00278984375,34.750473092202505,53.51299333664577,29.01669356069551,-20.96794290393055,-3.528356872019711
0.002790625,33.96076385114343,53.53545973277778,29.214886972861617,-23.646691268459293,-0.6738814914568706
0.00279140625,34.52791363696556,53.55784550547494,29.48166585215471,-27.062230551443015,2.9860508981227865
0.0027921875,34.30541714080665,53.58015062102468,29.493613267773764,-20.67135662664503,-3.415180726605887
0.00279296875,34.20326559114868,53.60237504583588,29.7795969298741,-26.072607518708864,2.249829402747085
0.00279375,34.45679262503466,53.624518746438966,29.885027688759894,-23.000144913793658,-0.7393461438854132
0.00279453125,34.19066015232564,53.64658168948595,30.040057721993122,-22.983323593427883,-0.6232003740649447
0.0027953125,34.35099564713283,53.66856384175039,30.247535836259857,-24.565654084872136,1.1446260793816017
0.00279609375,34.320782755724636,53.69046517012762,30.356649739389972,-22.195565184489446,-1.1382502462481994
0.002796875,34.3089248191662,53.71228564163458,30.554184141641393,-23.7498488124029,0.5917473124097129
0.00279765625,37.04525418894687,0.40698937345946745,30.047768577878507,3.899669590381544,25.741109614037498
0.0027984375,34.27732199404358,2.3357481850358398e-05,28.41976551197817,61.665419714761015,-33.245677560264696
0.00279921875,33.90346972840823,1.3405066421080798e-09,29.514202038008047,4.491487882686684,25.022714153980857
0.0028,36.22519959015596,7.693286755174367e-14,28.626250549389283,38.524125927300794,-9.89787537791159
0.00280078125,33.61601241506998,4.415245642070407e-18,28.478220910144138,31.972301638990004,-3.494080728845864
0.0028015625,35.45176673718077,2.5339487140148705e-22,28.67401028183257,17.842371188163636,10.831639093668933
0.00280234375,34.95333976006963,1.454255687175474e-26,27.96818447791932,39.13971065309376,-11.171526175174439
0.002803125,31.1174731365094,53.76353379819706,29.1220844591843,-17.469531360354825,-7.171917978657934
0.00280390625,35.89778908888352,53.90501903424338,30.21995796059549,-50.2116716895386,26.526610615890707
0.0028046875,34.24312545641805,53.92603605931141,29.088250376908594,3.801534960348089,-28.639320642750903
0.00280546875,33.286709368722754,53.946964963625,30.275640496031016,-42.40323565988302,18.73191119228904
0.00280625,35.53561720979172,53.96781262438776,29.98777122292421,-18.756725077036304,-5.223316324427249
0.00280703125,33.32195464328789,53.9885790106,30.06063405180331,-18.366181042316548,-5.561763916480142
0.0028078125,34.63545253666984,54.00926409098795,30.62487930879327,-33.566932136744164,10.182547354549484
0.00280859375,34.39043529619787,54.029867834400235,30.342888354713303,-14.398881590447047,-9.288097889239888
0.002809375,33.83743746108491,54.050390209807986,30.803707653560192,-28.238232627664072,4.991550071416277
0.00281015625,34.665396275306755,54.070831186304915,30.875638079421446,-22.7831044262942,-0.41208868058926673
0.0028109375,33.962625678528944,54.091190733107226,30.95754614780674,-20.34721126110029,-2.7864333242001935
0.00281171875,34.28987099539066,54.111468819553835,31.274348550917413,-26.476224355220815,3.6391040865843927
0.0028125,34.3065948080824,54.13166541510632,31.289644835654624,-19.965129397712616,-2.8768911817390803
0.00281328125,34.05020263583738,54.151780489348965,31.530297328562952,-23.78382923391194,1.162346073125929
0.0028140625,34.3272969942806,54.17181401198884,31.680457085377533,-22.769846030253085,0.27848910364177426
0.00281484375,34.08218329506655,54.19176595285581,31.798048586272767,-21.192111472808133,-1.2016058937749114
0.002815625,35.98894899930592,14.167935905043263,31.69909006369886,-10.416389121251587,27.947543279907183
0.00281640625,34.892343424846025,13.179691283025388,30.288704012696314,44.51772698770667,-27.408714258035747
0.0028171875,33.48897189301019,13.24713037667048,31.093482741299066,1.9338684227743557,15.912483941854232
0.00281796875,35.87046969287007,13.31461010814242,30.66423337748902,19.645261900525895,-2.295638631179298
0.00281875,33.80173485200394,13.382069791529336,30.365361383304247,24.215847040074202,-7.232555448299291
0.00281953125,35.19806107955389,1.1691560454166658,30.63637764441899,9.085863128312178,20.381358470690145
0.0028203125,35.24564501143251,6.709890451404549e-05,29.580387760257526,46.41059400380513,-16.830273342452116
0.00282109375,33.87444152029502,3.850858529859451e-09,29.873749801202262,22.351856737112463,7.521893060238941
0.002821875,35.583071618928784,2.0802264805292306e-13,29.603569202943344,28.110461704449882,1.4931074984932515
0.00282265625,34.3555559132765,-7.0963838825230805e-15,29.179065237277634,35.72172267394587,-6.542657436668231
0.0028234375,34.82729165896542,-2.236083801562226e-15,29.30932717462793,21.948681349029034,7.3606458255989
0.00282421875,35.05100099415335,-5.7559574495047565e-15,28.84604591642118,33.73306075370092,-4.887014837279732
0.002825,34.49777947173458,-8.931780670940429e-15,28.771778175845743,27.235750533448222,1.5360276423975314
0.00282578125,35.07460417949,-2.0472235808810723e-15,28.592321217063425,27.256360426991996,1.335960790071431
0.0028265625,34.73527252486999,-8.609706670162601e-15,28.29738177182296,30.81982637766986,-2.5224446058468915
0.00282734375,34.81920288251095,-8.135171469628892e-15,28.215971571924484,25.786418343123174,2.429553228801316
0.002828125,34.96051673992547,-1.2114651760837766e-14,27.94332868086775,29.239373001335323,-1.2960443204675614
0.00282890625,34.76124779549773,-7.0150358606128326e-15,27.775265460690576,27.58008594402104,0.19517951666954333
0.0028296875,34.9578141731909,-1.4150102986475248e-14,27.600809896031528,26.887923481992853,0.7128864140386896
0.00283046875,34.49913952297756,10.148150161443711,27.399808708792108,26.963682111930662,-9.712023564582267
0.00283125,34.24457579744996,14.458371378469828,27.78377277169467,4.972506288819005,8.352895104405837
0.00283203125,35.34083795956129,14.525718181853534,27.501112617248545,14.88888745044528,-1.9134930150502676
0.0028328125,34.331511973281955,14.592799608684388,27.348209817800715,15.654363956191242,-2.8989537470749163
0.00283359375,34.92305683077267,14.659859045048018,27.45254530922176,7.893414813367217,4.89927145080653
0.002834375,34.88453902515628,14.726896403928052,27.1551297735222,16.64798687234209,-4.219753502747942
0.00283515625,32.8232406312064,53.657059000987324,27.502753361863377,-2.405916097040698,-23.74838954208325
0.0028359375,34.3217031395205,54.69946476785964,28.85769868369276,-51.61349251287061,25.77172642870373
0.00283671875,35.269921839097904,54.717179476621226,28.117689803522055,-9.981162766660027,-16.618326906439144
0.0028375,33.19441512181627,54.734752979096534,28.677535589877348,-30.231923246401394,4.174705857182207
0.00283828125,35.17532230961709,54.75224404864825,28.949034839534367,-31.08777835894248,5.284569149828595
0.0028390625,34.01026421791328,54.76965266230972,28.74938228847054,-16.62049303466702,-9.399777339172157
0.00283984375,34.18248549753296,54.786978793864094,29.322769401811946,-33.71833116885648,8.25412177680433
0.002840625,34.693406725494754,54.80422241721851,29.230159866807078,-21.14440854655801,-4.429654003853421
0.00284140625,33.92529377149069,54.821383506404416,29.475249881631246,-25.488223492212967,0.14208986743979687
0.0028421875,34.540200071604374,54.838462035577486,29.72314310760469,-27.653219887277956,2.537900959305162
0.00284296875,34.24431810029496,54.85545797901778,29.750638411685053,-21.724122281526007,-3.3806972858067184
0.00284375,34.20418258550276,54.87237131112971,30.050934957198557,-27.310814992241912,2.489378638310757
0.00284453125,34.42914353098338,54.889202006442105,30.149957173250286,-23.67458156662491,-1.0646632665669091
0.0028453125,34.164137543407286,54.90595003960824,30.325039414935,-24.208012664720084,-0.3728979599531595
0.00284609375,34.35666246810744,54.922615385405905,30.532506255107677,-25.42756663624523,1.0374575059470033
0.002846875,34.40791626913249,54.93919801873734,30.64976655695344,-23.132778485495102,-1.156652976288801
0.00284765625,37.5763687501855,0.036228236661350936,29.56192954550861,26.890344057205535,2.6353572516417247
0.0028484375,33.13297967119571,2.079170699458735e-06,28.65330880480113,50.40431935967545,-21.751012634045015
0.00284921875,34.99725817740383,1.1932545428299967e-10,29.587774923919138,3.9635372264741195,25.624237697325693
0.00285,35.58038165940343,6.8481938705422005e-15,28.439814905721086,46.4414138487999,-18.001598943078818
0.00285078125,33.70978528540577,3.9302393249059936e-19,28.71843528473731,22.464193797277044,6.254241487460266
0.0028515625,35.72876997148652,2.2555992781516465e-23,28.546212957262178,24.72301121364387,3.82320174361831
0.00285234375,34.49001288973539,1.294508472132272e-27,28.02689327498171,36.67281412184643,-8.64592084686472
0.002853125,32.370758297750065,53.65495686222531,28.65150267766294,2.317520480640931,-27.320974665203302
0.00285390625,34.29719414577138,55.084634432090326,30.21639299954835,-55.45306163759608,30.584820205054104
0.0028546875,35.32679424280095,55.100469729368555,29.291963617307502,-5.666011793759802,-20.14249431830125
0.00285546875,32.91119887879894,55.116140909431536,29.94649772524183,-30.67532641351906,5.505683229329353
0.00285625,35.27112498169324,55.131729080925865,30.214329045735823,-30.793758781779133,5.876358746589092
0.00285703125,33.852100586819276,55.147234225032285,29.954887604462634,-14.203736803758398,-10.988609816811252
0.0028578125,34.10041592913302,55.16265631840058,30.60097924386394,-34.42649633507113,9.864819260534489
0.00285859375,34.67835114537713,55.17799533780537,30.45072400596829,-19.301827869681418,-5.425443462155662
0.002859375,33.77640972224684,55.193251260146354,30.715900459507917,-24.83667487816562,0.3593240775271824
0.00286015625,34.513136291694444,55.208424062448415,30.96952817762228,-27.143860563746784,2.904964678920649
0.0028609375,34.14604761355244,55.223513721861565,30.970503166617394,-20.27592565071383,-3.9770849045303387
0.00286171875,34.10980461197046,55.238520215661055,31.293322656211657,-26.94666112325129,3.0014635638018934
0.0028625,34.36316931025832,55.25344352124738,31.37371583708097,-22.55639233018824,-1.3233353539781683
0.00286328125,34.03658162301834,55.26828361614631,31.54982147046102,-23.340331898485513,-0.3781302471997819
0.0028640625,34.222412610363385,55.28304047800893,31.759571236173752,-24.727345596977287,1.2038763551421097
0.00286484375,35.83840449358416,18.29867980251908,31.57461281351531,-10.045491924256366,23.321424935252594
0.002865625,34.74039406846649,17.38918809549199,30.380442622397627,36.68398807492411,-23.69273354801847
0.00286640625,33.63910704055774,17.45517776550129,31.10435592751037,-0.5977168848232793,14.246895046832357
0.0028671875,35.64459882539858,17.52119713357446,30.719396263685987,15.807646792129425,-2.609447662017899
0.00286796875,33.84136263199501,17.587190118254426,30.497867217720717,18.706154714402896,-5.795477614936605
0.00286875,34.82426046862116,17.653156616944127,30.782416671654513,4.161179322823439,8.968080731886946
0.00286953125,34.778740994229814,17.71909653029896,30.33098157306564,20.067099701209642,-7.455214658442962
0.0028703125,35.115047060133776,0.13448385391356,30.26094333225694,17.925155155036723,12.201304323306656
0.00287109375,34.95505659222065,7.718147890337842e-06,29.541537446479403,40.150643327231926,-10.609113598900414
0.002871875,34.267364380144436,4.4294926671752767e-10,29.67711918200225,24.151919242430168,5.525199939129135
0.00287265625,35.272458059039955,2.316212611221e-14,29.39248359742929,29.383447681968047,0.009035915461220156
0.0028734375,34.4872055644098,-8.15768785989502e-15,29.088192320271073,32.500427101613596,-3.4122347813425167
0.00287421875,34.85512529356428,-7.233140114054517e-15,29.078687638438293,24.685835553940287,4.392852084498014
0.002875,34.9246103684346,-1.8176788446692777e-14,28.714693101583908,31.894934007995722,-3.180240906411796
0.00287578125,34.62886143390995,-9.01754109673185e-15,28.607117061732403,27.309888427533153,1.2972286341992623
0.0028765625,34.979824682954536,-1.2114702400814862e-14,28.407347354164187,27.86692642076663,0.5404209333975658
0.00287734375,34.7545775533678,-1.3694571850906523e-14,28.1607075930947,29.53844084464313,-1.3777332515484162
0.002878125,34.83441101214896,-6.949451924071275e-15,28.033546816337363,26.52981000807288,1.5037368082644935
0.00287890625,34.896339972186,-7.466201815053688e-15,27.788931926581117,28.663162166971457,-0.8742302403903324
0.0028796875,34.745841753805195,-9.14885612445539e-15,27.616753127382857,27.364782307692334,0.25197081969053275
0.00288046875,33.77647416036919,18.627150386490037,27.87025183335561,9.560009864015058,-0.3169084171494859
0.00288125,35.25298230215272,18.704936856579792,28.018218252398384,2.5137026440257224,6.799578751792868
0.00288203125,34.60921773545314,18.77043863032564,27.591140367037717,17.081092983849,-8.260391247136925
0.0028828125,34.466217489735094,18.835911432717197,27.83957956682468,2.990516568744613,6.013151565362869
0.00288359375,35.06374879748115,18.901355868526164,27.613579894368876,10.917113395532937,-2.2048893696902234
0.002884375,34.42309992359476,18.966771839234784,27.551393470033542,9.641333153205258,-1.0567115224065007
0.00288515625,34.884608114876634,19.032159246327815,27.59035873878363,5.793097899084714,2.7651015933711034
0.0028859375,33.1232642455451,54.72292079926439,27.679558046827182,-0.5120249259946504,-26.531337826442552
0.00288671875,34.01291640814329,55.674633242060004,29.06828775667845,-51.93038609257965,25.3240406071981
0.0028875,35.39977815309242,55.686937255243535,28.411783490482062,-12.947461526950448,-14.327692237811025
0.00288828125,33.15366758635812,55.69910349623321,28.862018451174034,-28.43008584319766,1.5930007981384853
0.0028890625,35.06222100026249,55.711185852285766,29.233537650567555,-33.52187238858834,7.044224186870131
0.00288984375,34.09191979599934,55.72318430829906,28.995013367113685,-16.775065272488554,-9.95310566869682
0.002890625,34.06181446863541,55.73509884620382,29.568892598396403,-33.98272390344885,7.8165176556414355
0.00289140625,34.69554327413899,55.746929448056974,29.516125245284204,-22.697820037527634,-3.5329841652451366
0.0028921875,33.89662932238604,55.75867609604185,29.72642678158815,-25.328219474306138,-0.7040298401475668
0.00289296875,34.463335210168324,55.77033877246821,30.007442091347755,-28.78032075049004,3.017424069369588
0.00289375,34.23670869256243,55.781917459772245,30.030618984075943,-22.30646420743062,-3.444834268265682
0.00289453125,34.12554060279291,55.79341214051671,30.329735966840847,-27.720172679710117,2.2564965060342574
0.0028953125,34.370151012046385,55.80482279739077,30.44734181881822,-24.617252636518476,-0.7402283420540755
0.00289609375,34.070699107185874,55.816149413210226,30.61399326465495,-24.56130153355366,-0.6408546150016154
0.002896875,35.691112415743696,16.46993222176619,30.716770861845,-21.123573569882684,35.37041220996149
0.00289765625,36.65325209411934,0.0009452240476859747,28.755077017082634,59.336699197744885,-30.582567404709938
0.0028984375,32.60838652098752,5.4247248154616086e-08,29.248780863211564,22.301478722114854,6.947302086849461
0.00289921875,36.37049474600495,3.113297783263923e-12,29.2862247975115,18.280838940381777,11.005385857126612
0.0029,34.24830487628879,1.786749266921345e-16,28.362643336553397,46.435187772335155,-18.072544435781758
0.00290078125,34.503022656956034,1.0254312838321026e-20,28.93384799494747,13.242147904237255,15.691700090710214
0.0029015625,35.54702166905286,5.885041272037881e-25,28.2517814318187,36.18771075513491,-7.935929323316208
0.00290234375,34.065455078084874,3.377477488707077e-29,28.18235273225306,28.16890693544811,0.013445796804951372
0.002903125,34.667535832310314,1.938364347744482e-33,28.1485278238124,23.019906281547893,5.128621542264508
0.00290390625,31.85091785628148,55.92158065177431,29.631523591719322,-41.17177821548762,14.881721155432627
0.0029046875,36.36008631907287,55.93519050550174,29.823123252676222,-34.02059411827789,7.908526865452377
0.00290546875,33.355816473015366,55.94550751854469,29.274857375322114,-7.147981850234617,-19.522668292987955
0.00290625,34.17288812316515,55.95574009451978,30.349354813616692,-44.84332542692058,19.23694014601749
0.00290703125,35.034057351370244,55.96588840215096,29.866700049261393,-14.411059530694935,-11.688128822194631
0.0029078125,33.40180887086795,55.97595242616562,30.29226081296529,-27.879394356035334,2.1957027428350044
0.00290859375,34.86184270151004,55.98593215140755,30.576691478407692,-30.021420404094115,4.612179731094256
0.002909375,34.05083970677839,55.995827562847424,30.45542456563595,-18.252255572480415,-7.288147424731057
0.00291015625,34.102521398252364,56.00563864558297,30.930305648552206,-31.12350564263519,6.048172645604428
0.0029109375,34.52741970860186,56.015365384838844,30.91766581839854,-22.0801259475044,-3.0175736189359057
0.00291171875,33.93219167835982,56.02500776596678,31.131834352346168,-24.683598073061393,-0.20957534055921628
0.0029125,34.36871152775233,56.03456577444551,31.372518318295615,-26.73896438602355,2.0769169298736547
0.00291328125,34.14257215567519,56.04403939588083,31.43324396530562,-22.030959968380195,-2.579835462195015
0.0029140625,35.635372505634145,22.320102513389244,31.436131970141215,-15.18490579981756,24.30093525656953
0.00291484375,34.85683996145374,21.49479726703463,30.275832582241627,31.843764881925313,-23.062729566718318
0.002915625,33.555577554143795,21.55894327354452,30.97525162300247,-3.4445498018302674,12.860858151288216
0.00291640625,35.606466093495214,21.623107860931203,30.68038345194634,10.354172168709654,-1.2968965776945145
0.0029171875,33.8659432823164,21.6872398872379,30.442579140870848,15.323618906486775,-6.568279652853828
0.00291796875,34.72821626818271,21.75133925295343,30.770355854483974,-0.05772535747421728,9.076741959004762
0.00291875,34.76072056993966,21.81540586154513,30.35549395744758,15.65706510928894,-7.116977013386489
0.00291953125,34.16080190689512,21.879439616529858,30.50872758289875,5.503149856268573,3.1261381101003205
0.0029203125,34.79842807004773,21.943440421473934,30.427510994116204,7.819139230033648,0.6649313426086223
0.00292109375,35.7239582831001,0.004270223052572265,29.629778416245905,36.51750553716714,-6.891997343973808
0.002921875,33.9958046954085,2.450718664734345e-07,29.476972405820234,31.428043978615662,-1.9510718178672957
0.00292265625,35.21722378134042,1.4040038136623556e-11,29.524148686987296,22.540939547780535,6.983209139192718
0.0029234375,34.80820105897125,-3.410556792706012e-14,28.990415155309616,36.338537277320995,-7.348122122011344
0.00292421875,34.56035963220909,-2.8412789035576742e-14,29.05666534374707,24.198635377836396,4.858029965910703
0.002925,35.15634455586693,-3.2993910217109064e-14,28.745695457533277,29.987048503262685,-1.2413530457293753
0.00292578125,34.59553495463199,-2.8726031686755504e-14,28.52436008197545,29.945709514929554,-1.4213494329540761
0.0029265625,34.94292485789497,-3.2522943107067474e-14,28.433903920190087,25.730341521220158,2.7035623989699626
0.00292734375,34.896233803210315,-2.847341657250662e-14,28.12426955167885,30.464513957593745,-2.3402444059148673
0.002928125,34.76542367137675,-2.981312802220396e-14,28.006905250123562,26.678471411246996,1.328433838876594
0.00292890625,35.00850161952494,-3.490779740889069e-14,27.791274932271925,27.824137729045567,-0.03286279677360824
0.0029296875,33.82160105821171,22.126332932716274,27.750781381870034,21.076160985399714,-15.451712536245953
0.00293046875,34.53640427601801,22.77237521478773,28.44271748766795,-9.973833408795139,15.644175681675357
0.00293125,35.27210267122231,22.83593805064214,27.871010714101203,14.389930007144196,-9.354857343685135
0.00293203125,33.951587223176986,22.899433068941647,28.029654029924977,3.421890824211798,1.7083301367715316
0.0029328125,35.145985001790464,22.962893599190394,28.084013110017764,1.2594797243454936,3.8616397864818754
0.00293359375,34.50739991041539,23.02631954773625,27.803900318922018,10.683894784002376,-5.906314012816608
0.002934375,34.553158096164864,23.08971081906102,28.010924319774,-0.010064121721586617,4.931277622434566
0.00293515625,34.92002831240487,23.153067317698557,27.824879344978218,7.045553384711965,-2.373741357432305
0.0029359375,34.47132174824264,23.216388948235185,27.82102870490342,4.772508800534996,-0.16786904386676174
0.00293671875,33.359252057528536,55.44077757743163,28.09471496230572,-7.621787442707227,-19.724275172418686
0.0029375,34.11876389510218,56.295744374692624,29.192801738276188,-46.3725643624388,19.269621726022365
0.00293828125,35.120400266448655,56.30255944613921,28.731606418265965,-16.413910842902734,-11.157042184970514
0.0029390625,33.43439396175184,56.30924105563309,29.13319348866638,-28.67807639583673,1.5020288288700205
0.00293984375,34.89126835061579,56.31583786163426,29.450292098936984,-31.99789237579961,5.132346613102335
0.002940625,34.1311747401549,56.32234985700119,29.32032091774056,-19.500205294247,-7.501823645013634
0.00294140625,34.13175173723936,56.32877703192711,29.802391044999382,-32.50294625680262,5.976560269874894
0.0029421875,34.598727796443484,56.335119376732806,29.8038850214524,-23.734431121210644,-2.796803234069764
0.00294296875,33.996748565521706,56.34137688186681,30.013678955351022,-25.883290318598924,-0.444407607916863
0.00294375,34.43508437538777,56.34754953790544,30.269016809775618,-28.304668285281988,2.22613555715217
0.00294453125,34.26024570260102,56.353637335552776,30.3327846788648,-23.404678402362983,-2.616174254324993
0.0029453125,34.19758872699128,56.35964026564073,30.605507895456178,-27.487550147092193,1.733417776907642
0.00294609375,34.44200014776096,56.36555831912898,30.73799110808035,-25.024940329378893,-0.6026268816697361
0.002946875,37.00977273922597,0.4270294642782153,30.223299561601877,3.1392848484349045,26.656985248888756
0.00294765625,34.31748878966715,2.4507600472866008e-05,28.566730398108874,62.2368890940094,-33.670183203501
0.0029484375,33.85079037688279,1.4065129720096052e-09,29.664818904705616,4.707312472486457,24.957506430812646
0.00294921875,36.23977484318867,8.072102948722279e-14,28.78787810618609,38.33240056070549,-9.544522454519479
0.00295,33.600676370630765,4.63265162223658e-18,28.621082425024255,32.51533150828607,-3.8942490832618115
0.00295078125,35.41562773927327,2.6587199382049896e-22,28.830609786799876,17.72552973571686,11.105080051083016
0.0029515625,34.87711197484038,1.525863001629298e-26,28.116766591722243,39.38166138986072,-11.264894798138474
0.00295234375,34.443310174963266,8.757063375817886e-31,28.318403170455547,21.20183250515252,7.116570665303027
0.002953125,35.460251621612066,5.025756498860409e-35,27.96749115542959,29.523863309981945,-1.5563721545523532
0.00295390625,31.022795260974785,56.29397714666061,28.71921152537233,-10.0826483511425,-17.49211727014578
0.0029546875,35.568818077202046,56.42504535786034,30.217809190336794,-59.9810006360982,33.773764468574655
0.00295546875,34.678478126823634,56.42995146964243,28.913926568284943,3.5925248214389245,-31.108549722796415
0.00295625,32.91590396401582,56.4347653632592,30.107931559986984,-43.50203912012229,17.17520531685007
0.00295703125,35.68221650590789,56.439494266723976,29.96917153883754,-24.763275543287545,-1.707047184598891
0.0029578125,33.334851955823666,56.44413817333033,29.898298750251598,-17.573224708877127,-8.972614714201605
0.00295859375,34.48210028298347,56.44869707608466,30.593547973267693,-38.044909385433165,12.189760282616195
0.002959375,34.52752386424395,56.453170968121356,30.285944941481535,-16.541327526279485,-9.625898500360336
0.00296015625,33.713937309354144,56.4575598427028,30.740940923298943,-29.837810739520762,4.121191820116905
0.0029609375,34.67664216690069,56.46186369321943,30.88209748330282,-26.462924211064603,0.8831580011479986
0.00296171875,33.96214454976071,56.46608251318972,30.92634714754812,-21.68073706488183,-3.8589983007597697
0.0029625,34.1862350188163,56.47021629626021,31.290727205164387,-29.320080941621452,4.140591850525628
0.00296328125,35.6998385572531,26.208178987358405,31.07797170307166,-12.50539474886036,17.375187464573614
0.0029640625,34.51057922144255,25.471990795020496,30.170345370707263,23.999345670300414,-19.300991094613646
0.00296484375,33.845554075768156,25.533909912704225,30.831275377042523,-7.317851257965433,12.615216722303732
0.002965625,35.37196468388046,25.595836383070456,30.50215547815504,8.320990182027774,-3.4146710869431893
0.00296640625,33.88270751791459,25.657724309198517,30.410611250381745,8.534566132215929,-3.781679191032702
0.0029671875,34.76919006346429,25.719573595257636,30.65601092514251,-1.9918617650988253,6.928299094983699
0.00296796875,34.61636203287966,25.781384148103697,30.329024403257893,10.777677182336781,-6.230036927182586
0.00296875,34.2463877808222,25.84315587465116,30.503238588806184,1.285406010415369,3.3746767037396546
0.00296953125,34.81690318404174,25.9048886818729,30.417727097501402,4.733541096156792,-0.22070268052829
0.0029703125,34.3652632928385,25.966582476800454,30.337477067683484,6.23706263791097,-1.8661680470279407
0.00297109375,35.196351358027975,2.2641140145898375,30.30588381417453,6.593410727687988,21.448359071896704
0.002971875,35.33598484958383,0.00012993951547021318,29.181671100242788,47.149979015493386,-17.96843785476607
0.00297265625,33.79604044486865,7.457309758270844e-09,29.498990883189297,21.82549949268462,7.6734913830473666
0.0029734375,35.65696987957481,3.979439168275666e-13,29.244668604385147,27.215774945820783,2.028893658563966
0.00297421875,34.353799303889296,-2.5317354266316642e-14,28.78977452028765,36.101520598223054,-7.311746077935379
0.002975,34.82691659528735,-3.24033672751122e-14,28.952750631964783,20.97492400192134,7.977826630043473
0.00297578125,35.10085535710105,-2.9948898482327636e-14,28.472938336809687,33.641553790965666,-5.168615454155952
0.0029765625,34.48799482487434,-2.638606757857119e-14,28.403447671659826,26.91141124588449,1.4920364257753593
0.00297734375,35.11342961430538,-2.8475987677241295e-14,28.233698436157148,26.663669338341595,1.5700290978155806
0.002978125,34.7652081132094,-3.253314978849585e-14,27.928761528915462,30.715914645283274,-2.787153116367779
0.00297890625,34.94505979334097,-2.5364534730013784e-14,27.859145027769983,25.238677678507955,2.6204673492620545
0.0029796875,33.35104008508026,26.69864700868274,28.369733852766004,-1.9353614412999385,3.6064482853832005
0.00298046875,35.46182540426023,26.765009201430683,28.493994452494153,-4.5679410459539245,6.296926297017396
0.00298125,34.298233491249526,26.826147393216935,28.067914909115792,11.422852102785347,-10.181084586886492
0.00298203125,34.42208778631477,26.887244887813235,28.481532029044185,-7.107215768713923,8.701502909944873
0.0029828125,35.02005670314097,26.948301890687574,28.198934316933055,5.623206994179341,-4.372574567933859
0.00298359375,34.19939184381097,27.009318309906313,28.25178312533875,1.34202889624044,-0.09956408080800082
0.002984375,34.849151734410455,27.07029405357975,28.33224164102255,-1.6564517296101258,2.9183993170529225
0.00298515625,34.5686480306168,27.131229029879584,28.165457340234365,4.622328260633468,-3.5880999502786888
0.0029859375,34.515424404909595,27.192123147038767,28.291982907091644,-1.518657612514346,2.618517372567222
0.00298671875,34.79399696791836,27.25297631335195,28.21165325871486,1.9384286914059616,-0.979751746043053
0.0029875,33.203109797634305,55.806064196076306,28.427278241710276,-7.909171751745056,-19.469614202620974
0.00298828125,34.199471899730035,56.55884827074013,29.545818341783107,-47.0987988806569,20.08576895169988
0.0029890625,35.06831937671881,56.560131060674756,29.034515438443208,-15.134325919702604,-12.391289702528946
0.00298984375,33.38943157815439,56.56128554763592,29.48743017329588,-29.598154182530585,2.524298808190547
0.002990625,34.922272935308854,56.56235485184827,29.774094592357603,-31.432444690357954,4.644184430867289
0.00299140625,34.063540656675634,56.56333897417629,29.650799681850078,-19.368279169613814,-7.544260122712399
0.0029921875,34.14049109708671,56.56423791313802,30.145174911962958,-32.76187838581819,6.342815384643128
0.00299296875,34.57758947943384,56.565051667379706,30.127954780524178,-23.210584288063046,-3.22651259879248
0.00299375,33.9684237060573,56.56578023567582,30.353984369753086,-26.07190669582459,-0.13988917009814159
0.00299453125,34.4434944599889,56.56642361692916,30.601462729782916,-28.08704412721972,2.122083240073479
0.0029953125,34.25269578761091,56.566981810170816,30.664951352138843,-23.224812991478128,-2.677217466553844
0.00299609375,34.778778886724474,56.567454814560136,30.94443542113932,-27.555979772403113,1.9329603789822976
0.002996875,37.29123036870839,0.0032464565055373477,29.095568683937515,51.339161753029956,-22.246839525597977
0.00299765625,32.427354906134944,1.8631702410681847e-07,29.134913613366304,32.68594977458875,-3.5510363475394686
0.0029984375,36.063347734258365,1.069289960078334e-11,29.575273066831627,10.778385877960144,18.79688718886079
0.00299921875,34.68790689909722,6.136750112908665e-16,28.43651351176114,49.53961950693977,-21.10310599517863
0.003,34.12646991121831,3.5219354295186347e-20,29.01716156234496,14.518224037135248,14.49893752520971
0.00300078125,35.74798137313282,2.0212700438309707e-24,28.458928025529907,32.96286649634039,-4.503938470810481
0.0030015625,34.119525935718585,1.1600248419792438e-28,28.22666270989523,31.7365505673993,-3.5098878575040686
0.00300234375,35.164599388709654,6.657485664105062e-33,28.31665733096227,20.916528352408704,7.400128978553565
0.003003125,34.96938143820916,3.820790190332619e-37,27.79686224254479,34.6734123688038,-6.876550126259014
0.00300390625,33.12791745538643,39.87879011106837,27.95389234560148,18.748500915697292,-30.67339868116418
0.0030046875,32.724967690284544,56.56607750673578,29.79551745285606,-56.12245593474002,29.351895880860297
0.00300546875,36.23858133609198,56.56648595091644,29.26665582999636,-19.01175575569159,-8.288074365228491
0.00300625,32.79349910608001,56.5658515370672,29.3135360119143,-18.71761220585977,-8.534703319293131
0.00300703125,34.85880304414415,56.565131881106296,30.117223179834596,-42.29519447591695,15.847285774645252
0.0030078125,34.46941203091254,56.564327039075856,29.605084501932993,-12.47660332031801,-14.482639216824854
0.00300859375,33.6211725151343,56.563437012191145,30.253036363090555,-34.16330945351824,7.852908804417649
0.003009375,34.91519734310867,56.562461801792516,30.290404804509706,-25.592947121313717,-0.6791098759690947
0.00301015625,33.824277433157356,56.56140140934862,30.347884793806617,-21.920725967778488,-4.292790647763513
0.0030109375,34.348921355146686,56.56025583645638,30.76912098779773,-31.475259917388644,5.684125068729998
0.00301171875,34.39365126627002,56.55902508484102,30.72098708480857,-21.359857447345252,-4.4781805526871965
0.0030125,34.640653163009986,31.616784556512883,30.907983317726906,-22.45488103105174,21.746079792265764
0.00301328125,35.20682806167826,29.29710411654623,30.02107297655842,17.17942413126164,-16.455455271249452
0.0030140625,33.43418251385727,29.356330179153836,30.441215286432726,-4.30509456449905,5.389979671777939
0.00301484375,35.286660239104066,29.4156485617493,30.472960128310724,-2.720768053009081,3.778079619570505
0.003015625,34.11682305334891,29.474922652745192,30.160533316072794,8.862253470265413,-8.176642806937812
0.00301640625,34.40210638221608,29.534152355040685,30.52755474492946,-6.81010756327592,7.8035099531646965
0.0030171875,34.798795049029074,29.593337579436483,30.265743084763162,5.206409300482207,-4.534003795155527
0.00301796875,34.12513619815964,29.652478236800697,30.356468379266673,0.029879724971814882,0.6741104174941599
0.00301875,34.719274640404564,29.711574238068575,30.409244460943913,-1.3540368395877707,2.0517070624631097
0.00301953125,34.414809542765994,29.770625494242594,30.284771649777973,3.5156329833121305,-3.0014868277767524
0.0030203125,34.430632217648,29.82963191639264,30.406993115916627,-1.8597737317645924,2.4371349312885804
0.00302109375,34.68420788879033,29.88859341565611,30.334998637399828,1.572694088041942,-1.1262888662982247
0.003021875,36.196783555957694,0.019717494080864196,29.64315920223758,28.69368940986942,0.9297522982872941
0.00302265625,33.913376682499205,1.1316044785268308e-06,29.096002796034526,39.91804435571433,-10.822042691284281
0.0030234375,34.90702653387836,6.490679597901227e-11,29.469800910793694,16.411325473319835,13.058475437408951
0.00302421875,35.175603358551356,-3.072123808002952e-14,28.78351725788454,38.061069323891545,-9.277552066006972
0.003025,34.241684101230014,-4.0104314058541e-14,28.835323524884046,25.454767985600633,3.3805555392834523
0.00302578125,35.272199136392906,-3.4087530043305926e-14,28.64363016398012,26.807867799647944,1.8357623643322123
0.0030265625,34.61538757778788,-3.5799772033486766e-14,28.286014507429027,32.61425692727112,-4.32824241984206
0.00302734375,34.816105130984475,-3.408825743697194e-14,28.29331752915486,23.925871366092125,4.367446163062769
0.003028125,35.04499973670524,-3.4038041489016975e-14,27.952237097793134,30.51525500439927,-2.5630179066061003
0.00302890625,33.32561537582174,29.693717057826817,28.04773217268831,17.638545655978415,-19.284530541116922
0.0030296875,34.49853767253089,30.53413477058531,29.011231708907932,-22.275590924243442,20.752687862566063
0.00303046875,35.2922101907669,30.592595165847868,28.29153882398939,10.92060146194014,-13.22165780379862
0.00303125,33.61647662582923,30.6509646146286,28.608000450451648,-5.283571017954379,3.2406068537774275
0.00303203125,35.212364976184894,30.709287901035154,28.704955464893455,-6.3870338458546065,4.382701409712907
0.0030328125,34.29037640731695,30.76756493980897,28.415262975778486,5.2211777275237115,-7.573479691554197
0.00303359375,34.422119789754376,30.825795643186012,28.750935607464243,-8.721966041080071,6.647106005358302
0.003034375,34.844849948828085,30.88397992347191,28.553330203038243,1.1586473830845136,-3.4892971035181777
0.00303515625,34.228376908418824,30.94211769304218,28.62407171984734,-2.4095044877958145,0.09145851460097312
0.0030359375,34.72340577480019,31.000208864342397,28.701697598368263,-4.394527750349197,2.096016484375062
0.00303671875,34.489261973122,31.05825334988831,28.600469429574463,0.24338498903787809,-2.7011689093517246
0.0030375,34.441687926203606,31.116251062265967,28.71981589220876,-4.410595318355187,2.01416014829798
0.00303828125,34.03878179255678,54.26376593276205,28.78776410479185,-6.242561780331633,-19.233440047638563
0.0030390625,33.71571227779639,56.462182636555326,29.778325486975483,-42.03079074087614,15.3469335912963
0.00303984375,35.19629877478471,56.45801409244541,29.54128482404327,-21.08441612131647,-5.83231314708567
0.003040625,33.53325748487081,56.453634120141665,29.730837423619054,-24.080635499596937,-2.6421611969256737
0.00304140625,34.63463214096378,56.449169122430774,30.165698965769334,-33.197413843069626,6.913943686408185
0.0030421875,34.29639963292957,56.44461911329094,30.019550206187468,-19.35000986773885,-7.0750590393646196
0.00304296875,33.99456893361943,56.43998409957479,30.4415355056049,-30.306164852942846,4.307716258972959
0.00304375,34.57303025695629,56.435264088262564,30.523040523266502,-24.93376182441026,-0.9784617405858008
0.00304453125,34.03865116152652,56.43045908646254,30.66529305890632,-24.119487039208906,-1.6456789883473122
0.0030453125,34.38831624163839,56.42556910141094,30.947663816969154,-28.05336570913518,2.5754604246933903
0.00304609375,37.12566463988879,0.4274431472366182,30.326230518104918,5.032456513739854,24.866330857128442
0.003046875,34.15066269464854,2.4531342105505118e-05,28.702757704407446,62.17106517549519,-33.46833200242985
0.00304765625,33.922599834462865,1.4078755254068896e-09,29.824334011940326,3.976163753705872,25.848170256826577
0.0030484375,36.18887964350618,8.079922763764793e-14,28.894207771203956,39.68375372019547,-10.789545948991595
0.00304921875,33.5438488045787,4.637139483587262e-18,28.776254513354516,31.68578806513169,-2.909533551777171
0.00305,35.43508565610447,2.6612955617195416e-22,28.956076539816284,18.289256058545167,10.666820481271117
0.00305078125,34.78975532103329,1.5273411748548822e-26,28.245498354372454,39.59611809685293,-11.350619742480479
0.0030515625,34.411245617533034,8.765546743330604e-31,28.459386607294206,20.961135504517173,7.498251102777032
0.00305234375,35.31597312504716,5.030625178870995e-35,28.08824267220909,30.080830016275172,-1.9925873440660806
0.003053125,34.43396425880321,2.887120499305554e-39,27.859088818562647,30.04003468925405,-2.180945870691403
0.00305390625,34.91000822599404,1.6569441135308452e-43,27.828156956086556,23.71002053248559,4.118136423600965
0.0030546875,32.051814541540395,55.93327375629136,28.14752583493529,2.96609085017743,-30.751838771533496
0.00305546875,34.65331487764681,56.354244839904254,29.94248610459023,-62.96712594716154,36.55536721184752
0.00305625,35.425940220851274,56.348190424694664,28.755132145423197,-1.6570371062160285,-25.93602117305544
0.00305703125,32.7200316137011,56.342026647626426,29.61409126616993,-35.66179168969733,8.933856308240832
0.0030578125,35.56885184387229,56.335778019078035,29.819344470338656,-31.811331909996582,5.294898361257204
0.00305859375,33.706163570329174,56.329444549865975,29.532103398824866,-14.343063005529892,-12.454278145511218
0.003059375,34.18787128607086,56.323026249528425,30.277412389615215,-38.11452829049729,12.06891443058408
0.00306015625,34.75640120969522,56.316523127731216,30.04503572624948,-19.026835294367952,-7.244652107113784
0.0030609375,33.731462290564316,56.30993519426794,30.373361464399814,-27.162083008507796,1.2255092786396653
0.00306171875,35.18898819774761,34.929690047219914,30.523512803979706,-24.44241359868568,20.03623635544547
0.0030625,34.78860119074849,32.947079301725296,29.612333201498313,15.775926496462276,-19.11067259668926
0.00306328125,33.572770120090524,33.00336790439663,30.240755081992226,-12.731347879281195,9.968735056876788
0.0030640625,35.340539475335724,33.05972382168561,30.102075462953305,-2.69089440888516,-0.2667539498471445
0.00306484375,33.911805226234996,33.116029958343674,29.94319128092131,2.891434207618895,-6.064272885041256
0.003065625,34.566929335852016,33.17228622285951,30.300707642435903,-10.60291281505517,7.7313342346315626
0.00306640625,34.65844718918274,33.228492530511765,30.02594997428841,2.6097188245835925,-5.812261380806951
0.0030671875,34.12082798176785,33.28464879665475,30.212144586780997,-5.373462202708166,2.3009579928344133
0.00306796875,34.729290270924665,33.34075493671821,30.22683982215059,-3.9307411711794007,0.8168260566117796
0.00306875,34.305579769753784,33.39681086620727,30.161755859184122,-0.7188506991264632,-2.5162043078966834
0.00306953125,34.43729314660998,33.45281650070274,30.30666707186144,-5.746582965283051,2.600433536441755
0.0030703125,34.529021109833295,33.50877175586108,30.2405509407583,-1.6011954025077615,-1.667025412595021
0.00307109375,34.29108880558578,33.56467654741475,30.304531763946976,-3.6547975310438066,0.39465274757603197
0.003071875,35.99585584522372,0.862780065247786,30.084913421903305,6.805053451244854,22.417079905410663
0.00307265625,34.9583268355246,4.951571469426204e-05,28.825540269794008,51.48039260569257,-22.654901851613257
0.0030734375,33.910267193051,2.8417196257501278e-09,29.402365614228234,15.733736936370802,13.668628675015714
0.00307421875,35.83624736930706,1.2241045209103056e-13,28.9176374937263,31.386970420161983,-2.469332926435804
0.003075,34.115269154737504,-4.061432902279159e-14,28.589437214700162,34.1098088107614,-5.520371596061199
0.00307578125,35.06043678800964,-3.550397930906801e-14,28.745876680651087,20.131291126721266,8.614585553929855
0.0030765625,35.00953845476328,-4.0843663534331276e-14,28.19775196499855,35.308173914694656,-7.110421949696067
0.00307734375,34.51049155085746,-3.390562333004302e-14,28.222408888613334,24.708621318521786,3.513787570091582
0.003078125,35.340710660446526,-3.7039505885750367e-14,27.98344421680252,27.687023908654023,0.2964203081485354
0.00307890625,32.577102784010464,34.11430234907219,28.714268192193664,-9.275877929288823,3.875843772410295
0.0030796875,35.79047399239938,34.17627425199355,29.025286211622472,-16.04379413948686,10.892806099115786
0.00308046875,34.11378828971776,34.23156731558011,28.39270685814582,10.293135213229764,-16.13199567066405
0.00308125,34.169702673253184,34.28680844669425,29.085186382756508,-18.37342736828947,13.171805304351725
0.00308203125,35.17321225447183,34.34199794247271,28.72532968243753,0.5720186866124962,-6.188686946647677
0.0030828125,33.87996015355764,34.39713571982287,28.83514817326489,-4.842804400633199,-0.7191831459247795
0.00308359375,34.851018874394626,34.452221695708246,29.031769146713106,-10.243397241939745,4.8229446929446045
0.003084375,34.45838532870283,34.50725578717039,28.820563653184834,-0.08139441666463086,-5.605297717320928
0.00308515625,34.32210340475476,34.56223791132895,29.064881512333624,-9.388028248507725,3.8906718495123984
0.0030859375,34.73647631692262,34.61716798538185,29.001413337878834,-4.300946121355447,-1.3148085261475675
0.00308671875,34.29693784281948,34.672045926605335,29.03249535010933,-4.761004308780909,-0.8785462677150957
0.0030875,34.56999925030405,34.72687165235426,29.1431368572882,-7.488357197876237,1.9046224028101755
0.00308828125,34.486182193721525,34.781645080062056,29.094730473216092,-3.831061609676016,-1.8558529971699487
0.0030890625,33.900450413887654,54.17150387236332,29.286275547370856,-10.527959284965585,-14.357269040026877
0.00308984375,33.96614743253005,56.006554341672214,30.115949475663903,-38.807854936442666,12.917250070434358
0.003090625,34.94236355386441,55.99685795527041,29.903994090561,-19.99393006938446,-6.098933795324946
0.00309140625,33.662546982007974,55.98697137179158,30.15171663667475,-25.085675377523376,-0.7495793575934592
0.0030921875,34.61148879076397,55.97700046686989,30.48500295497944,-30.21530776814896,4.723310256258511
0.00309296875,34.22377060144147,55.96694526159677,30.415642519899578,-20.010961251432583,-5.540341490264608
0.00309375,34.09019857423275,55.95680577111552,30.793315469834614,-28.959241664499885,3.7957513632189803
0.00309453125,34.51510589329267,55.94658201069605,30.86768572291719,-23.766926142537912,-1.3119701452409438
0.0030953125,34.65063735895402,55.93627399573512,31.034869970157246,-24.06038266031844,-0.8410213652594379
0.00309609375,37.219949823850136,0.003210232477389674,29.326080655921988,48.73362581330138,-19.41075538985678
0.003096875,32.54619704409549,1.8423809493769992e-07,29.27607397743972,34.26226463050629,-4.986190837304663
0.00309765625,35.91331760848275,1.0573588008141217e-11,29.737061595803375,10.959952819706983,18.777108776085818
0.0030984375,34.74693959632969,6.068276129522139e-16,28.626683742544895,48.78822758803549,-20.161543845490595
0.00309921875,34.08937471686338,3.4826376018977916e-20,29.15567521039128,15.822872081621478,13.332803128769804
0.0031,35.68865124813275,1.9987166713040643e-24,28.640905296157488,32.290644539797036,-3.6497392436395475
0.00310078125,34.136820626480464,1.1470812610453289e-28,28.38433417827676,32.219219541192665,-3.834885362915904
0.0031015625,35.079061399798896,6.5832013027782e-33,28.473918302525536,21.217539374852805,7.256378927672731
0.00310234375,34.913961938415774,3.7781577351726955e-37,27.967118716330294,34.463070514942146,-6.495951798611852
0.003103125,34.53163730176063,2.1683183021945937e-41,27.986396767924987,24.380140587731162,3.6062561801938244
0.00310390625,35.10814899318682,1.2444171443300374e-45,27.730969298021883,27.965395963398176,-0.2344266653762926
0.0031046875,34.05457152917442,7.141820587573262e-50,27.48313859948996,29.429931572387602,-1.9467929728976447
0.00310546875,32.00292920919474,55.79140711773385,29.350765172670524,-50.28948551667441,23.848843571611088
0.00310625,36.61646949068456,55.78312379967105,29.194381317218728,-27.751151164628695,1.1624086821763684
0.00310703125,32.99498141155279,55.77155408422847,28.83372935319775,-10.11679009858629,-16.82103463244443
0.0031078125,34.52175649864206,55.7599001940454,29.894721834170603,-46.03890964601008,20.173731286135286
0.00310859375,34.895868490929374,55.74816233044979,29.307380355226073,-11.854650721559,-14.586131253664712
0.003109375,33.42729797485947,55.7363405111292,29.870741676213523,-31.08790013017913,5.222301295263452
0.00311015625,35.013757087568784,55.72443475388707,30.047910131874122,-28.360487353004807,2.6839627309918606
0.0031109375,34.410378135845775,38.03391626680259,29.887326542158668,-15.439873762376482,7.293284037732558
0.00311171875,34.77951102372719,36.400219860399865,29.63057068032537,-1.476211425341568,-5.293437754732929
0.0031125,34.05035302258205,36.45323472003131,29.7919287048301,-7.674063375385832,1.0127573601846194
0.00311328125,34.71499551603055,36.50629148675476,29.88862311402923,-8.697936568951645,2.0802681962261134
0.0031140625,34.35014730839571,36.55929328121866,29.803053801904966,-3.468989708284849,-3.2872497710288435
0.00311484375,34.37733844793901,36.6122400180479,29.987191976089992,-9.36726113994094,2.742213097983032
0.003115625,34.57145667041198,36.66513161750535,29.951049708365552,-5.34934522023584,-1.3647366889039585
0.00311640625,34.305714387679956,36.717967999937166,30.01828543163327,-6.614705748051138,-0.08497682025275709
0.0031171875,34.508278135128016,36.77074908577279,30.097515738647818,-7.614554192084333,0.9413208449593586
0.00311796875,34.41968017432097,36.82347479552482,30.096010572565312,-5.5670983101193885,-1.1603659128401158
0.00311875,34.396491386628874,36.87614504978926,30.18815590036159,-7.499577401566649,0.8115882521389811
0.00311953125,34.47940585565394,36.92875976924569,30.21517573269575,-6.403640183122031,-0.30994385342790376
0.0031203125,34.3917837695833,36.98131887465729,30.264082503172546,-6.549150057889003,-0.16808631359574042
0.00312109375,34.46299014702255,37.033822286871,30.327615160724093,-7.079394065521164,0.37318693937425657
0.003121875,34.823067722333256,37.086269926817614,30.360055870956348,-6.367377311511058,-0.3588367443502087
0.00312265625,36.33326589397576,0.0021284139910963664,29.127101595945305,42.98721855211815,-13.86224537016394
0.0031234375,33.313242365116835,1.2215152959450853e-07,29.079051401064213,31.22725651376776,-2.1482052348550766
0.00312421875,35.5782031817849,6.972904688898251e-12,29.277080677405163,17.597482058787858,11.679598618610333
0.003125,34.720039958754,-4.0581267000494756e-14,28.495350978292922,41.59788478181515,-13.102533803522185
0.00312578125,34.373424099375136,-3.248910420673013e-14,28.78280710156324,19.739888871405114,9.042918230158156
0.0031265625,35.37524917519056,-4.694001158387297e-14,28.361331913857555,31.16349034021924,-2.8021584263616397
0.00312734375,34.34067147059973,-3.760817323017979e-14,28.144138415053327,30.29982740193736,-2.155688986883994
0.003128125,34.11634795713921,34.24069231908052,28.287759252845746,16.752190491190785,-22.705123557425562
0.00312890625,33.80950453457888,37.555588654983524,29.3339520730691,-27.111203930058384,18.88956734814396
0.0031296875,35.57152684706022,37.6076615058318,28.869152226410506,-1.3405863388438435,-7.397922940577451
0.00313046875,33.561177954642794,37.6594904671278,28.952140873885618,-5.832420688792924,-2.8749289044492614
0.00313125,34.92416568436832,37.71126270316513,29.309972175071245,-16.68136187798947,8.280071349895584
0.00313203125,34.48947512313625,37.76297814672174,28.974651294469822,-0.22641459246177364,-8.561912259790146
0.0031328125,34.1482417593379,37.81463671991571,29.331147579958284,-13.848153769261637,5.364664629304209
0.00313359375,34.84113250134332,37.866238344950176,29.266595081449115,-7.320224875791308,-1.2794183877097531
0.003134375,34.1817906797134,37.91778294411402,29.28684584261324,-6.753369650350276,-1.877567451150509
0.00313515625,34.55239432179254,37.96927043978201,29.471010436334183,-11.61774731490042,3.1194873114525965
0.0031359375,34.49996293692477,38.02070075441489,29.39661743537002,-5.877362253933676,-2.7467210651111955
0.00313671875,34.31767492288413,38.07207381055958,29.541330834957165,-9.923846514754857,1.393103539152443
0.0031375,34.56763733889604,38.12338953084911,29.57798653654134,-8.51327176509884,-0.032131229208933125
0.00313828125,34.35806711107198,38.174647838003,29.610182407857387,-7.666839563433057,-0.8976258667125535
0.0031390625,34.43757225389943,38.225848654827146,29.71755602566659,-9.603609060412097,1.0953164312515395
0.00313984375,34.056240258621195,53.73474347344145,29.80704403204364,-10.753736029612972,-13.173963411784838
0.003140625,33.90418412992569,55.19475788570993,30.539043958779278,-35.439346568555976,10.78363264162532
0.00314140625,34.883719009083386,55.17959532022969,30.40597015894743,-20.395006530543597,-4.37861863073866
0.0031421875,33.74252650122611,55.16426499832876,30.59547514464401,-23.039672907067967,-1.5291169466167847
0.00314296875,34.52530533808864,55.148851595183146,30.929688517999242,-28.82470723067918,4.605544153495278
0.00314375,34.2764610679153,55.13335513886342,30.874781231601123,-19.37280153061785,-4.885772376644449
0.00314453125,34.20616456077831,55.117775652707216,31.212209983902902,-26.97707336785715,3.0715076990528374
0.0031453125,37.81455676511122,0.036340684466963306,30.00634500150656,28.834009804880793,1.1359945121588009
0.00314609375,32.89147569353859,2.0856241789596314e-06,29.090489442680905,51.73394939808451,-22.643462041027785
0.003146875,35.06328683392555,1.196958252070181e-10,30.100018297932763,2.4003187053074755,27.699699592505592
0.00314765625,35.56138654610581,6.869449787034875e-15,28.854403237027544,48.8803923085153,-20.02598907148776
0.0031484375,33.58943816200713,3.9424382842908594e-19,29.198706994880947,21.74078996313269,7.457917031748256
0.00314921875,35.76935041511298,2.262600369359588e-23,28.99835564740645,25.3873928253908,3.6109628220156456
0.00315,34.33357275088421,1.2985264605979705e-27,28.46368000209084,37.619791546869074,-9.156111544778236
0.00315078125,34.76157496165706,7.452358762543429e-32,28.696886969554214,19.42870813792106,9.268178831633154
0.0031515625,35.169203960017114,4.2769749258773505e-36,28.185265446932963,33.79253033367967,-5.60726488674671
0.00315234375,34.40791425258782,2.4545939211252465e-40,28.115632283595023,26.905445201573198,1.2101870820218266
0.003153125,35.11753580904994,1.4087132662787538e-44,27.971396464826675,25.774444754452784,2.196951710373891
0.00315390625,34.72710470317566,8.084730633081758e-49,27.63961559879585,31.03844295427705,-3.398827355481197
0.0031546875,34.74028905421421,4.6398987625177e-53,27.591928481111736,24.6284002738761,2.9635282072356364
0.00315546875,33.67495936863154,50.11297377286297,27.546863741827273,18.825541517505037,-41.391651548540736
0.00315625,33.16193931831781,54.873861818964144,29.48720543122122,-59.28969194719396,33.903035559451034
0.00315703125,36.28495392922871,54.85723132826119,28.716351038757985,-12.662033989578333,-13.478846299924877
0.0031578125,32.69447834931501,54.8402440422672,28.943834784423835,-20.956065852999753,-4.940343404843612
0.00315859375,35.145753949399285,54.82317415212123,29.64488499290821,-39.86285322690819,14.68456406769517
0.003159375,34.35611835708533,54.806021699264875,29.11408737237622,-10.376548545100054,-15.315385781788605
0.00316015625,34.11329064886619,40.91091774108028,29.754166030045088,-31.87625138300846,20.719499671973264
0.0031609375,35.40747083633996,39.6358958112017,29.11707243358512,1.2714533494570306,-11.790276727073612
0.00316171875,33.42360977612142,39.68532020290244,29.393064310711054,-11.020382930884907,0.7281270386935219
0.0031625,35.0609865337615,39.73476084380534,29.655707796831056,-16.65372723370681,6.574674186732526
0.00316328125,34.27525972318582,39.78414164923906,29.354519731481112,-1.6877261299562782,-8.741895787801672
0.0031640625,34.2005751679336,39.833462540474684,29.767315579037714,-16.73850362480452,6.672356663367546
0.00316484375,34.78527318984109,39.88272344323559,29.64822303914118,-7.427068924827097,-2.8074314792673145
0.003165625,34.09007734443258,39.93192428333576,29.737951822808743,-9.383077025281946,-0.8108954352450717
0.00316640625,34.57319137239422,39.981064986679634,29.906994312839174,-12.829181270916804,2.7551105970763463
0.0031671875,34.40086550977975,40.03014547926216,29.84356034019622,-7.205631292160618,-2.9809538469053214
0.00316796875,34.29392965352108,40.07916568716906,30.020331604505337,-11.970149231685937,1.9113151490222173
0.00316875,34.523403413942646,40.12812553657672,30.04559589233032,-9.544433647854289,-0.5380959963921106
0.00316953125,34.288694241370436,40.17702495375252,30.106860157419746,-9.46608581548411,-0.6040789808486671
0.0031703125,34.41591808413592,40.225863865054805,30.220131215224086,-11.05024374317761,1.044511093346889
0.00317109375,34.37841082787717,40.2746421969331,30.245440403603098,-9.053411395176113,-0.9757903981538902
0.003171875,34.259471314555014,40.32335987592812,30.347454992921904,-10.466930996818968,0.49102611381275385
0.00317265625,36.90317602497403,0.09016336392027012,29.697730132414492,18.898987999088586,10.708578769405637
0.0031734375,33.93487504403804,5.174555556865767e-06,28.671089276588898,50.12216071676326,-21.45107661472992
0.00317421875,34.563780996423176,2.969311932430282e-10,29.42796034074884,9.36549841849585,20.062461921956057
0.003175,35.65787242070808,-2.4376292694492016e-14,28.574277841245237,39.81124815578771,-11.236970314542447
0.00317578125,33.89399938592803,-3.748155439321561e-14,28.595528675549588,27.24415824677597,1.3513704287736552
0.0031765625,35.40429828393632,-4.2184109051091115e-14,28.55411981554405,22.92960499024181,5.624514825302281
0.00317734375,34.61049313246167,-4.06798093275105e-14,28.032981021456603,35.807581811216146,-7.7746007897595035
0.003178125,32.59834498184747,40.402678932742134,28.649680901548557,1.5894720311036026,-13.342470062297181
0.00317890625,35.140060640791724,40.759059842055485,29.62554339492125,-33.33911778063432,22.205601333500084
0.0031796875,34.83695385951808,40.807184660689956,28.768045754707995,7.0871035279110375,-19.126242433892997
0.00318046875,33.53818135660102,40.85523033687363,29.441242709685948,-21.072045431297532,9.658057804109848
0.00318125,35.32911251766559,40.9032144848036,29.372721761806247,-11.626627998441988,0.09613527544463807
0.00318203125,33.899905758571386,40.95113703323173,29.25331219608575,-5.3423798662644835,-6.355444970881496
0.0031828125,34.524164774304175,40.99899790998756,29.67236201280833,-19.15382141233854,7.827185515159312
0.00318359375,34.641314137766585,41.046797042993475,29.451046124927196,-5.8137144828454845,-5.782036435220795
0.003184375,34.080076713665356,41.09453436026487,29.686515524705744,-13.573894355919172,2.1658755203600424
0.00318515625,34.69184376045847,41.142209789910154,29.760648827265015,-12.312199903476811,0.9306389408316733
0.0031859375,34.27076634994908,41.189823260131035,29.744695175985086,-8.83750349291127,-2.607624591234678
0.00318671875,34.39097411335752,41.23737469922247,29.944824859266173,-13.899441010558135,2.606891170601837
0.0031875,34.4944564152714,41.284864035572824,29.93257200513097,-9.701310570628308,-1.650981459813545
0.00318828125,34.27179769602109,41.3322911976641,30.04788416395798,-11.622914397420645,0.338507363714529
0.0031890625,34.46556630946296,41.37965611407177,30.13964125577854,-11.813518006426682,0.5735031481334495
0.00318984375,34.3395205568496,41.426958713465154,30.179365758473672,-10.254165991097775,-0.9934269638937082
0.003190625,34.05363380038502,52.95626227069651,30.35336488223729,-14.259279230108332,-8.34361815835089
0.00319140625,34.05030375382278,54.0319558082014,30.88847521366409,-30.486225375551626,7.342744781014315
0.0031921875,34.62613189450249,54.01142348848312,30.830702887180234,-19.817938472036005,-3.362782129266878
0.00319296875,33.87069438670351,53.990746919830926,31.023796822003618,-22.371829060514113,-0.595121037313194
0.00319375,34.36353093792919,53.96998903847921,31.277776401822237,-25.47939956054513,2.787186923888153
0.00319453125,36.56460733150458,1.3855228505155823,30.8815502035658,-2.3839981499363474,31.880025502986566
0.0031953125,34.98549840085908,7.951638775993138e-05,29.154469359911285,61.86562941777882,-32.711239574255295
0.00319609375,33.51457644964136,4.563516162894679e-09,30.07873651268678,10.161198366349788,19.917538141773477
0.003196875,36.265783770647964,2.619042483654558e-13,29.45277955996201,33.300982122703566,-3.84820256274182
0.00319765625,33.7717848761635,1.5030917578336066e-17,29.074079376891603,36.863176596093204,-7.789097219201603
0.0031984375,35.146571918796425,8.626377183904103e-22,29.378851391906156,17.042596538672676,12.33625485323348
0.00319921875,35.0414856884636,4.950754531861322e-26,28.672172518909008,38.98342039203093,-10.311247873121923
0.0032,34.31424396706741,2.8412820251447384e-30,28.794644363256175,23.65758426030355,5.137060102952626
0.00320078125,35.31194733079239,1.6306370058253418e-34,28.528671356221253,28.22699930205701,0.30167205416424175
0.0032015625,34.55040914808661,9.358370697578267e-39,28.219810787305107,31.75245193914774,-3.5326411518426344
0.00320234375,34.88487610299759,5.37085211487419e-43,28.21472291981069,23.861521640706336,4.353201279104353
0.003203125,34.972194133960436,3.082379761608852e-47,27.85900211414995,30.91613129288619,-3.0571291787362433
0.00320390625,34.663926546496704,1.7690051395128385e-51,27.749348530737183,26.584769451036234,1.1645790797009485
0.0032046875,34.99845959685369,1.0152477714132972e-55,27.558172832247422,26.935832419639542,0.6223404126078783
0.00320546875,34.730042531995785,5.826597189217416e-60,27.313497549631457,28.718967114362773,-1.4054695647313158
0.00320625,32.16125724071934,53.220487596113315,27.84382239422597,-1.0566154506478753,-24.32004975123947
0.00320703125,34.910667308040885,53.60467221024507,29.380719518151004,-56.245858868699685,32.02190617660562
0.0032078125,35.20965754412105,53.58247954840017,28.294004071640455,-0.9117680050994083,-24.37670747166031
0.00320859375,33.013782216240266,53.560182874589415,29.14075212492473,-34.31793550670484,9.898504757040158
0.003209375,35.79276298933899,43.543506497017276,29.19856233174605,-25.423908271579805,11.078964106308579
0.00321015625,34.059410382630794,42.634776364247,28.573912056065573,3.03967484873983,-17.100539156921258
0.0032109375,34.065062638965514,42.680315013537864,29.35461602106882,-27.045764816694273,13.720065824225228
0.00321171875,35.14768968619295,42.72584415706407,29.039199382022552,-7.39906911942972,-6.287575655611795
0.0032125,33.778704176104526,42.771308959384385,29.19826425473716,-12.594425187612579,-0.978619517034646
0.00321328125,34.78511350963494,42.81670934888657,29.465344646342178,-18.52973911433994,5.178374411795549
0.0032140625,34.38880853305665,42.862045257198254,29.29420152598077,-7.652044725461408,-5.9157990057560745
0.00321484375,34.22759517571664,42.9073166160444,29.602211833542192,-17.325109538670514,4.02000475616831
0.003215625,34.6697836136131,42.952523357247166,29.59149557263533,-12.051812723023383,-1.3092150615884504
0.00321640625,34.20749417064275,42.99766541272598,29.67305202007237,-12.325590388755462,-0.9990230038981469
0.0032171875,34.49089280996069,43.04274271449775,29.843154479453414,-15.221212703621184,2.0216244685768494
0.00321796875,34.4210051106489,43.08775519467686,29.843573317222237,-11.29054142386736,-1.9536404535872636
0.00321875,34.3171010518137,43.13270278547534,29.999562333069818,-14.219157739853603,1.0860172874480836
0.00321953125,34.48345261089996,43.17758541920291,30.069502817974236,-12.935894358489717,-0.17218824273895983
0.0032203125,34.33699746274031,43.22240302826716,30.147490102836088,-12.53288136415276,-0.542031561278313
0.00322109375,34.41731039757911,43.267155545173566,30.27035387325985,-13.723177762731282,0.7263760908175666
0.003221875,34.4567395339465,43.31184290252567,30.331897356274414,-12.361086076724918,-0.6188594695263367
0.00322265625,36.53982804199551,0.3282856345787563,29.91274153021793,8.470292350303689,21.114163545335483
0.0032234375,34.43630303308654,1.884060428834006e-05,28.564582370966463,55.08669289735182,-26.522129366989642
0.00322421875,34.05725876455929,1.0812411083514949e-09,29.38677906666107,9.769620022369248,19.61715904321058
0.003225,35.948658349035036,1.9427548076601232e-14,28.65780407472431,36.09560329151322,-7.437799216788929
0.00322578125,33.874633096979686,-3.570505589506221e-14,28.48255238728176,31.59581124851219,-3.113258861230395
0.0032265625,35.309602197352014,-3.645254678090278e-14,28.608304637831203,19.826451360233616,8.781853277597623
0.00322734375,34.9499060660053,-4.246563484685249e-14,28.005151185482852,36.85870686016294,-8.853555674680043
0.003228125,31.824194218408834,43.56945407157647,28.892865492645484,-8.631457679790119,-6.045130899140871
0.00322890625,35.6938341302245,43.711080269427924,29.7553432597603,-35.62842775258152,21.672690742913897
0.0032296875,34.37186470078344,43.75511794330419,28.797979707270937,8.302569323005091,-23.259707559038347
0.00323046875,33.57922129334396,43.79908412584937,29.724495452515967,-29.22546988726363,15.150881213930226
0.00323125,35.41494484649876,43.842984347444215,29.459116057048742,-10.239408711924497,-4.144459578470976
0.00323203125,33.61907228073937,43.88681854229694,29.479599070158294,-9.827243256507813,-4.579976215630835
0.0032328125,34.680848251547985,43.93058664439407,29.90502823239349,-22.330636344152992,8.305077932152415
0.00323359375,34.49025253163365,43.97428858782163,29.64137106467836,-6.8044032108102215,-7.528514312333053
0.003234375,34.037296694368344,44.01792430676528,29.980490759703326,-18.068606939071067,4.031173392009111
0.00323515625,34.712747547883325,44.061493735510425,30.00654998359107,-13.757308358635894,-0.2976353932834564
0.0032359375,34.14448749879581,44.104996808442294,30.03855888774197,-11.789485626498513,-2.2769522942018123
0.00323671875,34.409465392631986,44.148433460046036,30.263260616324512,-16.852032621824772,2.966859778103249
0.0032375,34.42758004418893,44.19180362490685,30.243077207753366,-11.624399136692018,-2.3243272804614703
0.00323828125,34.22125882978962,44.23510723771005,30.40572499484481,-14.768301745320754,0.9389195024555179
0.0032390625,34.45332327160904,44.27834423324118,30.4961566726164,-14.024594746481462,0.24240718585668378
0.00323984375,34.28107972979941,44.321514546386084,30.559731871269985,-12.788508619680304,-0.9732740554357946
0.003240625,34.33841956226716,44.36461811213106,30.70281213711737,-14.654767354856808,0.9929613798431167
0.00324140625,33.99967925220966,52.341539959937464,30.825508879740077,-15.533013069141703,-5.983018011055684
0.0032421875,34.13420772644803,52.525571560132164,31.23871894106533,-26.718959880140076,5.43210726107324
0.00324296875,34.439339618892035,52.49977133528219,31.211538936711474,-18.334053796311164,-2.9541786022595518
0.00324375,35.312769658314735,15.481939551222327,31.298551700352824,-16.466447860424136,32.28306000955463
0.00324453125,36.66011024423176,0.0008885222702553816,29.537822146686814,55.56826536384713,-26.031331739430573
0.0032453125,32.72424491052886,5.0993082754766805e-08,29.858615228872385,26.095846427191812,3.7627687506874894
0.00324609375,36.150386836386936,2.9265383388613442e-12,29.974742271139714,17.89389278696695,12.080849484169836
0.003246875,34.38577564184781,1.6795663619738114e-16,29.05202771740178,46.42862529081511,-17.37659757341333
0.00324765625,34.417048717894,9.639180621059332e-21,29.560462394358346,15.422185510127077,14.138276884231267
0.0032484375,35.526352412960655,5.532011425628594e-25,28.94493759186318,35.37797623115185,-6.43303863928867
0.00324921875,34.14076153011313,3.1748705223372056e-29,28.82104746480706,29.68590784109894,-0.8648603762918786
0.00325,35.1862466374896,1.8220864090967363e-33,28.802681060196853,23.475714017634605,5.326967042562248
0.00325078125,34.78739830945855,1.0457115837816895e-37,28.339538592504095,34.31755275708065,-5.978014164576554
0.0032515625,34.63965318811562,6.00143171583886e-42,28.36677992284866,24.16913045229984,4.197649470548821
0.00325234375,35.10092202545316,3.4442749988122714e-46,28.06701972029637,29.365224107954898,-1.2982043876585303
0.003253125,34.63878674298413,1.9767000324496892e-50,27.86440391364982,28.799025764411194,-0.9346218507613732
0.00325390625,34.93956017522904,1.1344457163362438e-54,27.751361466327126,25.627263047929787,2.124098418397338
0.0032546875,34.8720400960889,6.510684788722031e-59,27.46617475743812,29.401138712637522,-1.9349639551993996
0.00325546875,34.763518586537366,3.736539863272977e-63,27.34101231296606,26.158839825440204,1.1821724875258561
0.00325625,34.830382915062096,2.1444334356368925e-67,27.12772740904896,27.2590559682993,-0.13132855925034193
0.00325703125,31.64285833130316,51.987353706288566,28.151455086490067,-21.52104501965485,-2.314853600143651
0.0032578125,36.01474880048652,51.99435928342032,28.995937794348478,-44.18692221594435,21.188500726872505
0.00325859375,34.34169673786317,47.29583832041687,28.030849690155726,1.7712256803915427,-21.036214310652685
0.003259375,33.91032010034393,45.37902460116822,28.87468785905315,-30.72438176599103,14.220045023875961
0.00326015625,35.269266981791354,45.42032625983046,28.596266310969423,-11.36747569937355,-5.456584249487489
0.0032609375,33.73767461281084,45.46167189820609,28.719133910618343,-14.391577446660017,-2.350960540927731
0.00326171875,34.7591269117411,45.50294907857513,29.06279350186155,-22.78950227117906,6.349346694465483
0.0032625,34.43987978251533,45.54415773232555,28.874052365146785,-10.15385994410822,-6.516245423070547
0.00326328125,34.16591337752727,45.585297797397516,29.210123597592606,-20.38326080960009,4.008086609795177
0.0032640625,34.69360358699996,45.62636921183483,29.230596229135827,-15.471510321456106,-0.9242626612428957
0.00326484375,34.19040794059605,45.66737191378466,29.310204987733126,-14.870378078092626,-1.4867888479589106
0.003265625,34.46395466066425,45.708305841497705,29.517752614058498,-18.561848137752275,2.3712949103130683
0.00326640625,34.42562748595926,45.74917093332821,29.527486922908615,-14.128530086900932,-2.0931539235186607
0.0032671875,34.28052288289732,45.78996712773406,29.702695602383933,-17.109748707951695,1.0224771826015708
0.00326796875,34.46815519091415,45.83069436327692,29.797364546165692,-16.01514620967571,-0.018183607435518213
0.00326875,34.30741214323359,45.87135257862236,29.886743319701438,-15.27542086936891,-0.7091883895520086
0.00326953125,34.368290079479294,45.911941712539786,30.03401433711185,-16.698485134063986,0.8205577586360487
0.0032703125,34.37214387370231,45.952461703902756,30.111993188282646,-15.189973995273778,-0.6504945203463296
0.00327109375,34.29843690824838,45.99291249168883,30.23926021201531,-15.963867337496431,0.21021505782291205
0.003271875,34.325122002721734,46.03329401497987,30.34877414276238,-15.756364870533032,0.0718449983155365
0.00327265625,36.338733707303994,1.182703468892312,30.097120970519445,-0.7516830444228163,29.666100546049947
0.0032734375,35.0843176954373,6.787640315282624e-05,28.511056322655257,57.993504703229114,-29.48251625697701
0.00327421875,33.63532257257789,3.895443433711421e-09,29.311116968053422,11.90888847006267,17.402228494095308
0.003275,36.17654363587904,1.824495827795308e-13,28.761149245497624,31.530266615801295,-2.7691173703038516
0.00327578125,33.94560536930833,-3.7599285709012835e-14,28.377376112756714,35.90778268949056,-7.5304065767338075
0.0032765625,35.15295433343919,-4.306496193641467e-14,28.650551212652832,17.326702855482278,11.323848357170597
0.00327734375,35.294434520920746,-4.39784764970788e-14,27.997801553586164,37.190151742968396,-9.192350189382188
0.003278125,31.557220402938896,46.344834947651,29.449539858424643,-29.9449254296559,13.049630340429543
0.00327890625,36.524865092490344,46.39360030541601,29.707928172608373,-27.866168964959016,11.18049683215138
0.0032796875,33.475544114563675,46.433286373340344,28.95730410809102,4.930491437118049,-22.406473702367375
0.00328046875,34.123496137247564,46.47290199651582,30.062241837412888,-37.196294912557924,20.78563475345499
0.00328125,35.257659979115914,46.512447632311094,29.49205208395668,-5.275732613523329,-11.744662934831087
0.00328203125,33.41458724945548,46.551923221200795,29.82980128502881,-18.03418490640267,1.312062970230683
0.0032828125,34.98162433469983,46.591328703735435,30.103327665034143,-22.27750901447277,5.7895079757714765
0.00328359375,34.18749940664175,46.63066402057103,29.876302984440805,-8.59529647652677,-8.159064559603456
0.003284375,34.16469082415158,46.66992911246932,30.316021040612263,-22.774392812490564,6.420484740633508
0.00328515625,34.68725545453369,46.7091239202978,30.241792271245235,-13.577354664754461,-2.889976984298103
0.0032859375,34.034610084283344,46.748248385029804,30.383483116022436,-15.793848370020084,-0.5709168989872818
0.00328671875,34.502975683576636,46.78730244774458,30.583445261608723,-18.68782646640198,2.4839692802661215
0.0032875,34.32150014244015,46.82628604962741,30.571999912394855,-13.435601056122577,-2.8186850811099813
0.00328828125,34.2363374118115,46.86519913196969,30.78715430301447,-17.937126275488477,1.8590814465332592
0.0032890625,34.447311210272076,46.90404163616904,30.853614286777297,-15.45185418705039,-0.5985731623413514
0.00328984375,34.22803937456154,46.94281350372934,30.9605231361099,-15.466116900569402,-0.5161734670500394
0.003290625,34.360601115964926,46.98151467626087,31.11133716040907,-16.8235994231761,0.9534219073242994
0.00329140625,34.336771691516766,47.02014509548034,31.18074601570453,-14.903844462443699,-0.9355546173321131
0.0032921875,34.13838229290695,50.621328277765116,31.351171165027534,-17.383084792542597,-1.8870723201949866
0.00329296875,34.836899549669305,50.685111775982826,31.589136571452443,-21.440060589087064,2.3440853845566827
0.00329375,36.9647465444184,0.0029088636106829684,29.866872740092216,50.82538024876669,-20.961416372285157
0.00329453125,32.624806616316754,1.669422678389956e-07,29.92184388622788,32.19184542810037,-2.2700017088147586
0.0032953125,35.94160362898262,9.580965119462389e-12,30.26350231095141,13.886413984074554,16.377088326867273
0.00329609375,34.62549458487822,5.498601031877971e-16,29.22648384412962,48.11922130782841,-18.89273746369879
0.003296875,34.18993669431389,3.155696000432368e-20,29.731246880775096,16.445385317051507,13.28586156372359
0.00329765625,35.61093791442442,1.8110819805640055e-24,29.190972287392075,33.5885016043653,-4.397529316973223
0.0032984375,34.144764391458146,1.0393960444460555e-28,28.97283071459504,31.837433517070053,-2.864602802475013
0.00329921875,35.10028853645726,5.96518627430475e-33,29.021646703424246,22.494885198244717,6.526761505179528
0.0033,34.8731556078066,3.4234734177883013e-37,28.53216938964495,34.730311990578535,-6.198142600933587
0.00330078125,34.57571903823738,1.9647618202281722e-41,28.546732086317764,24.839432624792888,3.7072994615248756
0.0033015625,35.12235286693466,1.1275942702427112e-45,28.27698313165334,28.819131499571508,-0.5421483679181694
0.00330234375,34.65852990196129,6.47136373067619e-50,28.04222575131171,29.606092250331585,-1.5638664990198734
0.003303125,34.918882754462395,3.713973158598707e-54,27.94743007013206,25.516733853657726,2.4306962164743346
0.00330390625,34.92086094267032,2.131482203265117e-58,27.65720521090432,29.56887873090332,-1.9116735199990018
0.0033046875,34.78488260380901,1.2232765797774605e-62,27.5238941400935,26.56064886344193,0.9632452766515706
0.00330546875,34.99150295524703,7.020493008760612e-67,27.321462226938863,27.176380677030778,0.14508154990808395
0.00330625,34.873226769412355,4.0291233316199854e-71,27.107312295607652,27.77690313595032,-0.6695908403426671
0.00330703125,35.1359142965988,2.3123496884260026e-75,26.954695293564765,26.064734935782873,0.8899603577818914
0.0033078125,31.895205517841248,50.07593175215413,28.211015278137126,-30.704716144840155,8.839799670823146
0.00330859375,36.32013883613018,47.852126878006665,28.5007192295535,-30.23914420087785,10.887736552424684
0.003309375,33.63786221943666,47.888984378034394,27.823939438994472,0.5118429698018748,-20.576887908841798
0.00331015625,34.14079495823561,47.92589950367578,28.848088423220673,-37.74875769562941,18.6709466151743
0.0033109375,35.22287252504016,47.96274246122483,28.368912872846003,-9.309782013838323,-10.284047574540502
0.00331171875,33.53764437829113,47.99951318775092,28.682164847572853,-20.141866142145233,0.8245178019671656
0.0033125,34.940007672386166,48.03621162787764,28.966167634572304,-24.52183515444844,5.451791161143103
0.00331328125,34.249932005331864,48.07283772633776,28.78012884921857,-11.854651552447784,-7.438057324671407
0.0033140625,34.20119002894701,48.109391427973044,29.200655369780442,-24.630655269343677,5.721919211151077
0.00331484375,34.68836413865349,48.145872677734275,29.16328664092471,-16.492268353817916,-2.4903176829916465
0.003315625,34.09518269335204,48.18228142068134,29.310516090086704,-18.235202010788864,-0.6365633198057745
0.00331640625,34.51037750990935,48.218617601983354,29.51959592929043,-20.996999615489045,2.297977942796121
0.0033171875,34.35587102392557,48.25488116691867,29.5330572288535,-16.16535375359191,-2.5564701844732616
0.00331796875,34.2694683510055,48.29107206087502,29.751294977221125,-20.17769978215297,1.6379226984990787
0.00331875,34.46320777896874,48.327190229349554,29.83821690132851,-17.98718639480039,-0.5017869332206532
0.00331953125,34.26471999125795,48.36323561794899,29.957976924368726,-17.897549298522392,-0.5077093950578696
0.0033203125,34.38064402144851,48.39920817238961,30.12018805653926,-19.148138908544542,0.8691187926941887
0.00332109375,34.36144530536142,48.4351078384974,30.207799878571965,-17.379965002573734,-0.8473429573517042
0.003321875,34.33789681437957,48.47093456220811,30.36102146929229,-18.53180473937665,0.4218916464608327
0.00332265625,35.535444330722186,4.221165578511929,30.270778970388015,-9.21194523803353,35.261558629909615
0.0033234375,35.68771942335201,0.00024225644403106899,28.52530344681497,58.74719149461679,-30.222130304245855
0.00332421875,33.15394389848404,1.3903270447151385e-08,29.204577976094573,16.0936618876396,13.110916074551703
0.003325,36.25141497869998,7.553400732098017e-13,28.901702909745016,25.838516686561405,3.0631862231828544
0.00332578125,34.05626183310388,-4.124088025097912e-14,28.28704809773054,40.371370134159925,-12.084322036429343
0.0033265625,34.882070867518756,-4.07153745341851e-14,28.69170703504569,15.407389891004279,13.28431714404145
0.00332734375,35.49878433809126,-4.258563931014185e-14,28.022958952725933,36.75729340605695,-8.734334453330977
0.003328125,31.272510277484958,48.745437656430646,29.482134209769782,-30.93495811733783,11.671654670676965
0.00332890625,36.571718948221566,48.79008325760581,29.856478198881135,-32.65833435209286,13.724729293368183
0.0033296875,33.463008712437386,48.82517815195701,29.0107835655415,4.9053060110136615,-24.71970059742917
0.00333046875,33.975132432751586,48.86019897256565,30.20608415803369,-40.69236577379903,22.038250959267074
0.00333125,35.31742556121642,48.89514621056642,29.629072896769674,-7.4216898954067405,-11.844383418390008
0.00333203125,33.30040107254049,48.93001981336063,29.96267460877717,-19.590467696492837,0.6231224919093791
0.0033328125,34.95067186508803,48.964819728429276,30.290593748060687,-25.376592709802214,6.702366729433624
0.00333359375,34.161982773660114,48.99954590336431,30.04277529263778,-10.08446309396244,-8.872307516764087
0.003334375,34.07689533556711,49.03419828586874,30.51800382292966,-25.232524461550963,6.716329998611883
0.00333515625,34.67106164188318,49.0687768237567,30.456680559772998,-15.79609380096751,-2.8160024630161917
0.0033359375,33.96528016729873,49.103281464953554,30.603250495857804,-17.63519633245048,-0.8648346366452704
0.00333671875,34.4500989117557,49.1377121574959,30.83229592487008,-21.09736273147159,2.7919464988457765
0.0033375,34.276807078201344,49.17206884953179,30.824506963238864,-15.319371289633791,-3.028190596659135
0.00333828125,34.16420748684155,49.2063514893206,31.05933745343117,-20.058580374298735,1.911566338409303
0.0033390625,34.39531649845765,49.24056002523336,31.141401142341326,-17.55608516174348,-0.5430737211485507
0.00333984375,34.15556117190988,49.27469440575259,31.258454305035404,-17.38369965082583,-0.6325404498913578
0.003340625,34.28000026652016,49.30875457947254,31.428527421889545,-18.92923911218128,1.0490119545982801
0.00334140625,34.235491295950155,49.34274049509924,31.50894185821087,-16.83617095385498,-0.9976276830333881
0.0033421875,33.98285268637686,49.37665210145046,31.666147283945477,-18.179529022338507,0.46902420483352253
0.00334296875,37.298687892543505,0.015647529864243587,30.342322215157846,39.05942947550962,-8.732754790216015
0.00334375,32.92802112515067,8.980256454863183e-07,29.905825807903113,41.91506099013493,-12.009236080257464
0.00334453125,35.43989944515765,5.1538489905294914e-11,30.53254205992768,9.797869453511417,20.73467260636472
0.0033453125,35.091792502832575,2.957839739955014e-15,29.45147793220292,47.561038753754026,-18.10956082155111
0.00334609375,33.936481707921864,1.6975305142493745e-19,29.827117232594155,20.304819049956066,9.522298182638089
0.003346875,35.624543603922916,9.742278487513902e-24,29.474519590965247,29.664748546765885,-0.19022895580063948
0.00334765625,34.27528465749861,5.591180207458304e-28,29.102247458932712,34.81970985376888,-5.717462394836164
0.0033484375,34.90668991467508,3.208828012085594e-32,29.221692182500774,21.817150073554746,7.404542108946027
0.00334921875,35.00420762981906,1.84157491425695e-36,28.740321005388118,34.21093488657305,-5.47061388118493
0.00335,34.502808951325946,1.0568962100951734e-40,28.69737530864848,26.460806009665,2.2365692989834787
0.00335078125,35.09174881116747,6.065621280273832e-45,28.492097526305812,27.66028623448698,0.8318112918188331
0.0033515625,34.700075363348176,3.481113960319494e-49,28.21118724112782,30.55279096337128,-2.34160372224346
0.00335234375,34.83700285212354,1.9978422398610752e-53,28.13051214354615,25.606503809639346,2.524008333906801
0.003353125,34.93952980768439,1.14657941706878e-57,27.849735048256544,29.38169798690039,-1.531962938643848
0.00335390625,34.7462165771071,6.580321175595931e-62,27.693119732938968,27.2659728548901,0.427146878048865
0.0033546875,34.943558399592,3.776504804585964e-66,27.511276157436647,26.941230380594607,0.5700457768420399
0.00335546875,34.839299856618794,2.1673696706406228e-70,27.28370300380605,28.14655169366449,-0.8628486898584428
0.00335625,34.85753964981488,1.2438727162503502e-74,27.131634679366726,26.29562761808006,0.8360070612866665
0.00335703125,34.90595782428373,7.138696066438463e-79,26.91663451270555,27.290656290934454,-0.37402177822890476
0.0033578125,34.2091818363025,2.170586206548504,26.796329588713796,24.247253603333565,0.378489778831728
0.00335859375,32.49115584135042,50.06879371857748,28.311645106294325,-40.749324521583354,18.992175909300197
0.003359375,36.29907024505467,50.103804863797386,28.207121891887233,-23.4140284118878,1.5173454399776465
0.00336015625,33.352526446394954,50.135993646542666,27.889786876263162,-8.1023091780178,-14.143897592261704
0.0033609375,34.556304555965106,50.16810676774015,28.76588089576283,-38.016234706626314,16.614008834648995
0.00336171875,34.904695469096794,50.20014433666643,28.285986067379824,-10.081863371776967,-11.832294897509641
0.0033625,33.67331634081457,50.232106305082574,28.738667329030804,-25.562599380092745,4.069160404040974
0.00336328125,34.96682916619577,50.26399262485442,28.892433177502102,-23.748908610741303,2.377349163388989
0.0033640625,34.11476204885886,50.29580324796174,28.823543762211912,-15.796284959414406,-5.675974526335424
0.00336484375,34.3320096156676,50.327538126498354,29.224119437093464,-26.580540820459817,5.4771221310549265
0.003365625,34.58511593767578,50.35919721267203,29.179816171016164,-17.860676786627916,-3.318704255027949
0.00336640625,34.11032665824198,50.390780458804834,29.39129225445975,-21.547744237960142,0.5482560336150563
0.0033671875,34.52367054133751,50.42228781733292,29.567055264892932,-22.19378272810099,1.3385501756610028
0.00336796875,34.29292095296632,50.453719240806805,29.623444695913435,-18.70826683704998,-2.122007707843391
0.00336875,34.30092331285456,50.48507468189132,29.8514224266176,-22.334392003681884,1.7007397484081637
0.00336953125,34.42424775325318,50.516354093365734,29.940580239055993,-19.710246998440972,-0.8655268558687678
0.0033703125,34.25411649737878,50.54755742812381,30.092936634970503,-20.354497543691377,-0.10012324946192899
0.00337109375,34.38489467449624,50.578684639173915,30.25433029456465,-20.9098573608412,0.5855030162319357
0.003371875,34.35619871632044,50.60973567963899,30.36327429421216,-19.488635957077538,-0.7578254283492902
0.00337265625,35.513528069435694,4.407011401744737,30.3135110147995,-11.460283034609938,37.3667826476647
0.0033734375,35.789525020248355,0.00025292230099452096,28.493587489656356,59.97732971383908,-31.48399514648372
0.00337421875,33.05565614050527,1.4515398049799764e-08,29.196792436045346,15.953071557887004,13.243720863642944
0.003375,36.32397521841233,7.949969812753167e-13,28.911932495295083,25.207031884804643,3.7049006104896467
0.00337578125,34.04438483346495,-4.254654402094189e-14,28.260166751208644,41.231021724678044,-12.970854973469358
0.0033765625,34.86802456811994,-4.3674386890929034e-14,28.700406018028346,14.716945448476459,13.98346056955193
0.00337734375,35.5509931587467,-4.263592685310197e-14,28.011586447708712,37.05149486218951,-9.039908414480752
0.003378125,31.11615616990675,50.84550853255551,29.535712940356028,-33.3131187913578,12.003323199158316
0.00337890625,36.65101183945816,50.88575912216343,29.94232534123146,-35.42759831911905,14.484164538187082
0.0033796875,33.41570443925428,50.91604647124757,29.062576263916903,4.035627601656211,-25.889097808986875
0.00338046875,33.9356380291922,50.94625657428468,30.319733028231845,-43.63374166318286,23.007218117130023
0.00338125,35.34866858787051,50.976389953147574,29.726824115136093,-8.933856128908726,-12.315709709102755
0.00338203125,33.237681602896394,51.0064465624884,30.080182719653546,-21.51172981501876,0.5854659721839071
0.0033828125,34.959812745159496,51.03642635704253,30.432756930901267,-27.64734858102581,7.043679154884547
0.00338359375,34.14116388644995,51.06632929166089,30.180419907209245,-11.60384212833369,-9.282067256117957
0.003384375,34.04769045730841,51.09615532131022,30.6842281287892,-27.415521990597007,7.003594798075987
0.00338515625,34.67201605569762,51.12590440107306,30.628499010812344,-17.577585129126557,-2.9198202611341557
0.0033859375,33.93495287306648,51.155576486147815,30.787981414548693,-19.442450802615426,-0.9251442689836987
0.00338671875,34.441454109806195,51.18517153184888,31.03522733498238,-23.077559017419077,2.9276148205525776
0.0033875,34.264062950556955,51.21468949360663,31.034083002212327,-17.01553179665284,-3.165074694741458
0.00338828125,34.14754834679089,51.244130326967564,31.286361880140753,-21.9483822302506,1.9906137834237887
0.0033890625,34.39413317547943,51.27349398759432,31.379489022574933,-19.33488896729622,-0.5591159977231698
0.00338984375,34.15174075528693,51.30278043126576,31.508418188564015,-19.12759111966318,-0.6667711230385663
0.003390625,34.300260076091035,51.33198961387701,31.693188581500348,-20.73917926493449,1.1003782325578222
0.00339140625,34.370758299295304,51.36112149143959,31.784214679109486,-18.54613723028914,-1.0307695820409646
0.0033921875,37.00399267315458,5.249045598660453,30.866371025739674,23.492429117856087,2.1248963092231365
0.00339296875,33.274196378240454,5.2877032162982,30.107324306431696,42.973885548952154,-18.15426445881866
0.00339375,35.17799644540468,0.011875920868289173,30.7928030917701,7.914215361760987,22.866711809140824
0.00339453125,35.278217724268835,6.815696532307191e-07,29.685119855624013,47.56004599642568,-17.874926822371318
0.0033953125,33.78995683681382,3.9115888136762496e-11,30.00503174816379,22.147582174631296,7.857449573493381
0.00339609375,35.61628977423571,2.2448955840024426e-15,29.737234799382463,27.996765468839886,1.7404693305425731
0.003396875,34.31458785029713,1.2883655269320893e-19,29.29257856578162,36.36038003703519,-7.067801471253571
0.00339765625,34.803907416488244,7.394044261192658e-24,29.446230608426323,21.588320319085025,7.857910289341297
0.0033984375,35.053391850480494,4.243507715288152e-28,28.966211776950715,34.14042305944158,-5.174211282490868
0.00339921875,34.456857053492044,2.4353867915317967e-32,28.897451584137634,27.321529105569994,1.5759224785676402
0.0034,35.07122869918638,1.3976901239037315e-36,28.72126433873474,27.252767228014058,1.4684971107206852
0.00340078125,34.712111030193405,8.021467839321337e-41,28.41808681117098,31.133070130691024,-2.7149833195200443
0.0034015625,34.79566465243056,4.603591682937178e-45,28.344183671738868,25.759991147292194,2.5841925244466752
0.00340234375,34.94805289923875,2.6420421807739132e-49,28.066644950245546,29.434427129276457,-1.367782179030911
0.003403125,34.73114095475119,1.51629148841779e-53,27.89905421530186,27.714814260899296,0.18423995440256358
0.00340390625,34.931944927505604,8.702131610838886e-58,27.72621253560731,26.956219395588064,0.7699931400192469
0.0034046875,34.846499771511695,4.994230670738686e-62,27.49169850433414,28.44760202714029,-0.9559035228061546
0.00340546875,34.851237171018646,2.866233367636063e-66,27.339804425433382,26.51299384797044,0.826810577462942
0.00340625,34.914646671740364,1.6449568030335415e-70,27.12621587655173,27.42675084557556,-0.3005349690238319
0.00340703125,34.46878606819359,6.526128300176186,27.09265417100425,20.850855789531337,-0.2843299187032741
0.0034078125,35.08928962245377,6.599350914084398,27.041921254302764,17.538221333697113,2.904349006521254
0.00340859375,33.65662638353812,38.61216308863782,26.844331529289146,19.366795196923523,-31.134626756272198
0.003409375,32.77491875373623,52.008951724712595,28.5180492151278,-49.82229591514615,26.331393405561354
0.00341015625,36.25559412960697,52.03698267264974,28.080959631761033,-17.975471234152998,-5.98055180673571
0.0034109375,33.014247361857656,52.06416801344145,28.036971258658888,-14.548992905071334,-9.47820384971123
0.00341171875,34.838926355189635,52.09127490250444,28.82096867480916,-38.83145450777328,15.561148280078
0.0034125,34.615940125450734,52.1183033430463,28.318211385632452,-10.287861242132102,-13.512230715281744
0.00341328125,33.70977357795393,52.1452532943652,28.89492967636298,-30.0814102009697,6.831086582967484
0.0034140625,34.96559215032212,52.172124715875015,28.944525309146204,-23.213756532421975,-0.013842874306835996
0.00341484375,33.95369501066379,52.198917567107856,28.962652316317104,-18.772493460484654,-4.463771790306099
0.003415625,34.39411070347814,52.22563180771421,29.356874125658802,-28.34776846868494,5.479010786629533
0.00341640625,34.46803968016878,52.252267397462894,29.30046271719388,-18.844017480937264,-4.1077871993317485
0.0034171875,34.070777258645414,52.27882429624118,29.56649276734965,-24.234577357634564,1.5222458287430312
0.00341796875,34.49627840026646,52.30530246405486,29.716879594746878,-23.2019677265734,0.613544857265417
0.00341875,34.19308712070235,52.3317018610283,29.804957656485318,-20.67648929761325,-1.8502549069297325
0.00341953125,34.27301962422885,52.35802244740449,30.044124043845407,-24.126058654365156,1.8121602508060766
0.0034203125,34.33625346605709,52.384264183545085,30.133345011089204,-21.059061735851717,-1.1918574366041617
0.00342109375,34.166555057053095,52.41042702993052,30.31250690955582,-22.31986386496115,0.22194374458645427
0.003421875,34.26031428005577,52.43651094716001,30.474030601518155,-22.334466858684152,0.37198651304229885
0.00342265625,36.521391959383514,1.3468975457876535,30.19885743323394,-4.55522100615495,33.407180893601236
0.0034234375,35.082076604106085,7.729964715618404e-05,28.43417645733012,61.75087757867794,-33.31677842099497
0.00342421875,33.45324569350021,4.436252833921708e-09,29.365677748460655,9.653086587471002,19.7125911565534
0.003425,36.31042088685031,2.1193242756627524e-13,28.766780856660674,31.977804700555442,-3.2110238438949823
0.00342578125,33.77509443467369,-3.813545768150538e-14,28.361623407637868,36.82332675963723,-8.461703351999324
0.0034265625,35.11017617201686,-4.3041543270380155e-14,28.694196604861347,15.932656240808823,12.761540364052564
0.00342734375,34.94532249762462,-4.264378308411621e-14,27.98148695789591,38.41314236004729,-10.431655402151337
0.003428125,31.086008448241415,52.60763770872164,29.346739226091447,-26.38751339052003,3.1266149078898384
0.00342890625,36.4506428786632,52.66770595659166,30.109547618825488,-43.72251478904322,21.164356451277044
0.0034296875,33.811289069891345,52.69300043265874,29.05558512331978,4.9142789071583195,-28.551694216497282
0.00343046875,33.61880517544257,52.71821356287383,30.336456081404062,-44.44398158653351,22.062224105063745
0.00343125,35.50984670016112,52.74334730029774,29.858781670712425,-13.449654864468101,-9.434910765117218
0.00343203125,33.23743469323706,52.7684016071938,30.086176904577325,-20.265136261611055,-2.4170884410054216
0.0034328125,34.84187436112706,52.793376445830674,30.555684876793574,-31.188604100843612,8.950912531806512
0.00343359375,34.26261111562393,52.81827177859671,30.270599856818983,-12.795385755721327,-9.752286166056399
0.003434375,33.93558079363207,52.843087568,30.77329281228775,-28.435843830371184,6.3660490746589335
0.00343515625,34.690166631171365,52.86782377666838,30.772410294822205,-20.26742889216354,-1.827984589682637
0.0034359375,33.931061418415844,52.89248036734959,30.8963170581319,-20.10699616159393,-1.8891671476237624
0.00343671875,34.37290698972224,52.91705730291126,31.185052160188732,-25.160094372953736,3.428089230231207
0.0034375,34.280400416169115,52.941554546340946,31.186633871934312,-18.57336780496147,-3.181552869445162
0.00343828125,34.086602301760145,52.96597206074625,31.440598308132607,-23.20881379409788,1.6834400414842303
0.0034390625,34.357887472411456,52.99030980935484,31.561266309832284,-21.25600932343449,-0.17303417608806557
0.00343984375,34.10295609136692,53.01456775551453,31.685816159782487,-20.365358902662052,-0.9633926930699865
0.003440625,34.14848537526151,53.03874586269324,31.889209091347784,-22.35661144945858,1.207074678113125
0.00344140625,36.90992663415707,9.650773971426371,31.222134441435536,10.99495897824468,10.576401491764484
0.0034421875,33.69489776668549,9.62189000345841,30.227242619371133,43.035752466861965,-22.43039985094924
0.00344296875,34.432639745319236,9.690285620556953,31.098471800227976,0.08477024829933627,21.323415931371688
0.00344375,35.497658248518555,9.75867222805397,30.25472502644743,32.73137673364598,-12.235323935252518
0.00344453125,34.29329285330482,0.0019000215651090086,30.07532947881151,30.131847023128895,-0.05841756588249199
0.0034453125,35.055613478432626,1.0904392624576243e-07,29.98291389496455,26.51827264246673,3.464641143453891
0.00344609375,34.728819963246785,6.258127838885388e-12,29.600762083393356,33.75871436514183,-4.157952281754733
0.003446875,34.66772429346894,3.5915951851884343e-16,29.56219106849165,26.4417309875031,3.120460080988549
0.00344765625,34.975295119450834,2.061248396703612e-20,29.280577037934968,30.388038370967525,-1.1074613330325562
0.0034484375,34.65334020061756,1.1829687739962535e-24,29.08455741177578,29.560993153243228,-0.47643574146744644
0.00344921875,34.88347236131226,6.789162929068475e-29,28.93843893721533,27.501203810344624,1.437235126870708
0.00345,34.82615243533726,3.896360942962948e-33,28.67677768003998,30.037204533779814,-1.3604268537398363
0.00345078125,34.7753599393123,2.2361561736639815e-37,28.529376419058405,27.616281529355884,0.9130948897025193
0.0034515625,34.900270438097124,1.2833499016682573e-41,28.314762917761964,28.456530215244186,-0.14176729748222314
0.00345234375,34.80121765612578,7.365259142045113e-46,28.112981817529523,28.39067600202118,-0.27769418449165784
0.003453125,34.86963521965396,4.226987679584662e-50,27.940073002554033,27.374206679059757,0.565866323494278
0.00345390625,34.871306969793174,2.425905796221485e-54,27.724861294731323,28.127971196711464,-0.4031099019801403
0.0034546875,34.847658653810115,1.3922488964337965e-58,27.546160128020418,27.278198956023743,0.26796117199667296
0.00345546875,34.88839519015817,7.99024015128802e-63,27.35098231861528,27.30435208544301,0.04663023317227016
0.00345625,34.33122420228683,10.768845286412464,27.28741275164848,21.85147988023512,-5.3329124149991065
0.00345703125,34.89406182318824,10.918907359925143,27.465881697101967,9.691713338103296,6.8552609990735265
0.0034578125,34.99564581280494,10.98701840012985,27.087145366973438,21.150692709627304,-5.050565742783718
0.00345859375,34.54107860131091,11.055108191784441,27.11198855374831,14.057302989705319,1.9995773722585533
0.003459375,33.96729876370147,41.063143393315904,27.080550424857684,11.251354987248027,-25.23394795570625
0.00346015625,32.84130643385305,53.61642727131856,28.46981444867892,-45.34056871825387,20.193955895614234
0.0034609375,35.983902045592885,53.63923630897594,28.244956082310324,-22.86148665710482,-2.532793569560793
0.00346171875,33.28408577872968,53.66124543645945,28.145836868322775,-15.646112581547278,-9.8692959865894
0.0034625,34.644743970077364,53.68317370980557,28.89307924989555,-38.63057611350192,13.840481653591894
0.00346328125,34.65333936401721,53.70502113725989,28.50134619309307,-14.088462154518718,-11.115212789648101
0.0034640625,33.75223247479697,53.726787685922936,28.992310031916738,-29.663808735617852,4.929331081611656
0.00346484375,34.851615985392094,53.74847332301468,29.107477019423943,-25.467597091367967,0.826600787777231
0.003465625,34.03012480497775,53.77007801587696,29.127554419096935,-20.339336947979696,-4.30318664880033
0.00346640625,34.33046982307294,53.79160173197348,29.50626814669816,-29.02139044353811,4.736056858262791
0.0034671875,34.45564892562336,53.81304443888992,29.496627372543433,-21.030342679165724,-3.2860743871807623
0.00346796875,34.08149015176341,53.83440610433396,29.74247243129542,-25.057140114296434,0.9652064412578945
0.00346875,34.44243464088568,53.85568669613531,29.916327893323665,-24.719291335355862,0.779932532544218
0.00346953125,34.20125112973023,53.87688618224577,30.015859760117213,-22.154181185152,-1.706845236976556
0.0034703125,34.238432282492504,53.898004530739314,30.253335830163607,-25.166065017495182,1.5213963169194753
0.00347109375,34.30063634607816,53.91904170981209,30.364724117240918,-22.628518879333228,-0.9257987132379466
0.003471875,34.0787845128688,53.93999768778248,30.544238039959044,-23.459195998765267,0.06343635094183213
0.00347265625,37.61225992694724,0.1205732219653633,29.765921248944462,14.880314775137203,14.765033251841897
0.0034734375,33.67532371517452,6.919804325659083e-06,28.446721531084595,57.362257643517424,-28.915543032237153
0.00347421875,34.468289953772434,3.9709005940315505e-10,29.528636473672837,2.741119653862583,26.787516819413163
0.003475,35.9625291464591,-2.480868057443126e-14,28.45974246998854,43.33172095980913,-14.871978489820567
0.00347578125,33.58748744391476,-3.800397040914185e-14,28.54631294768554,26.94975755492584,1.5965553927597391
0.0034765625,35.599703421065236,-4.868329149389929e-14,28.564784720892014,20.922011880937504,7.642772839954562
0.00347734375,34.55045023414954,-4.40592568871576e-14,27.930754247813894,38.38707420186142,-10.456319954047482
0.003478125,31.858220509614632,53.694915450637886,28.81731323275197,-7.155986134466599,-17.721616083419317
0.00347890625,35.25028365532794,54.124918754050796,30.178704123702396,-53.49875167584534,29.55253704549694
0.0034796875,34.83673766455486,54.14508452304738,29.09840005584313,0.4645794126045658,-25.511263879808816
0.00348046875,33.109244676961175,54.16514523426284,30.058488643315993,-36.99782660798933,12.891170017042487
0.00348125,35.49250539279096,54.18512437239883,30.02691882163181,-24.242520091303348,0.0843145405363245
0.00348203125,33.58489101660269,54.20502190871669,29.92961095999712,-15.815321319991961,-8.460089628727609
0.0034828125,34.41793432357193,54.22483781325114,30.547713387035728,-34.09250251364989,10.415378087434476
0.00348359375,34.57018979446318,54.244572056159825,30.312180184358148,-16.209249537541126,-7.72314233426055
0.003484375,33.822547067998464,54.26422460772329,30.68543771858359,-26.466799715281503,2.8880128261417997
0.00348515625,34.63681661348715,54.28379543834518,30.842125045515523,-24.661388039573808,1.21971764674415
0.0034859375,34.074608875481744,54.30328451855214,30.87901280152717,-19.944752459520807,-3.479519257504162
0.00348671875,34.23609587391603,54.322691818994,31.202870496867256,-26.58433618266406,3.4645148605373155
0.0034875,34.37474871136641,54.34201731044372,31.24309267715768,-20.886212027225078,-2.2127126060609648
0.00348828125,34.082361905154386,54.36126096379745,31.453017340501635,-23.354963623025608,0.44671999972979326
0.0034890625,34.35143265266608,54.38042275007458,31.630625691246994,-23.50322894089231,0.7534318820647243
0.00348984375,34.23380141224089,54.39950264041782,31.73863068863495,-21.334400768478062,-1.3264711833048128
0.003490625,36.241542506593966,14.138939878498466,31.457783290748896,-3.2807874619731514,20.599630874223582
0.00349140625,34.281058248300226,13.898601326824473,30.23888936297143,41.81120774139737,-25.47091970525041
0.0034921875,33.85883909798159,13.965865321863486,31.1011594622816,-1.4418186934955302,18.577112833913645
0.00349296875,35.68809272641135,14.033125939346515,30.494245898815958,23.336779444618656,-6.875659485149214
0.00349375,33.68660200937939,14.100365424208704,30.395629955083688,19.5135641621315,-3.218299631256517
0.00349453125,35.40129790466139,4.1772796474236,30.572735699881154,9.224199324743969,17.171256727713587
0.0034953125,35.27321268447287,0.0002397377914789351,29.544539284194244,45.486415505451646,-15.94211595904888
0.00349609375,33.904032483714595,1.3758764917413527e-08,29.803895769340098,22.947971904806366,6.8559238507749685
0.003496875,35.54823388682327,7.896277465677858e-13,29.55258831734393,27.794512672133717,1.7580756452094222
0.00349765625,34.38921692238039,4.531743814886922e-17,29.127249641903628,35.5755270283293,-6.44827738642567
0.0034984375,34.81157816458058,2.6008080507595102e-21,29.247511013063033,22.17476167917155,7.072749333891483
0.00349921875,35.049967805725416,1.4926268547385367e-25,28.79829612924,33.386241113325255,-4.5879449840852535
0.0035,34.50723402306551,8.566318174984256e-30,28.71386088468758,27.3684175360799,1.3454433486076824
0.00350078125,35.058836854528394,4.916286132874105e-34,28.539147641928416,27.15698993879696,1.382157703131454
0.0035015625,34.74126084483203,2.821500304631709e-38,28.245801763820886,30.705156641580032,-2.4593548777591447
0.00350234375,34.81022508608328,1.6192841006149562e-42,28.160385039685213,25.84050715253564,2.3198778871495747
0.003503125,34.95077468692479,9.29321536559837e-47,27.892748228039455,29.093543812449333,-1.200795584409878
0.00350390625,34.75247251856492,5.333458890789775e-51,27.721993198978264,27.577890635114443,0.144102563863823
0.0035046875,34.92369719847117,3.060919457978464e-55,27.548677195364448,26.836529333709496,0.7121478616549528
0.00350546875,34.49812009672174,13.792976340937695,27.383670782522593,25.453457991211362,-11.862763549626465
0.00350625,34.43128687670903,15.17316510174593,27.810154960062697,2.5806242525416607,10.056365605775106
0.00350703125,35.298888210591336,15.240105219909719,27.434290830036144,16.43093464593873,-4.236749035812305
0.0035078125,34.273343531132234,15.306947019555142,27.378458243799926,13.156904050378694,-1.085392826133909
0.00350859375,35.01401440175552,15.37376576288959,27.435393291745054,7.947296240039449,4.114331288816014
0.003509375,34.77762952772334,15.440561353610398,27.149480953372205,16.111188013158223,-4.402268413396416
0.00351015625,33.600144372354535,43.252986685670535,27.30555606281379,5.253861565763547,-21.201292188620293
0.0035109375,33.244122619118734,54.882934434324966,28.618522906022015,-46.2364130757237,19.972001547420753
0.00351171875,35.70763471541566,54.90037650987617,28.31889158245765,-21.251944536702368,-5.329540390716152
0.0035125,33.32473789207224,54.91706945917496,28.38359535729618,-20.299335332151543,-6.23413876972724
0.00351328125,34.72121567277904,54.93367966611163,28.99716771194744,-37.01584149482698,11.079329540662792
0.0035140625,34.4808910946814,54.95020714391728,28.69093336054142,-16.268035849358114,-9.99123793401775
0.00351484375,33.866883042103275,54.966651867704044,29.183331176598415,-31.068999203550227,5.285678512444596
0.003515625,34.76520418316982,54.98301381270646,29.26463610013996,-25.3766174057658,-0.34176030680069974
0.00351640625,34.01021457305589,54.99929295428373,29.348497810985318,-22.57682276616377,-3.0739723771346448
0.0035171875,34.354492489013964,55.015489267919776,29.691211135517822,-29.26653345555896,3.942255323157005
0.00351796875,34.380375164510696,55.03160272922322,29.70764948673053,-22.240506716164475,-3.083446526328218
0.00351875,34.099817730790974,55.04763331392749,29.965507466104086,-26.297677827811846,1.2155519799884398
0.00351953125,34.40340139239661,55.06358099789082,30.12901121754418,-25.267809783990494,0.333240003643855
0.0035203125,34.16687349414847,55.07944575709628,30.25489819812209,-23.511793454850704,-1.3127541041234878
0.00352109375,34.215209534093155,55.09522756765185,30.486858739306662,-25.917074870942955,1.3087060425977683
0.003521875,34.04005153349799,55.110926405790394,30.6083960849621,-23.566318681115106,-0.93621163971319
0.00352265625,37.5468144814968,0.010721133668456633,29.17477594987601,39.26600976549264,-10.101954949285089
0.0035234375,32.8168332303427,6.152953473590172e-07,28.75162820645369,41.2116855199284,-12.460057928770059
0.00352421875,35.571321615866104,3.527132314882432e-11,29.4357643582754,7.264110644870222,22.171653713369906
0.003525,35.138299835162336,-4.120512611952837e-14,28.29170745075944,47.91538968645352,-19.62368223569404
0.00352578125,33.9224942571638,-3.879377140190304e-14,28.72688659570782,18.236252292499966,10.490634303207896
0.0035265625,35.72202804159376,-3.9059745045179605e-14,28.357742729632303,28.79758723712845,-0.4398445074961093
0.00352734375,34.222875952061656,-3.9517912600811374e-14,27.985779581771194,34.020544744925004,-6.034765163153773
0.003528125,33.63639650186877,50.426417697384736,28.37065242395081,10.220575328926088,-32.276340602360015
0.00352890625,33.47583304802537,55.248202446284594,29.994941153564497,-53.40849264092503,28.155231348204936
0.0035296875,35.858713984106544,55.26334614902744,29.35816630492043,-13.799295399614273,-12.105884444492736
0.00353046875,32.96447259719037,55.278130773543324,29.627430397258006,-22.668366608878742,-2.982333767406577
0.00353125,35.01265977766632,55.29283213436182,30.197917429814236,-36.45150701435657,11.356592309808992
0.00353203125,34.267903629908446,55.307450225173454,29.81127744601502,-13.087683450565653,-12.408489328592784
0.0035328125,33.859688354284785,55.32198502396459,30.427759811358726,-33.033950311683206,8.139725099077344
0.00353359375,34.819423424724334,55.33643650884606,30.40076969134951,-22.579253386261268,-2.356413431235287
0.003534375,33.85510291889099,55.3508046580542,30.535632779953108,-22.443535954360676,-2.371635923740416
0.00353515625,34.4233990335431,55.36508944995082,30.87827249771268,-28.847564439039434,4.360747486801292
0.0035359375,34.307148685212894,55.379290863023314,30.85616272190657,-20.475699108422095,-4.047429032694647
0.00353671875,34.06864453245674,55.39340887588457,31.155802811353826,-26.399837757248346,2.1622316927176053
0.0035375,34.42393411430324,55.40744346727314,31.28482163121052,-23.89813488877153,-0.2244869472910921
0.00353828125,34.12224663487847,55.42139461605319,31.419832654276476,-22.791910455972573,-1.2096515058041435
0.0035390625,34.29911789928346,55.43526230121453,31.654872210082715,-25.333248163329365,1.5528580721975502
0.00353984375,36.14276058703154,18.310160259578623,31.302902535363735,-3.7343749252498792,16.727117201034993
0.003540625,34.15951637785354,18.092265362277345,30.266618215413693,34.61541843231506,-22.441065579178712
0.00354140625,33.992492859835956,18.15800922345938,31.06963779641523,-4.348002276757676,17.259630849713524
0.0035421875,35.51264898694142,18.223742018851855,30.50200548779106,19.46205438960234,-7.183790920663134
0.00354296875,33.73713506336357,18.289447370552473,30.473853668551396,14.192167142761157,-2.0077608447622355
0.00354375,34.994655380284485,18.355125178675923,30.648891745235595,5.142584223136315,7.151182343423358
0.00354453125,34.551175995974255,18.420775344312588,30.226106156399286,19.41932667540765,-7.613995863320952
0.0035453125,35.121145371994054,0.4740672723936922,30.281332298470918,12.788148703876358,17.01911632220087
0.00354609375,35.2247106033824,2.7207142084969816e-05,29.400643737016185,42.64895662988212,-13.24834010000802
0.003546875,34.05473451380156,1.5614420643174208e-09,29.579078405660997,24.012251531450445,5.566826872649111
0.00354765625,35.43768657226101,8.961254778636751e-14,29.34506291991749,27.697527982331277,1.6475349375861228
0.0035484375,34.477973102772964,5.142943759667745e-18,28.951927613754044,34.43744956933335,-5.4855219555793076
0.00354921875,34.81835826149564,2.9515811310443667e-22,29.02300755830167,23.08333342137692,5.93967413692475
0.00355,35.03244594685766,1.6939386429728262e-26,28.616914583027583,32.403478822074376,-3.786564239046792
0.00355078125,34.57374732637294,9.721664419034018e-31,28.512290955607938,27.44404150081172,1.0682494547962154
0.0035515625,35.03780391608731,5.579349610352336e-35,28.33758965551868,27.120894162568813,1.2166954929498672
0.00355234375,34.77920434419101,3.202038327263293e-39,28.059544158339474,30.134096179539554,-2.0745520212000796
0.003553125,34.836105531524446,1.837678253794823e-43,27.957449881081764,26.011971346667043,1.9454785344147212
0.00355390625,34.966549073616186,1.0546598820247992e-47,27.703409748602823,28.68035427862919,-0.9769445300263642
0.0035546875,34.87767437530652,6.05278679472665e-52,27.529067411179874,27.416332318923736,0.11273509225613765
0.00355546875,33.759304078222904,19.33316939973401,27.923278180628294,4.3884723220410224,4.201636458853261
0.00355625,35.38831470804694,19.402143385337745,27.911472457981674,4.775557020617634,3.7337720520262963
0.00355703125,34.403337318322414,19.46733806913835,27.565975535030734,15.424321846779874,-7.325684380887489
0.0035578125,34.61424879494602,19.53250322025911,27.829394453299326,1.4955757064229958,6.801315526617221
0.00355859375,34.99582690602682,19.59763895577063,27.547241894296874,11.74108295719083,-3.7914800186645885
0.003559375,34.40147058289368,19.66274517759205,27.5603726772279,7.4774660196415486,0.42016147999430165
0.00356015625,34.933491416176764,19.727821787674586,27.555654561194082,5.898671284250527,1.929161489268969
0.0035609375,33.73453168447426,45.167766873177925,27.462387697397062,7.0079314608942695,-24.713310636675132
0.00356171875,33.08289985430555,55.8004189862839,28.854000907974623,-48.04846952658542,21.102051448276143
0.0035625,35.82111921026677,55.812383178568965,28.551694407334598,-22.23145445175379,-5.029234319480576
0.00356328125,33.24250147107682,55.8236537925176,28.583228826502765,-19.906223620711657,-7.334201345303175
0.0035640625,34.70740835840342,55.83484030207126,29.255769995004012,-38.840203166115096,12.261132859047851
0.00356484375,34.5067781602311,55.84594272536246,28.912526458009385,-16.166198648954147,-10.76721761839893
0.003565625,33.79963882009535,55.856961045673174,29.428748546964233,-31.926853551522687,5.498641052813745
0.00356640625,34.78931536921666,55.86789524641001,29.51892926147181,-26.23565392111474,-0.11331206382345549
0.0035671875,33.97983348968098,55.87874531110626,29.59119952614187,-22.790276218701766,-3.4972695662626183
0.00356796875,34.33376053864528,55.88951122342192,29.957222481914798,-30.256401093404204,4.324112351897082
0.00356875,34.38177235340255,55.90019296714371,29.966165818743836,-22.64243894740451,-3.291588200995363
0.00356953125,34.065282398118896,55.91079052618514,30.232479592624543,-26.90852088317861,1.2302099496180132
0.0035703125,34.393341883602226,55.92130388458645,30.40394120360271,-25.963640480828936,0.4462777998451941
0.00357109375,34.12356506507659,55.931733026514735,30.527928480012363,-23.93690482727612,-1.4668997192262516
0.003571875,35.65982206724044,16.503800285994004,30.653046967395277,-21.567108506204534,35.71635518760581
0.00357265625,36.718184434252656,0.0009471677659497008,28.689782841567308,59.14676332781645,-30.457927654015094
0.0035734375,32.60851169831289,5.435875648189578e-08,29.16991734443086,22.61534291070283,6.554574379369275
0.00357421875,36.39597633851304,3.0805985758952154e-12,29.22674816617838,17.807067954128406,11.419680212046892
0.003575,34.2937485073073,-4.0983394431623793e-14,28.289089185056213,46.62505154235072,-18.335962357294463
0.00357578125,34.522982640685974,-4.4106009400357834e-14,28.866986617691843,13.10644385064402,15.760542767047864
0.0035765625,35.61368974127735,-3.614566614904315e-14,28.187052828400173,36.03457683452634,-7.847524006126132
0.00357734375,34.15532435622239,-4.764466007843453e-14,28.112236065484108,28.243230397835585,-0.13099433235142968
0.003578125,35.55070898206675,-4.2179060923191783e-14,28.08716764339453,22.75006433541502,5.337103307979554
0.00357890625,31.3645143914161,56.020490966954135,29.26522833864111,-30.78779904319076,4.032536414877732
0.0035796875,36.17075802876648,56.04089027383421,29.928319826257212,-43.78579890958367,17.673228462006673
0.00358046875,33.7692187028204,56.050308254726964,29.066911963370735,-2.18507967371508,-24.79831661764115
0.00358125,33.70955610163508,56.059641199483956,30.235283393242792,-45.40894185282511,19.584584046583945
0.00358203125,35.30984931259308,56.06888971939854,29.839254469446416,-17.47741755586859,-8.752217694083532
0.0035828125,33.33107488230885,56.07805380057849,30.100177583593585,-24.27751023197561,-1.7003659850092916
0.00358359375,34.764136410868126,56.08713342922285,30.538786029201077,-33.1531237196415,7.604776319619724
0.003584375,34.21891613513218,56.09612859165789,30.333695089687218,-17.222529313352382,-8.539904188618287
0.00358515625,33.96562275984328,56.10503927433705,30.818460983622288,-30.985552657771212,5.698974367056448
0.0035859375,34.61336222430015,56.113865463840995,30.850718183581147,-23.48277608326463,-1.78037119699522
0.00358671875,33.95001243030389,56.12260714687765,31.006060255951027,-23.58409050094292,-1.5324563899837014
0.0035875,34.35631056505303,56.131264310282205,31.295232036639398,-27.778496352575317,2.9424640789325096
0.00358828125,34.296795234891036,56.13983694101711,31.336679440516747,-21.99534112922544,-2.8078163712749196
0.0035890625,35.81371257961113,22.37199086674513,31.185462828992897,-9.076117903909543,17.88958986615731
0.00358984375,34.35037377247009,22.17784138596475,30.20176218425759,29.098589300995997,-21.074668502703158
0.003590625,33.875019922805954,22.241672341953624,30.93555927320788,-6.10845855596758,14.802345487221837
0.00359140625,35.445300775713996,22.305484610029268,30.50123719724222,13.199280260422567,-5.003527673209614
0.0035921875,33.80506040027785,22.36926328729803,30.430767713805004,11.242410424906026,-3.180905998399051
0.00359296875,34.86654444234913,22.433008276860583,30.653365067779387,1.0141029067994367,7.206253884119367
0.00359375,34.60244515213689,22.49671948271809,30.27785860278096,14.72957611042991,-6.948436990367037
0.00359453125,34.27266405357371,22.56039680892261,30.463966135917246,3.794444288041227,4.109125038953406
0.0035953125,34.92022936424481,22.624040159577266,30.331545278650676,8.369265682064329,-0.6617605629909191
0.00359609375,35.721203010192404,0.014928205094184738,29.70496724651082,30.634924938321525,-0.9448858969048914
0.003596875,34.13845907637391,8.567429576403271e-07,29.32848779213942,35.5460993272584,-6.217612391861941
0.00359765625,34.93418815382358,4.9169239760259417e-11,29.489372665301044,20.985736044001733,8.503636621250141
0.0035984375,34.9951228495674,2.821866368485312e-15,28.95802518239549,35.4833353108348,-6.5253101284393145
0.00359921875,34.442915038351316,1.6194941879138926e-19,28.950083939192623,26.097304912786747,2.8527790264058783
0.0036,35.12397449795871,9.294421075278252e-24,28.73184840625869,27.995622940676057,0.7362254655826299
0.00360078125,34.65304790404918,5.334150858290677e-28,28.44345943552353,31.059003475876324,-2.615544040352793
0.0036015625,34.832260566795604,3.061316584277021e-32,28.378985521780525,25.450596437767704,2.928389084012822
0.00360234375,34.9329556639323,1.7569167948453303e-36,28.08115830560144,29.9429298510632,-1.8617715454617612
0.003603125,34.71125873255587,1.0083101629747242e-40,27.933795352661026,27.352444260145962,0.5813510925150631
0.00360390625,34.91984638781175,5.786781637815801e-45,27.749414042230157,27.162753824378793,0.5866602178513646
0.0036046875,33.64380037069727,23.20815711466968,27.802087030384463,16.833004157899037,-12.239074242184254
0.00360546875,34.840727658574785,23.448258250211193,28.43117705468977,-10.300850912826336,15.283769717304914
0.00360625,35.083885537984315,23.51142605582551,27.813624874813684,15.47815434013733,-11.175955521149158
0.00360703125,33.996903259838426,23.574548301322665,28.082758645362503,0.29427839676008605,4.21393194727975
0.0036078125,35.198056897531984,23.637635043393473,28.042140889371208,2.5142519082397214,1.8902539377380139
0.00360859375,34.39323098011403,23.70068618761304,27.82394404180048,9.169959919085604,-5.046702064898163
0.003609375,34.636720187436296,23.763701639027577,28.028026857715524,-0.8493677057798821,5.113692924467829
0.00361015625,34.85697565060746,23.826681302736837,27.819733701360278,7.148317634331403,-3.1552652357079625
0.0036109375,34.450851603234966,23.889625083894686,27.859164659945364,3.281387056174016,0.6881525198766636
0.00361171875,33.99157772030384,46.79530709999911,27.92260408264349,-0.18252415506296701,-18.69017886229265
0.0036125,33.192993111938435,56.36304627463498,29.024058225519326,-42.54643341004003,15.207445360924376
0.00361328125,35.52447132623285,56.369456498552495,28.90724868259738,-25.385709428592953,-2.076498387362161
0.0036140625,33.50385672570089,56.37523310279266,28.89813352157714,-20.220779802413112,-7.2563197788024105
0.00361484375,34.53063681992675,56.380924775458595,29.510769325025592,-37.14606157134451,10.275906120911507
0.003615625,34.52209302275753,56.38653153946893,29.276061755545406,-18.7765653578399,-8.33390442608363
0.00361640625,33.85713581181123,56.392053386381804,29.702240826166673,-30.416029616369,3.726217056153867
0.0036171875,34.6746816489283,56.3974903078814,29.84272037824754,-27.102688704077895,0.5479187744440374
0.00361796875,34.058734069687574,56.402842295779806,29.916542089245805,-23.297037524410626,-3.1892626821233745
0.00361875,34.28893655402815,56.40810934201703,30.255079261940097,-29.67095983910471,3.51792975902778
0.00361953125,34.38167870801251,56.41329143866101,30.30378963166949,-23.631738609305042,-2.47776319768648
0.0036203125,34.11563289973052,56.41838857790759,30.544127589881835,-26.60673046682268,0.7324694787969221
0.00362109375,34.44105079913349,56.42340075208057,30.728701861991627,-26.253387806584744,0.5586889164958052
0.003621875,37.03771198995834,0.4274642283199477,30.17082033363154,3.873116016735594,25.870240088575997
0.00362265625,34.25468823524896,2.453255192537697e-05,28.534111169799274,61.966268261575,-33.432181624327654
0.0036234375,33.876294213479405,1.407907464412513e-09,29.63509014111784,4.474576278575826,25.160513861134103
0.00362421875,36.20703967233297,4.219655844126192e-14,28.742679760350654,38.69588251563183,-9.953202755281218
0.003625,33.576028571240045,-4.218178475841248e-14,28.594214040565912,32.11032133790545,-3.516107297339491
0.00362578125,35.40563165032333,-4.0848373278658993e-14,28.791531514846127,17.901736959711894,10.889794555134273
0.0036265625,34.82256260722357,-4.410857839709665e-14,28.08202892443878,39.324560088290276,-11.242531163851451
0.00362734375,34.39115320598417,-4.159591718945891e-14,28.286791701810508,21.068197411647848,7.2185942901627005
0.003628125,35.2567448953142,-3.560727129978498e-14,27.929660172597394,29.648220733262004,-1.7185605606645735
0.00362890625,31.619058610391228,56.04107372573435,28.380570659935675,1.8553796452383153,-29.51588271103699
0.0036296875,34.94522726108423,56.472900355503526,30.224739677880528,-64.98996052426075,38.741799846637754
0.00363046875,35.31450963409093,56.47691694556305,28.89538766226362,1.8787268489009266,-29.460256132200353
0.00363125,32.649569057263356,56.48082393488883,29.902796788052633,-38.52043307983209,11.94240593299589
0.00363203125,35.70490878114119,56.484645863705694,30.01561381019641,-30.255419490676445,3.7863874371671615
0.0036328125,33.5570888271071,56.48838272766662,29.751450755590085,-14.244670852486374,-12.492261119590161
0.00363359375,34.2615795322693,56.49203452114401,30.529487376869255,-39.04325696485219,13.08070982057744
0.003634375,34.729470967425776,56.49560123863834,30.243944014489117,-17.765313081902086,-8.48634414224714
0.00363515625,33.6714075490243,56.49908287477821,30.620375157336774,-28.007959902421206,2.1292521849797694
0.0036359375,34.67589102553054,56.50247942432033,30.84763126074241,-28.303368534820535,2.648520371242617
0.00363671875,34.083453958650956,56.505790882149554,30.836430854479776,-20.88108863838576,-4.78827138928402
0.0036375,34.19912150933832,56.509017243278876,31.217150342711285,-29.47480618593215,4.18293928536456
0.00363828125,35.951891471184474,26.300165242168344,30.887197705433255,-7.774105140132574,12.361137603397484
0.0036390625,34.035376841248535,26.130921078614584,30.093401722343412,22.559087204125987,-18.59660656039716
0.00363984375,34.11244591956644,26.1924577862792,30.829240499913297,-10.598967537888456,15.235750251522553
0.003640625,35.273566970769316,26.253968295553555,30.34894279560363,11.243291708290634,-7.1483172082405595
0.00364140625,33.78564006752895,26.315439267586346,30.41244617667718,4.8910638700073115,-0.7940569609164766
0.0036421875,34.91251899115456,26.376870609043223,30.574504817241017,-1.3775858358125506,5.575220044010344
0.00364296875,34.46257101691102,26.438262227409627,30.26639668626872,10.281449834665336,-6.453315375806241
0.00364375,34.31269852494764,26.499614030230937,30.484080231289816,-0.5303080136409236,4.514774214699802
0.00364453125,34.79915529722503,26.560925925112457,30.34587221735146,5.2928580428694225,-1.5079117506304187
0.0036453125,34.312570265985954,26.62219781971951,30.317408682164363,4.685099755153926,-0.9898888927090749
0.00364609375,35.256439588529076,2.3211501063123907,30.265585098308012,6.295674378380655,21.648760613614968
0.003646875,35.29860114349318,0.00013321286749898048,29.118451546497962,47.71011649941722,-18.591798165786756
0.00364765625,33.78570885096302,7.645204857299584e-09,29.464963613670164,21.17220125350235,8.292762352522606
0.0036484375,35.6735404984646,4.3876510135572646e-13,29.189762531965126,27.538194593740684,1.6515679382240025
0.00364921875,34.31748865181858,2.518111911466823e-17,28.743392883772223,35.98104172869495,-7.237648844922726
0.00365,34.836479937932644,1.4451668054452345e-21,28.910135599573948,20.78552580233731,8.124609797236639
0.00365078125,35.082272420347586,8.293940734128094e-26,28.421223147113764,33.82290413599231,-5.401680988878548
0.0036515625,34.467974757366555,4.759966298840932e-30,28.36175079188958,26.674686153230127,1.6870646386594552
0.00365234375,35.100125139001335,2.731786962604009e-34,28.186321828746287,26.71443372268326,1.4718881060630276
0.003653125,34.71312401016822,1.56779681630738e-38,27.883065807360673,30.677499379037904,-2.7944335716772315
0.00365390625,34.524338791160154,8.997725265079017e-43,27.81506734322183,25.16399803294497,2.65106931027686
0.0036546875,33.55081897739242,27.3527406069448,28.490230689518704,-7.782594716623817,8.920084799197722
0.00365546875,35.570739273715866,27.4150504327379,28.396067120603146,-0.7694715057511132,1.75048819361636
0.00365625,34.087617760923145,27.475752752248003,28.115652770467733,8.535544088750605,-7.895644070530874
0.00365703125,34.636642058230414,27.536413603884235,28.499842347178582,-7.786769253640087,8.750197996934435
0.0036578125,34.89350097843546,27.59703298617405,28.173889384954148,6.4735083542237195,-5.896651955443621
0.00365859375,34.21919287023717,27.65761080783095,28.312718538987312,-1.1180847265209644,1.7731924576773281
0.003659375,34.8981518770704,27.718146977625793,28.326269360985414,-0.9409305158631085,1.5490528992227315
0.00366015625,34.4825884799965,27.778641404392218,28.200981472404187,3.498167405479775,-3.0758273374678056
0.0036609375,34.57426109722557,27.8390939970267,28.33115268954107,-2.3589709500988407,2.851029642613209
0.00366171875,34.74478993515224,27.899504664488738,28.232386878251514,1.9344906329838212,-1.601608419221044
0.0036625,33.74082171854923,48.1252571845083,28.318220429483194,-2.450485225431271,-17.356551529593833
0.00366328125,33.44377218635494,56.567238326603004,29.402016100627915,-43.062677103810735,15.897454877835646
0.0036640625,35.372665473035276,56.56805381696593,29.203166254803726,-22.975150290485338,-4.389737271676864
0.00366484375,33.487578751838456,56.568299675752414,29.305786483066814,-22.45944881860499,-4.80306437408061
0.003665625,34.60145329195005,56.568460315899415,29.83131148075178,-35.42655459584318,8.689405760695545
0.00366640625,34.39766532112994,56.568535764965894,29.633965961276164,-19.017531521122006,-7.917038282567723
0.0036671875,33.92225541022802,56.56852602283982,30.068773959453722,-30.721263611702753,4.221511548316654
0.00366796875,34.629682300535656,56.56843108953588,30.17396623655207,-26.058513042631525,-0.33595181035228505
0.00366875,34.034003897556794,56.568250965197024,30.285558303208006,-23.88424993125004,-2.398442730738979
0.00366953125,34.31739948236431,56.56798565009451,30.598370497305545,-29.066699278613683,3.0970841258247135
0.0036703125,34.355483321843245,56.56763514462793,30.653839658645833,-23.460963685551302,-2.4528318004307934
0.00367109375,34.71542540151969,56.567199449325116,30.90203804623163,-26.693055597307893,1.0278941942144073
0.003671875,37.286257078256895,0.0032464418498557453,29.09789242365977,50.354441727957266,-21.259795746147354
0.00367265625,32.45205065690319,1.8631614043233723e-07,29.10181358500409,33.30959061318746,-4.207777214499506
0.0036734375,36.00921550989672,1.0647539391870897e-11,29.55835665631241,10.573120056518867,18.985236599782894
0.00367421875,34.70775264866715,-4.467944838971033e-14,28.42249297640295,49.34308429708108,-20.92059132067808
0.003675,34.096701828717066,-4.106256941003395e-14,28.989639687365724,14.841770225211292,14.147869462154473
0.00367578125,35.722257340430346,-4.403989294408148e-14,28.446896229590255,32.631537476449516,-4.184641246859218
0.0036765625,34.10385918860948,-4.682958054778879e-14,28.20433857679573,31.89292334738367,-3.6885847705878945
0.00367734375,35.103704130424454,-4.275515706111366e-14,28.29771162274446,20.88404424405838,7.413667378686121
0.003678125,34.882292498532074,-4.3389133336529416e-14,27.780596927083018,34.570382299779155,-6.789785372696094
0.00367890625,33.935550720868996,-3.92249301205974e-14,27.812388739280415,23.99629955593022,3.8160891833502335
0.0036796875,32.22014968700909,56.55353862827875,29.523753696608907,-48.14816769855478,21.118382766884935
0.00368046875,36.36307718724165,56.55532647943602,29.41872888582536,-28.42687584533718,1.2902782517265212
0.00368125,33.12596026252052,56.55378360894473,29.110067995323572,-12.205566781343288,-15.238148832277867
0.00368203125,34.47156265896489,56.552155383212344,30.087779098483974,-44.57344282465479,18.10906653992642
0.0036828125,34.8242757605299,56.55044199094529,29.58592113420693,-13.944295145917515,-13.020225710820842
0.00368359375,33.49399914489731,56.548643434734565,30.11025257154314,-31.019092063108545,4.58070119991712
0.003684375,34.90689737681448,56.54675971728879,30.296164906238957,-28.730609912590833,2.4800151015409977
0.00368515625,33.96930275054087,56.5447908414448,30.24748619140914,-20.148979440096966,-6.148325209938694
0.0036859375,34.222665785008324,56.54273681016768,30.70700860625281,-31.821898281293723,5.98617007737885
0.00368671875,34.51674521409011,56.54059762655079,30.679443835673275,-22.194760920248218,-3.6663928706293003
0.0036875,35.31369052179933,30.07121542594347,30.608931639219456,-12.93090586526693,13.468622078542916
0.00368828125,34.43094694065666,29.927887689324052,29.938330626813073,14.933601737271037,-14.923158799782016
0.0036890625,33.97113279436559,29.98676251198382,30.479633428052438,-9.438396242562396,9.931267158631016
0.00368984375,35.134894084922095,30.045603782292403,30.239726820346977,3.0764847393003425,-2.8823617012457676
0.003690625,33.98170044329113,30.10439980513082,30.20274764083888,2.8524203327915587,-2.7540724970835004
0.00369140625,34.68346445199845,30.163150491287226,30.41227491423163,-5.031068422722797,5.2801928456672
0.0036921875,34.54610025768198,30.221855752284107,30.184448217367187,4.811217606363953,-4.848625141280872
0.00369296875,34.27156442366441,30.280515499712394,30.346570016849263,-2.6130565516554087,2.6791110687922792
0.00369375,34.70593787561985,30.33912964523158,30.301474768356076,0.21887156250411977,-0.25652643937962266
0.00369453125,34.34388680259706,30.397698100569805,30.266839893040643,1.2687492023617637,-1.3996074098909252
0.0036953125,34.531907207536044,30.45622077752403,30.352389079451786,-2.0117034304111074,1.9078717323388632
0.00369609375,34.606232749109274,30.51469758796022,30.281841346359425,1.2583104580101676,-1.491166699610965
0.003696875,36.2687152268122,0.02013025127317939,29.60989152294028,27.845626543924755,1.7441347277423471
0.00369765625,33.90471941343744,1.1552930111165879e-06,29.019403078209056,40.846699310324105,-11.827297387408057
0.0036984375,34.88120122136497,6.630329266247795e-11,29.431899908547134,15.637515663932383,13.794384244548446
0.00369921875,35.21979624961286,3.805204892252707e-15,28.725991172721283,38.281168421439524,-9.555177248718243
0.0037,34.20485866323249,2.1838409060215734e-19,28.778639388188132,25.52207126453851,3.2565681236496236
0.00370078125,35.28531924653034,1.2533257046218478e-23,28.59948673769148,26.43201982603297,2.1674669116585075
0.0037015625,34.60706473934814,7.192947606826875e-28,28.226682355576465,32.891935009646026,-4.665252654069563
0.00370234375,34.78110125753013,4.128096558122293e-32,28.245967103916023,23.672040813283154,4.573926290632868
0.003703125,34.9831204521051,2.369151302729805e-36,27.900518113095977,30.514087280947933,-2.6135691678519573
0.00370390625,33.07188759542824,30.861563131239315,28.141280193123322,11.780265581934106,-14.500548520050097
0.0037046875,34.97245456557936,31.15487666807023,29.01012669474451,-22.38896127944064,20.24421130611492
0.00370546875,35.039031483650604,31.212809737882267,28.21885679961558,12.939253788213632,-15.933206726480321
0.00370625,33.708365730186124,31.270682295765432,28.696573015504917,-9.532625887162286,6.958516606901769
0.00370703125,35.31702012486016,31.328507759791073,28.65011913960896,-4.147124324048649,1.468735703866536
0.0037078125,34.14884152942732,31.386286043650156,28.449045632253373,3.3693714138882287,-6.306611825285012
0.00370859375,34.57550181238576,31.44401706032967,28.7779752292612,-9.593054088719612,6.927012257651144
0.003709375,34.78512796732837,31.501700722887747,28.544427572692385,1.6917208826293972,-4.648994032824761
0.00371015625,34.24751196427069,31.559336944453854,28.676666124892595,-4.245953275711257,1.3632824561499985
0.0037109375,34.78485629781921,31.616925638228857,28.71255651614345,-4.152636680742689,1.2482675586572827
0.00371171875,34.459269928221566,31.674466717485256,28.636313914050586,-0.5854800658398048,-2.452672737594865
0.0037125,34.53665246642513,31.731960095567178,28.76321331702505,-5.218621687782471,2.2498749092403396
0.00371328125,34.01513193289209,49.149159440252674,28.760723426079263,-4.031636449837457,-16.356799564335954
0.0037140625,33.3730777037417,56.41169660296325,29.721542208631504,-39.812126633175616,13.121972238843876
0.00371484375,35.295677403832215,56.40691217374099,29.63155476399691,-24.592602088893567,-2.1827553208505135
0.003715625,33.590318596022286,56.40162572355911,29.66716107771805,-20.950351200762547,-5.784113445078509
0.00371640625,34.48331882425159,56.39625430961199,30.19975585121084,-34.7050256449492,8.50852718654805
0.0037171875,34.44223518739521,56.3907979639237,30.029069001418225,-19.30210701382389,-7.059621948681587
0.00371796875,33.90752581800211,56.38525669471278,30.41842150853471,-29.235798260972793,3.2689630747947236
0.00371875,34.5906756741307,56.379630510324276,30.555579152211436,-26.135167421013616,0.31111606290077704
0.00371953125,34.0767589522166,56.373919419231136,30.648230670248264,-23.13235152210914,-2.593337226873733
0.0037203125,34.33562604982221,56.36812343003413,30.9561277875635,-28.348475923822253,2.9364802813516198
0.00372109375,37.171881769834165,0.42700452580719717,30.334269097343746,4.9137048675417425,24.993559703994805
0.003721875,34.13161559256736,2.4506169190010677e-05,28.696877800213045,62.55402414587145,-33.8571708518276
0.00372265625,33.92503141215495,1.4063916901205606e-09,29.83707715564025,3.5832932464435374,26.25378390779032
0.0037234375,36.20684709784838,3.582985628545379e-14,28.892742444455955,39.940285662769035,-11.047543218313114
0.00372421875,33.52924452269539,-4.1548128636994326e-14,28.780812729535583,31.62655343850949,-2.8457407089738656
0.003725,35.451805627107376,-4.263201469130917e-14,28.962344601828413,18.209699093491345,10.75264550833711
0.00372578125,34.78861811340542,-4.5125422048015575e-14,28.245921374774813,39.74403621415843,-11.49811483938357
0.0037265625,34.41285714259889,-4.107787740475601e-14,28.466160884910387,20.837708551475494,7.628452333434936
0.00372734375,35.326002284692194,-4.5886499143672365e-14,28.090939207162585,30.151342647953186,-2.060403440790554
0.003728125,34.43214587831747,-4.297985969660028e-14,27.86294014708265,30.04165647733644,-2.178716330253746
0.00372890625,34.91812313041147,-4.37917476342709e-14,27.833281132494417,23.673840548585183,4.159440583909276
0.0037296875,32.05895892357245,55.86547724472409,28.14958985209175,3.055336654814157,-30.771224047446495
0.00373046875,34.656652751638795,56.28502951321228,29.94433664069812,-62.894236643409876,36.553543770895715
0.00373125,35.43254903754207,56.27807039962663,28.757036541979787,-1.60061987271354,-25.9204139849333
0.00373203125,32.72565041897516,56.271002059281436,29.614760911132535,-35.57298369037527,8.916742542226364
0.0037328125,35.574318351793316,56.26384897441956,29.820200812827242,-31.75123710317527,5.307588941582954
0.00373359375,33.713282307236675,56.25661115721786,29.53217359344533,-14.266548431507694,-12.457889132264839
0.003734375,34.19414956522805,56.24928861857643,30.276985281421105,-38.03899158273345,12.066688245578128
0.00373515625,34.764801566928256,56.24188136952288,30.044355480684747,-18.959467750355586,-7.238058138482548
0.0037359375,33.748936408579446,56.2343894212124,30.371939203382176,-27.083479225703464,1.2210290078732404
0.00373671875,35.78145188498775,33.66261215993344,30.34508237505053,-17.23940543945826,13.921875654575354
0.0037375,34.142493961364686,33.54605712831919,29.580250364526563,14.607797025600087,-18.573603789392713
0.00373828125,33.98935492779263,33.601918332103466,30.33531351120401,-17.47188760924351,14.205282788344054
0.0037390625,35.245971356016334,33.65773883002639,29.960618949941118,2.2121619924760423,-5.909281872561313
0.00373984375,33.77575322391239,33.71350864057092,30.027552897403474,-1.9668304036757291,-1.7191253394917192
0.003740625,34.81044387466054,33.76922767918073,30.265271673729863,-9.409064823294013,5.905108817843146
0.00374140625,34.45558498326726,33.82489586194396,30.007514904778922,2.4911568893289684,-6.308537846494002
0.0037421875,34.236121740178476,33.88051310502531,30.260642312328784,-7.708449380713375,4.0885785880168495
0.00374296875,34.73628589480402,33.93607932466624,30.19230821055541,-2.6419816372714666,-1.1017894768393632
0.00374375,34.25085566458532,33.991594437184986,30.199750337245078,-2.5314089565092317,-1.2604351434306778
0.00374453125,34.539632556506945,34.0470583589768,30.31853780583109,-5.986118667865443,2.257598114719737
0.0037453125,34.495463938373206,34.10247100651404,30.250149677995992,-1.812695477299495,-2.0396258512185494
0.00374609375,34.39186498302707,34.15783229634623,30.34516007090482,-4.898669088736104,1.0859968632946977
0.003746875,35.37180567734761,2.976652945110079,30.20899618248365,2.3878324545522647,24.844510782821306
0.00374765625,35.37372749841032,0.0001708327579888246,28.905221639947165,50.64806874116031,-21.74301793397113
0.0037484375,33.639605333928785,9.804243806793225e-09,29.349472492858833,19.511521871027938,9.837950612026654
0.00374921875,35.83112698319918,5.626742654902956e-13,29.05397176175136,27.31960130831593,1.734370453434866
0.00375,34.24345942891962,3.229237616731586e-17,28.573682946023197,36.902955256863414,-8.329272310840219
0.00375078125,34.86492768200056,1.853288167751497e-21,28.799002901011164,19.361773385589593,9.437229515421572
0.0037515625,35.141363334336994,1.0636185503760008e-25,28.261694069967668,34.60551516840578,-6.343821098438113
0.00375234375,34.445509862142025,6.104201388586412e-30,28.228436693831537,26.20016935782119,2.0282673360103476
0.003753125,35.3188585560573,3.503255427356734e-34,28.054622159732105,26.391234748464683,1.6633874112674207
0.00375390625,32.59445509944942,34.70185967192589,28.757963046701597,-9.170274058729504,3.226377433505214
0.0037546875,35.738230296457594,34.76339269985239,29.089288134829687,-16.77756957904037,11.10346501401767
0.00375546875,34.13502855773936,34.81813160330648,28.461752389269616,9.626463871841773,-15.98284308587864
0.00375625,34.14518787463407,34.87281768436738,29.145589664857376,-18.575087784392537,12.847859764882537
0.00375703125,35.1601947139815,34.927451247572826,28.80390681920995,-0.2419597194618021,-5.881584708901073
0.0037578125,33.883016961411975,34.98203221066794,28.907059000628525,-5.176444211519346,-0.8985289985200673
0.00375859375,34.82787647413368,35.036560491454765,29.11086608999254,-10.774127352133865,4.848432950671643
0.003759375,34.45921574153367,35.09103600781465,28.905349851372446,-0.6609582612230582,-5.524727895219147
0.00376015625,34.3117041552321,35.14545867770848,29.14830883657923,-9.768670587084237,3.7715207459549847
0.0037609375,34.72777592525859,35.1998284191767,29.093191916600787,-4.887412170560871,-1.2192243320150387
0.00376171875,34.2983773758422,35.25414515033944,29.124930856493556,-5.205795706856879,-0.9234185869890053
0.0037625,34.568012883678925,35.308408789396715,29.239586677886322,-7.967547831782233,1.8987257202718386
0.00376328125,34.51308087378316,35.36261925462845,29.19589227376415,-4.348149159923712,-1.818577820940584
0.0037640625,33.87814082538156,49.86050246177549,29.341009464091485,-8.986743925506458,-11.532749072177547
0.00376484375,33.66693997194373,55.897410255973526,30.125831636702063,-36.437356338369355,10.665777719097893
0.003765625,34.98572809063702,55.88705633327206,30.048264238892504,-22.99285284606434,-2.845939248315211
0.00376640625,33.704182750133114,55.87627119278058,30.16315071307499,-22.33212132269226,-3.380999157013326
0.0037671875,34.44551136659513,55.8654018837168,30.573460084871776,-31.22208848184518,5.9301466830001575
0.00376796875,34.31206028171427,55.85444844236626,30.489546149270844,-19.994499493637605,-5.370402799457814
0.00376875,33.970198928638375,55.84341088522577,30.83291781438897,-27.81669051806207,2.80619744722527
0.00376953125,34.42263479587944,55.8322892289177,30.956136845582897,-24.68311991132185,-0.1930324720129562
0.0037703125,35.48194766507393,16.468898921582174,30.962337376142944,-18.049568090496546,32.54300654505732
0.00377109375,36.6680031515905,0.0009451647456333725,29.142894346502413,56.477765464855594,-27.335816283098815
0.003771875,32.7060921353946,5.4243800365755214e-08,29.51480916442668,24.81616070443244,4.698648405750439
0.00377265625,36.22695208093787,3.070389288895753e-12,29.60799296784917,17.864210014291377,11.743782953554723
0.0037734375,34.36077184806588,-3.915680862387906e-14,28.68700881671092,46.24155909637464,-17.554550279663676
0.00377421875,34.460197106334896,-4.263789959161141e-14,29.213729980934506,14.638157326219176,14.575572654715373
0.003775,35.55203759562517,-3.677663156495209e-14,28.580048373185594,35.44671862493163,-6.866670251745998
0.00377578125,34.14875931007769,-3.96105492433078e-14,28.473021450059534,29.07564277424333,-0.6026213241837565
0.0037765625,35.23339660940608,-3.9961427517938987e-14,28.451066893396685,23.17469131186278,5.276375581533944
0.00377734375,34.805802667765064,-3.5605432706208176e-14,27.98754718677271,34.06945403059613,-6.081906843823382
0.003778125,34.68403878716265,-3.667503481851546e-14,28.023511037088326,23.662126630136143,4.3613844069522205
0.00377890625,35.164144954151375,-4.0486658636248154e-14,27.7190955567377,29.152074222110542,-1.4329786653728045
0.0037796875,34.910822435910795,-4.334283169801355e-14,27.52324757283889,28.369819655499903,-0.8465720826609694
0.00378046875,31.569393011822246,55.65693406857771,29.051533380831284,-39.141905879986325,12.536505192239897
0.00378125,36.37301196303957,55.65538355311697,29.368773454669423,-37.121635420652446,10.8350253222049
0.00378203125,33.430308362238776,55.642919295612565,28.70695090846512,-5.251447244526982,-21.68452114262046
0.0037828125,34.05080657394619,55.630370619338194,29.83915847159978,-45.856744746838544,20.06553259910013
0.00378359375,35.14960311394279,55.617738164695375,29.352828628273947,-14.921622259949215,-11.34328727647221
0.003784375,33.369113784317584,55.605021950744,29.741794798304866,-27.097527360123316,1.2343002076841785
0.00378515625,34.89892699131866,55.592221996634464,30.069930801219755,-31.118279613052493,5.595988417637783
0.0037859375,35.049772745361714,37.052899483556985,29.685097115087668,-8.441440744546574,1.0736383760772583
0.00378671875,34.088087538533195,36.963813487748766,29.55514013218616,-2.146002222102659,-5.262671133459946
0.0037875,34.449585779371205,37.01632734294871,29.867015825104676,-12.924169626903788,5.7748581090597515
0.00378828125,34.622794350504755,37.06879358196472,29.708946403992382,-3.46132624651695,-3.898520931455387
0.0037890625,34.17331091011559,37.12120399651406,29.85672998693937,-8.40385863500198,1.1393846254272881
0.00378984375,34.61950462525137,37.173558507201086,29.9230203047697,-8.276668123824043,1.0261299213926587
0.003790625,34.34231563944534,37.2258570351808,29.896024579807033,-5.275783294656204,-2.0540491607175646
0.00379140625,34.39585758293202,37.278099501692566,30.038190009869318,-9.11003808902117,1.8701285971979205
0.0037921875,34.49756833211368,37.33028582806019,30.028853772244503,-6.234286921813801,-1.0671451340018872
0.00379296875,34.326588823762684,37.382415935691974,30.101138974567913,-7.377455038600846,0.09617807747678633
0.00379375,34.464556876878625,37.43448974608095,30.16858410620261,-7.78570171598539,0.5197960761070496
0.00379453125,34.38859590934254,37.48650718080489,30.190200917725733,-6.542143680254906,-0.7541625828242541
0.0037953125,34.37857239496457,37.53846816152648,30.27251954595443,-7.833442069631625,0.5674934540595725
0.00379609375,34.411174833222255,37.590372609993416,30.308508846224516,-7.010125468284571,-0.27173829548433076
0.003796875,34.202846933296165,37.64222044803854,30.3635536677269,-7.19731973464827,-0.08134704566337195
0.00379765625,36.71900528977478,0.0073238178863366055,29.314722179909882,36.11144252924281,-6.8040441672192635
0.0037984375,33.40379445818647,4.2032041746287537e-07,28.947029468982862,37.892136097105684,-8.945107048443239
0.00379921875,35.32206610701291,2.412256231353895e-11,29.37365960033361,13.706295393756882,15.667364206552604
0.0038,35.04263714443308,1.3844152898472158e-15,28.510372841773375,42.249516068281935,-13.73914322650856
0.00380078125,34.176493709728696,7.945282386884097e-20,28.753533293580773,21.462452311642522,7.2910809819382525
0.0038015625,35.44799517847991,4.5598681746932605e-24,28.439521214640067,28.64200455688861,-0.20248334224854575
0.00380234375,34.4017663368322,2.6169488708046543e-28,28.11618209021254,32.400814922437405,-4.284632832224867
0.003803125,34.001948263454274,34.743832393928464,28.326078427197338,15.687755511631412,-22.10550947836254
0.00380390625,33.90018379672958,38.10610063785891,29.381299622429005,-28.065959277261328,19.341158261831424
0.0038046875,35.53344036391174,38.15756810871663,28.884518673688774,-0.9514613524191585,-8.321588082608697
0.00380546875,33.55070593353514,38.20878810846107,29.012107903577146,-7.186705852965296,-2.0099743519186277
0.00380625,34.959348240200384,38.25995055555649,29.344843442433927,-16.702940413334602,7.787833300212036
0.00380703125,34.44817112762519,38.31105538385718,29.022553222988567,-0.7875800286009877,-8.500922132267625
0.0038078125,34.17195086789095,38.362102516400824,29.388923699650775,-14.574963715368732,5.601784898618683
0.00380859375,34.831285043907194,38.413091876311384,29.313755667186307,-7.482967238100901,-1.616368971024177
0.003809375,34.1714193209695,38.46402338679976,29.35097679712959,-7.503751561441011,-1.6092950282291563
0.00381015625,34.56355306588869,38.51489697116408,29.530664152431733,-11.982319874556223,2.9980870558238806
0.0038109375,34.48441373345269,38.56571255278955,29.46091558173243,-6.336938087495075,-2.7678588835620466
0.00381171875,34.32242559386533,38.61647005514891,29.61252679489241,-10.499825781947987,1.4958825216914893
0.0038125,34.56634603780717,38.66716940180225,29.647373090670605,-8.871548865080047,-0.14824744605159434
0.00381328125,34.35762275732936,38.717810516397265,29.687154537618596,-8.211822220908346,-0.8188337578703252
0.0038140625,34.46241143512192,38.76839332266939,29.79590494969686,-10.044399362885532,1.0719109899130026
0.00381484375,34.03794003224456,50.25476253325723,29.84971140289408,-9.598830129408539,-10.806221000954611
0.003815625,33.672099318446655,55.027649838957956,30.540859996083626,-33.404707495736965,8.917917652862632
0.00381640625,34.90806732347858,55.011792267528,30.515356827437554,-22.705823402340272,-1.7906120377501766
0.0038171875,33.77195926187594,54.99557702376465,30.600137536169605,-20.819930042615734,-3.5755094449793137
0.00381796875,34.375397591290756,54.97927894188369,30.99253697323207,-29.49199168220315,5.505249713551526
0.00381875,34.2998666350804,54.96289806220134,30.927780210047224,-19.325752224160937,-4.709365627993178
0.00381953125,33.747929358484946,54.94643440938781,31.235487746133,-25.948256201239026,2.237309537984213
0.0038203125,37.79808564979473,0.010688352897352364,29.749171474445617,39.930121993362505,-10.191638871814243
0.00382109375,32.63400161351383,6.134140384569705e-07,29.267123238067803,43.56436416208224,-14.297241537428475
0.003821875,35.591621497225354,3.5160955213675234e-11,30.049104430929635,5.518962286625708,24.530142144268765
0.00382265625,35.189087349033116,-3.7645072061975065e-14,28.810235546222593,50.204154421370596,-21.393918875147964
0.0038234375,33.81548228485559,-3.939017764687193e-14,29.291272589837224,18.09068281779936,11.2005897720379
0.00382421875,35.811162487094165,-3.755204910865383e-14,28.915301232350064,29.105151306827867,-0.18985007447776497
0.003825,34.21747259980321,-3.4788526320231145e-14,28.5124896319251,35.305038656472625,-6.792549024547492
0.00382578125,34.959279531121716,-4.020516468593548e-14,28.692833850605187,19.945316468851154,8.74751738175407
0.0038265625,35.0776529425002,-3.689117791287545e-14,28.16271980481947,34.626118096382775,-6.46339829156327
0.00382734375,34.4838945005744,-3.980177786045318e-14,28.149770978224677,25.53127847907335,2.6184924991513645
0.003828125,35.182459258702686,-3.9696331746660136e-14,27.946253564099067,26.957300664305002,0.9889528997941022
0.00382890625,34.72730285130147,-4.094747175167755e-14,27.652163601325455,30.433788825856876,-2.781625224531377
0.0038296875,34.9128976699049,-4.173576551880428e-14,27.595183861114553,24.61811358504197,2.9770702760726246
0.00383046875,33.59706889071292,38.566732105329685,27.416412898071176,24.194216113707252,-35.34453532096576
0.00383125,32.383111252457546,54.688637678096434,29.308901871354383,-54.719335429369266,29.339599622627215
0.00383203125,36.511089484409176,54.67177937824668,28.852105821298448,-20.249934411898604,-5.56973914504963
0.0038328125,32.7889662496545,54.65391253041013,28.740186077902038,-13.99625348838583,-11.917472964122261
0.00383359375,34.80051747632864,54.63596332161283,29.66148308271137,-43.32155501107559,18.347074772174132
0.003834375,34.63796795077228,54.617931832039105,29.06895536727002,-10.1106979749662,-15.438278489802881
0.00383515625,34.171254288187036,40.48448565337236,29.596790392898846,-27.76508718119807,16.877391920724556
0.0038359375,35.24236772046894,40.16075325532241,29.126771489057766,-2.096959823951537,-8.937021942313109
0.00383671875,33.636322201276066,40.2095909565984,29.34352973634374,-10.992683276205819,0.1266220559511609
0.0038375,34.916568585378116,40.258389488557285,29.585922237726642,-16.173174769323495,5.500707518492852
0.00383828125,34.32702101736477,40.30712739333647,29.358324370938895,-3.9328074498566497,-7.015995572540925
0.0038390625,34.23203700338454,40.355804596310314,29.702425155019757,-15.852492787672965,5.199113346382408
0.00383984375,34.71504482940718,40.40442102417177,29.63253382636351,-8.701067571925277,-2.070819625882982
0.003840625,34.15913529058019,40.452976603705345,29.715012775526915,-9.946242804091106,-0.7917210240873225
0.00384140625,34.53261981356297,40.501471261787245,29.871976215716124,-12.88768179630232,2.2581867502311996
0.0038421875,34.408015608705256,40.54990492538534,29.83857914112592,-8.337676068368603,-2.3736497158908194
0.00384296875,34.31133613510069,40.59827752155946,29.995782914921623,-12.070391850357778,1.467897243719941
0.00384375,34.49734854750451,40.646588977461334,30.03654506778826,-10.236296389712965,-0.37374751996010835
0.00384453125,34.31034252500217,40.69483922033474,30.10114999201167,-10.065965317130425,-0.5277239111926443
0.0038453125,34.40562135013471,40.743028177515775,30.210504733769785,-11.374780593980784,0.8422571502347944
0.00384609375,34.377385527942934,40.79115577643267,30.248711097322676,-9.769105935899322,-0.7733387432106701
0.003846875,34.266432261141354,40.83922194460614,30.347199657969835,-10.857582635131013,0.3655603484947114
0.00384765625,36.92602846214214,0.0913157673345556,29.694599645291337,18.731816843130243,10.871467034826537
0.0038484375,33.936306406293276,5.240693043256697e-06,28.658578172864416,50.33329017484425,-21.674717242672877
0.00384921875,34.56433385105133,3.0076803136325305e-10,29.42442091610896,9.186262171861207,20.238158743946983
0.00385,35.67334085225188,1.7261344624357505e-14,28.565742395060962,39.878552206895506,-11.312809811834562
0.00385078125,33.89185470596226,9.906439088301288e-19,28.587725638256956,27.253013375879085,1.3347122623778709
0.0038515625,35.415145784436135,5.685393435210236e-23,28.548814629344527,22.854071574705046,5.694743054639483
0.00385234375,34.616457250397076,3.262897820802567e-27,28.024297784197277,35.87517326295252,-7.8508754787552455
0.003853125,32.577119715256465,40.90943022958132,28.650061586409137,1.2772783529651748,-13.536646996137353
0.00385390625,35.150662725777714,41.26902324976332,29.641640905615475,-34.13140474311848,22.504022398970633
0.0038546875,34.8459216398126,41.31648905526757,28.775259739605545,6.832908172898157,-19.37413748856018
0.00385546875,33.52911582756656,41.36387472919461,29.45934392006187,-21.68081531255028,9.776284503417534
0.00385625,35.34438111378536,41.411198108845994,29.39266712176215,-12.124533121823713,0.10600213473986778
0.00385703125,33.89727383316215,41.45845912398137,29.273720431514572,-5.7406149939058055,-6.444123698560993
0.0038578125,34.529596176505926,41.505657703426536,29.700696879764983,-19.736107075237502,7.93114625157595
0.00385859375,34.6496316772111,41.552793776101296,29.478809709880462,-6.21816393104675,-5.855820135174084
0.003859375,34.08149286345457,41.59986727101957,29.71951203922758,-14.07165921149047,2.191303979698483
0.00386015625,34.70234864038746,41.64687811728953,29.797004928455664,-12.795718198910535,0.9458450100766687
0.0038609375,34.277212556564386,41.69382624411367,29.782990785713725,-9.267951538867408,-2.64288391953254
0.00386171875,34.40040397607085,41.74071158078904,29.98798255701501,-14.39425166964319,2.641522645869159
0.0038625,34.50771926554557,41.78753405670708,29.977793872966828,-10.138584961193295,-1.6711552225469575
0.00386328125,34.28541991813035,41.83429360135402,30.096749023018575,-12.080153761181728,0.3426091828462853
0.0038640625,34.48760810456842,41.880990144310836,30.19191636267044,-12.272069441060028,0.5829956594196312
0.00386484375,34.37598965739461,41.92762361525337,30.234302467395484,-10.688745999899607,-1.0045751479582756
0.003865625,34.075152695034234,50.329432396640364,30.382792794121578,-13.50973848760142,-6.436901114917369
0.00386640625,33.92093744521412,53.80794650754555,30.879426775423344,-28.74797367236181,5.819453940239602
0.0038671875,34.6861550384601,53.78668613204933,30.90468599405675,-21.49464143793348,-1.3873587000591048
0.00386796875,33.97708265751478,53.76514390425829,31.0194738856694,-20.661668104711467,-2.084001913877421
0.00386875,34.43223166681437,53.74352069560517,31.31383916619143,-25.831839668334535,3.4021581389207927
0.00386953125,37.01981623257148,0.40706144233471,30.669264632342685,7.431956584272008,22.830246605735965
0.0038703125,34.13647048623714,2.3361617909749008e-05,29.139057674990706,60.549197490242705,-31.410163176869908
0.00387109375,33.99839298869984,1.3407109740175587e-09,30.187617807630417,5.596249442637792,24.591368363651913
0.003871875,36.09410881638364,3.6140831237989206e-14,29.28272492577851,39.813028211679956,-10.53030328590148
0.00387265625,33.60745484117964,-3.9325699664350185e-14,29.173413998514626,31.599356495615428,-2.4259424971007637
0.0038734375,35.4135415305585,-3.947435317720367e-14,29.31976645465142,19.419272391470006,9.90049406318145
0.00387421875,34.77866082796348,-3.1549060387746656e-14,28.638967740324578,39.33612605727934,-10.697158316954727
0.003875,34.449120822192604,-3.8247154975370054e-14,28.830458100020515,21.654411679285058,7.176046420735496
0.00387578125,35.29798252347107,-3.942328708019477e-14,28.461703020817808,30.463770169376488,-2.0020671485586408
0.0038765625,34.47774352395831,-3.839192429841152e-14,28.237315781284124,30.193466007510082,-1.9561502262259183
0.00387734375,34.99140103423324,-3.794752190808507e-14,28.192423919514052,24.337019031359613,3.8554048881544762
0.003878125,34.90568021984419,-3.4385971732297715e-14,27.832564485622285,31.27438979425061,-3.4418253086282906
0.00387890625,34.71939204967845,-4.023134376379682e-14,27.75367219527768,25.787489490722017,1.966182704555704
0.0038796875,35.05039298610674,-3.472610793654644e-14,27.52684726093438,27.656375398475305,-0.12952813754088713
0.00388046875,34.83717376058371,-2.842162894188014e-14,27.30743542737836,28.272030791344037,-0.9645953639656484
0.00388125,32.58330886253672,52.01546787460073,27.58273000027058,8.873935638275192,-33.30667351260534
0.00388203125,34.06649343168851,53.363491178311314,29.317709595599524,-57.493190939166055,33.447409356454266
0.0038828125,35.6698962246173,53.34049489195202,28.345592194474232,-5.08678693679757,-19.908115760680218
0.00388359375,32.80593848118603,53.31733959635085,28.920540634014838,-27.78684680181309,3.3900478394770794
0.003884375,35.80645837191489,43.335882365872294,29.209890118614837,-29.152292295524745,15.026300048267286
0.00388515625,34.15660631132469,43.11774257024816,28.46855646300581,4.726577864858768,-19.37576397210112
0.0038859375,33.89914872400019,43.162631763787104,29.30919110380553,-28.259970828907736,14.406530168926162
0.00388671875,35.242144072795405,43.207471054376754,29.004841880145456,-8.506833551292962,-5.695795622938334
0.0038875,33.7118849675408,43.25224527616241,29.121564351314706,-11.968023418668384,-2.1626575061793227
0.00388828125,34.752213607407434,43.29695436084835,29.444327769025318,-20.128138416334238,6.275511824511202
0.0038890625,34.415760259154204,43.34159824110355,29.240427839088873,-7.565620944956843,-6.53554945705783
0.00388984375,34.1568885760518,43.38617684969505,29.563562771768883,-17.910914373206833,4.088300295280667
0.003890625,34.68127884157973,43.43069011948829,29.56463205478832,-12.862699930546388,-1.0033581341535847
0.00389140625,34.176286529839636,43.4751379834471,29.631501352952363,-12.413290081591875,-1.430346548902861
0.0038921875,34.45717323457718,43.519520374633785,29.822126567092155,-16.057456948032904,2.360063140491274
0.00389296875,34.41303518387828,43.56383722620929,29.815936794359388,-11.641351190438066,-2.1065492414118356
0.00389375,34.27180204823045,43.60808847143321,29.976691660569777,-14.68630577782827,1.0549089669648335
0.00389453125,34.458271751038644,43.65227404366399,30.054486402032115,-13.555880583604196,-0.041907058027681646
0.0038953125,34.29402735867542,43.69639387635897,30.1291451944087,-12.8748739298521,-0.6923747520981667
0.00389609375,34.3514239180502,43.740447903074426,30.26062399318245,-14.30165758484127,0.8218336749492935
0.003896875,34.323789743285275,43.78443605746586,30.322812322522772,-12.803050016992584,-0.6585737179505058
0.00389765625,36.22210024480538,1.1250145679037902,30.100786953429616,0.24043068551707167,28.735341700008753
0.0038984375,35.08117180543474,6.456558589684794e-05,28.5687460531154,56.788680477439144,-28.21999898990964
0.00389921875,33.643074120622025,3.7054763566046137e-09,29.319314421163465,12.87313634845345,16.44617806900454
0.0039,36.0922857391844,2.1266058130862744e-13,28.795689085999097,31.180632278580852,-2.3849431925819693
0.00390078125,33.95070465842983,1.2204779761154188e-17,28.40950753643287,35.81395073242667,-7.404443195993799
0.0039015625,35.06052318402822,7.004431573621201e-22,28.66770689730224,17.754904690005308,10.912802207296933
0.00390234375,34.94937449410448,4.0199055312491646e-26,28.0334950396536,36.8260344887273,-8.792539449073702
0.003903125,31.691195652693832,44.104882634526795,29.14509155677508,-17.517739167638457,2.5579480898867377
0.00390390625,36.20322751892319,44.177352625847966,29.758166214019386,-32.28192975343414,17.86274334160556
0.0039046875,33.99069756478014,44.22068009871394,28.83909258402101,8.645312440432626,-24.026899955125558
0.00390546875,33.82431134510216,44.26393930733804,29.885464599221798,-32.92946843581789,18.550993727701645
0.00390625,35.42044258920729,44.30713185517373,29.454095754702127,-6.950434027958494,-7.902602072513108
0.00390703125,33.50982909680588,44.35025767726957,29.613815395288764,-12.683860519809528,-2.0525817621712754
0.0039078125,34.85983127176293,44.39331670867883,29.97954318563165,-21.96380745704477,7.550033933997584
0.00390859375,34.37669427570355,44.43630888455542,29.709685374445243,-6.527680803567833,-8.198942706542345
0.003909375,34.101656085307745,44.4792341401539,30.102860799881856,-19.730379394724636,5.3540060544525945
0.00391015625,34.739541494984294,44.522092410829586,30.07334191914353,-12.927219488178398,-1.5215310035076555
0.0039109375,34.10343609112031,44.564883632038736,30.148263416032478,-12.825654305144297,-1.5909659108619583
0.00391171875,34.47726255032093,44.60760773933849,30.362761806837987,-17.138160992071274,2.8933150595707726
0.0039125,34.40366230082361,44.650264668387166,30.335739493668385,-11.645104598970798,-2.669420575747983
0.00391328125,34.24456588603734,44.69285435494415,30.5212423381169,-15.590904167169553,1.419292150342299
0.0039140625,34.47976303902177,44.73537673487019,30.595178250955588,-14.004641767497876,-0.13555671641672237
0.00391484375,34.27866971379554,44.7778317441273,30.6724086567921,-13.299939718868629,-0.8054833684665701
0.003915625,34.376134655997845,44.82021931877905,30.816538191680863,-15.03123508011616,1.02755395301797
0.00391640625,34.187980191322985,50.08403719628987,30.890076788052443,-13.818861463839552,-5.375098944397876
0.0039171875,33.9919800144984,52.246056844831216,31.28767301801546,-25.205359226867575,4.246975400051821
0.00391796875,34.629409731095016,52.21952886853082,31.34349765227262,-20.08855234639038,-0.7874788698678223
0.00391875,35.29274126437747,4.543358147820109,31.220584472861283,-9.518771506437522,36.1959978314787
0.00391953125,35.81206989786185,0.0002607473619244958,29.47102058585067,59.02847558609863,-29.557715747609883
0.0039203125,33.03516389958474,1.4964496692440653e-08,30.08579418799385,18.57173745799566,11.514056715033696
0.00392109375,36.19709982518151,8.197956315152945e-13,29.851481030332497,25.212501272920036,4.63897975741164
0.003921875,34.06905747651728,-2.7661688105431378e-14,29.1782179636997,42.20850795083867,-13.030289987138941
0.00392265625,34.74630642148622,-3.7751878688718894e-14,29.598044770529924,16.13684344485527,13.461201325674693
0.0039234375,35.294432739655115,-2.968956149659924e-14,28.932993876060337,37.29962294491007,-8.366629068849704
0.00392421875,34.20791075234573,-4.217880849114912e-14,28.926903607934825,26.940972381056106,1.9859312268787606
0.003925,35.24697104341795,-2.1671904160288296e-14,28.79210580059106,25.793116939350398,2.9989888612406825
0.00392578125,34.672866476786496,-4.870506174247096e-14,28.39842749970995,33.287781609264925,-4.889354109554926
0.0039265625,34.75645988857727,-4.5998994194597967e-14,28.41247528479578,24.086214427441902,4.326260857353921
0.00392734375,35.04950650802968,-2.7618707792210742e-14,28.08400355342684,30.23762339689884,-2.153619843471972
0.003928125,34.660789059081104,-4.191361463006945e-14,27.924950574553343,27.869891900614086,0.05505867393930114
0.00392890625,34.992392975926215,-3.105495158473609e-14,27.775028040026026,26.33835222185457,1.4366758181714854
0.0039296875,34.86320984110662,-4.1747738419164336e-14,27.507351498198073,29.211159562688596,-1.7038080644904814
0.00393046875,34.86078796228468,-3.005640838585637e-14,27.3831795349297,26.042991826495264,1.3401877084344633
0.00393125,35.066093332700085,-2.807333288230218e-14,27.157152192396378,27.60908869674047,-0.4519365043440644
0.00393203125,31.65571909735028,51.61070870401004,27.88175848201858,-9.801897880674716,-13.927052341316742
0.0039328125,35.47344660765129,51.698208736862036,29.107611617585153,-50.31496185221721,27.724364732940327
0.00393359375,34.81908857736246,46.29084948625562,28.005744536011868,3.2307298786590892,-21.51583482890284
0.003934375,33.423268232667446,45.81715581006755,28.777380452622197,-27.818072687421108,10.778297329975757
0.00393515625,35.38879901011014,45.857807514561074,28.721267046500877,-17.056111493554578,-0.08042897450561881
0.0039359375,33.81483516169322,45.8984196807237,28.623645134447102,-10.396463054973571,-6.878311491303025
0.00393671875,34.5176446897043,45.93896272639012,29.108849530162743,-25.397761123704957,8.567647927477577
0.0039375,34.63427442442637,45.97943658880898,28.892093933413292,-10.688199884998905,-6.399142770396782
0.00393828125,34.02663105883788,46.01984120702729,29.180629729786787,-19.27830155296532,2.439090075724815
0.0039390625,34.69894354592741,46.06017652019642,29.286394561474786,-17.733094863296373,0.9593129045747375
0.00393984375,34.23359867550226,46.1004424675721,29.29765867298177,-13.960806696021198,-2.841977098569135
0.003940625,34.37224269410823,46.14063898851458,29.54401153400397,-19.455034739230367,2.8584072847197564
0.00394140625,34.483290738929,46.18076602248859,29.556792271390986,-14.785745543602246,-1.8382282074953584
0.0039421875,34.242884430243315,46.22082350906358,29.711211787929532,-16.89947419667733,0.38986247554328224
0.00394296875,34.460158648824624,46.26081138791365,29.837739512773357,-17.03098378601639,0.6079119108760972
0.00394375,34.330781533391374,46.3007295988178,29.908357880018638,-15.303340463783497,-1.089031255015666
0.00394453125,34.34374083713174,46.34057808165994,30.06647048067316,-17.168365323308713,0.8942577223219317
0.0039453125,34.40335500010867,46.380356776428954,30.15062343588581,-15.73006916563999,-0.4996641749031568
0.00394609375,34.32048767571364,46.42006562321886,30.270960516579123,-16.125472633405916,-0.023632473233822338
0.003946875,34.41254477942094,46.459704562228836,30.39299576973047,-16.342401137119364,0.2756923446209961
0.00394765625,35.45948840270784,4.046360432113644,30.28944930716735,-7.220953451171713,33.46404232622542
0.0039484375,35.65982939612362,0.0002322242213592229,28.628608710595405,57.08803956032299,-28.459663073948946
0.00394921875,33.22888645545133,1.3327554450636924e-08,29.250283209096533,17.099876694541383,12.150406501227595
0.00395,36.16710418159821,7.648801946457154e-13,28.96402005981022,25.82668414985533,3.1373359099541265
0.00395078125,34.10409962668947,4.3897154149935466e-17,28.363766590071577,39.92641292047772,-11.562646330406146
0.0039515625,34.865109994422376,2.5192966897982554e-21,28.738151784662744,16.15356496025126,12.584586824411485
0.00395234375,35.469454974433994,1.4458467602592358e-25,28.096413242333433,36.29007534859007,-8.19366210625664
0.003953125,31.420130582593487,46.765199879808925,29.48115726002245,-28.354317671537064,11.07027505175059
0.00395390625,36.49009080523863,46.8132988264546,29.83538832010737,-30.187346374005358,13.20943586765813
0.0039546875,33.522610234530255,46.85223594361645,29.01629539505552,5.846541203051867,-23.682481751612798
0.00395546875,34.00509067322877,46.891101980398204,30.15250135016934,-37.8176897331878,21.079089102958935
0.00395625,35.29524703900606,46.92989739999785,29.59388923381855,-6.035919336873405,-11.300088829305894
0.00395703125,33.36370381910263,46.96862214402015,29.90400134234637,-17.6286334967477,0.5640126950739174
0.0039578125,34.94184185945245,47.007276154146325,30.211467877574517,-23.23201563474514,6.4362073581733314
0.00395859375,34.1901486841814,47.04585937216413,29.966407873728727,-8.585701858965242,-8.493749639470161
0.003959375,34.10641886011276,47.084371739967935,30.413651429756975,-23.091726627676547,6.4210063174655865
0.00396015625,34.67673672336454,47.12281319955882,30.348171060875686,-14.093594566079055,-2.681047572604079
0.0039609375,34.00143944557121,47.16118369304463,30.480680386415695,-15.843451920922693,-0.8370513857062388
0.00396171875,34.46495185956912,47.1994831626401,30.693045836453962,-19.184929326315494,2.678492000129356
0.0039625,34.30042624141438,47.23771155066693,30.678424331912588,-13.662723274685007,-2.896563944069337
0.00396328125,34.19222013241356,47.275868799553834,30.89602490214265,-18.206826521837787,1.826982624426602
0.0039640625,34.41419349073395,47.31395485183671,30.967807300993165,-15.83207097000057,-0.5140765808429765
0.00396484375,34.185573296128005,47.35196965015863,31.072787260390317,-15.671865923919956,-0.607316465848355
0.003965625,34.30604250555705,47.389913137270064,31.228836244374968,-17.167480090119387,1.0064031972242924
0.00396640625,34.270124966009234,47.427785256028706,31.299076264084817,-15.176247453693641,-0.9524615382502462
0.0039671875,34.116101856312845,50.12807913513569,31.45572606989479,-17.011942375631246,-1.6604106896096562
0.00396796875,35.50787749356738,14.856121816208653,31.56679683760291,-15.91656084642993,32.62723586782419
0.00396875,36.4919454369982,0.0008526060342104576,29.75985139437736,57.408719772993265,-27.649720984650116
0.00396953125,32.74801229996384,4.893179065749612e-08,30.170620070047267,24.268187176159415,5.902432844956062
0.0039703125,36.191963032287525,2.7749816717506335e-12,30.201639222515716,19.76026585498126,10.441373367531682
0.00397109375,34.28303929091869,-3.04204358369458e-14,29.324173475855485,46.01788381215738,-16.693710336301862
0.003971875,34.4839812510057,-3.6112629620593615e-14,29.826765966534737,15.49280121581629,14.333964750718483
0.00397265625,35.47410510437578,-2.5179883311496738e-14,29.185871356760185,36.29918981470128,-7.113318457941071
0.0039734375,34.12987494644014,-2.9386470098393264e-14,29.093658699516812,29.231813012927418,-0.13815431341057832
0.00397421875,35.200867172003846,-3.757970002685965e-14,29.048078827523064,24.193579436374947,4.854499391148156
0.003975,34.74490516329448,-2.3404255154815648e-14,28.5948421191444,34.44553805996576,-5.850695940821339
0.00397578125,34.65381819588302,-4.020531804146063e-14,28.623198122647644,24.281282681468554,4.341915441179129
0.0039765625,35.08280025371372,-2.1451709580220194e-14,28.31177340913412,29.870392961051138,-1.5586195519169976
0.00397734375,34.62766431736463,-4.4249387890657376e-14,28.119065171292466,28.818753044722293,-0.6996878734297843
0.003978125,34.944763496468994,-2.5129032752272265e-14,27.99710099940165,25.998455950590113,1.998645048811559
0.00397890625,34.86037312036142,-4.31536347490345e-14,27.71272196345283,29.638816584548405,-1.9260946210955325
0.0039796875,34.78195457951482,-2.3755499976443945e-14,27.58823924323921,26.333488074128912,1.2547511691103261
0.00398046875,34.94822538666265,-4.2738307505236984e-14,27.369783132646496,27.584224427553956,-0.2144412949074159
0.00398125,34.791644022835634,-4.157703101927991e-14,27.16873479388324,27.582617767430534,-0.4138829735472518
0.00398203125,34.77543493121557,-3.3333313428414705e-14,27.008023655823933,26.24389096049188,0.7641326953320875
0.0039828125,31.904152210948013,48.627847857335695,27.95796648344491,-19.274730214129995,-1.3951511597607897
0.00398359375,35.995429644759334,48.24282556454589,28.69035493383256,-38.5736578280089,19.021187197295568
0.003984375,34.18133538568108,48.27901650886386,27.808263255716604,2.740737929635811,-23.211491182783067
0.00398515625,33.758854294852476,48.31515892382709,28.816708515378895,-36.265890400018364,16.767439991570168
0.0039859375,35.41454892759835,48.351228578421754,28.494996048137587,-13.63958757423181,-6.216644956052359
0.00398671875,33.58834840309365,48.387225416940055,28.627914611443128,-16.716420938195583,-3.042889867301344
0.0039875,34.790182240102176,48.42314938517136,29.04324249644081,-27.0676131272172,7.687706238486655
0.00398828125,34.43400914790842,48.459000429014786,28.814824338247234,-11.884143888534005,-7.760032202233545
0.0039890625,34.09074511754451,48.49477849447936,29.210857037401027,-23.9789811965141,4.695059739435762
0.00398984375,34.72861874994463,48.53048352768387,29.23770079565755,-18.29272180866729,-1.0000609233590285
0.003990625,34.132105576977885,48.566115474857256,29.32675922356793,-17.396093991225513,-1.8432622600638127
0.00399140625,34.452445434238754,48.60167428233844,29.57395522978184,-21.881624898252667,2.8539058456960653
0.0039921875,34.416491370724096,48.63715989657649,29.58337193715878,-16.573807164745034,-2.4799807946726777
0.00399296875,34.24066475183848,48.67257226413071,29.78868350196752,-20.070515476557958,1.1866267143947709
0.00399375,34.468858925255134,48.70791133167071,29.900722597014177,-18.820657934098307,0.013469199441774382
0.00399453125,34.283167057977614,48.7431770459765,30.00367987974713,-17.87588180073725,-0.8636153654921238
0.0039953125,34.35996390696308,48.77836935393856,30.177150052800652,-19.585641965398047,0.9844226642601399
0.00399609375,34.380639680225634,48.81348820255789,30.267709364664384,-17.78161778143231,-0.7641610564611965
0.003996875,34.33174183258964,48.848533538946185,30.416295034213384,-18.676134882679335,0.24389637794653254
0.00399765625,35.54387611506174,4.253980136581422,30.334563256235366,-9.624532566508305,35.70511568616225
0.0039984375,35.706295635399634,0.00024413970071845452,28.571102714128738,59.12388087963309,-30.553022305205072
0.00399921875,33.137828469122745,1.4011394400820026e-08,29.258685960484197,16.03399791461708,13.224688031855724
