time_s,bus_V,bridge_A,source_A,cap_branch_0_A
0.0,33.208678298412586,8.041263771422776e-13,24.42404280598223,24.424042805981426
7.8125e-07,33.42870284917756,4.6149527443044545e-17,25.549289044406308,25.549289044406308
1.5625e-06,33.66834926680334,2.6485623948628296e-21,26.46826379085192,26.46826379085192
2.34375e-06,34.12607706213512,1.520033497231136e-25,27.183337331329025,27.183337331329025
3.125e-06,33.63643594671256,49.116692793672655,27.97612240891441,-21.140570384758245
3.90625e-06,33.49910660563547,49.16062429620549,28.731786037353547,-20.428838258851943
4.6875e-06,33.34489323221847,49.19493217390965,29.587300357638668,-19.60763181627098
5.46875e-06,33.19280077354833,49.229165416875546,30.533565409603263,-18.695600007272283
6.25e-06,33.04671772488984,49.26332452157656,31.561230041620046,-17.70209447995651
7.03125e-06,32.90829308103286,49.29740943660113,32.6607932217529,-16.636616214848235
7.8125e-06,32.77851019009536,49.331420110618,33.82267080861376,-15.50874930200424
8.59375e-06,32.6580603736433,49.365356492407706,35.03725974962288,-14.32809674278482
9.375e-06,32.547465549988964,49.39921853086267,36.29499977537645,-13.104218755486219
1.015625e-05,32.4471291825145,49.433006174987284,37.58643236834624,-11.846573806641047
1.09375e-05,32.35736358674692,49.466719373897945,38.902256758242515,-10.564462615655428
1.171875e-05,32.278410933094015,49.50035807682321,40.233382712851956,-9.266975363971255
1.25e-05,32.21046839350671,49.53392223310378,41.57097991999484,-7.962942313108943
1.328125e-05,32.15373192495705,49.56741179219266,42.90652378792231,-6.660888004270351
1.40625e-05,32.10849575908065,49.60082670365516,44.23183753124465,-5.368989172410508
1.484375e-05,32.07543884744012,49.63416691716904,45.53913048068608,-4.0950364364829595
1.5625e-05,32.05674198012087,49.66743238252455,46.82103281167394,-2.8463995708506165
1.640625e-05,32.063596926250966,49.70062304962447,48.07062911497423,-1.6299939346502357
1.71875e-05,32.65209422546105,49.73373886848428,49.28169887850666,-0.452039989977618
1.796875e-05,32.395996553200824,0.042999494043953944,50.1313385990388,50.088339104994844
1.875e-05,32.83679630544597,2.4677791980230203e-06,50.772884251377185,50.77288178359799
1.953125e-05,33.26780939679916,1.4165061556173432e-10,51.067321341061046,51.06732134091939
2.03125e-05,33.695390063906935,2.54201932305106e-14,51.02631190377572,51.02631190377569
2.109375e-05,34.11924063860383,1.926547826272095e-14,50.66330644351508,50.66330644351506
2.1875e-05,34.537591912956934,-2.0164894864947715e-14,49.99326807160771,49.99326807160773
2.265625e-05,34.94834504315558,-1.387568894089585e-14,49.03251857615561,49.032518576155624
2.34375e-05,35.34937067625006,-1.005185422533988e-14,47.79858160215158,47.798581602151586
2.421875e-05,35.738615607123016,-1.6899653505400938e-14,46.3100242997069,46.31002429970692
2.5e-05,36.11415072830074,-1.084625476729045e-14,44.58629855790353,44.58629855790355
2.578125e-05,36.474197419593985,3.991465257647407e-15,42.64758286222924,42.647582862229235
2.65625e-05,36.817145435834256,2.7273625291589368e-15,40.51462575924843,40.51462575924843
2.734375e-05,37.14156859534658,2.3339807390846823e-15,38.208591860652376,38.208591860652376
2.8125e-05,37.44624378614713,4.262017820485875e-15,35.75091126587635,35.75091126587634
2.890625e-05,37.73018276529847,3.1653820082872503e-15,33.16313322807789,33.16313322807789
2.96875e-05,37.99270052752617,1.3659902926349864e-14,30.466784835422956,30.466784835422942
3.046875e-05,38.23359167183742,1.2566099840641608e-14,27.683235438956448,27.683235438956434
3.125e-05,38.45359715468403,1.3880661138950428e-14,24.83356754284644,24.833567542846424
3.203125e-05,38.62825777477684,1.148189458620095e-14,21.938444192306957,21.938444192306946
3.28125e-05,39.03488034138109,2.9105614910763586,19.036782564986513,16.126221073910155
3.359375e-05,38.4564631907972,50.40256043815159,16.407629408389106,-33.99493102976248
3.4375e-05,38.19268493045601,50.443250009890605,13.962049623793682,-36.48120038609692
3.515625e-05,37.8879732674893,50.47463131357104,11.843992425523226,-38.63063888804781
3.59375e-05,37.56246252118603,50.505936073518896,10.054244534544708,-40.45169153897419
3.671875e-05,37.2218667211552,50.53716477240938,8.591447285966595,-41.94571748644279
3.75e-05,36.869829410207394,50.568317363243025,7.452220629612135,-43.11609673363089
3.828125e-05,36.50940724211934,50.599393799104604,6.631264638131839,-43.968129160972765
3.90625e-05,36.143407978473405,50.63039403319356,6.121468746896959,-44.5089252862966
3.984375e-05,35.77449114879899,50.66131801882409,5.9140280873541045,-44.747289931469986
4.0625e-05,35.40520219303283,50.692165709425254,5.998565964797855,-44.6935997446274
4.140625e-05,35.03798592472607,50.72293705854098,6.363261480476709,-44.35967557806427
4.21875e-05,34.67519646960161,50.75363201983015,6.994981293354918,-43.75865072647523
4.296875e-05,34.319115506792166,50.78425054706673,7.879414528202261,-42.90483601886447
4.375e-05,33.97199804527194,50.81479259413977,9.001209859320795,-41.81358273481897
4.453125e-05,33.63619924062044,50.8452581150535,10.344113839118904,-40.50114427593459
4.53125e-05,33.31458485575443,50.87564706392738,11.891109636554937,-38.984537427372445
4.609375e-05,33.01232566121034,50.905959394996216,13.624555784188807,-37.28140361080741
4.6875e-05,32.75211706588438,50.93619506261018,15.526329475788415,-35.409865586821766
4.765625e-05,32.480451381169814,4.435372638915238,17.42579449306893,12.990421854153693
4.84375e-05,32.64967851553305,0.0002545499776380684,19.33770861439406,19.337454064416423
4.921875e-05,32.841683763656995,1.4608849445260643e-08,21.064432172698623,21.064432158089772
5e-05,33.036283320046124,8.384148531246036e-13,22.58966886629693,22.58966886629609
5.078125e-05,33.24260768586468,4.8117373553192157e-17,23.911671631910043,23.911671631910043
5.15625e-05,33.47063222803907,2.761498832026708e-21,25.030052502480515,25.030052502480515
5.234375e-05,33.92719728402937,1.5848487222301773e-25,25.945816631171326,25.945816631171326
5.3125e-05,33.39824706181741,51.1653649635056,26.95086201211918,-24.21450295138642
5.390625e-05,33.237835263811625,51.20485816960379,27.92406919045141,-23.28078897915238
5.46875e-05,33.061398025058,51.234325288375665,29.006653202798823,-22.22767208557684
5.546875e-05,32.88876338469168,51.263714678199115,30.18767018115169,-21.076044497047423
5.625e-05,32.72399621650065,51.293026865761945,31.455947445959694,-19.83707941980225
5.703125e-05,32.568812868827955,51.322261806953286,32.8001968326332,-18.522064974320088
5.78125e-05,32.42421964982295,51.35141945774585,34.20909146926968,-17.142327988476165
5.859375e-05,32.29090005393381,51.38049977422874,35.67133928646069,-15.709160487768045
5.9375e-05,32.16933898506617,51.40950271260751,37.17575331152397,-14.233749401083541
6.015625e-05,32.05986949809426,51.43842822920429,38.711318501195684,-12.727109728008607
6.09375e-05,31.962689411314184,51.46727628045776,40.267254843733525,-11.200021436724235
6.171875e-05,31.877859818007824,51.496046822923276,41.83307648147167,-9.662970341451604
6.25e-05,31.805281433463048,51.524739813272916,43.398646633158094,-8.12609318011482
6.328125e-05,31.74462171453095,51.55335520829556,44.95422812051983,-6.599127087775725
6.40625e-05,31.6950891443017,51.58189296489692,46.490529304681154,-5.091363660215771
6.484375e-05,31.654562570158674,51.6103530400997,47.998745100227815,-3.6116079398718854
6.5625e-05,31.61421794901963,51.6387353910435,49.47059126492735,-2.1681441261161467
6.640625e-05,31.38795638367742,51.667039974985016,50.89826163582735,-0.7687783391576603
6.71875e-05,32.06058194960778,5.964340815737469,52.01557199824924,46.05123118251177
6.796875e-05,32.42392095031085,6.024466352676036,52.92759347350137,46.90312712082533
6.875e-05,32.81203525381544,0.045900857903488544,53.48267431153255,53.43677345362906
6.953125e-05,33.2595034626412,2.6342910189169565e-06,53.69746401129288,53.69746137700186
7.03125e-05,33.7031354100453,1.5118470975295605e-10,53.563389306229936,53.563389306078754
7.109375e-05,34.14365399624722,1.0305745332755123e-14,53.0948882963718,53.09488829637179
7.1875e-05,34.57866175405266,5.463321315596837e-15,52.30808166885208,52.308081668852076
7.265625e-05,35.0056066750514,9.662836233154527e-15,51.22047483839784,51.220474838397834
7.34375e-05,35.42206087857073,1.2718568867811083e-14,49.85079257925924,49.85079257925923
7.421875e-05,35.82576123179486,2.9654965172952555e-15,48.218812341254434,48.218812341254434
7.5e-05,36.21461939854442,9.555997165648415e-15,46.345197432120905,46.3451974321209
7.578125e-05,36.586726428563146,7.84800886638673e-15,44.25133113927513,44.25133113927512
7.65625e-05,36.9403560173431,1.302353425787536e-14,41.95915280767859,41.95915280767858
7.734375e-05,37.27396773739073,1.2034267450965915e-14,39.49099683703126,39.49099683703125
7.8125e-05,37.586213062850675,1.5061660934469487e-14,36.86943550583635,36.869435505836336
7.890625e-05,37.87595636333307,-2.0637521037368173e-14,34.11712647412405,34.11712647412407
7.96875e-05,38.142377461617805,-1.564393022566667e-14,31.256665777887093,31.256665777887108
8.046875e-05,38.38573110255546,-2.0443498751535245e-14,28.31044729031885,28.310447290318873
8.125e-05,38.63397594123268,-1.8202572240330414e-14,25.300540327014076,25.300540327014094
8.203125e-05,38.71296419626948,7.263947859497225,22.289592451974045,15.025644592476818
8.28125e-05,38.80304981590563,7.33418901212632,19.281281596729972,11.947092584603652
8.359375e-05,38.3312816697595,7.403017668028108,16.315346391495012,8.912328723466906
8.4375e-05,38.64379583387706,52.29391020357998,13.699187549232931,-38.59472265434705
8.515625e-05,38.286192026751856,52.32291066903041,11.302713204561222,-41.02019746446919
8.59375e-05,37.926592468910734,52.34925767778627,9.26064491772567,-43.0886127600606
8.671875e-05,37.55571531686517,52.375525701744145,7.572168049440791,-44.803357652303355
8.75e-05,37.17405877993894,52.40171484909837,6.234253509883999,-46.16746133921437
8.828125e-05,36.783698656814934,52.42782508041704,5.2417681883970815,-47.186056892019955
8.90625e-05,36.38710807054799,52.45385635637862,4.5875897765961895,-47.86626657978243
8.984375e-05,35.986852615211056,52.47980863778048,4.262730036384191,-48.21707860139629
9.0625e-05,35.58547716235005,52.505681885538955,4.256465130285413,-48.24921675525354
9.140625e-05,35.1854478875259,52.5314760606894,4.556471855707073,-47.975004204982326
9.21875e-05,34.78910998151061,52.55719112438626,5.148968671087921,-47.408222453298336
9.296875e-05,34.398641627078256,52.58282703790309,6.018860422966036,-46.56396661493705
9.375e-05,34.01597969675165,52.6083837626327,7.149885699693321,-45.45849806293938
9.453125e-05,33.64265191543699,52.63386126008711,8.524765744606434,-44.109095515480675
9.53125e-05,33.27926206009882,52.65925949189766,10.125353808849177,-42.53390568304848
9.609375e-05,32.923169110647756,52.68457841981508,11.93278332333989,-40.75179509647519
9.6875e-05,32.545760255920804,52.70981800570953,13.927605619528528,-38.782212386181
9.765625e-05,32.713237758654564,1.3539020478246562,15.90797225884665,14.554070211021994
9.84375e-05,32.69160652576382,7.770164179084374e-05,17.906136928685633,17.906059227043844
9.921875e-05,32.83010928657471,4.4593662788923705e-09,19.71608071656151,19.716080712102144
0.0001,32.9914948130609,2.5592699396045086e-13,21.329823680907147,21.32982368090689
0.00010078125,33.16498869623384,1.468787763581093e-17,22.74484200549445,22.74484200549445
0.0001015625,33.33916914756136,8.429503512157564e-22,23.959971037922756,23.959971037922756
0.00010234375,33.40174935222727,4.83776698195196e-26,24.975314427788565,24.975314427788565
0.000103125,33.5141156102702,52.873999238721964,26.05630986000895,-26.817689378713013
0.00010390625,33.25349445089726,52.933395654007626,27.108287805141423,-25.825107848866203
0.0001046875,33.03333279421868,52.957841750215856,28.28262640515043,-24.675215345065425
0.00010546875,32.8298400404098,52.98220609161661,29.56731148184757,-23.41489460976904
0.00010625,32.63980216796835,53.00649064265765,30.950009684576333,-22.05648095808132
0.00010703125,32.46273362707824,53.0306953668817,32.41825160819069,-20.61244375869101
0.0001078125,32.29878025692107,53.05482022783692,33.95951540319676,-19.095304824640163
0.00010859375,32.14825071043739,53.07886518919169,35.56130806538921,-17.517557123802472
0.000109375,32.01147313105263,53.10283021473472,37.21124347498578,-15.891586739748945
0.00011015625,31.888746408080802,53.126715268375136,38.89711672698269,-14.229598541392452
0.0001109375,31.780330283547034,53.150520314142476,40.60697440526667,-12.543545908875807
0.00011171875,31.68646405767229,53.174245316186756,42.32918051074327,-10.845064805443483
0.0001125,31.607431463184994,53.19789023877857,44.05247780462585,-9.145412434152716
0.00011328125,31.543752961412544,53.22145504630908,45.76604439496705,-7.455410651342032
0.0001140625,31.496881067740095,53.244939703290115,47.45954556368015,-5.785394139609966
0.00011484375,31.473091985459043,53.26834417435421,49.1231819039087,-4.145162270445513
0.000115625,31.561660333842333,53.291668424254645,50.747765375923684,-2.543903048330964
0.00011640625,31.628956582630934,10.310870477123906,52.10989071660556,41.799020239481656
0.0001171875,32.0177898267378,10.350731158459354,53.28102369062175,42.9302925321624
0.00011796875,32.391019871206275,10.418969760855123,54.13399715106158,43.71502739020646
0.00011875,32.788001938941306,10.487194301999459,54.67628085841463,44.18908655641517
0.00011953125,33.17743460533725,0.006926234291592784,54.86446015610121,54.85753392180962
0.0001203125,33.64140041382711,3.975027224204962e-07,54.728395061686804,54.72839466418408
0.00012109375,34.095691195610875,2.2799603458732976e-11,54.25061065153176,54.25061065150896
0.000121875,34.54266245286964,-1.1656968216105988e-14,53.44755540950323,53.447555409503245
0.00012265625,34.98062062880677,-1.3656647986844195e-14,52.337112026037836,52.33711202603785
0.0001234375,35.407425122917324,-1.1299383231465972e-14,50.938409272037845,50.93840927203786
0.00012421875,35.82093428694414,-1.2640213070598912e-14,49.271651860685665,49.27165186068568
0.000125,36.21911732576583,-7.292902164729743e-15,47.35795004567637,47.357950045676375
0.00012578125,36.60009742962641,-1.015413924462909e-14,45.21915014997975,45.219150149979754
0.0001265625,36.962176368917646,-7.050201776549091e-15,42.87766708330741,42.877667083307415
0.00012734375,37.30385863864498,4.2029223937043414e-17,40.356319839723795,40.356319839723795
0.000128125,37.623897634384655,3.006642408453028e-15,37.678170911390644,37.678170911390644
0.00012890625,37.9214457396473,2.5179026603758473e-15,34.866370519623786,34.866370519623786
0.0001296875,38.1968474675736,3.1060989721285265e-15,31.94400670408631,31.944006704086306
0.00013046875,38.463573752496075,6.931755330492594e-15,28.933966709132996,28.93396670913299
0.00013125,38.56841862501492,11.550790584672505,25.909628016036812,14.358837431364305
0.00013203125,38.679857775392925,11.644509868371053,22.87702773501928,11.232517866648227
0.0001328125,38.751777498749846,11.712435909205754,19.892430412591622,8.179994503385869
0.00013359375,38.78351549073074,11.780342832032932,16.973379809834668,5.193036977801736
0.000134375,38.291526648705634,11.848232013791819,14.136047136352794,2.2878151225609744
0.00013515625,38.53347658274287,53.84619295999048,11.666773506011864,-42.17941945397862
0.0001359375,38.14860140175448,53.86982856232532,9.442374439945716,-44.4274541223796
0.00013671875,37.76226604482843,53.89097409849006,7.587218333352276,-46.30375576513779
0.0001375,37.36605898968016,53.91203833757058,6.098688612555776,-47.8133497250148
0.00013828125,36.96071770313406,53.93302138608773,4.97194265337,-48.96107873271773
0.0001390625,36.548441888856175,53.953923212449354,4.200033896816251,-49.7538893156331
0.00013984375,36.131783351534104,53.974743785177694,3.774038197275317,-50.20070558790238
0.000140625,35.713356195975585,53.995483072917324,3.683188066963993,-50.31229500595333
0.00014140625,35.295725150855205,54.01614104443526,3.915013402364238,-50.10112764207102
0.0001421875,34.88134131972267,54.036717668620966,4.455487493221497,-49.58123017539947
0.00014296875,34.47248148171045,54.05721291448643,5.289177162416756,-48.76803575206967
0.00014375,34.07115273913029,54.07762675116618,6.399395905401704,-47.678230845764475
0.00014453125,33.678868635734766,54.09795914791733,7.768358897887836,-46.32960025002949
0.0001453125,33.29590985698922,54.11821007411967,9.377338641252912,-44.74087143286676
0.00014609375,32.91752195620828,54.138379499275665,11.206819087920529,-42.931560411355136
0.000146875,32.47773474154527,54.15846739301054,13.236625162561126,-40.921842230449414
0.00014765625,32.69105264083403,0.12106077323630683,15.208079081650029,15.087018308413722
0.0001484375,32.76323540199709,6.947785367518942e-06,17.176613787233602,17.176606839448233
0.00014921875,32.89948018363369,3.987395770129887e-10,18.95917668852712,18.95917668812838
0.00015,33.055798604327656,2.2884018700375272e-14,20.551414421298233,20.55141442129821
0.00015078125,33.224128375408064,1.3133341711451598e-18,21.950709798494813,21.950709798494813
0.0001515625,33.39602161920049,7.537341529393428e-23,23.155771824100135,23.155771824100135
0.00015234375,33.52474567640347,4.325747291047956e-27,24.166574800751018,24.166574800751018
0.000153125,33.68232991213629,53.904823092680154,25.196059077130066,-28.708764015550088
0.00015390625,33.380887961906026,54.33556096053585,26.183200333634307,-28.152360626901544
0.0001546875,33.13739740012477,54.35485550623777,27.30894049258245,-27.045915013655318
0.00015546875,32.91295126568692,54.37404458610786,28.561967849493815,-25.812076736614042
0.00015625,32.70248150342771,54.39315177829457,29.92945018784109,-24.463701590453482
0.00015703125,32.50522933756225,54.412177055377626,31.398335123494014,-23.01384193188361
0.0001578125,32.321345010740444,54.43112038870537,32.955440272365294,-21.475680116340072
0.00015859375,32.15121608632586,54.44998174974949,34.5875416986896,-19.86244005105989
0.000159375,31.995276166074945,54.468761110105135,36.28145933907906,-18.187301771026068
0.00016015625,31.85394527761405,54.48745844149091,38.02413884191522,-16.463319599575694
0.0001609375,31.72762656586366,54.50607371574898,39.80272941459126,-14.703344301157722
0.00016171875,31.61675681552299,54.52460690484507,41.60465734218325,-12.919949562661822
0.0001625,31.52197991755851,54.54305798086854,43.41769491319231,-11.125363067676233
0.00016328125,31.444790118888587,54.5614269160324,45.23002465208476,-9.331402263947643
0.0001640625,31.391150712403704,54.579713682673365,47.030299762869014,-7.549413919804351
0.00016484375,31.444280412357376,54.597918253251905,48.80773013040339,-5.790188122848514
0.000165625,31.479715837325884,14.574525119814705,50.35206253239318,35.777537412578475
0.00016640625,31.816526985579642,14.615156718605508,51.727657023932935,37.11250030532743
0.0001671875,32.13957664041845,14.682207289468348,52.813941991382464,38.13173470191412
0.00016796875,32.46594561635154,14.749237266663819,53.615761209201885,38.866523942538066
0.00016875,32.79993521737041,14.816245031861595,54.13964240073361,39.32339736887201
0.00016953125,33.31237812547905,14.883230484062139,54.39368596035163,39.51045547628949
0.0001703125,33.55626321830146,0.0008541618247975686,54.29080637995954,54.289952218134744
0.00017109375,34.01253141646151,4.902111026676621e-08,53.890118739534316,53.890118690513205
0.000171875,34.45805352535711,2.817473087372351e-12,53.16341595697972,53.1634159569769
0.00017265625,34.894341653998,7.176330908138352e-15,52.12812458350918,52.12812458350917
0.0001734375,35.31977117828679,5.686258307548192e-15,50.80294418507128,50.802944185071276
0.00017421875,35.73231947010805,1.3043301187966081e-14,49.20767732521236,49.207677325212344
0.000175,36.129963051477205,5.501032926411999e-15,47.36306076180397,47.363060761803965
0.00017578125,36.51077572627994,4.9332832805121835e-15,45.29059723888443,45.29059723888442
0.0001765625,36.87295086119525,-2.9317146072132505e-14,43.012389004360855,43.012389004360884
0.00017734375,37.21477704879231,-2.4787130415487072e-14,40.550974052186454,40.550974052186476
0.000178125,37.5345167391428,-2.06690515967243e-14,37.92916599704034,37.929165997040364
0.00017890625,37.829850332029636,-1.953444759004525e-14,35.169898302192024,35.169898302192045
0.0001796875,38.09315078501743,-1.3498363503834623e-14,32.29607199531939,32.2960719953194
0.00018046875,38.34032965675754,14.443250356779522,29.37764312757804,14.93439277079852
0.00018125,38.430727585326174,15.885187256918636,26.42689451548734,10.541707258568703
0.00018203125,38.49345833250223,15.951880934537435,23.52147489442319,7.569593959885755
0.0001828125,38.53433695881943,16.018471663854008,20.682365859839432,4.663894195985423
0.00018359375,38.54938947996146,16.08503826511216,17.925386284131726,1.8403480190195638
0.000184375,38.52943343244273,16.151580642593128,15.265209289675774,-0.8863713529173552
0.00018515625,38.02636312527516,16.218098696085537,12.715140860047594,-3.502957836037944
0.0001859375,38.203249420366966,55.056046160555155,10.538164674810957,-44.5178814857442
0.00018671875,37.801696424616374,55.074166591491405,8.618393401864246,-46.45577318962716
0.0001875,37.40024124987408,55.089976182112366,7.068744833632671,-48.021231348479695
0.00018828125,36.99127843408634,55.10570268036366,5.884596240379096,-49.22110643998457
0.0001890625,36.57566043661515,55.12134619041526,5.059185106742511,-50.06216108367275
0.00018984375,36.15557850487355,55.136906688715655,4.583739736241263,-50.55316695247439
0.000190625,35.733528665893765,55.152384151831015,4.44761347831367,-50.704770673517345
0.00019140625,35.31203574741279,55.16777855645256,4.638425866277949,-50.52935269017461
0.0001921875,34.89353726613981,55.1830898793966,5.142209263974152,-50.040880615422445
0.00019296875,34.48029699651345,55.198318097604556,5.943559822136763,-49.25475827546779
0.00019375,34.074279954909386,55.21346318814301,7.025791588528733,-48.187671599614276
0.00019453125,33.676850337550285,55.228525128203735,8.371092608576639,-46.857432519627096
0.0001953125,33.28768985312573,55.243503895103714,9.960681677421867,-45.28282221768185
0.00019609375,32.898264576108836,55.258399466285184,11.774962622001858,-43.483436844283325
0.000196875,32.28571984539814,55.273211819315705,13.793590217091449,-41.479621602224256
0.00019765625,32.761898929340894,0.010752681562900096,15.682777119483905,15.672024437921005
0.0001984375,32.86331310255275,6.171059512273364e-07,17.555989653869716,17.555989036763766
0.00019921875,33.00481179031303,3.541625898735211e-11,19.24424981691458,19.24424981687916
0.0002,33.1638958763405,2.0325705791113353e-15,20.744084104373133,20.74408410437313
0.00020078125,33.33425607395692,1.1665103196089625e-19,22.053387389131046,22.053387389131046
0.0002015625,33.509344131719786,6.69470639661201e-24,23.171345419640474,23.171345419640474
0.00020234375,33.66408007582648,3.8421514995136973e-28,24.09838108253272,24.09838108253272
0.000203125,33.85639716522286,50.56807617498295,25.00147131118248,-25.566604863800467
0.00020390625,33.594403831354455,55.40249787992115,25.846924720470216,-29.555573159450933
0.0002046875,33.33243588045257,55.416753489949215,26.83287457315115,-28.583878916798064
0.00020546875,33.09262475425018,55.43064901452038,27.9613565092901,-27.46929250523028
0.00020625,32.86666349720415,55.44446104565989,29.219694590389604,-26.224766455270288
0.00020703125,32.65331280368285,55.45818957844217,30.594889233619256,-24.863300344822918
0.0002078125,32.452641070716254,55.47183459219319,32.07371091740096,-23.39812367479223
0.00020859375,32.26503434100667,55.485396066363805,33.6427927322708,-21.842603334093006
0.000209375,32.09091849162362,55.49887398053069,35.288720444689375,-20.210153535841314
0.00021015625,31.93064395565678,55.51226831439634,36.99811938321261,-18.51414893118373
0.0002109375,31.784396313806283,55.52557904778912,38.75773766573157,-16.76784138205755
0.00021171875,31.652037852565044,55.538806160663334,40.55452534284406,-14.984280817819272
0.0002125,31.5326063971722,55.551949633099184,42.37570899348087,-13.176240639618314
0.00021328125,31.421733055335963,55.56500944530282,44.20886069706377,-11.35614874823905
0.0002140625,31.2733936467076,55.5779855776064,46.041946069998374,-9.536039507608022
0.00021484375,31.57277049991472,18.809239055252057,47.70142013175827,28.892181076506212
0.000215625,31.77810512399177,18.792270776289616,49.22854959827525,30.436278821985635
0.00021640625,32.02807749085425,18.85772940163116,50.50293124156471,31.645201839933545
0.0002171875,32.29227303688828,18.923164359750533,51.52659052619509,32.60342616644456
0.00021796875,32.565661969833734,18.988570820197957,52.30330741055199,33.31473659035403
0.00021875,32.84658291067092,19.053948684200886,52.83828052957864,33.78433184537776
0.00021953125,33.14065306964589,19.11929785330146,53.138040289827785,34.018742436526324
0.0002203125,33.425328098657126,1.6683767454640068,53.153074133586834,51.484697388122825
0.00022109375,33.86834344257046,9.574962415465707e-05,52.904641838292854,52.9045460886687
0.000221875,34.31030589980214,5.495135405009674e-09,52.33520584524703,52.33520583975189
0.00022265625,34.74131418767564,3.038395832498404e-13,51.45624927431816,51.456249274317855
0.0002234375,35.16210466777542,-8.30771397053003e-15,50.28551752137898,50.285517521378985
0.00022421875,35.57108303872143,-1.2255637781154554e-14,48.841907979034055,48.84190797903407
0.000225,35.96631388056367,-8.335299396476631e-15,47.14530539515081,47.145305395150814
0.00022578125,36.345849664726025,-1.02946863248675e-14,45.216417068335694,45.2164170683357
0.0002265625,36.7077871971908,7.377281937636545e-15,43.07660919823711,43.0766091982371
0.00022734375,37.050184169530624,4.93365217062048e-15,40.747745432340835,40.74774543234083
0.000228125,37.3706067323402,8.38846224433448e-15,38.252028441611294,38.25202844161129
0.00022890625,37.66299709821395,5.9093350885075225e-15,35.61184437001616,35.61184437001615
0.0002296875,37.69532552347355,4.979294670920451e-15,32.84952463766272,32.84952463766271
0.00023046875,38.0639980750935,20.029972346434292,30.116744885925478,10.086772539491186
0.00023125,38.12048509269382,20.096025117906283,27.370569837052148,7.274544719145865
0.00023203125,38.16093974591502,20.16090187977168,24.686312036750174,4.525410156978495
0.0002328125,38.18024298834547,20.225748213927865,22.078972877600975,1.8532246636731118
0.00023359375,38.17743309212769,20.290564088468972,19.562474190326174,-0.7280898981427968
0.000234375,38.15121687301598,20.355349405787273,17.149613867892505,-3.2057355378947676
0.00023515625,38.093875808268734,20.420104068317222,14.852026183048135,-5.568077885269087
0.0002359375,37.59693504419301,20.484827978539474,12.67999590085942,-7.804832077680053
0.00023671875,37.72185112598894,55.91577586311519,10.871485531328638,-45.044290331786556
0.0002375,37.32071839890599,55.928265887558645,9.318727684628108,-46.60953820293054
0.00023828125,36.92159805582857,55.938638993102835,8.122630909833056,-47.81600808326978
0.0002390625,36.51774052272148,55.948927739409626,7.2768249128273865,-48.67210282658224
0.00023984375,36.11010846691627,55.95913222763566,6.772965047336648,-49.186167180299016
0.000240625,35.70089212858351,55.96925244241987,6.600866139807756,-49.368386302612116
0.00024140625,35.29258379900079,55.979288368521374,6.748639093069649,-49.230649275451725
0.0002421875,34.88776044461129,55.98923999082626,7.202833204319127,-48.786406786507136
0.00024296875,34.48905186351379,55.99910729434758,7.948582865917892,-48.05052442842969
0.00024375,34.099244518932096,56.00889026422532,8.969757529767605,-47.039132734457716
0.00024453125,33.721713811648264,56.01858888572654,10.24911394425802,-45.769474941468516
0.0002453125,33.36238413122034,56.02820314424525,11.768450148719552,-44.2597529955257
0.00024609375,33.046453552724834,56.03773302530259,13.508766140419773,-42.52896688488282
0.000246875,32.71520686369276,4.878050088343907,15.283081699583274,10.405031611239366
0.00024765625,32.86630228664492,0.00027995562988570097,17.10813768580612,17.107857730176235
0.0002484375,33.039838232620404,1.6066902406758158e-08,18.766817891272495,18.766817875205593
0.00024921875,33.213258647215675,9.220938084141603e-13,20.241257204910408,20.241257204909484
0.00025,33.394879221372925,5.29197831660501e-17,21.529352063074143,21.529352063074143
0.00025078125,33.58622041617024,3.0371133877995934e-21,22.630261574851346,22.630261574851346
0.0002515625,33.788920441638176,1.7430263652835747e-25,23.54436517398206,23.54436517398206
0.00025234375,34.01235741747119,1.0003383219995026e-29,24.273215602943086,24.273215602943086
0.000253125,34.48316865245987,5.741030533970031e-34,24.819574822821625,24.819574822821625
0.00025390625,33.86962783188105,56.11747077817384,25.504963869020244,-30.612506909153595
0.0002546875,33.657464606722556,56.13698816420927,26.19744374125776,-29.93954442295151
0.00025546875,33.425130466333414,56.145505059162886,27.05254003244889,-29.092965026713998
0.00025625,33.19468653667734,56.153936773524514,28.058528833232664,-28.09540794029185
0.00025703125,32.970908705634045,56.16228392103622,29.2031520120466,-26.95913190898962
0.0002578125,32.75599256285023,56.17054648916329,30.473752682845742,-25.69679380631755
0.00025859375,32.55133706354735,56.178724465462494,31.857371859017473,-24.32135260644502
0.000259375,32.35794707459154,56.186817837617916,33.340842676306494,-22.845975161311426
0.00026015625,32.17652226182164,56.19482659344108,34.910882103138405,-21.28394449030267
0.0002609375,32.00738117738205,56.20275072087097,36.55417971138284,-19.64857100948813
0.00026171875,31.850036487211458,56.210590207973965,38.25748297448348,-17.953107233490485
0.0002625,31.700865659830797,56.21834504294395,40.00767798806439,-16.21066705487957
0.00026328125,31.518415604501765,56.226015214102304,41.79185158877203,-14.434163625330271
0.0002640625,31.7430706171249,22.868405430262,43.45044103364293,20.58203560338093
0.00026484375,31.883555045264632,22.857111177697522,45.01866560249789,22.161554424800368
0.000265625,32.06578741185791,22.92059041578419,46.384979150731525,23.46438873494733
0.00026640625,32.262182344688725,22.984039429168515,47.54883535089412,24.564795921725604
0.0002671875,32.46788107908114,23.04745382925124,48.51121457405864,25.463760744807406
0.00026796875,32.68007539870046,23.110833520285027,49.27433699167076,26.16350347138573
0.00026875,32.896048731983484,23.174178406821184,49.8415989419189,26.66742053509772
0.00026953125,33.11120413976803,23.237488393463497,50.21750427047235,26.980015877008853
0.0002703125,33.294774586403435,23.300763384868212,50.40758130228871,27.1068179174205
0.00027109375,33.7526566745983,0.05213013625200371,50.31569514409621,50.26356500784421
0.000271875,34.14066428022665,2.9917948582112492e-06,49.981916868548396,49.98191387675354
0.00027265625,34.545620549525616,1.7170940007332135e-10,49.344434703401454,49.344434703229744
0.0002734375,34.94708628844387,1.8685570617939596e-14,48.419077754871026,48.419077754871005
0.00027421875,35.340662525682475,-1.8797679954010306e-15,47.223032774058346,47.223032774058346
0.000275,35.72365515510102,4.300620388881425e-16,45.77452806556647,45.77452806556647
0.00027578125,36.093960497507645,2.8877111248315604e-15,44.092676483308495,44.092676483308495
0.0002765625,36.449919877484284,-2.913666869967494e-14,42.197319382691546,42.197319382691575
0.00027734375,36.79057246962258,-2.840637666165124e-14,40.108872259080215,40.10887225908024
0.000278125,37.1173115986948,-1.3563036081630882e-14,37.84817344392613,37.84817344392614
0.00027890625,37.45878664019133,-1.3586940365343369e-14,35.436346517186,35.43634651718602
0.0002796875,37.49726001070057,24.003618822453667,33.000313263697365,8.996694441243694
0.00028046875,37.58463802054371,24.120107340919123,30.527632598634497,6.407525257715375
0.00028125,37.62926720643545,24.18288549826135,28.11145113541494,3.928565637153591
0.00028203125,37.650173404307544,24.245624156214372,25.76542857969028,1.5198044234759067
0.0002828125,37.65008427309808,24.30832630051881,23.50208343170989,-0.8062428688089199
0.00028359375,37.63014069098638,24.370991836923125,21.332916724081727,-3.0380751128413994
0.000284375,37.590887646635046,24.43362067105419,19.268379478176726,-5.1652411928774615
0.00028515625,37.53177197695943,24.496212708594072,17.317847472509367,-7.178365236084705
0.0002859375,37.446214217617744,24.55876785528032,15.489601840119937,-9.069166015160382
0.00028671875,36.96781188500817,24.621286016905998,13.790677960364814,-10.830608056541184
0.0002875,37.04953418002301,56.41991470138127,12.43241656316929,-43.98749813821198
0.00028828125,36.66113694535176,56.42669489025281,11.315841247378557,-45.110853642874254
0.0002890625,36.276699017341556,56.431565543978095,10.52926554598595,-45.902299997992145
0.00028984375,35.890190670455944,56.43635110807254,10.06473516998669,-46.37161593808585
0.000290625,35.50245211666725,56.44105168003614,9.912563152742422,-46.52848852729372
0.00029140625,35.115353423408706,56.4456672527959,10.061462340800702,-46.3842049119952
0.0002921875,34.730920958900796,56.450197819400884,10.49867955283834,-45.951518266562545
0.00029296875,34.35104239506655,56.45464337302812,11.210133985651105,-45.244509387377015
0.00029375,33.977171634258,56.4590039069827,12.180558589583043,-44.27844531739966
0.00029453125,33.60953647890903,56.46327941469772,13.393643181482744,-43.06963623321498
0.0002953125,33.243168873151554,56.46746988973437,14.83217711538692,-41.63529277434745
0.00029609375,32.809337644084444,56.47157532578184,16.478167511470147,-39.993407814311695
0.000296875,33.052976392510175,0.1262171640419861,18.064888890970188,17.938671726928202
0.00029765625,33.14629808391716,7.243715218544903e-06,19.653004351274397,19.65299710755918
0.0002984375,33.30357977193406,4.157232541679071e-10,21.054416530596676,21.05441653018095
0.00029921875,33.47978342205027,2.3858727026360252e-14,22.26720306856436,22.267203068564335
0.0003,33.66843202001827,1.3692735482351977e-18,23.291087160063537,23.291087160063537
0.00030078125,33.86703203792532,7.858382586066386e-23,24.127002506706642,24.127002506706642
0.0003015625,34.07482686869798,4.509995606691148e-27,24.777038923306936,24.777038923306936
0.00030234375,34.29469051352698,2.5883265607910462e-31,25.244384507960156,25.244384507960156
0.000303125,34.557298064768226,1.4854636167177076e-35,25.533273130557205,25.533273130557205
0.00030390625,34.25587606574564,55.05695474709458,25.84390000711807,-29.21305473997651
0.0003046875,34.17671930745377,56.51103759837082,26.12609505226316,-30.38494254610766
0.00030546875,33.94511449762045,56.51420539013228,26.585712860471716,-29.928492529660566
0.00030625,33.70706682306959,56.51720480810123,27.21706334886695,-29.300141459234283
0.00030703125,33.47159514723343,56.52011910740251,28.009412289649827,-28.51070681775268
0.0003078125,33.24185549229565,56.52294828842558,28.95142342291218,-27.571524865513403
0.00030859375,33.01964664840752,56.52569234691002,30.031256024410567,-26.494436322499453
0.000309375,32.80619798155707,56.52835127872332,31.23666014485248,-25.29169113387084
0.00031015625,32.60228567859644,56.53092507986118,32.555070429726726,-23.975854650134455
0.0003109375,32.407913934945235,56.53341374644751,33.97369806218968,-22.559715684257824
0.00031171875,32.22026013908319,56.53581727473441,35.47961972928198,-21.056197545452438
0.0003125,32.00274380497351,56.53813566110223,37.059850963621244,-19.478284697480987
0.00031328125,32.14840157317218,26.79094986071668,38.570424999964885,11.779475139248207
0.0003140625,32.21949644439301,26.785397109422977,40.0408924473294,13.255495337906423
0.00031484375,32.32862120217143,26.846517718380074,41.36974761023559,14.523229891855514
0.000315625,32.45150969703953,26.907601725725108,42.554319970504146,15.646718244779038
0.00031640625,32.58417391634416,26.968645210927953,43.593156302618425,16.624511091690476
0.0003171875,32.72452046574279,27.02964808183851,44.48578527498705,17.456137193148546
0.00031796875,32.870819959220285,27.090610246587545,45.232681211420996,18.142070964833447
0.00031875,33.02121414640282,27.15153161336714,45.83522369092894,18.683692077561798
0.00031953125,33.17284826866502,27.212412090430796,46.29565281458939,19.083240724158596
0.0003203125,33.31599967750218,27.273251586093636,46.61701851849348,19.343766932399845
0.00032109375,34.0662542180622,8.06192258716177,46.743795088595576,38.68187250143381
0.000321875,33.96459248990294,0.0004626809022134077,46.658122826301465,46.657660145399255
0.00032265625,34.33711888920652,2.655365290807889e-08,46.30302067982957,46.30302065327592
0.0003234375,34.713317387830685,1.512103227497229e-12,45.66823257848156,45.668232578480044
0.00032421875,35.085135544150624,-8.30520457415921e-15,44.76877776183597,44.76877776183598
0.000325,35.449304612369986,-6.547529856630052e-15,43.62076657330905,43.620766573309055
0.00032578125,35.80363907704247,-7.222138315184697e-15,42.24125263179226,42.241252631792264
0.0003265625,36.14665169807082,-2.545809909355621e-15,40.648087445443764,40.648087445443764
0.00032734375,36.47820561043561,1.187271939954379e-14,38.85977612510236,38.85977612510234
0.000328125,36.805439856241186,9.4124186112237e-15,36.895336994787584,36.89533699478758
0.00032890625,36.49656218701346,19.69912044536278,34.834809695081795,15.135689249719015
0.0003296875,37.04057975498873,27.999622758791613,32.7206808873496,4.721058128557991
0.00033046875,37.0798786812533,28.06039409139211,30.636191557197076,2.5757974658049676
0.00033125,37.09350139177075,28.120650282482245,28.61739243878044,0.496742156298194
0.00033203125,37.08800735799604,28.180864097242075,26.674889598434152,-1.5059744988079218
0.0003328125,37.06531327127864,28.2410354721283,24.818384750309658,-3.4226507218186413
0.00033359375,37.02651714245547,28.3011643165255,23.0566521213755,-5.2445121951500004
0.000334375,36.97243197860512,28.361250539880686,21.3975194834132,-6.9637310564674895
0.00033515625,36.903566145189814,28.42129405170511,19.847855708494222,-8.57343834321089
0.0003359375,36.81951336250688,28.48129476157432,18.413564634798767,-10.067730126775553
0.00033671875,36.71457248922274,28.54125257912834,17.099583598782218,-11.441668980346124
0.0003375,36.266560184631295,28.601167414071774,15.909765551716402,-12.691401862355372
0.00033828125,36.31377258436114,56.56525665411067,15.027644146927983,-41.537612507182686
0.0003390625,35.950086155724065,56.566283889467535,14.363866247473737,-42.2024176419938
0.00033984375,35.592511289508494,56.56562111693174,13.99383270821781,-42.57178840871393
0.000340625,35.23572046606636,56.564873065490744,13.908337737013795,-42.65653532847695
0.00034140625,34.880379358292714,56.56403982836788,14.096730223034406,-42.467309605333476
0.0003421875,34.52797419045043,56.563121406823264,14.54704067399431,-42.016080732828954
0.00034296875,34.179945389151456,56.562117802240024,15.246108618407106,-41.31600918383292
0.00034375,33.837106545379676,56.56102901612958,16.179712648301347,-40.381316367828234
0.00034453125,33.49796077486015,56.5598550501316,17.332701573951546,-39.22715347618006
0.0003453125,33.14657984980772,56.558595906014084,18.689121617662096,-37.86947428835199
0.00034609375,34.060360094931376,16.685721538568785,20.109594139672552,3.423872601103767
0.000346875,33.22383043387777,0.0009576083883577586,21.531211204385574,21.530253595997216
0.00034765625,33.38413956394101,5.49579964722221e-08,22.808204188256028,22.80820413329803
0.0003484375,33.57079920647921,3.154088260881415e-12,23.890347108260226,23.89034710825707
0.00034921875,33.77015334565243,1.8101592845470976e-16,24.77843094438129,24.77843094438129
0.00035,33.97816678572135,1.0388665010015884e-20,25.47445277653809,25.47445277653809
0.00035078125,34.19273051970476,5.962147177414336e-25,25.98154998001204,25.98154998001204
0.0003515625,34.4127495006482,3.4217292530732385e-29,26.303935145695103,26.303935145695103
0.00035234375,34.638927835517485,1.963760828597117e-33,26.446827455138756,26.446827455138756
0.000353125,34.88033792994605,1.1270197922494414e-37,26.41638296174965,26.41638296174965
0.00035390625,35.36517799773838,6.468066750416688e-42,26.219711160184303,26.219711160184303
0.0003546875,34.751931615323144,56.525844575452126,26.184731985945874,-30.341112589506253
0.00035546875,34.53742497012947,56.5344762302689,26.182237389051817,-30.352238841217083
0.00035625,34.2971734565408,56.532025481122616,26.372289283018425,-30.15973619810419
0.00035703125,34.05358709257418,56.52948896462486,26.746135334709738,-29.783353629915123
0.0003578125,33.81167298904275,56.5268673157021,27.29416319619307,-29.232704119509027
0.00035859375,33.57381121050241,56.524160538338734,28.006032260349873,-28.51812827798886
0.000359375,33.341455550113814,56.52136863661111,28.870768543945882,-27.650600092665226
0.00036015625,33.1152054412127,56.518491614723764,29.876859199214532,-26.641632415509232
0.0003609375,32.89311656217895,56.51552947700947,31.0123459495869,-25.50318352742257
0.00036171875,32.64374534252561,56.512482227929134,32.26490632326972,-24.247575904659413
0.0003625,32.710472584467276,30.553438021502,33.50764132238362,2.9542033008816233
0.00036328125,32.711752572849456,30.55365994509418,34.764821856101534,4.211161911007355
0.0003640625,32.74621443560897,30.612056774125616,35.946106663802134,5.334049889676516
0.00036484375,32.793083600077175,30.67041084330305,37.04718520513927,6.376774361836225
0.000365625,32.849271735355785,30.728718723587782,38.0645971690064,7.335878445418615
0.00036640625,32.9133457314205,30.786980326977478,38.995549289437264,8.208568962459788
0.0003671875,32.984226616658454,30.845195565731178,39.83790630763024,8.992710741899065
0.00036796875,33.06088022580185,30.90336435217779,40.59017851348091,9.686814161303122
0.00036875,33.14212090722075,30.961486598716196,41.25150572335621,10.290019124640015
0.00036953125,33.22616876928975,31.01956221781532,41.82163778162263,10.80207556380731
0.0003703125,33.30846191934966,31.077591122014333,42.300911174203605,11.223320052189276
0.00037109375,33.349341875832195,31.13557322392274,42.69020929874931,11.55463607482657
0.000371875,33.75857717675219,0.06963646578312258,42.85392591925866,42.78428945347554
0.00037265625,34.07774664284013,3.996498674496114e-06,42.83776612637612,42.83776212987744
0.0003734375,34.42390387363805,2.2937221375798322e-10,42.55077461090978,42.550774610680406
0.00037421875,34.77089081308326,1.9551051789649523e-14,42.005213093433625,42.0052130934336
0.000375,35.11395716593814,6.820730860780754e-15,41.214707211450936,41.21470721145093
0.00037578125,35.45071383772146,-5.763163669999937e-16,40.1939011943901,40.1939011943901
0.0003765625,35.78002279663985,-7.083693052356476e-15,38.958324513992224,38.95832451399223
0.00037734375,36.103894742087526,-1.043268355498713e-14,37.524259458846714,37.52425945884672
0.000378125,36.46024900478215,-6.444716861282597e-15,35.90862300251125,35.908623002511256
0.00037890625,36.430291804608906,31.642003263810487,34.2681254044457,2.6261221406352093
0.0003796875,36.478073372840036,31.77025840773389,32.576011048568674,0.8057526408347851
0.00038046875,36.48278123026205,31.82767615439354,30.945173419037467,-0.8825027353560743
0.00038125,36.46941141667668,31.885041906472793,29.384120699510376,-2.500921206962417
0.00038203125,36.441454049343434,31.942359640022012,27.900374068291104,-4.0419855717309074
0.0003828125,36.40037771316129,31.999629268954866,26.500667567032032,-5.498961701922835
0.00038359375,36.34718110139295,32.05685070702434,25.190936966252572,-6.865913740771766
0.000384375,36.28269704424479,32.11402386805601,23.976313629379877,-8.137710238676132
0.00038515625,36.2076371513392,32.17114866594807,22.86112361522217,-9.310025050725896
0.0003859375,36.122479326400985,32.22822501467164,21.848891855359682,-10.379333159311955
0.00038671875,36.026915873589736,32.285252828270785,20.94235105126382,-11.342901777006965
0.0003875,35.91609003947794,32.34223202086263,20.14345380096305,-12.19877821989958
0.00038828125,35.51400958575255,32.39916250663754,19.453284169661018,-12.94587833697652
0.0003890625,35.5388865138367,56.350877433483106,19.026882554238192,-37.323994879244914
0.00038984375,35.21439659344818,56.34614518272335,18.785606499271587,-37.56053868345176
0.000390625,34.89773716480969,56.33995319876306,18.792017265287207,-37.547935933475856
0.00039140625,34.584200529667754,56.33367628894602,19.03629726694315,-37.29737902200287
0.0003921875,34.27409272828443,56.32731454162604,19.50750390088843,-36.81981064073761
0.00039296875,33.96812974439756,56.320867966388306,20.193685292407373,-36.12718267398093
0.00039375,33.6660514372931,56.31433657294127,21.08199519064133,-35.23234138229994
0.00039453125,33.36252194598469,56.307720371121064,22.158807770845712,-34.14891260027535
0.0003953125,32.98869923864728,56.301019370891574,23.40980843877908,-32.89121093211249
0.00039609375,33.28684909229151,0.1258269150987352,24.57280881226248,24.446981897163745
0.000396875,33.43152171277293,7.221318484862094e-06,25.71205058889366,25.712043367575177
0.00039765625,33.636039586264445,4.1443788571698956e-10,26.643810841069143,26.643810840654705
0.0003984375,33.855255061993084,2.3784958588604416e-14,27.369963832105906,27.36996383210588
0.00039921875,34.082404075762256,1.365039912031468e-18,27.89398660085583,27.89398660085583
0.0004,34.31449710077058,7.834085371633221e-23,28.220502876231873,28.220502876231873
0.00040078125,34.549603849675,4.496051219389021e-27,28.355207578956197,28.355207578956197
0.0004015625,34.78643842218282,2.580323752989081e-31,28.304788428294167,28.304788428294167
0.00040234375,35.02472503339754,1.480870734196048e-35,28.07684466462381,28.07684466462381
0.000403125,35.2675993892056,8.49884875437808e-40,27.67980409721686,27.67980409721686
0.00040390625,35.54580009052237,4.877564832760852e-44,27.122847970045076,27.122847970045076
0.0004046875,35.25594386544025,54.77044298389912,26.60979278721842,-28.160650196680702
0.00040546875,35.180490002727275,56.206111631742644,26.09501819600917,-30.111093435733473
0.00040625,34.9469449135227,56.198307413564095,25.787274439270593,-30.4110329742935
0.00040703125,34.700805028639685,56.19033572441741,25.684482816634556,-30.505852907782852
0.0004078125,34.45126155469061,56.182279408886494,25.779189220991153,-30.40309018789534
0.00040859375,34.201571758293824,56.17413848385786,26.06297702074981,-30.11116146310805
0.000409375,33.953260808677925,56.16591296159184,26.526560150168503,-29.63935281142334
0.00041015625,33.705399344658055,56.157602854475954,27.159875819385647,-28.997727035090307
0.0004109375,33.43192800284924,56.14920817502505,27.952168669052718,-28.197039505972334
0.00041171875,33.42455875069139,34.13339180628654,28.795165413098765,-5.3382263931877745
0.0004125,33.36025065343445,34.13938707893393,29.70847657302425,-4.4309105059096785
0.00041328125,33.32311672455503,34.19471124983031,30.614190407618956,-3.5805208422113552
0.0004140625,33.29604105935979,34.2499867580895,31.50706545016444,-2.7429213079250574
0.00041484375,33.27690388007221,34.30521068665025,32.3822936210538,-1.9229170655964525
0.000415625,33.264995963620144,34.36038295218367,33.23536805898403,-1.1250148931996393
0.00041640625,33.25993698302998,34.41550347160134,34.06209942531636,-0.3534040462849788
0.0004171875,33.26146378791446,34.47057216189273,34.858629903617924,0.38805774172518853
0.00041796875,33.26939852021183,34.52558894012542,35.621444618561,1.0958556784355835
0.00041875,33.283714953478174,34.58055372344511,36.3473804729839,1.766826749538791
0.00041953125,33.30481186402774,34.635466429075834,37.03363249914819,2.398166070072354
0.0004203125,33.33473471310799,34.69032697432007,37.677758115428354,2.9874311411082832
0.00042109375,33.38756141628712,34.74513527655879,38.2776830435362,3.5325477669774084
0.000421875,33.425533186710986,3.027734688950497,38.72779904096947,35.70006435201898
0.00042265625,33.756118774031016,0.00017376438465413293,39.04944792397582,39.049274159591164
0.0004234375,34.09265184249278,9.972487174787935e-09,39.119415984803815,39.11941597483133
0.00042421875,34.41973584178846,5.675054538022604e-13,38.93853545092024,38.93853545091967
0.000425,34.74098382445472,-5.245669330469141e-15,38.51781831512296,38.517818315122966
0.00042578125,35.05526556171497,-1.4779359433868406e-15,37.86936320287325,37.86936320287325
0.0004265625,35.35950397839179,7.806154544204632e-15,37.006236462699526,37.00623646269952
0.00042734375,35.6437616125284,1.312551492364664e-14,35.94234900046956,35.94234900046955
0.000428125,35.499116384405475,1.8623706243478036e-14,34.692177871367996,34.692177871367974
0.00042890625,35.97856845958385,35.288304585914844,33.49898295551801,-1.7893216303968345
0.0004296875,35.93772202959087,35.34455489673778,32.263607451376274,-3.0809474453615078
0.00043046875,35.89929097168758,35.3987299834428,31.096407405275915,-4.302322578166883
0.00043125,35.854242672190786,35.45285164425605,30.002450081829416,-5.450401562426636
0.00043203125,35.8012989055169,35.50691991370877,28.986135913128884,-6.520784000579886
0.0004328125,35.74048778099853,35.56093471038179,28.051200062744208,-7.509734647637578
0.00043359375,35.67221774474297,35.61489595292981,27.20071453134394,-8.414181421585864
0.000434375,35.59703827031529,35.668803560088136,26.43709465541269,-9.231708904675447
0.00043515625,35.51554407621868,35.72265745067293,25.762109571341853,-9.960547879331079
0.0004359375,35.42830131607133,35.77645754358119,25.17689637361432,-10.59956116996687
0.00043671875,35.33571261872411,35.830203757790926,24.681977696115098,-11.148226061675828
0.0004375,35.23754449827393,35.88389601236135,24.277282346630525,-11.606613665730823
0.00043828125,35.12981303340295,35.937534226432874,23.96216770696195,-11.975366519470924
0.0004390625,34.78450383551733,35.99111831922731,23.735358094767683,-12.25576022445963
0.00043984375,34.79526129808689,55.77814036301821,23.722841627915365,-32.055298735102845
0.000440625,34.520670414673525,55.76767872042399,23.85762138260262,-31.910057337821367
0.00044140625,34.25618622780228,55.75599690235079,24.189460667418764,-31.566536234932023
0.0004421875,33.998460438564074,55.7442310515469,24.70843391188948,-31.03579713965742
0.00044296875,33.74909957902494,55.73238125093472,25.403817254801453,-30.32856399613327
0.00044375,33.51300146833187,55.720447518363585,26.264190655206242,-29.456256863157343
0.00044453125,33.314462341372966,55.70842987180548,27.277544975933353,-28.430884895872126
0.0004453125,33.09441756543427,4.847981511348688,28.265095857924564,23.417114346575875
0.00044609375,33.34688284688319,0.00027822996752881413,29.250699887528754,29.250421657561226
0.000446875,33.614170494955424,1.596786511043218e-08,30.025840987810714,30.02584097184285
0.00044765625,33.87329707026992,9.164099699596583e-13,30.58007639532642,30.580076395325502
0.0004484375,34.131837122514575,5.259358262569465e-17,30.91857987181574,30.91857987181574
0.00044921875,34.39018611357335,3.0183924488812992e-21,31.047687876494752,31.047687876494752
0.00045,34.647334909115344,1.7322822520579928e-25,30.974815123729208,30.974815123729208
0.00045078125,34.9018277131785,9.941721799321666e-30,30.708365535953153,30.708365535953153
0.0004515625,35.15194881655715,5.705642496636209e-34,30.25764011695071,30.25764011695071
0.00045234375,35.39557573159326,3.274518937116334e-38,29.632742617282663,29.632742617282663
0.000453125,35.62933225463625,1.8792755199532706e-42,28.8444835057096,28.8444835057096
0.00045390625,35.84360329652468,1.0785329227644548e-46,27.904281374073612,27.904281374073612
0.0004546875,35.92174134725043,6.189796297222887e-51,26.82402153434778,26.82402153434778
0.00045546875,36.03440177004244,55.494759705134115,25.893199344800287,-29.601560360333828
0.00045625,35.73842246922465,55.51810600061266,25.02219620732687,-30.49590979328579
0.00045703125,35.468885022245665,55.504750379166126,24.37873713255555,-31.126013246610576
0.0004578125,35.201513735408604,55.49130906701138,23.95796532632672,-31.53334374068466
0.00045859375,34.93331492091444,55.47778418582741,23.753706165903292,-31.724078019924118
0.000459375,34.662575969398226,55.464175756103046,23.75865459116582,-31.705521164937227
0.00046015625,34.36799437249549,55.45048379833236,23.964456630756874,-31.486027167575482
0.0004609375,34.287472268518606,37.50942361771516,24.282845605662956,-13.2265780120522
0.00046171875,34.158175911894965,37.52115642206225,24.72934922894742,-12.791807193114826
0.0004625,34.04905367500677,37.57307741349226,25.239603281724428,-12.33347413176783
0.00046328125,33.9466407339446,37.624944130225394,25.808074524495957,-11.816869605729437
0.0004640625,33.849694636712535,37.6767541846052,26.42919686574137,-11.24755731886383
0.00046484375,33.758106686936586,37.7285074984741,27.097289267386913,-10.63121823108719
0.000465625,33.67200287348611,37.780203993892556,27.80659593275398,-9.973608061138577
0.00046640625,33.5915466274005,37.83184359300656,28.55132567015025,-9.280517922856314
0.0004671875,33.516867448796766,37.88342621804781,29.325689982463942,-8.557736235583866
0.00046796875,33.448010829805206,37.93495179133382,30.12393964942224,-7.811012141911583
0.00046875,33.384860696552494,37.986420235267985,30.940399609015127,-7.046020626252859
0.00046953125,33.32693859603558,38.037831472339796,31.769501940945087,-6.268329531394708
0.0004703125,33.272663244082985,38.08918542512482,32.6058166304033,-5.483368794721525
0.00047109375,33.21484153210312,38.14048201628494,33.44407855181757,-4.696403464467373
0.000471875,32.998223023400506,38.19172116856842,34.27915189148278,-3.9125692770856406
0.00047265625,33.52864521464229,0.007430697693982365,34.889706589975155,34.88227589228117
0.0004734375,33.7934337141467,4.2645433748883576e-07,35.363995862718255,35.36399543626392
0.00047421875,34.07848206449423,2.4468342281275665e-11,35.595386709890704,35.59538670986623
0.000475,34.36734060859121,-3.831818772155085e-15,35.59193542575984,35.59193542575985
0.00047578125,34.654833095080065,-5.7310446588840104e-15,35.362896337473344,35.36289633747335
0.0004765625,34.93569286447845,-1.264099000584029e-14,34.91859040042804,34.91859040042805
0.00047734375,35.19182756327232,-6.01050528284947e-15,34.27029213248553,34.27029213248554
0.000478125,35.462919463505976,35.24101929195746,33.54536544886993,-1.6956538430875243
0.00047890625,35.40581700209266,38.650083336560776,32.731457132497276,-5.918626204063497
0.0004796875,35.3365552321105,38.70093660874179,31.977588396026157,-6.723348212715635
0.00048046875,35.270288281850405,38.75153887065138,31.296062393138982,-7.4554764775124
0.00048125,35.2010635496667,38.802082762382966,30.68867571069002,-8.113407051692944
0.00048203125,35.127940354589946,38.852568218878496,30.156685144986227,-8.69588307389227
0.0004828125,35.05097454103512,38.90299516410845,29.700819935948907,-9.202175228159541
0.00048359375,34.97052710935023,38.95336352213075,29.321297613011698,-9.632065909119053
0.000484375,34.88707073805218,39.00367321709156,29.01784265969889,-9.98583055739267
0.00048515625,34.80111409515063,39.05392417322538,28.789707617661414,-10.26421655556397
0.0004859375,34.71315732370296,39.10411631485517,28.635696365823996,-10.468419949031174
0.00048671875,34.62364294108468,39.154249566392494,28.554189326602838,-10.600060239789658
0.0004875,34.53285078746481,39.20432385233758,28.543170340833754,-10.661153511503827
0.00048828125,34.44052338698301,39.254339097279434,28.600254879430743,-10.654084217848691
0.0004890625,34.34341535977459,39.30429522589603,28.722718547475317,-10.58157667842071
0.00048984375,34.06269377234582,39.354192162954334,28.907458628860216,-10.446733534094118
0.000490625,34.0632625652615,54.8506877076538,29.251145646088524,-25.599542061565273
0.00049140625,33.84199429181575,54.83456320300988,29.69939753863059,-25.13516566437929
0.0004921875,33.629313369053996,54.817465840194174,30.289409927418692,-24.528055912775482
0.00049296875,33.419758782099244,54.80028587217171,31.011758338461792,-23.78852753370992
0.00049375,33.20321229795979,54.78302337590617,31.85654425888166,-22.92647911702451
0.00049453125,32.75789204960711,54.76567837739745,32.813388425949746,-21.952289951447703
0.0004953125,33.38242615698995,0.010653168918606615,33.561678928302726,33.55102575938412
0.00049609375,33.626522066551196,6.113948321305191e-07,34.22401806821464,34.22401745681981
0.000496875,33.900704885609194,3.5088492786688804e-11,34.643306979591316,34.64330697955623
0.00049765625,34.182692353501395,2.0137597855565097e-15,34.82640487538371,34.82640487538371
0.0004984375,34.46701777378669,1.1557146380089013e-19,34.78143597104618,34.78143597104618
0.00049921875,34.75067699296422,6.632749020454427e-24,34.51765238365538,34.51765238365538
0.0005,35.031374618957905,3.806593610697205e-28,34.04533040938833,34.04533040938833
0.00050078125,35.307097561791544,2.1846379038789594e-32,33.37566490795469,33.37566490795469
0.0005015625,35.57594413433036,1.253783108775436e-36,32.52066211436051,32.52066211436051
0.00050234375,35.83596808845642,7.195572689915631e-41,31.493031522006312,31.493031522006312
0.000503125,36.084835051140466,4.1296031166370786e-45,30.30607747081899,30.30607747081899
0.00050390625,36.318537753358136,2.3700159300508198e-49,28.973590801532552,28.973590801532552
0.0005046875,36.522824681879065,1.3601732055231519e-53,27.509738405528367,27.509738405528367
0.00050546875,36.066431641811576,7.80615491045858e-58,25.928715688877443,25.928715688877443
0.00050625,36.580049797543275,54.49249256999124,24.597438371211933,-29.89505419877931
0.00050703125,36.294312093799476,54.476959611310875,23.35258174386503,-31.124377867445844
0.0005078125,36.01880653357419,54.45821635199507,22.354038413229368,-32.1041779387657
0.00050859375,35.738959634293444,54.43939090005604,21.598339635486745,-32.841051264569295
0.000509375,35.43655502339435,54.42048346336786,21.080601175003906,-33.33988228836395
0.00051015625,35.29385400616775,40.66136414261194,20.73409186712825,-19.927272275483688
0.0005109375,35.10970014663856,40.67876438376078,20.571142454711218,-20.10762192904956
0.00051171875,34.937457304960496,40.72697200589351,20.542271012426163,-20.184700993467345
0.0005125,34.76742163127174,40.775120065521264,20.642602531974184,-20.13251753354708
0.00051328125,34.599289088349586,40.823206718656735,20.86672530395149,-19.956481414705245
0.0005140625,34.433631372274114,40.871231892780685,21.20865530028651,-19.662576592494176
0.00051484375,34.271195603010284,40.91919551556802,21.661896348508673,-19.257299167059347
0.000515625,34.112747106766186,40.9670975147864,22.219501405929382,-18.74759610885702
0.00051640625,33.9590129453419,41.014937818296296,22.87413432346484,-18.140803494831456
0.0005171875,33.810648781482236,41.06271635405106,23.618131657339507,-17.444584696711555
0.00051796875,33.66820319708502,41.110433050097086,24.44356412407414,-16.666868926022946
0.00051875,33.53205305563454,41.1580878345739,25.342297311391068,-15.81579052318283
0.00051953125,33.402239298958136,41.20568063571425,26.306051257505533,-14.899629378208719
0.0005203125,33.27790814556838,41.25321138184423,27.32645843272443,-13.926752949119802
0.00052109375,33.154412169042836,41.300680001383405,28.395118943598128,-12.905561057785276
0.000521875,32.98040602241317,41.34808642284489,29.503635788816176,-11.844450634028712
0.00052265625,33.300881684179565,0.0924525242621597,30.461837311450065,30.369384787187904
0.0005234375,33.50834477372079,5.30593252208634e-06,31.319766147425838,31.319760841493316
0.00052421875,33.75887557252728,3.044955101719593e-10,31.94560989009589,31.945609889791395
0.000525,34.018171552829045,1.1432069213783301e-14,32.34424941987036,32.344249419870344
0.00052578125,34.27943321576116,-1.5640599479702088e-14,32.522088003899626,32.52208800389964
0.0005265625,34.53561997185789,-2.2020133260262377e-15,32.48667717750427,32.48667717750427
0.00052734375,34.750356623664146,-5.612830309525887e-15,32.24661070233285,32.24661070233286
0.000528125,34.978381079612625,41.40917190615301,31.974087362501695,-9.435084543651318
0.00052890625,34.84471018208866,41.77191542279085,31.630957609887453,-10.140957812903395
0.0005296875,34.745943028143635,41.81871408214348,31.364803310558045,-10.453910771585436
0.00053046875,34.65199238524622,41.865431634522636,31.175469461216217,-10.68996217330642
0.00053125,34.55882498837168,41.91208613727792,31.06143071704639,-10.850655420231526
0.00053203125,34.46577994296871,41.95867752118887,31.020745069358235,-10.937932451830632
0.0005328125,34.37295293221926,42.00520571608975,31.05108157012854,-10.954124145961206
0.00053359375,34.280673989036636,42.051670651909944,31.14975020146546,-10.901920450444486
0.000534375,34.18935100831644,42.09807225867413,31.313732992370774,-10.784339266303355
0.00053515625,34.09940816042455,42.14441046650226,31.539716029348796,-10.604694437153462
0.0005359375,34.011253899455355,42.190685205609874,31.82412209671427,-10.366563108895605
0.00053671875,33.92525590067047,42.23689640630805,32.163143705638,-10.073752700670047
0.0005375,33.84170669794635,42.283043999003546,32.552776280204526,-9.73026771879902
0.00053828125,33.76074489150962,42.32912791419892,32.98885126813887,-9.340276646060047
0.0005390625,33.682076657250946,42.375148082492636,33.467068899381125,-8.90807918311151
0.00053984375,33.60319443211659,42.421104434579156,33.983029812165434,-8.43807462241372
0.000540625,33.395523377232955,42.46699690124903,34.532217283042755,-7.9347796182062815
0.00054140625,33.392055761620455,53.57441751112124,35.181763882568674,-18.392653628552562
0.0005421875,33.23028321590284,53.55273268662532,35.89064100661521,-17.662091680010104
0.00054296875,33.06948505891775,53.530328508060435,36.68362731674215,-16.846701191318292
0.00054375,32.84047301027973,53.507843677132406,37.55221499347619,-15.955628683656215
0.00054453125,33.24717747762819,0.11957095086845687,38.25275325834593,38.133182307477476
0.0005453125,33.504363547664234,6.862283137764093e-06,38.85213534658368,38.85212848430054
0.00054609375,33.813942068957594,3.938325280581516e-10,39.1819097523253,39.18190975193147
0.000546875,34.13235162161069,2.2602398799769085e-14,39.250229845365,39.25022984536498
0.00054765625,34.4525424753255,1.2971717547626497e-18,39.06694053211396,39.06694053211396
0.0005484375,34.77105363224028,7.44458398535647e-23,38.64309672547682,38.64309672547682
0.00054921875,35.08536681431917,4.2725129121522405e-27,37.9908445942881,37.9908445942881
0.00055,35.393348146075404,2.4520331317927285e-31,37.12330140031004,37.12330140031004
0.00055078125,35.6930741495053,1.4072436065220763e-35,36.05443405344539,36.05443405344539
0.0005515625,35.98275098522041,8.076296125123723e-40,34.798937090265404,34.798937090265404
0.00055234375,36.260639613749284,4.635058123439783e-44,33.37211083673543,33.37211083673543
0.000553125,36.52491097965897,2.6601010506330342e-48,31.789740487459717,31.789740487459717
0.00055390625,36.77321365002164,1.5266556343262443e-52,30.067976734700824,30.067976734700824
0.0005546875,37.000806055921586,8.761612365310058e-57,28.22321812734938,28.22321812734938
0.00055546875,37.18470238188583,5.028367204358632e-61,26.271990186283997,26.271990186283997
0.00055625,37.38166429984631,48.51166191534209,24.389479752740552,-24.122182162601536
0.00055703125,37.120943117517115,53.11303516899605,22.55702900393544,-30.55600616506061
0.0005578125,36.8405878452797,53.08937060875964,20.977224114020252,-32.112146494739385
0.00055859375,36.57073883253384,53.06536066645049,19.66317061980274,-33.402190046647746
0.000559375,36.29127051573732,43.62124127322052,18.57558633403969,-25.045654939180828
0.00056015625,36.0875242608686,43.59334949191456,17.722029805318577,-25.87131968659598
0.0005609375,35.86964496009179,43.63755282093368,17.06636346428089,-26.571189356652788
0.00056171875,35.64590826363144,43.68169457395708,16.605042156302947,-27.076652417654135
0.0005625,35.41877445997292,43.72577054337554,16.333630287502295,-27.392140255873244
0.00056328125,35.18996251190026,43.76978066257381,16.24666158547356,-27.523119077100247
0.0005640625,34.96099928029607,43.813724865273414,16.337714497984486,-27.47601036728893
0.00056484375,34.73331075553249,43.85760308529517,16.599490517594276,-27.25811256770089
0.000565625,34.50823763321618,43.901415256559275,17.0238949579639,-26.877520298595375
0.00056640625,34.28703123243518,43.94516131308539,17.602119595209434,-26.34304171787596
0.0005671875,34.070839806017126,43.98884118899278,18.324726580673534,-25.664114608319245
0.00056796875,33.860682536934775,44.0324548185003,19.181733041502046,-24.850721776998252
0.00056875,33.657395573167456,44.07600213592661,20.162695798272217,-23.91330633765439
0.00056953125,33.46149732135867,44.119483075690276,21.256795633913125,-22.86268744177715
0.0005703125,33.27276106523299,44.16289757230973,22.452920501681806,-21.709977070627925
0.00057109375,33.088269982331035,44.20624556040359,23.739746635441946,-20.46649892496164
0.000571875,32.88333425009028,44.24952697469052,25.105810095266914,-19.143716879423604
0.00057265625,33.13293126847086,1.1369459559871076,26.386752156367468,25.24980620038036
0.0005734375,33.22005178774452,6.525033886151269e-05,27.61499914586105,27.61493389552219
0.00057421875,33.437561948885644,3.744770293103755e-09,28.623098523383703,28.623098519638933
0.000575,33.669713820158286,2.082824854742857e-13,29.410036232789828,29.41003623278962
0.00057578125,33.90701606825753,-5.330276963893242e-15,29.979514106347267,29.979514106347274
0.0005765625,34.1394651848698,-2.1074397102625986e-15,30.336467223837165,30.336467223837168
0.00057734375,34.272116554652655,-5.290678772221868e-15,30.486946376067504,30.486946376067507
0.000578125,34.440521374251205,44.56399122865258,30.660625421582232,-13.903365807070351
0.00057890625,34.28827059341915,44.63605147396163,30.783760485206734,-13.852290988754897
0.0005796875,34.16344620899298,44.67866526801101,30.989881082641944,-13.688784185369066
0.00058046875,34.04585992953184,44.721210090697795,31.274762764067923,-13.446447326629874
0.00058125,33.932705975275056,44.763687563953624,31.633770381653456,-13.12991718230017
0.00058203125,33.823520429733975,44.80609762390496,32.06198144009964,-12.744116183805316
0.0005828125,33.718411055255274,44.84844020668303,32.554227921217894,-12.294212285465136
0.00058359375,33.617658003125136,44.89071524852065,33.10513855512242,-11.78557669339823
0.000584375,33.52158657374942,44.932922685752374,33.70918082594041,-11.223741859811966
0.00058515625,33.43051608704379,44.975062454814555,34.36070237852533,-10.614360076289223
0.0005859375,33.34473439919392,45.017134492245475,35.05397156705759,-9.963162925187884
0.00058671875,33.26448085943916,45.05913873468541,35.78321691519676,-9.27592181948865
0.0005875,33.18992872593925,45.10107511887672,36.542665276576784,-8.55840984229994
0.00058828125,33.12115651203159,45.14294358166398,37.32657850008684,-7.816365081577136
0.0005890625,33.05808157993231,45.18474405999404,38.12928841419348,-7.055455645800558
0.00058984375,33.00024585064694,45.22647649091612,38.9452299249468,-6.281246565969315
0.000590625,32.945616081869865,45.26814081158196,39.768971714933315,-5.499169096648647
0.00059140625,32.8158992458116,45.309736959245825,40.59521550316034,-4.7145214560854845
0.0005921875,32.8068476143917,51.957446087917695,41.4617171639036,-10.495728924014092
0.00059296875,32.67222246691997,51.9303388460734,42.3416225108942,-9.588716335179196
0.00059375,33.067164205646776,1.3330401124755222,43.06857404325458,41.735533930779056
0.00059453125,33.266379324179816,7.650435678033162e-05,43.687424236270694,43.68734773191391
0.0005953125,33.61242451567844,4.390653028064634e-09,44.008722949950716,44.008722945560066
0.00059609375,33.96988768246988,2.51983479427269e-13,44.03829038737725,44.038290387377
0.000596875,34.329275289548434,1.446155583199461e-17,43.787406630836344,43.787406630836344
0.00059765625,34.686505061415886,8.299615417536182e-22,43.26868915739959,43.26868915739959
0.0005984375,35.03873971487542,4.763223050081985e-26,42.49595838017607,42.49595838017607
0.00059921875,35.38362174010003,2.7336560410852824e-30,41.48410239439116,41.48410239439116
0.0006,35.719059135433454,1.568869497059021e-34,40.24894048845737,40.24894048845737
0.00060078125,36.04314664597809,9.003881475246057e-39,38.807086170052365,38.807086170052365
0.0006015625,36.35412480152211,5.1674075996921034e-43,37.17581055600303,37.17581055600303
0.00060234375,36.65034066537833,2.965621146254149e-47,35.372906963229575,35.372906963229575
0.000603125,36.930178003187926,1.7019963324808764e-51,33.416557498180445,33.416557498180445
0.00060390625,37.19188009743296,9.767908215239387e-56,31.325202377789743,31.325202377789743
0.0006046875,37.432962737176744,5.605889335981465e-60,29.117412567233817,29.117412567233817
0.00060546875,37.6473676421432,3.217269711670866e-64,26.81176558010013,26.81176558010013
0.00060625,37.7920480947409,1.846419680673654e-68,24.426712358823693,24.426712358823693
0.00060703125,37.93623521816556,51.032512947040175,22.180941936178908,-28.851571010861267
0.0006078125,37.61607625610345,51.39318890872369,20.032109306785877,-31.36107960193781
0.00060859375,37.37778962519192,46.340559299819624,18.147733398876944,-28.19282590094268
0.000609375,37.113821306438766,46.24749747048615,16.534907076764604,-29.71259039372155
0.00061015625,36.85467714944286,46.2874312735507,15.174363810470261,-31.11306746308044
0.0006109375,36.58765199896293,46.32730300531496,14.064681691619192,-32.26262131369577
0.00061171875,36.31352290413328,46.367104969436404,13.203286907297283,-33.16381806213912
0.0006125,36.03388209248894,46.40683710553573,12.586132124044859,-33.82070498149087
0.00061328125,35.750525133463924,46.44649935377707,12.207779835526829,-34.23871951825024
0.0006140625,35.46529648527727,46.48609165442975,12.061491450414898,-34.42460020401485
0.00061484375,35.18003051522415,46.525613947868514,12.139321166437668,-34.386292781430846
0.000615625,34.89652366763811,46.565066174573474,12.432213821635322,-34.13285235293815
0.00061640625,34.61652106189975,46.60444827513032,12.930105939299139,-33.674342335831184
0.0006171875,34.3417137871194,46.643760190230296,13.622029198863935,-33.02173099136636
0.00061796875,34.07375024704974,46.68300186067038,14.496215582836989,-32.18678627783339
0.00061875,33.81427600484337,46.72217322735334,15.54020347365579,-31.181969753697548
0.00061953125,33.565049845586934,46.76127423128776,16.74094401187297,-30.020330219414788
0.0006203125,33.32832178110246,46.80030481358828,18.084907114561148,-28.715397699027136
0.00062109375,33.10848542624139,46.83926491547554,19.558186950177102,-27.281077965298437
0.000621875,32.926088778721024,46.878154478276315,21.14661121351334,-25.731543264762976
0.00062265625,32.73159948436898,4.082732675390324,22.6957648474251,18.613032172034774
0.0006234375,32.94111071180929,0.00023431165672543753,24.221979614762866,24.22174530310614
0.00062421875,33.169521441225264,1.3447349645887673e-08,25.546189674671016,25.546189661223668
0.000625,33.398009958653994,7.57155948472975e-13,26.656316502471494,26.656316502470737
0.00062578125,33.63476288704287,-1.3399988941758179e-14,27.55374064233108,27.553740642331093
0.0006265625,33.88878080174632,-1.4607832268649847e-14,28.241138696523965,28.24113869652398
0.00062734375,34.35058243491604,-1.3644119305112827e-14,28.722493752257094,28.722493752257108
0.000628125,33.90070837247519,47.17755183571539,29.26999797620009,-17.9075538595153
0.00062890625,33.78737791352162,47.224976129734834,29.77507045490523,-17.449905674829605
0.0006296875,33.65593386050289,47.263157624459616,30.370960323360332,-16.892197301099284
0.00063046875,33.524596145501214,47.301267415352335,31.05059255065482,-16.250674864697515
0.00063125,33.39707980806315,47.33930597136095,31.806607066562563,-15.532698904798389
0.00063203125,33.2749620361182,47.3772732352303,32.63144750466032,-14.745825730569976
0.0006328125,33.15919319174515,47.415169149782365,33.517417440478354,-13.89775170930401
0.00063359375,33.05045496357164,47.4529936579466,34.456734851093465,-12.996258806853133
0.000634375,32.94927727731003,47.49074670275992,35.441584880560335,-12.049161822199588
0.00063515625,32.856086078774034,47.528428227367016,36.46417071132911,-11.064257516037905
0.0006359375,32.77122786506396,47.566038175020104,37.516762311755585,-10.049275863264521
0.00063671875,32.6949869926623,47.60357648907933,38.591742840517846,-9.011833648561486
0.0006375,32.62760416690872,47.64104311301266,39.68165250929653,-7.959390603716122
0.00063828125,32.569305267085426,47.67843799039604,40.77922972953206,-6.899208260863983
0.0006390625,32.52035997614818,47.71576106491345,41.87744939788757,-5.8383116670258834
0.00063984375,32.48122912991407,47.753012280357034,42.96955821672713,-4.7834540636299065
0.000640625,32.45303592520233,47.79019158062712,44.049107048078916,-3.741084532548206
0.00064140625,32.439796027014516,47.82729890973236,45.10998085796672,-2.717318051765648
0.0006421875,32.413143122432025,49.39739589778667,46.15115104819964,-3.246244849587038
0.00064296875,32.435109360843306,4.353473305874,47.019413986462595,42.6659406805886
0.00064375,32.84248098384116,0.000249849702127662,47.7476365395547,47.74738668985257
0.00064453125,33.26054783876563,1.433909645639806e-08,48.156801428731825,48.15680141439273
0.0006453125,33.66813855124163,8.229334893536519e-13,48.24446481237865,48.24446481237783
0.00064609375,34.07122941438437,4.722888432747823e-17,48.02271455843755,48.02271455843755
0.000646875,34.46936595882374,2.7105076457275428e-21,47.50512369426934,47.50512369426934
0.00064765625,34.8609153287631,1.5555844272342884e-25,46.70660726868118,46.70660726868118
0.0006484375,35.24397577178211,8.92763727882533e-30,45.64327534951474,45.64327534951474
0.00064921875,35.61663117416432,5.12365037775398e-34,44.33228396431159,44.33228396431159
0.00065,35.97704680103331,2.940508487696158e-38,42.79168520599105,42.79168520599105
0.00065078125,36.32351534990635,1.6875839545483374e-42,41.04027753030542,41.04027753030542
0.0006515625,36.65448611797764,9.685194297399632e-47,39.09745720006775,39.09745720006775
0.00065234375,36.968591651941914,5.558419083421996e-51,36.98307177912144,36.98307177912144
0.000653125,37.26468495474894,3.190026111840116e-55,34.717276530297106,34.717276530297106
0.00065390625,37.54191380559641,1.8307843366061625e-59,32.32039452582372,32.32039452582372
0.0006546875,37.79991540900859,1.0507034016812639e-63,29.812781248906937,29.812781248906937
0.00065546875,38.03948580752539,6.030080202407077e-68,27.21469452804331,27.21469452804331
0.00065625,38.266063277360416,3.4607166198641783e-72,24.54617147114665,24.54617147114665
0.00065703125,38.54118402104255,1.9861360248945547e-76,21.82693320280234,21.82693320280234
0.0006578125,38.21346513459233,48.54972022347602,19.290856737847673,-29.25886348562835
0.00065859375,38.01519977320481,48.62533719247515,16.887590341009663,-31.737746851465488
0.000659375,37.75340466643649,48.66077628329526,14.780008286308174,-33.88076799698709
0.00066015625,37.46837534730844,48.696139790224215,12.97020392475168,-35.725935865472536
0.0006609375,37.16724586297107,48.73142996151461,11.458172669944936,-37.27325729156967
0.00066171875,36.85380869082791,48.76664674415214,10.242019861068215,-38.524626883083926
0.0006625,36.531028083792684,48.801790085101,9.31804809535057,-39.48374198975043
0.00066328125,36.201556455914265,48.83685993143596,8.680851769248882,-40.15600816218708
0.0006640625,35.86788190071796,48.87185623034243,8.323418589436187,-40.54843764090624
0.00066484375,35.53237736207847,48.90677892911665,8.237237242741301,-40.66954168637535
0.000665625,35.19731819111599,48.94162797516564,8.412410326536232,-40.529217648629405
0.00066640625,34.8648898012173,48.97640331600737,8.83777162522184,-40.13863169078553
0.0006671875,34.53719551451056,49.011104899270826,9.501006822323127,-39.5100980769477
0.00066796875,34.2162738475848,49.04573267269603,10.388776751590427,-38.656955921105606
0.00066875,33.904142994122026,49.08028658413421,11.486842313605663,-37.59344427052854
0.00066953125,33.602923863753944,49.11476658154777,12.780190223377652,-36.33457635817012
0.0006703125,33.315237307347566,49.149172613010464,14.25315884687921,-34.896013766131254
0.00067109375,33.04593872406015,49.183504626707446,15.889563803028786,-33.29394082367866
0.000671875,32.816826111753436,49.21776257093528,17.672827783518628,-31.54493478741665
0.00067265625,32.57608631158222,4.286065797054028,19.439053492129535,15.152987695075508
0.0006734375,32.76072677435979,0.0002459811252873868,21.203534049272204,21.203288068146914
0.00067421875,32.96661895084695,1.4117069039695683e-08,22.776363059089043,22.776363044971973
0.000675,33.174161241861654,8.103399119070783e-13,24.142899316507666,24.142899316506856
0.00067578125,33.39208853174077,-1.4009708993220411e-15,25.302591074041068,25.302591074041068
0.0006765625,33.629966389537934,-4.858236528612681e-15,26.25622153150325,26.256221531503254
0.00067734375,34.08773517853165,2.1970788706961155e-16,27.005933574308784,27.005933574308784
0.000678125,33.59133276336899,49.47953203845785,27.83517684608023,-21.644355192377617
0.00067890625,33.45006382855513,49.52274191491158,28.628021521844257,-20.89472039306732
0.0006796875,33.29200489821749,49.556256897490435,29.52220833962044,-20.034048557869994
0.00068046875,33.13629933443865,49.58969669712367,30.508328656107558,-19.081368041016113
0.00068125,32.98685767816447,49.62306181553818,31.57672702352551,-18.04633479201267
0.00068203125,32.84532912690972,49.656352202518384,32.71760449561774,-16.938747706900642
0.0006828125,32.71268578749939,49.68956780792956,33.92108704089654,-15.76848076703303
0.00068359375,32.589597082451064,49.72270858174963,35.17729126395754,-14.545417317792085
0.000684375,32.476550060300156,49.75577447406918,36.47638750113301,-13.279386972936166
0.00068515625,32.37389528550111,49.788765435091555,37.80866006467967,-11.98010537041188
0.0006859375,32.28186474465746,49.82168141513297,39.16456438392544,-10.657117031207537
0.00068671875,32.20057503743842,49.85452236462256,40.53478080813862,-9.319741556483942
0.0006875,32.13001654786028,49.88728823410244,41.910264861138366,-7.977023372964078
0.00068828125,32.07001751572535,49.91997897422782,43.28229376327684,-6.637685210950977
0.0006890625,32.02014283130256,49.952594535767005,44.64250905428792,-5.310085481479084
0.00068984375,31.97937311995763,49.98513486960159,45.982955130389996,-4.0021797392115905
0.000690625,31.9447611369317,50.01759992672639,47.29611325082203,-2.7214866759043588
0.00069140625,31.901294835729107,50.04998965824963,48.57492747826399,-1.4750621799856392
0.0006921875,32.928226034893605,16.372488008425908,49.709046980865125,33.33655897243922
0.00069296875,32.47204553143768,0.20234776640733987,50.64692496189821,50.444577195490865
0.00069375,32.874356097638575,1.1612918148563656e-05,51.27598560129799,51.27597398837984
0.00069453125,33.29426612007364,6.664756934047743e-10,51.55570223911017,51.55570223844369
0.0006953125,33.71781281328827,3.824963236775369e-14,51.497456737893415,51.49745673789338
0.00069609375,34.14044419072692,2.1951803955433353e-18,51.11490611726786,51.11490611726786
0.000696875,34.558881834209515,1.2598335384369061e-22,50.4232276406519,50.4232276406519
0.00069765625,34.970349940187134,7.230296643468371e-27,49.43896244321892,49.43896244321892
0.0006984375,35.37236084756637,4.149531502186477e-31,48.17985691274901,48.17985691274901
0.00069921875,35.762644077368286,2.3814530076290478e-35,46.66470272101665,46.66470272101665
0.0007,36.13912010999634,1.3667370459911189e-39,44.91317653409695,44.91317653409695
0.00070078125,36.49988964290492,7.84382537425865e-44,42.94568041912414,42.94568041912414
0.0007015625,36.84322766782051,4.501641093459e-48,40.78318392797436,40.78318392797436
0.00070234375,37.16757716835291,2.5835318313972593e-52,38.447068791284835,38.447068791284835
0.000703125,37.471538047246845,1.4827118789059605e-56,35.958977103198166,35.958977103198166
0.00070390625,37.75384431284083,8.509415247498067e-61,33.34066381923408,33.34066381923408
0.0007046875,38.01331420790694,4.883629037071005e-65,30.613854326186164,30.613854326186164
0.00070546875,38.24874230014225,2.80275810711381e-69,27.80010777381925,27.80010777381925
0.00070625,38.45890809377692,1.6085277868901273e-73,24.920686887230588,24.920686887230588
0.00070703125,38.55537725149609,2.526850070216396,22.004212409109975,19.47736233889358
0.0007078125,38.63090304662435,3.649893181092615,19.074144305714633,15.424251124622018
0.00070859375,38.65711182090291,50.712383231845735,16.39317747645442,-34.319205755391316
0.000709375,38.320889176936866,50.774051086254275,13.89593397930399,-36.878117106950285
0.00071015625,37.992892176318676,50.80462041231748,11.730718063703854,-39.07390234861363
0.0007109375,37.65408687117611,50.83511144715668,9.898480042671551,-40.93663140448513
0.00071171875,37.3037011199415,50.86552592513458,8.397939418893479,-42.4675865062411
0.0007125,36.943415923973866,50.89586380054966,7.225762911058943,-43.67010088949072
0.00071328125,36.57550745761326,50.926125027713674,6.376665586793891,-44.54945944091978
0.0007140625,36.2024228501756,50.956309561053715,5.843520954730067,-45.11278860632365
0.00071484375,35.82664003208788,50.986417355112465,5.617478519152961,-45.368938835959504
0.000715625,35.45060868769285,51.01644836454811,5.688087677992364,-45.32836068655575
0.00071640625,35.07672200971053,51.04640254413448,6.043426909078441,-45.00297563505604
0.0007171875,34.70730558988975,51.076279848761146,6.67023721215665,-44.4060426366045
0.00071796875,34.344623689045584,51.10608023343342,7.554058793500673,-43.552021439932744
0.00071875,33.990917156216675,51.13580365327245,8.679370005394063,-42.456433647878384
0.00071953125,33.648524149164466,51.16545006351532,10.029727593854666,-41.13572246966066
0.0007203125,33.320285532916266,51.19501941951506,11.587907404675121,-39.60711201483994
0.00072109375,33.01133974681358,51.224511676740754,13.336045134157295,-37.88846654258346
0.000721875,32.74441926285868,51.25392679077762,15.255781684232154,-35.998145106545465
0.00072265625,32.46550214731483,4.4629738978173865,17.17528698198352,12.71231308416613
0.0007234375,32.62943048990901,0.00025613403841448924,19.10927401355868,19.109017879520263
0.00072421875,32.814844122158284,1.4699741884110734e-08,20.858729145842744,20.858729131143
0.000725,32.99998408752244,8.464356939335991e-13,22.407106757410183,22.407106757409338
0.00072578125,33.189959926006175,-7.350251696761946e-15,23.75249508115499,23.752495081154997
0.0007265625,33.377391804431994,-1.0166551335437276e-14,24.89434036643684,24.89434036643685
0.00072734375,33.45433047936329,-3.1348642034173417e-15,25.83335657279392,25.833356572793924
0.000728125,33.57833993743626,51.45253062541326,26.828483754434387,-24.624046870978873
0.00072890625,33.33830816894122,51.51518215518924,27.788287144230807,-23.72689501095843
0.0007296875,33.136651471383146,51.54382536754179,28.860775687005724,-22.68304968053607
0.00073046875,32.95028191330794,51.57238900850973,30.034985817146463,-21.537403191363268
0.00073125,32.776099523999484,51.600874982280075,31.299650642896996,-20.30122433938308
0.00073203125,32.61364103449022,51.62928324606523,32.64337319487085,-18.985910051194377
0.0007328125,32.46304775363898,51.65761375708287,34.05470302519048,-17.60291073189239
0.00073359375,32.324614015705,51.685866472667755,35.522210749639676,-16.16365572302808
0.000734375,32.19864949407157,51.71404135027181,37.03455964943884,-14.679481700832973
0.00073515625,32.0854311845763,51.742138347464184,38.580573905518655,-13.16156444194553
0.0007359375,31.985189820071344,51.77015742193129,40.1493031431685,-11.620854278762787
0.00073671875,31.898116980444556,51.79809853147691,41.73008301761304,-10.068015513863868
0.0007375,31.8243975403707,51.82596163402224,43.31259161446658,-8.513370019555666
0.00073828125,31.764298624002915,51.85374668760596,44.88690148621025,-6.966845201395714
0.0007390625,31.718437527458093,51.88145365038427,46.443527221555726,-5.437926428828547
0.00073984375,31.68883762620446,51.90908248063099,47.97346869558386,-3.93561378504713
0.000740625,31.686034931597124,51.93663313673761,49.46825226443463,-2.4683808723029785
0.00074140625,32.2336413741187,51.96410557721334,50.920165786395835,-1.0439397908175039
0.0007421875,31.973461985515794,6.693872528369214,52.02897268601346,45.33510015764425
0.00074296875,32.37199278750902,6.7601981034546075,52.936078482884575,46.17588037942997
0.00074375,32.82765940225715,0.17469640857141236,53.49118537850218,53.31648896993077
0.00074453125,33.25516487830618,1.0025982147506703e-05,53.71046350066918,53.71045347468703
0.0007453125,33.69970134947599,5.754000259314572e-10,53.58099247956481,53.580992478989415
0.00074609375,34.14184281373824,3.30227188689197e-14,53.11680281689602,53.116802816895984
0.000746875,34.57831640336309,1.8952031844809265e-18,52.333998989396065,52.333998989396065
0.00074765625,35.00650859661885,1.0876739509923173e-22,51.25007313490253,51.25007313490253
0.0007484375,35.42402630387248,6.2422574706218476e-27,49.883739351777734,49.883739351777734
0.00074921875,35.82864317619524,3.5824870397957603e-31,48.25476694307497,48.25476694307497
0.00075,36.21829499701969,2.0560211511150724e-35,46.38381354517956,46.38381354517956
0.00075078125,36.59108191703939,1.179968811296396e-39,44.2922591870719,44.2922591870719
0.0007515625,36.94526884102472,6.771945876515468e-44,42.00204229249013,42.00204229249013
0.00075234375,37.27927963081945,3.886479923488035e-48,39.53549858677201,39.53549858677201
0.000753125,37.59167725910635,2.2304853687708087e-52,36.91520381224549,36.91520381224549
0.00075390625,37.88110456968436,1.2800953763413845e-56,34.163821088446696,34.163821088446696
0.0007546875,38.146069701338334,7.346581131951678e-61,31.303953650355915,31.303953650355915
0.00075546875,38.38362800195767,4.216268203593192e-65,28.358003260334062,28.358003260334062
0.00075625,38.50079790781655,2.4197537936817677e-69,25.348000587297165,25.348000587297165
0.00075703125,38.732625038980245,7.998598757716854,22.34712796981676,14.348529212099908
0.0007578125,38.81488556937478,8.067770324216188,19.350704434210975,11.282934109994788
0.00075859375,38.77304234991007,8.13647466461683,16.40057581870935,8.264101154092517
0.000759375,38.74291720692703,52.545013373366125,13.735522456740227,-38.8094909166259
0.00076015625,38.37120960419911,52.599871975279854,11.289888755744158,-41.309983219535695
0.0007609375,38.0072201737851,52.62537756624068,9.202358828880797,-43.42301873735988
0.00076171875,37.63313966072627,52.65080222428476,7.47232831415063,-45.17847391013413
0.0007625,37.248511840830226,52.67614759107579,6.096872265883476,-46.57927532519231
0.00076328125,36.85522562769893,52.70141362854049,5.070932473074848,-47.630481155465645
0.0007640625,36.45573568887836,52.7266002986287,4.387432727203596,-48.33916757142511
0.00076484375,36.05265277419563,52.75170756340977,4.037402889345245,-48.71430467406452
0.000765625,35.64860861298591,52.776735385072556,4.010110198788837,-48.76662518628372
0.00076640625,35.246201638777144,52.80168372592565,4.293196629092286,-48.50848709683336
0.0007671875,34.84797720709329,52.82655254839729,4.872821164496351,-47.95373138390094
0.00076796875,34.456434798158114,52.85134181503547,5.733805898419234,-47.117535916616234
0.00076875,34.074079244109534,52.876051488508025,6.859784885258435,-46.01626660324959
0.00076953125,33.70358803516005,52.90068153160262,8.233354725908626,-44.667326805693996
0.0007703125,33.34840182151385,52.92523190722685,9.836226002133202,-43.08900590509365
0.00077109375,33.01563685151137,52.949702578408306,11.649375419812941,-41.300327158595366
0.000771875,32.750459734673704,52.97409350829461,13.653210788499678,-39.32088271979493
0.00077265625,32.48235253282658,0.40140680760723696,15.621105585819068,15.21969877821183
0.0007734375,32.68710903373481,2.3037093439268963e-05,17.594579044464922,17.594556007371484
0.00077421875,32.86016323118038,1.3221244243924585e-09,19.379996812549575,19.37999681122745
0.000775,33.03954277118204,8.641267387130212e-14,20.972303174307182,20.972303174307097
0.00077578125,33.23120846893172,-4.021485428873144e-15,22.368995763649945,22.36899576364995
0.0007765625,33.44158873013761,1.7321907406096456e-15,23.568911714553465,23.568911714553465
0.00077734375,33.73602013291187,6.862648719475644e-15,24.572208381029103,24.572208381029096
0.000778125,33.41343736046968,53.04755243925271,25.613860441850584,-27.43369199740213
0.00077890625,33.2529618396411,53.19001068017111,26.621481830324257,-26.568528849846857
0.0007796875,33.052629873594185,53.2136090139409,27.757652080983547,-25.455956932957356
0.00078046875,32.8545406267884,53.2371203920987,29.01061434990447,-24.226506042194234
0.00078125,32.66448626975265,53.26055159572405,30.367981176966655,-22.892570418757398
0.00078203125,32.48466700590378,53.28390258992122,31.81718813211875,-21.466714457802468
0.0007828125,32.31632348727457,53.307173339524034,33.34558151170205,-19.96159182782198
0.00078359375,32.160291552615575,53.330363809487196,34.9405023175875,-18.389861491899698
0.000784375,32.01716784217139,53.353473964886234,36.589366813476786,-16.764107151409444
0.00078515625,31.88736725066211,53.376503770917715,38.27974339307084,-15.096760377846875
0.0007859375,31.771137881111816,53.39945319289911,39.999425443454626,-13.40002774944448
0.00078671875,31.668545443488,53.422322196269064,41.73649990325917,-11.68582229300989
0.0007875,31.579406908476344,53.44511074658723,43.479411240509805,-9.965699506077431
0.00078828125,31.503077948394452,53.46781880953448,45.21702058128354,-8.250798228250934
0.0007890625,31.43763403125429,53.490446350912876,46.93865959781095,-6.551786753101928
0.00078984375,31.374846756530918,53.51299333664578,48.63417740146806,-4.878815935177721
0.000790625,31.141414444508698,53.53545973277778,50.293914926939784,-3.241544805837995
0.00079140625,31.745859115949266,11.018001529521063,51.66791544750187,40.649913917980804
0.0007921875,32.05920584168015,11.077801569709699,52.85169304251738,41.773891472807684
0.00079296875,32.39821258102696,11.145868664482453,53.72410613935898,42.57823747487653
0.00079375,32.7305399960836,11.213919449189486,54.29226015898375,43.07834070979426
0.00079453125,33.19940995877101,0.025120095773010578,54.51539949709714,54.49027940132413
0.0007953125,33.63629502386544,1.4416646216336497e-06,54.41945376397338,54.41945232230876
0.00079609375,34.08121208292681,8.27384138998051e-11,53.98222905997014,53.9822290598874
0.000796875,34.522560200907705,4.74843110660383e-15,53.21984220883161,53.2198422088316
0.00079765625,34.95661495815539,2.72516681326133e-19,52.14991290439507,52.14991290439507
0.0007984375,35.380578236363306,1.563997453763736e-23,50.79131878582029,50.79131878582029
0.00079921875,35.792012349793666,8.9759203857767e-28,49.164026024157515,49.164026024157515
0.0008,36.18872042765496,5.1513604819444e-32,47.288919846455265,47.288919846455265
0.00080078125,36.56870992798562,2.956411562761672e-36,45.18763592824972,45.18763592824972
0.0008015625,36.93017524081581,1.6967108706653408e-40,42.88239366413324,42.88239366413324
0.00080234375,37.271477189506385,9.737574480140176e-45,40.395832290771914,40.395832290771914
0.000803125,37.59109130485495,5.5884805358201524e-49,37.75085077709846,37.75085077709846
0.00080390625,37.88741750201552,3.2072786465394116e-53,34.97045230076791,34.97045230076791
0.0008046875,38.157687734462,1.840685719600173e-57,32.07759377357041,32.07759377357041
0.00080546875,38.3757447880557,1.0563858933790249e-61,29.09503213240842,29.09503213240842
0.00080625,38.578691670369786,12.292288596635768,26.106543922867772,13.814255326232004
0.00080703125,38.669279928287104,12.368114942277607,23.11180090604939,10.743685963771783
0.0008078125,38.7449828055433,12.435846552557654,20.166732565533444,7.7308860129757875
0.00080859375,38.808388593029925,12.503558971182448,17.288517117969263,4.784958146786815
0.000809375,39.02764849928045,12.571252559646796,14.49328265469656,1.9220300950497646
0.00081015625,38.42069015769719,54.06276337906303,12.03058414751807,-42.03217923154496
0.0008109375,38.086931339383305,54.0911902700886,9.812964419909214,-44.27822585017939
0.00081171875,37.71704893302205,54.111468819527275,7.963344017375924,-46.14812480215135
0.0008125,37.32938297605907,54.131665415106326,6.479141170545454,-47.65252424456087
0.00081328125,36.929561861921755,54.15178048934897,5.3555297818000795,-48.79625070754889
0.0008140625,36.52134687445484,54.17181401198886,4.585585411815394,-49.58622860017346
0.00081484375,36.10793570443916,54.19176595285582,4.1604122207516525,-50.031353732104165
0.000815625,35.69225362650796,54.21163628190262,4.069277020336379,-50.14235926156624
0.00081640625,35.27703076189955,54.231424969204895,4.299749622088896,-49.931675347116
0.0008171875,34.86481197578376,54.25113198496125,4.837848401795455,-49.41328358316579
0.00081796875,34.457929277181,54.27075729949326,5.668189963238802,-48.60256733625446
0.00081875,34.05842256811647,54.29030088324558,6.774141783681827,-47.51615909956375
0.00081953125,33.66782367595996,54.309762706785904,8.137976717108955,-46.17178598967695
0.0008203125,33.28641917141838,54.32914274080508,9.741028129171127,-44.588114611633955
0.00082109375,32.9094363895468,54.34844095611714,11.563843505859587,-42.78459745025755
0.000821875,32.47064812874685,54.36765732365932,13.586313370206788,-40.781343953452534
0.00082265625,32.68730249719231,0.1215275813669393,15.548911613089677,15.427384031722738
0.0008234375,32.76209432589589,6.9745759117156815e-06,17.50743783816671,17.5074308635908
0.00082421875,32.90100168220576,4.0027903701567607e-10,19.278289091591738,19.278289091191457
0.000825,33.059860431636956,1.7044059811998325e-14,20.857251860544824,20.857251860544807
0.00082578125,33.23057098489496,2.5249294602654745e-15,22.24185460470304,22.241854604703036
0.0008265625,33.40464701473027,-2.65494664926337e-15,23.430955237030552,23.430955237030556
0.00082734375,33.535174455491706,-1.5998922968234276e-15,24.42467909537916,24.42467909537916
0.000828125,33.69444841581289,54.105494420788226,25.436907117494567,-28.66858730329366
0.00082890625,33.39275306342933,54.536893048370516,26.40652697135002,-28.130366077020497
0.0008296875,33.14898782244529,54.555313064756675,27.515289816123257,-27.040023248633418
0.00083046875,32.924087352862564,54.573627225331386,28.751968979256183,-25.821658246075202
0.00083125,32.712946905121534,54.59185919764978,30.103805618867977,-24.488053578781805
0.00083203125,32.51477997000587,54.61000895561473,31.557813385433036,-23.052195570181695
0.0008328125,32.32970105179805,54.62807647189312,33.10086845246928,-21.52720801942384
0.00083359375,32.158044109567776,54.64606171927559,34.71979788295448,-19.92626383632111
0.000834375,32.000157190037626,54.66396467067669,36.40146502057977,-18.26249965009692
0.00083515625,31.85631649452867,54.681785299134866,38.132851340087726,-16.548933959047137
0.0008359375,31.726667284088315,54.69952357781263,39.901134339584516,-14.798389238228115
0.00083671875,31.611140192974695,54.7171794799964,41.693761114593464,-13.023418365402941
0.0008375,31.509242226890436,54.73475297909674,43.49851727211069,-11.236235706986053
0.00083828125,31.419290116535894,54.75224404864825,45.30359073658326,-9.44865331206499
0.0008390625,31.333740299478734,54.76965266230974,47.09762873895842,-7.672023923351315
0.00083984375,31.091624753192924,54.786978793864094,48.869727024600415,-5.917251769263679
0.000840625,31.630423839484873,15.270088913936558,50.385657602386416,35.115568688449855
0.00084140625,31.901099207678893,15.329222942242517,51.73231608848454,36.40309314624202
0.0008421875,32.19912467587939,15.396033537302834,52.79526428077091,37.399230743468074
0.00084296875,32.506860754604126,15.46282138810474,53.57931202073435,38.11649063262961
0.00084375,32.816553213378846,15.529585952202474,54.090874228951755,38.56128827674928
0.00084453125,33.06175712652647,15.5963271290244,54.33781567296201,38.741488543937606
0.0008453125,33.61057236514244,0.00303558304263389,54.2407887251277,54.23775314208507
0.00084609375,34.04687054077638,1.742148086592196e-07,53.84809972775942,53.84809955354461
0.000846875,34.48572898313248,9.998342700529112e-12,53.129359028622886,53.12935902861289
0.00084765625,34.918718183532434,5.738137735051459e-16,52.101934048458546,52.101934048458546
0.0008484375,35.34235941884057,3.293168243240855e-20,50.78447749725744,50.78447749725744
0.00084921875,35.75403629287486,1.889978522481877e-24,49.19674832878136,49.19674832878136
0.00085,36.15150366347813,1.0846754710374296e-28,47.359442736024675,47.359442736024675
0.00085078125,36.53278272212486,6.225048927673998e-33,45.29402600121688,45.29402600121688
0.0008515625,36.89614616875248,3.572610904058877e-37,43.02256611668719,43.02256611668719
0.00085234375,37.2401562511157,2.0503531490425586e-41,40.567570148508054,40.567570148508054
0.000853125,37.56381983595128,1.1767158945332089e-45,37.951824302550385,37.951824302550385
0.00085390625,37.86731274678757,6.753277098111985e-50,35.19823876526292,35.19823876526292
0.0008546875,38.15909685367793,3.875765745645474e-54,32.32970073832376,32.32970073832376
0.00085546875,38.26127509018722,16.104415358091433,29.425959076786167,13.321543718694734
0.00085625,38.40357220762969,16.59454572499369,26.49325756216199,9.8987118371683
0.00085703125,38.47639736529717,16.66092337982521,23.611945130044987,6.951021750219778
0.0008578125,38.523089693396166,16.727251625496724,20.799916716754115,4.072665091257392
0.00085859375,38.54818830370094,16.79355467883395,18.072704282102166,1.2791496032682148
0.000859375,38.560245888104774,16.859832441381243,15.444692803907614,-1.4151396374736294
0.00086015625,38.715821178984164,16.92608481332558,12.929137320555865,-3.9969474927697153
0.0008609375,38.10927446669859,55.21606788420779,10.754532256799124,-44.461535627408665
0.00086171875,37.75564567008365,55.238519788337825,8.838199711945464,-46.40032007639236
0.0008625,37.36982678091672,55.25344352122286,7.291474495995786,-47.96196902522708
0.00086328125,36.96902316135278,55.26828361614632,6.109754487559954,-49.158529128586366
0.0008640625,36.558670747028295,55.28304047800894,5.286277419498113,-49.99676305851083
0.00086484375,36.142450196406756,55.29771408461169,4.8122737451972455,-50.485440339414446
0.000865625,35.723490891588675,55.31230441385637,4.677101661151475,-50.63520275270489
0.00086640625,35.30463652386195,55.32681144377021,4.86838832293634,-50.45842312083387
0.0008671875,34.88850676501136,55.34123515250588,5.372176405054951,-49.96905874745093
0.00086796875,34.477481904642104,55.35557551834155,6.173074914541118,-49.182500603800435
0.00086875,34.07361088538482,55.369832519680905,7.254413132739728,-48.11541938694118
0.00086953125,33.678326825760145,55.38400613505311,8.598396533042774,-46.78560960201034
0.0008703125,33.29137506311141,55.398096343113,10.18626334020658,-45.21183300290642
0.00087109375,32.904273856856776,55.41210312264096,11.99843860770649,-43.41366451493447
0.000871875,32.29365567693878,55.42602645254303,14.014599686011707,-41.41142676653132
0.00087265625,32.775132065069926,0.010782387040683275,15.900122162340287,15.889339775299604
0.0008734375,32.88143069995735,6.188107903448649e-07,17.76887253280278,17.76887191399199
0.00087421875,33.029002059002025,3.551975118174075e-11,19.451496614739032,19.45149661470351
0.000875,33.19621958571343,2.7984023072302165e-15,20.944603140829642,20.94460314082964
0.00087578125,33.3790022791059,1.5349863681157264e-15,22.246173610323048,22.246173610323048
0.0008765625,33.57788384361349,-3.7886396620948433e-16,23.35548556047216,23.35548556047216
0.00087734375,33.80812363799284,4.1649258784264635e-15,24.273070834272733,24.27307083427273
0.000878125,32.81514564162304,39.15098579169677,25.12119933838678,-14.029786453309988
0.00087890625,33.559598991960904,55.54663751115686,25.947728994764542,-29.598908516392317
0.0008796875,33.34369942647614,55.56066541740399,26.882540234892524,-28.678125182511465
0.00088046875,33.120012891486326,55.573669499144344,27.962477433202647,-27.611192065941697
0.00088125,32.90155673057185,55.586589833986636,29.17507512002362,-26.411514713963015
0.00088203125,32.691895847364826,55.59942645642613,30.50750977170999,-25.09191668471614
0.0008828125,32.492796063816336,55.612179347134166,31.94670087002202,-23.665478477112146
0.00088359375,32.30540291571963,55.624848486905144,33.47940442931065,-22.145444057594496
0.000884375,32.130535629538564,55.637433856659555,35.0923035329607,-20.545130323698857
0.00088515625,31.968764684590326,55.64993543744408,36.77209568556246,-18.87783975188162
0.0008859375,31.820389851461258,55.66235321043155,38.505576597005685,-17.156776613425862
0.00088671875,31.68527395318559,55.674687156921,40.27971998513984,-15.39496717178116
0.0008875,31.562152254279,55.686937258337764,42.081752875786286,-13.605184382551478
0.00088828125,31.44435264805461,55.6991034962334,43.899224720557356,-11.79987877567604
0.0008890625,31.184317423653425,55.711185852285766,45.7200142508253,-9.991171601460465
0.00088984375,31.642952092346242,19.430948720315797,47.326914440709096,27.8959657203933
0.000890625,31.857340870589077,19.489063454304908,48.79750944537074,29.308445991065835
0.00089140625,32.09903432750844,19.554218405364274,50.02451094556423,30.470292540199956
0.0008921875,32.35242508275322,19.619344313852874,51.01010298580311,31.390758671950234
0.00089296875,32.61283124766822,19.684440675986792,51.75793887575761,32.07349819977082
0.00089375,32.87641460928632,19.749507393708775,52.273036211556516,32.52352881784774
0.00089453125,33.13478006970666,19.81454436902954,52.56168903836174,32.7471446693322
0.0008953125,33.834535368462866,5.862521248497242,52.58822254367706,46.72570129517982
0.00089609375,33.91357499889667,0.0003364553047052767,52.344848431365676,52.34451197606097
0.000896875,34.335415830072705,1.9309468958144593e-08,51.795876360293846,51.79587634098438
0.00089765625,34.75698201001174,1.1081875845951022e-12,50.94000436237832,50.94000436237721
0.0008984375,35.17155651807088,6.359987036995813e-17,49.79472477964078,49.79472477964078
0.00089921875,35.57593763029501,3.6500530842469026e-21,48.37867985857901,48.37867985857901
0.0009,35.96771097543373,2.0947979045116875e-25,46.711496286417244,46.711496286417244
0.00090078125,36.34484874040569,1.2022231346950257e-29,44.8136218516332,44.8136218516332
0.0009015625,36.70565164487859,6.899665416329757e-34,42.70616345700734,42.70616345700734
0.00090234375,37.048859248934065,3.959779302481414e-38,40.410727394384956,40.410727394384956
0.000903125,37.3742291817535,2.27255253381562e-42,37.949262943055366,37.949262943055366
0.00090390625,37.68695003952244,1.3042380962281006e-46,35.34391166836706,35.34391166836706
0.0009046875,37.519835920309134,14.56529348021307,32.66170250480681,18.09640902459374
0.00090546875,37.97378296359182,20.72153468072399,29.941711445231732,9.22017676450774
0.00090625,38.04514346665036,20.786463396229436,27.252811230256487,6.466347834027051
0.00090703125,38.08832057304969,20.85101122365049,24.628698837843466,3.7776876141929723
0.0009078125,38.10859674381764,20.915527629762558,22.083881097946858,1.1683534681842986
0.00090859375,38.10818351430381,20.980012537466827,19.631789141399466,-1.3482233960673597
0.000909375,38.089734711677664,21.044465849651374,17.28473792245085,-3.759727927200524
0.00091015625,38.06088735584283,21.108887469250668,15.053894028336561,-6.054993440914107
0.0009109375,38.16421621874823,21.17327729924692,12.949307017686154,-8.223970281560765
0.00091171875,37.57572840090174,56.01823124897165,11.176814509299568,-44.841416739672084
0.0009125,37.219332592563205,56.034565385535174,9.65900199462213,-46.375563390913044
0.00091328125,36.83575023973631,56.04403939585852,8.494966579833559,-47.54907281602496
0.0009140625,36.440796853649054,56.05342861600569,7.678264616528409,-48.37516399947728
0.00091484375,36.039574483512375,56.06273342068002,7.200479103715878,-48.86225431696414
0.000915625,35.635593228334585,56.07195379589102,7.05137345623298,-49.02058033965804
0.00091640625,35.23188303546669,56.081089727752925,7.2190284155012066,-48.86206131225172
0.0009171875,34.83126824435907,56.0901412025072,7.689983918172466,-48.40015728433473
0.00091796875,34.43649604135056,56.09910820652251,8.449385101890911,-47.6497231046316
0.00091875,34.050402902882674,56.10799072629468,9.481131435633287,-46.62685929066139
0.00091953125,33.676374299777635,56.11678874844681,10.76802801918953,-45.34876072925728
0.0009203125,33.32031904099045,56.12550225972923,12.291938555550203,-43.83356370417903
0.00092109375,33.007424527785865,56.13413124701958,14.033944933855935,-42.10018631316365
0.000921875,32.67878468510892,4.886381614666293,15.80687882762733,10.920497212961036
0.00092265625,32.83277112030742,0.00028043378359897224,17.62765878886241,17.62737835507881
0.0009234375,33.008473513393,1.6094352477319435e-08,19.278959655338316,19.278959639243965
0.00092421875,33.18291738505172,9.395416386638207e-13,20.743061242375624,20.743061242374687
0.000925,33.36370595510623,7.992308969659327e-16,22.01804153966338,22.01804153966338
0.00092578125,33.55075169391277,1.0769317644067721e-14,23.103251273029727,23.103251273029716
0.0009265625,33.74121505677916,2.083243920469553e-15,23.999269051964095,23.99926905196409
0.00092734375,33.92544160628044,-9.815833559410754e-16,24.707847532616885,24.707847532616885
0.000928125,33.98521733756681,1.225627929166146e-14,25.231810623789666,25.231810623789656
0.00092890625,34.092833681654575,56.178706097743856,25.855631518021198,-30.323074579722658
0.0009296875,33.79944510819845,56.223465771086865,26.480779127367086,-29.74268664371978
0.00093046875,33.54490067646601,56.231081620258706,27.269889933320055,-28.96119168693865
0.00093125,33.30427140333791,56.23861065958015,28.21165599349958,-28.026954666080567
0.00093203125,33.07446633898117,56.24605500444821,29.294148328290547,-26.951906676157662
0.0009328125,32.855267502093284,56.253414643773915,30.50501514132131,-25.748399502452607
0.00093359375,32.647092862359194,56.26068956647381,31.831575904360275,-24.429113662113533
0.000934375,32.450473629148355,56.26787976159194,33.260914494477824,-23.00696526711412
0.00093515625,32.26583967367312,56.27498521830005,34.779970282972464,-21.49501493532759
0.0009359375,32.09329096143082,56.28200592589744,36.37562654725214,-19.906379378645298
0.00093671875,31.93193657616252,56.28894187381103,38.03479556533581,-18.254146308475217
0.0009375,31.776003658387932,56.29579305159541,39.74449872620847,-16.55129432538694
0.00093828125,31.492237679069987,56.30255944893284,41.49189077053364,-14.810668678399203
0.0009390625,31.859846572268022,23.4757228640187,43.07842943667436,19.602706572655663
0.00093984375,32.00779883111862,23.53247111079248,44.5721963191835,21.03972520839102
0.000940625,32.18204182183353,23.59558116482065,45.87389376918985,22.278312604369194
0.00094140625,32.36874086128217,23.658656051473695,46.98319569892888,23.324539647455182
0.0009421875,32.56406429181889,23.72169530863936,47.901030847408435,24.179335538769077
0.00094296875,32.76548128986632,23.784698841360612,48.629505988147926,24.844807146787318
0.00094375,32.97039814585104,23.84766655475523,49.171845687037546,25.324179132282318
0.00094453125,33.174239764798166,23.91059835399499,49.53232704645821,25.62172869246322
0.0009453125,33.34548771589106,23.973494144305747,49.71619997315986,25.742705828854113
0.00094609375,33.798968717867375,0.05363336873136524,49.6240494972233,49.57041612849193
0.000946875,34.18069725268028,3.078066697584685e-06,49.2965283431755,49.296525265108805
0.00094765625,34.580102462320674,1.7665298337374667e-10,48.66940857166039,48.669408571483736
0.0009484375,34.97626286051245,1.013827171429792e-14,47.758287683496825,47.75828768349682
0.00094921875,35.364754230063966,5.818444239657751e-19,46.58010981506139,46.58010981506139
0.00095,35.742901090903494,3.339256859950009e-23,45.152847186247705,45.152847186247705
0.00095078125,36.108630293078356,1.9164291892189876e-27,43.495345237324905,43.495345237324905
0.0009515625,36.46032169682419,1.0998557437553725e-31,41.62716872121023,41.62716872121023
0.00095234375,36.79706869641391,6.312169861933024e-36,39.56844946110321,39.56844946110321
0.000953125,37.120381800375746,3.622610382508261e-40,37.33973714505301,37.33973714505301
0.00095390625,37.45978525936202,2.0790482940897594e-44,34.961864076858426,34.961864076858426
0.0009546875,37.48879654503124,24.670226558863465,32.564395207661526,7.894168648798062
0.00095546875,37.56919766333072,24.78781641640363,30.133652784797892,5.345836368394263
0.00095625,37.60690559120418,24.85020132734996,27.764489057185443,2.9142877298354835
0.00095703125,37.62162999501285,24.91254564822364,25.470067839102292,0.5575221908786488
0.0009578125,37.61642173345529,24.974852451072106,23.262397786260205,-1.7124546648119008
0.00095859375,37.59291458687715,25.037121642244102,21.15246437480278,-3.884657267441324
0.000959375,37.55269844962562,25.099353127963383,19.150201023809927,-5.949152104153455
0.00096015625,37.498170013233896,25.16154681451045,17.26446783695297,-7.897078977557482
0.0009609375,37.436278182619446,25.223702608222737,15.503039299221921,-9.720663309000816
0.00096171875,37.49473847666447,25.28582041549474,13.87264863697809,-11.41317177851665
0.0009625,36.93641031644402,56.464152194515506,12.555174647103946,-43.90897754741156
0.00096328125,36.58813834992147,56.47426468818132,11.479017294711113,-44.99524739347021
0.0009640625,36.218055668068644,56.478228726908284,10.730513935269023,-45.74771479163926
0.00096484375,35.84041629305918,56.48210736245922,10.301575276581886,-46.18053208587733
0.000965625,35.45988308963549,56.485900936957265,10.182381950572271,-46.303518986384994
0.00096640625,35.07970198512793,56.4896094447093,10.36153521869791,-46.12807422601139
0.0009671875,34.70272371396597,56.4932328801304,10.826191773380607,-45.66704110674979
0.00096796875,34.3317172002051,56.496771237763745,11.562202123453098,-44.93456911431065
0.00096875,33.96968665185596,56.50022451228061,12.554251832345805,-43.945972679934805
0.00096953125,33.62079947398566,56.50359269848046,13.78600486813474,-42.71758783034572
0.0009703125,33.29548775871487,56.50687579129084,15.240249674115475,-41.26662611717536
0.00097109375,33.11301888706307,56.510073785767474,16.899088619365244,-39.61098516640223
0.000971875,32.900373471551006,0.03726182562278937,18.461952186640595,18.424690361017806
0.00097265625,33.10888127934053,2.1384893021389933e-06,20.013873003669136,20.013870865179832
0.0009734375,33.296290104284054,1.2274503897804366e-10,21.377939285567802,21.377939285445056
0.00097421875,33.48755861647818,1.4753005074837822e-14,22.552790707594013,22.552790707594
0.000975,33.68569279652594,1.2592271872664693e-14,23.538417978974653,23.53841797897464
0.00097578125,33.89098213072739,8.716463659040328e-15,24.336011180525254,24.336011180525247
0.0009765625,34.10378525011668,9.151256359298028e-15,24.94790617789847,24.94790617789846
0.00097734375,34.327515047179894,1.2540478614670426e-14,25.377526069895765,25.37752606989575
0.000978125,34.59315661360847,7.106713715181435e-15,25.629327759735272,25.629327759735265
0.00097890625,34.29379927092191,55.0856116018426,25.903818189367545,-29.181793412475056
0.0009796875,34.216265376130586,56.5395506313803,26.150990409358396,-30.388560222021905
0.00098046875,33.98573028884468,56.54181041991069,26.576982072524046,-29.964828347386643
0.00098125,33.74833614728126,56.543901749221305,27.176257900376626,-29.36764384884468
0.00098203125,33.51315317882051,56.545907919656614,27.93822033649144,-28.607687583165173
0.0009828125,33.28337542060207,56.54782893297623,28.85165370608762,-27.69617522688861
0.00098359375,33.06082814147768,56.549664786287416,29.904821652261468,-26.644843134025948
0.000984375,32.846748029764065,56.5514154768254,31.085562347548922,-25.465853129276475
0.00098515625,32.641866177931284,56.553081001953686,32.3813823786583,-24.171698623295384
0.0009859375,32.44592655456407,56.554661359164015,33.77954879615591,-22.775112563008108
0.00098671875,32.2542729777489,56.5561565460764,35.267177747210226,-21.28897879886617
0.0009875,31.94889360966969,56.55756656043912,36.83127432404498,-19.726292236394137
0.00098828125,32.222765713079944,27.38024678707095,38.29359581954711,10.913349032476162
0.0009890625,32.30205696011492,27.435289517489473,39.71271330463646,12.277423787146986
0.00098984375,32.40574649267044,27.495977638215678,40.99826136833862,13.50228373012294
0.000990625,32.52194440945626,27.55662467686164,42.147703408573925,14.591078731712285
0.00099140625,32.647708224300544,27.617230215747604,43.15948512630146,15.542254910553858
0.0009921875,32.78141227194133,27.67779416358394,44.03298663937819,16.355192475794247
0.00099296875,32.921877490314095,27.73831642916247,44.76848932924098,17.030172900078504
0.00099375,33.068325240402565,27.798796921337768,45.36713860728449,17.568341685946717
0.00099453125,33.22096872010546,27.859235549027265,45.830902944726404,17.97166739569914
0.0009953125,33.3853898703736,27.9196322212115,46.16253099503674,18.24289877382524
0.00099609375,33.88407541411455,27.979986846934185,46.36562819671816,18.385641349783977
0.000996875,33.878781509707224,0.0016057963120641996,46.26320998159244,46.261604185280376
0.00099765625,34.276237351582964,9.215807748392572e-08,45.95123844229049,45.951238350132414
0.0009984375,34.65953134306567,5.289033971323323e-12,45.360112207697085,45.3601122076918
0.00099921875,35.03414104772878,3.0354236018748745e-16,44.50455476488861,44.50455476488861
0.001,35.39959034899248,1.742056582123584e-20,43.40038990818692,43.40038990818692
0.00100078125,35.754638244379834,9.997817548251386e-25,42.064395568396485,42.064395568396485
0.0010015625,36.09821277892979,5.737836345492036e-29,40.51416026891392,40.51416026891392
0.00100234375,36.43041427261211,3.292995273094135e-33,38.767940147732624,38.767940147732624
0.001003125,36.75868986446504,1.88987925337742e-37,36.84451970211514,36.84451970211514
0.00100390625,36.43684035161785,20.151308234990058,34.82511297664639,14.67380474165633
0.0010046875,36.98812671969932,28.640602914564397,32.752522616926136,4.111919702361741
0.00100546875,37.02381531277857,28.700929682591223,30.711258725777174,2.010329043185951
0.00100625,37.033982399366145,28.760729484052398,28.737571023434793,-0.02315846061760425
0.00100703125,37.02536325828737,28.82048594461228,26.841702527265188,-1.9787834173470913
0.0010078125,36.99994055659628,28.880199002039607,25.032996440608926,-3.847202561430681
0.00100859375,36.95886321777026,28.939868566409146,23.31987518116822,-5.6199933852409245
0.001009375,36.90300826320061,28.999494547859626,21.70982339262355,-7.289671155236076
0.00101015625,36.833011318216315,29.059076856595404,20.20937735732685,-8.849699499268553
0.0010109375,36.74887586285639,29.11861540288659,18.824120655658085,-10.294494747228507
0.00101171875,36.64752747864457,29.178110097069222,17.55868511525851,-11.619424981810713
0.0010125,36.4732736608839,29.237560849545346,16.416736707206734,-12.820824142338612
0.00101328125,36.31196309190532,56.538303862401364,15.537121473718699,-41.001182388682665
0.0010140625,35.947275930367695,56.554820743555965,14.871211148651213,-41.68360959490475
0.00101484375,35.594869378201615,56.55325033008292,14.495793513829682,-42.057456816253236
0.001015625,35.24444813405767,56.551593715279026,14.401863800542706,-42.14972991473632
0.00101640625,34.8963481448487,56.54985193473771,14.578938486329939,-41.97091344840777
0.0010171875,34.55237546415199,56.54802499114136,15.015227629931964,-41.5327973612094
0.00101796875,34.214862010250926,56.54611288724131,15.697760654363066,-40.84835223287824
0.00101875,33.88687411988016,56.54411562591716,16.612515139998436,-39.93160048591872
0.00101953125,33.5741208290677,56.54203321017675,17.74454797983583,-38.79748523034092
0.0010203125,33.30179872821973,56.53986564315616,19.078133939358338,-37.461731703797824
0.00102109375,33.010440002754216,4.920991253381661,20.428098478845655,15.507107225463995
0.001021875,33.201907343242915,0.00028242006152434884,21.81480031696211,21.814517896900586
0.00102265625,33.41203690851551,1.6208346922770117e-08,23.022634684951292,23.022634668742946
0.0010234375,33.61787251404551,9.442548994149666e-13,24.03696457934015,24.036964579339205
0.00102421875,33.82749242623227,7.740274825139097e-15,24.858968582558045,24.858968582558038
0.001025,34.04175777124967,1.2258728717170823e-14,25.4909966396066,25.49099663960659
0.00102578125,34.26029264886315,8.625765535873635e-15,25.93651063385814,25.936510633858134
0.0010265625,34.482784289339584,1.4209559746811865e-14,26.200019239070773,26.20001923907076
0.00102734375,34.71035335984475,9.059538586090062e-15,26.28700876660442,26.28700876660441
0.001028125,34.95232221973255,1.877253934356932e-14,26.203872969960234,26.203872969960216
0.00102890625,35.43694834038332,1.7267552738784902e-14,25.95792925001817,25.957929250018154
0.0010296875,34.823547053263084,56.49622143829865,25.877108958319933,-30.619112479978714
0.00103046875,34.608298979826095,56.503939534782525,25.832419651683647,-30.671519883098878
0.00103125,34.367067237518214,56.5005808817875,25.983959799341932,-30.516621082445567
0.00103203125,34.12240180366173,56.497136509117865,26.32307077811764,-30.174065731000226
0.0010328125,33.87951875145449,56.49360705274546,26.84020636215547,-29.65340069058999
0.00103359375,33.64114708869595,56.48999251802181,27.525065161072018,-28.96492735694979
0.001034375,33.40944309088884,56.48629291039031,28.36668640945387,-28.11960650093644
0.00103515625,33.18681952780502,56.4825082354225,29.35354575914883,-27.12896247627367
0.0010359375,32.97836858562303,56.47863849881808,30.47365161146819,-26.00498688734989
0.00103671875,32.83800057941875,56.47468370640475,31.714660170814756,-24.76002353558999
0.0010375,32.687815363228246,31.132999786697955,32.937345467535756,1.8043456808377991
0.00103828125,32.73095252159099,31.17420287535608,34.17584971973959,3.0016468443835103
0.0010390625,32.76858486274212,31.23210581826826,35.34672986543485,4.114624047166591
0.00103984375,32.812019420536714,31.289962687307344,36.44554325778554,5.155580570478192
0.001040625,32.86261978376788,31.34777243428328,37.46852250572797,6.120750071444691
0.00104140625,32.92038578688183,31.40553497208044,38.41252846575212,7.006993493671676
0.0010421875,32.98498185796597,31.4632502137095,39.27504584905133,7.8117956353418325
0.00104296875,33.05600742045169,31.520918072252357,40.054174751116136,8.533256678863783
0.00104375,33.13317967054413,31.578538460862234,40.74861858080492,9.170080119942687
0.00104453125,33.21672476005474,31.636111292763886,41.35766873422506,9.721557441461176
0.0010453125,33.309144674502214,31.69363648125365,41.88118676199548,10.187550280741831
0.00104609375,33.43584893563,31.751113939699657,42.319592115375585,10.568478175675928
0.001046875,33.553153058272244,0.24075377724563696,42.54984109790278,42.30908732065714
0.00104765625,33.944894940068664,1.3817073243511191e-05,42.61029754112477,42.61028372405153
0.0010484375,34.30712192752879,7.929741132234417e-10,42.39881729034302,42.398817289550045
0.00104921875,34.66112382935646,4.5509489105285444e-14,41.92675790126101,41.92675790126097
0.00105,35.00852434759887,2.6118300258315025e-18,41.20736035558666,41.20736035558666
0.00105078125,35.34869454109271,1.498952464188996e-22,40.25491274568613,40.25491274568613
0.0010515625,35.68118216283351,8.60262140980232e-27,39.08461942524869,39.08461942524869
0.00105234375,36.00837152806431,4.937120881977368e-31,37.71246973017019,37.71246973017019
0.001053125,36.36909053082093,2.8334575523087105e-35,36.155120809330604,36.155120809330604
0.00105390625,36.33658314245931,32.25108162945871,34.57173848310845,2.3206568536497403
0.0010546875,36.383900111168494,32.38018695372484,32.93450944883744,0.5543224951126007
0.00105546875,36.38794026698002,32.43708906189846,31.357988918530204,-1.0791001433682597
0.00105625,36.37419883826312,32.493938179394036,29.85036374708355,-2.643574432310489
0.00105703125,36.34624037266156,32.5507383613683,28.418848010677213,-4.131890350691092
0.0010578125,36.30556299830393,32.60748952251882,27.06988829051611,-5.537601232002706
0.00105859375,36.2531842834821,32.66419157737943,25.80915360291778,-6.855037974461644
0.001059375,36.18995758476819,32.72084444055781,24.64153014609043,-8.07931429446738
0.00106015625,36.1166317985832,32.77744802673581,23.57112111526196,-9.206326911473852
0.0010609375,36.03378088748138,32.83400225066945,22.601251435483295,-10.232750815186154
0.00106171875,35.94144227632559,32.890507027189074,21.734477114086822,-11.156029913102252
0.0010625,35.83702325137495,32.946962271199524,20.972598323097962,-11.974363948101562
0.00106328125,35.673081116215165,33.00336789768019,20.316658823532972,-12.68670907414722
0.0010640625,35.52285906139021,56.26739158249301,19.882951727473014,-36.38443985502
0.00106484375,35.20199352853418,56.27572282307223,19.62807755316917,-36.64764526990306
0.001065625,34.89432661569565,56.26862711298237,19.615596713578753,-36.65303039940362
0.00106640625,34.591135426237216,56.26144578285448,19.836052090593263,-36.42539369226122
0.0010671875,34.29285969162978,56.254179723955446,20.27884052518109,-35.97533919877436
0.00106796875,34.00149638283668,56.24682894727839,20.932365871501297,-35.31446307577709
0.00106875,33.720572697139716,56.23939346389345,21.78415162986095,-34.4552418340325
0.00106953125,33.46000131031435,56.2318732849983,22.820956887218415,-33.410916397779886
0.0010703125,33.33805150400756,56.22426842191821,24.028935952311052,-32.19533246960716
0.00107109375,33.18218257341306,0.03707159208717794,25.113096308690128,25.07602471660295
0.001071875,33.4411186621828,2.1275716341475756e-06,26.16210656776343,26.162104440191797
0.00107265625,33.674521944722486,1.2210917940529534e-10,27.00404364377838,27.00404364365627
0.0010734375,33.9068768751446,1.5271203412403426e-14,27.64161459553415,27.641614595534136
0.00107421875,34.14071564829373,1.5422905746472916e-14,28.078813112382605,28.07881311238259
0.001075,34.37556413661832,1.5635035934107393e-14,28.320745413272526,28.320745413272512
0.00107578125,34.61011941722606,1.1049903360443861e-14,28.373554963891618,28.373554963891607
0.0010765625,34.84261094581482,1.762701112775472e-14,28.24434286249473,28.24434286249471
0.00107734375,35.07050840099437,1.584191869906866e-14,27.941085007130525,27.94108500713051
0.001078125,35.28861205610651,5.0299502784045876e-15,27.47254624935835,27.472546249358345
0.00107890625,35.47232912214929,8.710427252437172e-15,26.84818625163007,26.848186251630064
0.0010796875,35.68109771105963,51.24106971306395,26.245641809368887,-24.995427903695063
0.00108046875,35.41703378100815,56.11742395210793,25.63848498339367,-30.478938968714257
0.00108125,35.14127872597172,56.10891512884878,25.23458526663937,-30.874329862209407
0.00108203125,34.8769401632646,56.10004146479515,25.042364874714004,-31.057676590081144
0.0010828125,34.61636814085952,56.091083299003856,25.054660566732313,-31.036422732271543
0.00108359375,34.35926821073861,56.08204066105387,25.263295301312425,-30.818745359741442
0.001084375,34.10720902276517,56.07291356456416,25.659168632821206,-30.413744931742954
0.00108515625,33.864551359456144,56.063702023280015,26.23235120969468,-29.831350813585335
0.0010859375,33.677036637459956,56.054406051073784,26.97219761061507,-29.082208440458714
0.00108671875,33.47927426665133,34.68617050626635,27.76069445329621,-6.925476052970142
0.0010875,33.44300954255355,34.726872462976466,28.625658318017503,-6.101214144958964
0.00108828125,33.40096529299877,34.78164508010863,29.495405304061627,-5.286239776047003
0.0010890625,33.363106365700865,34.83636612724099,30.364542402825,-4.4718237244159935
0.00108984375,33.33099320035524,34.891034711482064,31.227929147374965,-3.6631055641070995
0.001090625,33.304999405032596,34.945650750455414,32.080662874730834,-2.8649878757245775
0.00109140625,33.28515239842181,35.00021416191028,32.91810079507326,-2.082113366837021
0.0010921875,33.27130966769907,35.054724863675155,33.73587928564236,-1.3188455780327901
0.00109296875,33.26318767105774,35.10918277365788,34.52993059604981,-0.5792521776080662
0.00109375,33.260305852112616,35.16358780984586,35.29649698379426,0.1329091739484028
0.00109453125,33.26175297928252,35.21793989030607,36.03214224828847,0.8142023579824041
0.0010953125,33.26518201056135,35.27223893318528,36.73376042513605,1.4615214919507709
0.00109609375,33.259249277384264,35.326484856710096,37.398579093236705,2.072094236526607
0.001096875,34.04184637882585,10.436103825718675,37.94736542404746,27.511261598328783
0.00109765625,33.725426398845464,0.0005989372735353647,38.34917126921473,38.34857233194119
0.0010984375,34.027361604017365,3.437354242738889e-08,38.52187968781793,38.52187965344439
0.00109921875,34.33936515142706,1.9727281490316845e-12,38.44349798551912,38.44349798551715
0.0011,34.651554213645504,1.1321662171429556e-16,38.124391105719724,38.124391105719724
0.00110078125,34.95975226012876,6.497602540263659e-21,37.57604699803277,37.57604699803277
0.0011015625,35.25977789809852,3.7290318446156127e-25,36.810955624054394,36.810955624054394
0.00110234375,35.541067430584995,2.1401245170027065e-29,35.842487515009395,35.842487515009395
0.001103125,35.38777441000403,1.2282364804391165e-33,34.68461466331035,34.68461466331035
0.00110390625,35.8699844284462,35.863949295279454,33.5838563773007,-2.2800929179787546
0.0011046875,35.824493578605875,35.91966071327475,32.43875116835531,-3.4809095449194447
0.00110546875,35.78249597300012,35.9732629734139,31.36080800172703,-4.612454971686875
0.00110625,35.73475209151005,36.02681094052721,30.35456430604226,-5.672246634484954
0.00110703125,35.67990875167625,36.08030465190756,29.42392125077139,-6.656383401136171
0.0011078125,35.61794219527721,36.13374402700114,28.57214732610678,-7.561596700894363
0.00110859375,35.549215220888264,36.18712898532924,27.801882120052284,-8.385246865276953
0.001109375,35.474233679173174,36.24045944649505,27.115144210619803,-9.12531523587525
0.00111015625,35.39355114144139,36.2937353301839,26.513342744411585,-9.780392585772315
0.0011109375,35.307702191823715,36.34695655616323,25.997292435217034,-10.349664120946196
0.00111171875,35.21709752007728,36.400123044282864,25.567231724459553,-10.832891319823311
0.0011125,35.12170398991475,36.45323471447501,25.22284378494223,-11.230390929532778
0.00111328125,35.019312464562454,36.50629148675446,24.963279584601885,-11.543011902152578
0.0011140625,34.870895425183186,36.5592932812187,24.787168706768668,-11.77212457445003
0.00111484375,34.73644552004757,55.638652372786446,24.7877450312968,-30.850907341489645
0.001115625,34.464464286558105,55.638744991087144,24.92736346121467,-30.711381529872472
0.00111640625,34.205371668103346,55.62616910884929,25.256216525742424,-30.369952583106866
0.0011171875,33.951236247801226,55.613508732358355,25.764730347249188,-29.848778385109167
0.00111796875,33.7006831559742,55.60076460288689,26.44253424710704,-29.15823035577985
0.00111875,33.450019732329636,55.58793673966875,27.27859008105561,-28.309346658613137
0.00111953125,33.168540901664315,55.575025162022456,28.261277412781503,-27.313747749240953
0.0011203125,33.45238921844537,1.426863327513459,29.186769801738663,27.759906474225204
0.00112109375,33.527960161688924,8.188895449146538e-05,30.097989241411646,30.097907352457156
0.001121875,33.763206059045245,4.699693196406186e-09,30.786616089461965,30.786616084762272
0.00112265625,34.014088962182925,2.8296726431810526e-13,31.252923320696528,31.252923320696244
0.0011234375,34.27124987143517,2.2332933904078395e-14,31.50269184512343,31.502691845123408
0.00112421875,34.53106802113663,1.1087261144220583e-14,31.54285102290936,31.54285102290935
0.001125,34.79123045174331,9.560629639183598e-15,31.38138759186739,31.38138759186738
0.00112578125,35.04995217581554,1.4377162456716585e-14,31.027253130891943,31.02725313089193
0.0011265625,35.3058299525916,3.0196426992251555e-14,30.490269296354708,30.49026929635468
0.00112734375,35.55797983453452,9.479914335996615e-15,29.78103138705979,29.78103138705978
0.001128125,35.80675164829986,2.055083393308642e-14,28.910811052368768,28.910811052368746
0.00112890625,36.0575945361709,1.8938419415240774e-14,27.891459953323455,27.891459953323437
0.0011296875,36.378491244256594,9.656063882677172e-15,26.73533761276733,26.73533761276732
0.00113046875,36.03942790645122,55.26167812409118,25.698526757374466,-29.563151366716717
0.00113125,35.852878683583924,55.37131218274001,24.71577794906867,-30.655534233671343
0.00113203125,35.60934053298934,55.3570710092792,23.965698502886283,-31.39137250639292
0.0011328125,35.353727576337185,55.34273936454591,23.44417522844011,-31.898564136105804
0.00113359375,35.093607668750806,55.32832437423959,23.14544030545892,-32.18288406878067
0.001134375,34.83484038349261,55.31382606047663,23.062538691854286,-32.25128736862234
0.00113515625,34.6157170818549,55.299244445091254,23.187434056576762,-32.11181038851449
0.0011359375,34.38426636416452,38.032116805304284,23.424867303624833,-14.607249501679451
0.00113671875,34.28012516751778,38.07207446573692,23.796984596696802,-14.275089869040114
0.0011375,34.16878191397276,38.12338953088677,24.24509104421133,-13.87829848667544
0.00113828125,34.058976138423645,38.174647838003054,24.763652986752923,-13.410994851250132
0.0011390625,33.95262801983659,38.225848654827196,25.346937017996318,-12.878911636830878
0.00113984375,33.850682828178684,38.276991904214086,25.98902397048139,-12.287967933732695
0.001140625,33.75380202924828,38.328077509142915,26.68385402949513,-11.644223479647783
0.00114140625,33.66252419332368,38.379105392679705,27.425270758569027,-10.953834634110677
0.0011421875,33.57732590143016,38.430075477977326,28.20706396735201,-10.223011510625316
0.00114296875,33.49866657775578,38.480987688275825,29.023011229188818,-9.457976459087005
0.00114375,33.427058811862054,38.531841946902276,29.866917855942287,-8.664924090959989
0.00114453125,33.36324602211165,38.582638177271114,30.732655173807785,-7.849983003463331
0.0011453125,33.30882859079618,38.63337630288415,31.614197077544702,-7.019179225339451
0.00114609375,33.26976259692639,38.68405624733062,32.50565578923619,-6.178400458094433
0.001146875,33.32670558137712,38.73467793428752,33.40134521590267,-5.333332718384847
0.00114765625,33.36025996289824,0.025549001371937833,34.10222078506527,34.076671783693335
0.0011484375,33.678863103947315,1.4662798951414192e-06,34.67414084720224,34.67413938092234
0.00114921875,33.9785855800286,8.41511063229811e-11,35.00373489276922,35.00373489268507
0.00115,34.27593184769975,4.829506780285415e-15,35.098375194688636,35.09837519468863
0.00115078125,34.57291247999673,2.7716968629387027e-19,34.966701333966505,34.966701333966505
0.0011515625,34.87183732898428,1.590701462804497e-23,34.61844869272962,34.61844869272962
0.00115234375,35.193710988828656,9.129177066952308e-28,34.064351816548594,34.064351816548594
0.001153125,35.117803778703355,38.13304254604656,33.45108146089484,-4.681961085151719
0.00115390625,35.18814909360304,39.18758133078818,32.75227605228415,-6.435305278504024
0.0011546875,35.14467034004527,39.23767391041973,32.11892014918614,-7.118753761233591
0.00115546875,35.08809088020644,39.28764975615006,31.555669102923087,-7.731980653226974
0.00115625,35.02435506370504,39.3375664320817,31.063657726400546,-8.273908705681155
0.00115703125,34.955420854580524,39.387423866349025,30.64352230497298,-8.743901561376045
0.0011578125,34.882393934411965,39.437221983867815,30.295417555449234,-9.14180442841858
0.00115859375,34.8061020796134,39.48696070964301,30.01903480807014,-9.46792590157287
0.001159375,34.72725323630634,39.536639968768995,29.813622247671486,-9.72301772109751
0.00116015625,34.64648709200557,39.58625968642969,29.678007126955816,-9.908252559473876
0.0011609375,34.564388118357236,39.63581978789872,29.61061976024358,-10.025200027655139
0.00116171875,34.481472910599386,39.685320198539436,29.60951908016677,-10.075801118372665
0.0011625,34.398130983964805,39.734760843805134,29.672419523972206,-10.062341319832928
0.00116328125,34.31439400793046,39.78414164923912,29.79671897025026,-9.987422678988857
0.0011640625,34.22861341419698,39.833462540474734,29.979527093754733,-9.85393544672
0.00116484375,34.11066237062097,39.882723443235655,30.21768304497987,-9.665040398255783
0.001165625,34.00729397135621,54.6560846383032,30.58139175243701,-24.074692885866188
0.00116640625,33.80156150577499,54.64793804532845,31.03962906686011,-23.608308978468344
0.0011671875,33.61102746301848,54.6299619660259,31.62952765145402,-23.000434314571883
0.00116796875,33.43256198107672,54.611903055588165,32.34208177712442,-22.269821278463745
0.00116875,33.27910242997611,54.59376190057928,33.167840579777334,-21.425921320801947
0.00116953125,33.78210942614783,54.57553852835159,34.09725448847963,-20.478284039871966
0.0011703125,33.308753142560015,0.0031321386596025506,34.76755818931836,34.764426050658756
0.00117109375,33.6301105489922,1.7975623655498225e-07,35.34670155646993,35.346701376713696
0.001171875,33.935198767526025,1.0345684265203958e-11,35.678906643320595,35.67890664331025
0.00117265625,34.23693725833716,1.5885511529247443e-14,35.77177293849088,35.77177293849086
0.0011734375,34.53637092557209,9.488027333769174e-15,35.63412326927025,35.63412326927024
0.00117421875,34.832658033198406,1.4438444153258627e-14,35.275894709023575,35.27589470902356
0.001175,35.12450836267482,1.5787633757826365e-14,34.70803230985464,34.70803230985462
0.00117578125,35.410560967813886,1.5647226768165306e-14,33.942380204490775,33.94238020449076
0.0011765625,35.689547104986325,7.751976922211599e-15,32.99157120452965,32.99157120452964
0.00117734375,35.96043919898098,1.2073102631043014e-14,31.868915735934298,31.868915735934287
0.001178125,36.222756230906796,1.9399616292233164e-14,30.588290916641775,30.588290916641757
0.00117890625,36.477628491948124,1.3703885923540665e-14,29.16403074459747,29.164030744597454
0.0011796875,36.73421596557947,9.89587792405114e-15,27.610820115505845,27.610820115505835
0.00118046875,37.212195783360066,2.2509530566620657e-14,25.94367671533674,25.943676715336718
0.00118125,36.623697034689194,54.28177600963477,24.485101673159857,-29.79667433647491
0.00118203125,36.40712466619714,54.272805197384365,23.117867896972516,-31.15493730041185
0.0011828125,36.155883240221485,54.25318903854249,22.001913779130085,-32.2512752594124
0.00118359375,35.894111530401226,54.23349056912326,21.134350822826,-33.09913974629726
0.001184375,35.65455236567179,54.21371042501256,20.510803113165295,-33.70290731184726
0.00118515625,35.39939692630991,41.15084910949945,20.060321431232847,-21.0905276782666
0.0011859375,35.23542310850908,41.1898237559493,19.8002138152044,-21.389609940744897
0.00118671875,35.06168231097023,41.237374699250964,19.686062596215223,-21.55131210303574
0.0011875,34.88560423791104,41.284864035572895,19.71313217732605,-21.571731858246846
0.00118828125,34.709414129259386,41.332291197664155,19.875999734991627,-21.456291462672528
0.0011890625,34.5345680812467,41.37965611407182,20.168593761631097,-21.211062352440724
0.00118984375,34.36227966171122,41.4269587134652,20.584258284464553,-20.842700429000644
0.001190625,34.193640745028056,41.474198924607435,21.115818107738846,-20.35838081686859
0.00119140625,34.029663105829144,41.521376676355615,21.755644751172365,-19.76573192518325
0.0011921875,33.871302093342976,41.568491897660905,22.495722663501265,-19.07276923415964
0.00119296875,33.719484170179136,41.61554451756863,23.327715289424983,-18.287829228143647
0.00119375,33.57516138987456,41.66253446521838,24.243030586916458,-17.41950387830192
0.00119453125,33.43945359571794,41.70946166984416,25.23288562835858,-16.47657604148558
0.0011953125,33.31412276600605,41.75632606077445,26.28837002182855,-15.4679560389459
0.00119609375,33.20388095725039,41.80312756743233,27.400508471813218,-14.402619095619109
0.001196875,33.14356286461805,41.849866119335545,28.560332485917236,-13.28953363341831
0.00119765625,33.07676745590708,0.31721794588875746,29.59561008925528,29.278392143366524
0.0011984375,33.37874125935436,1.8205419838664505e-05,30.546293668273268,30.54627546285343
0.00119921875,33.65014655892061,1.044825224416112e-09,31.266761512418654,31.26676151137383
0.0012,33.920411249576524,5.996344820665556e-14,31.76060583331657,31.76060583331651
0.00120078125,34.193686706537044,3.441355584463067e-18,32.03360772741607,32.03360772741607
0.0012015625,34.474575663569496,1.9750245546086932e-22,32.09272198851016,32.09272198851016
0.00120234375,34.81451630231115,1.1334841447126633e-26,31.94600749889569,31.94600749889569
0.001203125,34.656426634535215,42.127199397610894,31.78799296017776,-10.339206437433132
0.00120390625,34.618581045673345,42.26766312797254,31.56921026850034,-10.698452859472201
0.0012046875,34.54030226010661,42.313773688387,31.426649758232884,-10.887123930154116
0.00120546875,34.45484793324,42.35981511366388,31.35879160355954,-11.001023510104341
0.00120625,34.36671839161529,42.40579274551416,31.36342239885083,-11.042370346663333
0.00120703125,34.27762681122589,42.45170651500692,31.437954534071345,-11.013751980935574
0.0012078125,34.18858802004558,42.49755635299685,31.579458156324822,-10.91809819667203
0.00120859375,34.10035826914954,42.543342190434956,31.784693382467925,-10.758648807967031
0.001209375,34.01356702703086,42.589063958368556,32.05014308933452,-10.538920869034037
0.00121015625,33.92876496415979,42.63472158794152,32.372046139536266,-10.262675448405256
0.0012109375,33.846442720046895,42.680315010394246,32.74643083662249,-9.933884173771759
0.00121171875,33.76703601021791,42.72584415706392,33.169148394499715,-9.556695762564202
0.0012125,33.69091834791335,42.77130895938443,33.635906208523814,-9.135402750860612
0.00121328125,33.61836561540496,42.81670934888661,34.14230071782389,-8.674408631062716
0.0012140625,33.549407207093616,42.86204525719832,34.68384962812758,-8.178195629070737
0.00121484375,33.48292611698659,42.90731661604446,35.25602302913045,-7.651293586914005
0.001215625,33.397908505829136,42.9525233572472,35.85426561104132,-7.0982577462058805
0.00121640625,33.327784477528205,53.32593692168693,36.52567327438561,-16.800263647301325
0.0012171875,33.19191735047087,53.3096029248916,37.24639533286104,-16.063207592030555
0.00121796875,33.08017050149372,53.28634096562858,38.040612522940535,-15.245728442688046
0.00121875,33.098979513051894,53.26299836510468,38.90031773203471,-14.362680633069974
0.00121953125,33.08329450518132,0.03511641202477542,39.55162747744554,39.516511065420765
0.0012203125,33.457276762491425,2.0153621103507887e-06,40.084454899081464,40.08445288371935
0.00122109375,33.80304603749156,1.1568341196258078e-10,40.34220500106491,40.34220500094923
0.001221875,34.14319387804656,2.0255329097477468e-14,40.333968651121204,40.33396865112118
0.00122265625,34.479622523255664,1.547138964149089e-14,40.070258043900395,40.07025804390038
0.0012234375,34.811507610234365,2.536509624764243e-14,39.562791149494124,39.562791149494096
0.00122421875,35.137413484555715,3.3724888747538804e-14,38.82437081223429,38.82437081223426
0.001225,35.4557761311344,1.4551819459589776e-14,37.86876108751876,37.86876108751875
0.00122578125,35.76506681373072,2.9776234218550137e-14,36.710562219275054,36.710562219275026
0.0012265625,36.06387492252795,2.7344015604661464e-14,35.365085199129695,35.365085199129666
0.00122734375,36.35098424205984,3.172510614767759e-14,33.848226749602844,33.848226749602816
0.001228125,36.625507603156564,1.3433891627181394e-14,32.17634553586365,32.17634553586364
0.00122890625,36.887260244236636,2.3226897461466113e-14,30.36614042368552,30.366140423685493
0.0012296875,37.13827164642049,1.0898665317182262e-14,28.434531879656657,28.434531879656646
0.00123046875,37.39408127403919,1.6035062447416075e-14,26.398551033946394,26.398551033946376
0.00123125,36.4610492999038,37.277328285003605,24.389995385814856,-12.887332899188747
0.00123203125,37.15903987913464,52.85303532972364,22.46845509410352,-30.38458023562012
0.0012328125,36.91931853103409,52.82914970978348,20.770427279653155,-32.058722430130324
0.00123359375,36.639090846754634,52.804289260179665,19.34243666608753,-33.461852594092136
0.001234375,36.44731901617827,44.03760185572046,18.144245169575953,-25.893356686144507
0.00123515625,36.21960342233998,44.0614948648225,17.185184838822998,-26.8763100259995
0.0012359375,35.991835939247075,44.10499680850717,16.43439213853901,-27.670604669968156
0.00123671875,35.75929470395347,44.1484334600461,15.888657061733845,-28.259776398312255
0.0012375,35.523030297815076,44.19180362490691,15.543653101835133,-28.648150523071777
0.00123828125,35.28454135916149,44.235107237710096,15.393950608117777,-28.84115662959232
0.0012390625,35.04536989308669,44.278344233241214,15.433094435806336,-28.845249797434878
0.00123984375,34.80701807420597,44.321514546386126,15.653685175672013,-28.667829370714113
0.001240625,34.570919222855046,44.3646181121311,16.047463199314592,-28.317154912816505
0.00124140625,34.33842001519513,44.407654865562975,16.605394859344546,-27.80226000621843
0.0012421875,34.11076200623045,44.45062474186915,17.31776020815528,-27.132864533713867
0.00124296875,33.88905365828518,44.493527676337784,18.17424161538687,-26.319286060950915
0.00124375,33.674215149865745,44.536363604357845,19.164012678724987,-25.37235092563286
0.00124453125,33.466841981257105,44.57913246141917,20.27582682824152,-24.30330563317765
0.0012453125,33.266773017862015,44.62183418311265,21.49810497787204,-23.123729205240608
0.00124609375,33.07112531792343,44.664468705130275,22.81902114912912,-21.845447556001155
0.001246875,32.85501421210778,44.707035963265184,24.226578496088315,-20.48045746717687
0.00124765625,33.098369457648445,1.1486825342339062,25.554283061123265,24.40560052688936
0.0012484375,33.177867110602335,6.592391151918913e-05,26.834438949827472,26.83437302591595
0.00124921875,33.389437673004345,3.783431871268366e-09,27.897390330291685,27.897390326508255
0.00125,33.61618176795355,2.171345175773229e-13,28.741625732438113,28.741625732437896
0.00125078125,33.84854920833843,1.2461542939778362e-17,29.370387413042206,29.370387413042206
0.0012515625,34.07646891489187,7.151790243789326e-22,29.788156347601955,29.788156347601955
0.00125234375,34.20406270049716,4.104475981693314e-26,30.000536975379248,30.000536975379248
0.001253125,34.36829027809739,45.01546401229734,30.23902297631789,-14.776441035979452
0.00125390625,34.20914510285646,45.08710216444219,30.42861295700144,-14.658489207440752
0.0012546875,34.078263150557504,45.128994978020735,30.70368680303654,-14.425308174984194
0.00125546875,33.9552647439365,45.170818124933874,31.059480727451707,-14.111337397482167
0.00125625,33.83732539173887,45.21257324531349,31.49082824324477,-13.721745002068724
0.00125703125,33.7239828021269,45.254260276374886,31.992287359066367,-13.26197291730852
0.0012578125,33.61534912330767,45.295879155338156,32.558185225885865,-12.73769392945229
0.00125859375,33.511708147791,45.337429819525994,33.18266303178896,-12.15476678773703
0.001259375,33.41338759127492,45.37891220636388,33.859720419698796,-11.519191786665083
0.00126015625,33.32070873107746,45.42032625338007,34.583259086841664,-10.8370671665384
0.0012609375,33.233962885982145,45.46167189820576,35.34712530156436,-10.1145465966414
0.00126171875,33.15339842625764,45.50294907857517,36.14515110393435,-9.357797974640814
0.0012625,33.07921202449939,45.5441577323256,36.971193978060846,-8.572963754264757
0.00126328125,33.011541850233115,45.585297797397565,37.81917480370967,-7.766122993687896
0.0012640625,32.950466157338425,45.62636921183487,38.68311391575976,-6.943255296075112
0.00126484375,32.89604528354177,45.6673719137847,39.5571651342522,-6.110206779532496
0.001265625,32.848821907750526,45.708305841497754,40.435647815522394,-5.27265802597536
0.00126640625,32.8312072867386,45.749170933328244,41.31308574090542,-4.436085192422823
0.0012671875,32.697012113758966,51.659419474675396,42.21753710158441,-9.44188237309098
0.00126796875,32.538435113873746,51.63225079793891,43.12929365557608,-8.502957142362831
0.00126875,32.99048215648459,0.11537411656961077,43.8322934050229,43.71691928845329
0.00126953125,33.29751793244212,6.621423116892866e-06,44.392730387125994,44.392723765702875
0.0012703125,33.65444759910504,3.800367600440192e-10,44.64993994625775,44.64993994587772
0.00127109375,34.019070544382764,3.7548621530414356e-14,44.613870124764404,44.61387012476437
0.001271875,34.3843513961531,1.6229511950855373e-14,44.29627931380241,44.296279313802394
0.00127265625,34.74671090784676,2.9573564598101776e-14,43.71025031455375,43.71025031455372
0.0012734375,35.10349706855075,2.0849072121504702e-14,42.870054275489274,42.87005427548925
0.00127421875,35.45246288593246,1.4483953554190872e-14,41.79101324992799,41.79101324992798
0.001275,35.7916173026509,1.3903507618539526e-14,40.48936164115745,40.48936164115744
0.00127578125,36.11917827912034,1.4085521746651842e-14,38.98210735050753,38.98210735050752
0.0012765625,36.433564330861856,1.3736910130119455e-14,37.28689349555521,37.2868934955552
0.00127734375,36.733410883787876,1.3168999833006626e-14,35.42186154801639,35.42186154801637
0.001278125,37.01762288196541,1.6159246651562303e-14,33.4055167090927,33.40551670909269
0.00127890625,37.28552096119985,1.9179855538631608e-14,31.256596314144534,31.256596314144517
0.0012796875,37.53732201057641,1.4650432378432218e-14,28.993942090653164,28.99394209065315
0.00128046875,37.77635933383529,1.464589507929043e-14,26.63637755992356,26.636377559923545
0.00128125,38.03103984760301,8.289487931758705e-15,24.202599263460783,24.202599263460776
0.00128203125,37.75293789632351,49.79651045636194,21.88741916685993,-27.909091289502012
0.0012828125,37.648698241133424,51.07932587196061,19.6578866017342,-31.42143927022641
0.00128359375,37.43875735548956,46.640636842268854,17.692022235884046,-28.948614606384808
0.001284375,37.191018971187106,46.66992968481848,16.001189944420872,-30.668739740397605
0.00128515625,36.9313450514613,46.70912392033071,14.571414475435212,-32.1377094448955
0.0012859375,36.66021877898156,46.74824838502986,13.401718409128797,-33.34652997590106
0.00128671875,36.3800321613517,46.78730244774462,12.489541975886155,-34.29776047185847
0.0012875,36.09308609754626,46.826286049627456,11.830792399977405,-34.99549364965005
0.00128828125,35.80157093238368,46.86519913196974,11.41993012837542,-35.44526900359432
0.0012890625,35.50758579389946,46.90404163616909,11.250060860579708,-35.65398077558938
0.00128984375,35.21314777031682,46.94281350372939,11.313032547357395,-35.629780956371995
0.001290625,34.92019510642705,46.981514676260915,11.599536549590269,-35.381978126670646
0.00129140625,34.6305893846238,47.02014509548039,12.099212154148809,-34.92093294133158
0.0012921875,34.346121249906865,47.05870470321109,12.800753653919699,-34.25795104929139
0.00129296875,34.068526650576665,47.09719344138299,13.69201921518578,-33.40517422619721
0.00129375,33.79952986286255,47.135611252032696,14.760140779007777,-32.37547047302492
0.00129453125,33.540962290214985,47.173958077303695,15.991634281100016,-31.18232379620368
0.0012953125,33.295144842132146,47.21223385944637,17.37250956326593,-29.839724296180442
0.00129609375,33.066555421742144,47.25043854081808,18.888379750789717,-28.362058790028364
0.001296875,32.87596251710945,47.288572063883265,20.52457445794279,-26.763997605940475
0.00129765625,32.6734332894408,4.118405363441035,22.124944302405208,18.006538938964173
0.0012984375,32.8787280800656,0.00023635894399727585,23.70557353252872,23.705337173584724
0.00129921875,33.10340455488902,1.3564849857525984e-08,25.08543502781476,25.08543501424991
0.0013,33.32849967317816,7.784987889408724e-13,26.251947130281383,26.251947130280605
0.00130078125,33.56229065201626,4.4678737379916775e-17,27.206103964609532,27.206103964609532
0.0013015625,33.813870617833395,2.5641524459907475e-21,27.950208715105703,27.950208715105703
0.00130234375,34.275405069300064,1.4715898773889168e-25,28.48788658249852,28.48788658249852
0.001303125,33.817837281907835,47.58182016098543,29.093278126084943,-18.488542034900487
0.00130390625,33.70010344027444,47.62856167647001,29.656489692280104,-17.972071984189903
0.0013046875,33.56450312064648,47.665981006555185,30.31154297153714,-17.354438035018045
0.00130546875,33.429405854232094,47.70332802164238,31.05094288784935,-16.65238513379303
0.00130625,33.2985466129424,47.7406031963492,31.866921732208468,-15.873681464140729
0.00130703125,33.17349844207319,47.77780647457041,32.751530267821316,-15.026276206749095
0.0013078125,33.05519551072774,47.8149378002785,33.69669588373792,-14.118241916540587
0.00130859375,32.944292829714975,47.851997117554376,34.694278784608315,-13.157718332946065
0.001309375,32.84128172436188,47.88898437058739,35.736126300191536,-12.152858070395853
0.00131015625,32.746533975552616,47.92589950367539,36.814125112555985,-11.111774391119406
0.0013109375,32.6603195947992,47.96274246122486,37.92025116943123,-10.042491291793633
0.00131171875,32.58281173840953,47.99951318775098,39.04661706342353,-8.952896124327447
0.0013125,32.514081387060585,48.036211627877705,40.18551667712145,-7.850694950756256
0.00131328125,32.45407691820848,48.072837726337816,41.32946691609718,-6.743370810240632
0.0013140625,32.402569898091656,48.10939142797309,42.47124637110282,-5.638145056870264
0.00131484375,32.35900427763783,48.14587267773432,43.60393075660159,-4.541941921132724
0.001315625,32.32199250083483,48.1822814206814,44.720924912143026,-3.4613565085383726
0.00131640625,32.286919308725416,48.2186176019834,45.815990606648384,-2.4026269953350097
0.0013171875,32.20865744405051,48.25488116691871,46.88325606840784,-1.3716250985108702
0.00131796875,32.66208236345955,1.2754170139919905,47.75487418878819,46.4794571747962
0.00131875,32.90790807177887,7.319731596013766e-05,48.47053442275397,48.47046122543801
0.00131953125,33.29526005917811,4.200873638875277e-09,48.854336128175895,48.854336123975024
0.0013203125,33.693918672038585,2.555209315847584e-13,48.913217993522686,48.91321799352243
0.00132109375,34.09440755405016,1.9365798738091587e-14,48.65957925926415,48.65957925926413
0.001321875,34.492471065385864,1.4648114568673435e-14,48.10731585179978,48.10731585179977
0.00132265625,34.8850668925088,1.9211178129610112e-14,47.271671624812505,47.271671624812484
0.0013234375,35.26963305714424,1.8061047976807516e-14,46.169088389421916,46.169088389421894
0.00132421875,35.643886191595385,1.9269384273974838e-14,44.8170544540941,44.81705445409408
0.001325,36.00575206831213,1.9390187872443332e-14,43.23395253587349,43.23395253587347
0.00132578125,36.353336911302556,1.478696380151038e-14,41.43890799587716,41.438907995877145
0.0013265625,36.6849112503097,1.2372002159609354e-14,39.45163833748016,39.45163833748015
0.00132734375,36.998893747008985,1.564731569842743e-14,37.29230486682883,37.292304866828815
0.001328125,37.29382359244999,1.6211835088127832e-14,34.98136736643836,34.98136736643835
0.00132890625,37.56829876083017,1.464928760594232e-14,32.53944257483141,32.5394425748314
0.0013296875,37.82081072243587,1.561349096837112e-14,29.987167188766737,29.987167188766723
0.00133046875,38.04919087351799,1.4377509835807682e-14,27.34506595089505,27.345065950895037
0.00133125,38.247914674112515,1.5609198019282204e-14,24.633424670790124,24.63342467079011
0.00133203125,38.37634463087007,2.1273729366037933e-14,21.872156670728625,21.872156670728604
0.0013328125,38.500694851208245,48.594009794712086,19.27157619017817,-29.322433604533916
0.00133359375,38.18263916785372,48.99952462225271,16.793471899643713,-32.206052722608995
0.001334375,37.88956680438933,49.034198284647445,14.616057010739276,-34.41814127390817
0.00133515625,37.58798291664066,49.06877682375668,12.742578677833556,-36.32619814592312
0.0013359375,37.274978784469674,49.10328146495359,11.173185064631284,-37.930096400322306
0.00133671875,36.95160598552353,49.137712157495955,9.906091042822922,-39.23162111467303
0.0013375,36.61979942224859,49.17206884953182,8.937664387239288,-40.23440446229253
0.00133828125,36.28175734336459,49.20635148932065,8.262521197770198,-40.943830291550455
0.0013390625,35.93975163231735,49.24056002523341,7.873628848379667,-41.36693117685374
0.00133984375,35.59605187986548,49.27469440575264,7.762415389302319,-41.51227901645032
0.001340625,35.25288896393592,49.3087545794726,7.918884425420934,-41.389870154051664
0.00134140625,34.912436694087795,49.34274049509927,8.33173451849936,-41.01100597659991
0.0013421875,34.57680603124777,49.376652101450496,8.988482176122211,-40.388169925328285
0.00134296875,34.24805480018525,49.41048934745599,9.875587507846106,-39.53490183960989
0.00134375,33.928227907563816,49.44425218215747,10.978581653685339,-38.46567052847213
0.00134453125,33.619478407059304,49.47794055470875,12.282195129902888,-37.195745424805864
0.0013453125,33.32446575360808,49.511554414375716,13.770486330546078,-35.74106808382964
0.00134609375,33.0481018260356,49.545093710536506,15.42696984504429,-34.118123865492215
0.001346875,32.81236564125803,49.578558392681565,17.234749063281697,-32.34380932939987
0.00134765625,32.56508280437702,4.317417062217027,19.028517084840054,14.711100022623029
0.0013484375,32.74647822306882,0.0002477804022595814,20.82346007250503,20.82321229210277
0.00134921875,32.949483825953365,1.4220337497900448e-08,22.428053442542648,22.42805342832231
0.00135,33.1543739393514,8.161178071797e-13,23.82731409653907,23.827314096538252
0.00135078125,33.36996569607532,4.6837726270149384e-17,25.020445027919454,25.020445027919454
0.0013515625,33.605910925720394,2.6880587371798358e-21,26.007989298356133,26.007989298356133
0.00135234375,34.063601371589186,1.5427007991064485e-25,26.791856687806213,26.791856687806213
0.001353125,33.56057108977893,49.83389322014955,27.657278626844302,-22.176614593305246
0.00135390625,33.41553370542808,49.87637406673428,28.487240650755073,-21.389133415979206
0.0013546875,33.25391402312329,49.90909041156813,29.420219802276975,-20.488870609291155
0.00135546875,33.095006489490224,49.94173103813117,30.446490745706527,-19.49524029242464
0.00135625,32.942763872075254,49.97429645331791,31.556084938096788,-18.418211515221124
0.00135703125,32.79886279924688,50.006786608117324,32.73889601232402,-17.2678905957933
0.0013578125,32.664300818256244,50.039201453599844,33.98474992207735,-16.054451531522496
0.00135859375,32.53977570430207,50.071540940949276,35.28347227679763,-14.788068664151645
0.001359375,32.425810177558645,50.10380502146296,36.624952930212245,-13.478852091250719
0.00136015625,32.32280403659434,50.13599364655176,37.99920759293897,-12.136786053612786
0.0013609375,32.231062589365486,50.16810676774019,39.396436214910224,-10.771670552829969
0.00136171875,32.15081933250003,50.20014433666648,40.80707790165672,-9.393066435009763
0.0013625,32.082264465753056,50.23210630508262,42.22186215741525,-8.010244147667363
0.00136328125,32.02559700114336,50.26399262485446,43.63185628244442,-6.63213634241004
0.0013640625,31.981149277408804,50.2958032479618,45.02850879719043,-5.267294450771366
0.00136484375,31.949769337562287,50.32753812649839,46.403688857650884,-3.923849268847508
0.001365625,31.93447411808686,50.359197212672086,47.749722025032,-2.6094751876400895
0.00136640625,31.954524581373164,50.39078045880488,49.05942732759435,-1.3313531312105369
0.0013671875,31.95728611092356,7.131265186771926,50.184571359094264,43.05330617232234
0.00136796875,32.431607310010556,0.9041312267140034,51.1437639444625,50.2396327177485
0.00136875,32.8227132042547,5.188889465435548e-05,51.762437343831984,51.76238545493733
0.00136953125,33.259128521857534,2.977965632024666e-09,52.031095580546626,52.031095577568664
0.0013703125,33.69350185458258,1.9217303524730842e-13,51.959209441000475,51.95920944100028
0.00137109375,34.12432098669318,1.4659006564715757e-14,51.56062508878188,51.56062508878187
0.001371875,34.549500303581986,1.9625980041690114e-14,50.85071605051436,50.850716050514336
0.00137265625,34.96680940434336,1.966849027285143e-14,49.84622568253812,49.8462256825381
0.0013734375,35.374045749823566,1.4821312395199564e-14,48.56510718882854,48.56510718882853
0.00137421875,35.76910694760945,1.5704179821855228e-14,47.026362217099546,47.02636221709953
0.001375,36.15002665042832,2.1607849940958792e-14,45.24987913807187,45.24987913807185
0.00137578125,36.514995638574426,1.3827735867653333e-14,43.25627205458356,43.25627205458355
0.0013765625,36.862376461588546,2.619541636718293e-14,41.06672153620411,41.066721536204085
0.00137734375,37.190715832740615,1.5742780412408778e-14,38.70281802328576,38.702818023285744
0.001378125,37.49875814004562,1.5692062803730484e-14,36.18640879006825,36.186408790068235
0.00137890625,37.78546458247748,1.9345428913441464e-14,33.53944929947154,33.53944929947152
0.0013796875,38.05004429999361,1.4212123828136983e-14,30.78385972250748,30.783859722507465
0.00138046875,38.29198167639036,1.4301533768866088e-14,27.941387322190394,27.94138732219038
0.00138125,38.51037272626364,1.9705158083607328e-14,25.03347503460006,25.033475034600038
0.00138203125,38.71485586213268,3.944900821704485,22.09403840285933,18.149137581154843
0.0013828125,38.92529169772817,4.388535870571769,19.14103079309835,14.752494922526578
0.00138359375,38.5632788577838,50.96210439102753,16.414434829161074,-34.547669561866456
0.001384375,38.31536540756323,51.09614933975059,13.867523465367995,-37.228625874382594
0.00138515625,38.005639993181624,51.12590440072981,11.65657940115699,-39.46932499957282
0.0013859375,37.67273201941864,51.15557648614784,9.782913203388752,-41.372663282759085
0.00138671875,37.323632353851146,51.18517153184892,8.245335907568816,-42.93983562428011
0.0013875,36.9622942832871,51.21468949360668,7.0405721349261015,-44.174117358680576
0.00138828125,36.5919030020734,51.24413032696761,6.163363816483205,-45.0807665104844
0.0013890625,36.21533800523613,51.27349398759438,5.6065816863468,-45.66691230124758
0.00138984375,35.83530020028174,51.3027804312658,5.361344125105063,-45.94143630616074
0.001390625,35.454348075537546,51.331989613877056,5.417142407176804,-45.91484720670025
0.00139140625,35.07490145568514,51.36112149143965,5.7619713291104375,-45.59915016232921
0.0013921875,34.699228374459516,51.390176020081455,6.382464184778925,-45.00771183530253
0.00139296875,34.329414598943416,51.4191531560469,7.264031059915055,-44.15512209613185
0.00139375,33.96729905904511,51.44805285569697,8.390999430634686,-43.057053425062286
0.00139453125,33.614314502457034,51.476875075509206,9.746756056178654,-41.73011901933055
0.0013953125,33.270986939127106,51.505619772077864,11.313889104089156,-40.19173066798871
0.00139609375,32.934667209488985,51.534286902113976,13.07432895583581,-38.459957946278166
0.001396875,32.57729867426012,51.56287642244534,15.009478656680471,-36.55339776576487
0.00139765625,32.75274842716538,1.3245043341603169,16.92233483618909,15.597830502028774
0.0013984375,32.74288788089713,7.60144808767389e-05,18.84493535100611,18.844859336525236
0.00139921875,32.88933947362053,4.362538614585397e-09,20.576247444881908,20.57624744051937
0.0014,33.05777625902204,2.5036996825130673e-13,22.10899519532942,22.10899519532917
0.00140078125,33.237605248783126,1.4368954991615065e-17,23.44126147271911,23.44126147271911
0.0014015625,33.41760076857084,8.246470972262143e-22,24.57247560496036,24.57247560496036
0.00140234375,33.48781507477798,4.7327229806235546e-26,25.503320199724232,25.503320199724232
0.001403125,33.606145729095594,51.75465910451812,26.494199555750367,-25.260459548767752
0.00140390625,33.35876070058492,51.81668064420795,27.45305970730021,-24.36362093690774
0.0014046875,33.150286575230716,51.84449367765782,28.528678860145288,-23.315814817512535
0.00140546875,32.95740668886048,51.87222667545909,29.70990861236338,-22.162318063095707
0.00140625,32.77694586700109,51.89988155451199,30.98527932818848,-20.914602226323513
0.00140703125,32.60839946857779,51.92745827328122,32.34317589841771,-19.58428237486351
0.0014078125,32.45187839814081,51.95495679023673,33.771916319209026,-18.183040471027702
0.00140859375,32.30764659809256,51.98237706396624,35.259828225695195,-16.722548838271045
0.001409375,32.17597423683884,52.00971905317533,36.79532247993311,-15.21439657324222
0.00141015625,32.05707837757297,52.036982716687454,38.36696337196068,-13.670019344726771
0.0014109375,31.95109115741475,52.06416801344404,39.9635350979989,-12.10063291544514
0.00141171875,31.858032146263998,52.09127490250448,41.57410423102863,-10.517170671475853
0.0014125,31.777765173250522,52.11830334304632,43.18807793657963,-8.93022540646669
0.00141328125,31.70989760048425,52.14525329436524,44.79525771298861,-7.349995581376634
0.0014140625,31.653473880314948,52.17212471587505,46.385888424605234,-5.786236291269813
0.00141484375,31.60570242148704,52.19891756710792,47.95070215993408,-4.248215407173835
0.001415625,31.552380403748117,52.225631807714265,49.480953538042115,-2.7446782696721472
0.00141640625,32.50597333583633,20.603772277591126,50.87101640863928,30.267244131048155
0.0014171875,32.07165213220559,7.4267182905167815,52.07715375752198,44.650435467005195
0.00141796875,32.43165227513953,7.494771785111061,52.990738179414194,45.49596639430313
0.00141875,32.806169838383276,0.6568241273941426,53.55737332375165,52.9005491963575
0.00141953125,33.249741188899726,3.7695720431503e-05,53.791190478694645,53.791152782974216
0.0014203125,33.69586461892715,2.1634060284000796e-09,53.676541481934855,53.67654147977145
0.00142109375,34.13816182301405,1.3380093543353335e-13,53.22598459852868,53.22598459852855
0.001421875,34.57490654743115,2.2187769695382518e-14,52.455585139062556,52.455585139062535
0.00142265625,35.003692024349554,2.0747438363790386e-14,51.38280496132171,51.38280496132169
0.0014234375,35.422141709566056,2.1225855401923574e-14,50.02633698230937,50.026336982309346
0.00142421875,35.82801895558443,2.0869091844807138e-14,48.40593826369035,48.40593826369033
0.001425,36.21925701519616,2.118665517155339e-14,46.54226288056875,46.54226288056873
0.00142578125,36.5939732269572,2.1289522279616703e-14,44.45669566725234,44.45669566725232
0.0014265625,36.95048062333491,1.9811710929662922e-14,42.1711878652276,42.17118786522758
0.00142734375,37.28730297383677,1.774689985179148e-14,39.708095643438575,39.70809564343856
0.001428125,37.60320304688508,1.5730125642544233e-14,37.09002240642142,37.090022406421404
0.00142890625,37.89725595035195,1.9367509748982908e-14,34.339665755795146,34.339665755795124
0.0014296875,38.16912253547401,1.9270433688135498e-14,31.47966996243051,31.479669962430492
0.00143046875,38.420961437917974,2.0148009658088236e-14,28.532485315875398,28.532485315875377
0.00143125,38.457129518195615,6.109602708324018,25.53904344154447,19.429440733220453
0.00143203125,38.740527285796446,8.731241173767732,22.528312567797098,13.797071394029366
0.0014328125,38.85557367471387,8.799969228780695,19.54122711355229,10.741257884771592
0.00143359375,39.00577512842136,8.868537518156348,16.60357732567662,7.735039807520273
0.001434375,38.615594295018134,52.74489670802426,13.925429248215885,-38.81946745980837
0.00143515625,38.33106884594988,52.86781814140771,11.46062970838404,-41.40718843302367
0.0014359375,37.98769474741078,52.892480367026224,9.355081339119941,-43.53739902790628
0.00143671875,37.62244431305762,52.91705730291129,7.608460626527844,-45.308596676383445
0.0014375,37.242339845671694,52.941554546340996,6.217889266724981,-46.723665279616014
0.00143828125,36.85148669329777,52.9659720607463,5.178342414231636,-47.78762964651467
0.0014390625,36.45323842030739,52.9903098093549,4.482765823845625,-48.50754398550927
0.00143984375,36.05064485694524,53.01456775551456,4.1222005667004,-48.89236718881416
0.001440625,35.64658145268738,53.03874586269329,4.085914795612318,-48.95283106708097
0.00144140625,35.24379561579479,53.062844094479246,4.361541540178116,-48.70130255430113
0.0014421875,34.84493112607772,53.08686241458096,4.935221445079776,-48.15164096950119
0.00144296875,34.45255696032201,53.110800786827284,5.791749362938482,-47.3190514238888
0.00144375,34.06923016339187,53.13465917516744,6.914723733539994,-46.21993544162745
0.00144453125,33.697670367398835,53.158437543671134,8.286697727417327,-44.87173981625381
0.0014453125,33.34135692318231,53.18213585652858,9.889331265789586,-43.292804590738996
0.00144609375,33.007457674055665,53.20575407805053,11.70354377665037,-41.50221030140016
0.001446875,32.741370413652895,53.229292172668394,13.709679872769058,-39.519612299899336
0.00144765625,32.47224520951813,0.40333687887784686,15.680052817863336,15.27671593898549
0.0014484375,32.678174036356474,2.314786194020309e-05,17.656409751930575,17.656386604068633
0.00144921875,32.852170546767624,1.328476369166779e-09,19.444210884323304,19.444210882994827
0.00145,33.03245331273882,7.624243949586403e-14,21.03839963237026,21.038399632370187
0.00145078125,33.22501925083176,4.375621362332811e-18,22.436481406668545,22.436481406668545
0.0014515625,33.43633408179919,2.5112079877168503e-22,23.63730394203413,23.63730394203413
0.00145234375,33.73204697362336,1.44120458224723e-26,24.64103796117038,24.64103796117038
0.001453125,33.407823235785244,53.295358409390936,25.68376548629929,-27.611592923091646
0.00145390625,33.246435847649,53.43751665491007,26.69276384110696,-26.74475281380311
0.0014546875,33.04498591704873,53.460258399980304,27.831371858486435,-25.62888654149387
0.00145546875,32.84577569371412,53.48291278606703,29.087771748975193,-24.39514103709184
0.00145625,32.65463037921378,53.5054866274606,30.44950951301131,-23.055977114449288
0.00145703125,32.473766312479654,53.52797989055823,31.903950869481193,-21.624029021077035
0.0014578125,32.304435687744785,53.5503925414855,33.43836953019881,-20.112023011286688
0.00145859375,32.14748379393804,53.57272454648939,35.04003174785838,-18.532692798631007
0.001459375,32.003515127845,53.59497587193829,36.696277431709156,-16.898698440229133
0.00146015625,31.87295038188105,53.61714648432209,38.394597562874345,-15.222548921447746
0.0014609375,31.75603950473256,53.639236350252254,40.12270758944582,-13.516528760806436
0.00146171875,31.65284043538078,53.66124543646186,41.86861649708726,-11.792628939374598
0.0014625,31.56313455944345,53.683173709805615,43.62069127361634,-10.06248243618928
0.00146328125,31.48614393558833,53.70502113725993,45.36771647886546,-8.337304658394476
0.0014640625,31.419337179432137,53.726787685922986,47.09894841377046,-6.627839272152528
0.00146484375,31.349440522246592,53.748473323014736,48.804160658852695,-4.944312664162043
0.001465625,32.2258988613965,24.09018068657997,50.38231119827458,26.29213051169461
0.00146640625,31.80248415489279,11.73578648360814,51.7904762269211,40.05468974331296
0.0014671875,32.12310474177032,11.802974576473613,52.92492798889745,41.12195341242384
0.00146796875,32.46504345046886,11.870857780934521,53.75406629116571,41.883208510231185
0.00146875,32.826604090022215,11.938723149011313,54.28506678126553,42.34634363225421
0.00146953125,33.18743595275451,0.09070092771315158,54.4799265927689,54.38922566505575
0.0014703125,33.6516938411494,5.205406870747097e-06,54.36265355886584,54.362648353458965
0.00147109375,34.10271629596206,2.9876381682732065e-10,53.90547884827603,53.90547884797727
0.001471875,34.54644664205331,3.192525383699774e-14,53.124411766965,53.12441176696497
0.00147265625,34.98155301782328,1.9751697613066763e-14,52.037141482678685,52.03714148267866
0.0014734375,35.40592157149585,1.982387664312437e-14,50.66260322171241,50.66260322171239
0.00147421875,35.817401927415105,2.1270356051239005e-14,49.020809462343806,49.020809462343784
0.001475,36.213958726355266,2.1305083970233064e-14,47.13268071652224,47.132680716522216
0.00147578125,36.59372260989896,1.7242792007736908e-14,45.01987716729148,45.01987716729147
0.0014765625,36.95501958798935,1.9789087750546632e-14,42.704632227424945,42.70463222742492
0.00147734375,37.29640516530752,2.134294677954681e-14,40.20958901025708,40.20958901025706
0.001478125,37.616738985758275,1.6178491496360673e-14,37.5576406511521,37.557640651152084
0.00147890625,37.91544346074176,1.765601235727065e-14,34.77177540532248,34.771775405322465
0.0014796875,38.19404576124257,1.9670705695859492e-14,31.874927811131034,31.874927811131013
0.00148046875,38.5045660203577,2.087922362505969e-14,28.88985657850762,28.889856578507597
0.00148125,38.53865612454561,13.01953272588193,25.91261589908483,12.8930831732029
0.00148203125,38.64029668598852,13.089600106194888,22.93378921211847,9.844189105923581
0.0014828125,38.713191947313575,13.157126377582669,20.009726036831676,6.852599659249006
0.00148359375,38.76767255367928,13.22463268987075,17.157256989563685,3.9326242996929324
0.001484375,38.85637192106944,13.292119086092685,14.392108786171086,1.0999897000784018
0.00148515625,38.44168996920692,54.19226305288789,11.908655477921371,-42.28360757496652
0.0014859375,38.12587992687141,54.30327926542725,9.66222109258235,-44.6410581728449
0.00148671875,37.75584585896067,54.322691818692576,7.786974900342109,-46.53571691835047
0.0014875,37.36630124601474,54.34201731044375,6.280610327127157,-48.061406983316594
0.00148828125,36.964034242156536,54.36126096379749,5.138300555754576,-49.222960408042916
0.0014890625,36.55309400185035,54.38042275007463,4.353098133936456,-50.02732461613817
0.00148984375,36.136800777423886,54.399502640417865,3.9160632281459016,-50.48343941227196
0.001490625,35.718154956139486,54.41850060609324,3.816398826379988,-50.60210177971325
0.00149140625,35.29994490581649,54.437416618490175,4.041592283129717,-50.39582433536046
0.0014921875,34.884767586146886,54.45625064912147,4.577562143858806,-49.878688505262666
0.00149296875,34.475005961735775,54.475002669623436,5.4088091271411685,-49.06619354248227
0.00149375,34.07275305340752,54.49367265175586,6.5185701378965035,-47.975102513859355
0.00149453125,33.67959892206951,54.51226056740208,7.888974177668082,-46.623286389734
0.0014953125,33.295895915425,54.53076638856904,9.501198915331244,-45.0295674732378
0.00149609375,32.91693888865718,54.549190087387316,11.335625746571381,-43.213564340815935
0.001496875,32.47637740892642,54.56753163611113,13.371970086455242,-41.195561549655885
0.00149765625,32.69426633816785,0.12197356637212392,15.349648622654858,15.227675056282735
0.0014984375,32.770677122055325,7.0001713768187715e-06,17.324557513358574,17.324550513187198
0.00149921875,32.91288608217687,4.017460566442199e-10,19.112309149701968,19.112309149300224
0.0015,33.077705465014176,2.3056563238388738e-14,20.708561682596926,20.708561682596905
0.00150078125,33.25987520522917,1.3232366555288936e-18,22.110719919050595,22.110719919050595
0.0015015625,33.46088436136594,7.594172767344548e-23,23.317524518339056,23.317524518339056
0.00150234375,33.7098460828351,4.3583632435897454e-27,24.32901698478969,24.32901698478969
0.001503125,33.41887713111824,53.306580629421134,25.335271623666628,-27.971309005754506
0.00150390625,33.348922972037855,54.728823685313216,26.284337561580557,-28.44448612373266
0.0015046875,33.136850968063136,54.74642284797162,27.372449547810866,-27.373973300160756
0.00150546875,32.92372729706728,54.76385895447541,28.59139874076194,-26.17246021371347
0.00150625,32.71800206523229,54.781212582971094,29.92842382213297,-24.852788760838123
0.00150703125,32.52246069029538,54.79848371195036,31.370513469160564,-23.427970242789797
0.0015078125,32.33860570959146,54.815672315403496,32.90450064834727,-21.911171667056223
0.00150859375,32.16746532891009,54.83277836744476,34.5171525634027,-20.315625804042053
0.001509375,32.009826687359315,54.84980184231274,36.195257256091736,-18.654544586221004
0.00151015625,31.866331613340925,54.8667427143704,37.92570661549398,-16.94103609887642
0.0015109375,31.737543320788372,54.88360095810509,39.69557545405485,-15.188025504050243
0.00151171875,31.624042710450905,54.90037654812861,41.49219632854363,-13.408180219584986
0.0015125,31.526671985596,54.91706945917721,43.30322985125419,-11.613839607923028
0.00151328125,31.447457257862396,54.93367966611167,45.11673046177178,-9.816949204339892
0.0015140625,31.395753042938647,54.950207143917325,46.921209464923905,-8.028997678993417
0.00151484375,31.822932022945764,54.96665186770409,48.70586394279243,-6.260787924911652
0.001515625,31.559601500727275,15.976322162476691,50.20802047210952,34.231698309632826
0.00151640625,31.872594634444063,16.04066334493337,51.545506379056405,35.504843034123034
0.0015171875,32.18083951528749,16.107221754093448,52.60531102968565,36.4980892755922
0.00151796875,32.493343297219745,16.173756034703665,53.39205151208823,37.218295477384565
0.00151875,32.812454290591965,16.240265957936955,53.9118988692786,37.671632911341646
0.00151953125,33.17065673448616,16.306751423623236,54.17248751097375,37.86573608735051
0.0015203125,33.51609563753285,0.01076321485435458,54.10111995344591,54.09035673859155
0.00152109375,33.97675902135574,6.177104895081087e-07,53.73781362570676,53.737813007996266
0.001521875,34.42284855361974,3.5470742074734046e-11,53.04801489962706,53.04801489959159
0.00152265625,34.85942051819614,2.3339560657512935e-14,52.04890821850029,52.048908218500266
0.0015234375,35.285282364846296,1.4192206533849685e-14,50.75899212447661,50.7589921244766
0.00152421875,35.69851586378696,2.0838632907301586e-14,49.197881772083214,49.19788177208319
0.001525,36.09713170092317,2.127500392311221e-14,47.3861408775584,47.386140877558375
0.00152578125,36.47921453740341,2.292039527764414e-14,45.34511406170418,45.34511406170416
0.0015265625,36.842954374090105,2.2319279560603466e-14,43.09676078720309,43.09676078720307
0.00152734375,37.18661222622842,2.1574559118315062e-14,40.66349189851962,40.663491898519595
0.001528125,37.50833885594185,2.1224643479565177e-14,38.068009661152345,38.068009661152324
0.00152890625,37.805236470321624,2.623476313806113e-14,35.33315190247475,35.33315190247472
0.0015296875,38.062202790300205,1.4690733956784198e-14,32.481736821696124,32.48173682169611
0.00153046875,38.301582060074644,17.104608148975316,29.603598051713412,12.498989902738098
0.00153125,38.36885908138424,17.30102302767004,26.70125156623499,9.40022853856495
0.00153203125,38.42785223439196,17.367111059494547,23.85311931186186,6.486008252367315
0.0015328125,38.46690249860542,17.433165458685416,21.075917608434164,3.642752149748748
0.00153359375,38.485981489508916,17.499193603414966,18.384889192453116,0.8856955890381499
0.001534375,38.48996454510063,17.565195394675193,15.79413284959113,-1.7710625450840638
0.00153515625,38.52664371335001,17.6311707330686,13.316576155127457,-4.3145945779411425
0.0015359375,38.100941200103534,55.29499904326632,11.129497846728611,-44.16550119653771
0.00153671875,37.76755703408425,55.393404038302165,9.18989545983409,-46.203508578468075
0.0015375,37.38571300969714,55.40744346699556,7.619341504252439,-47.78810196274312
0.00153828125,36.987570238041855,55.42139461605322,6.4136255542151375,-49.00776906183808
0.0015390625,36.5795819659664,55.435262301214564,5.566138879607379,-49.869123421607185
0.00153984375,36.16568378655617,55.4490465018727,5.068259209140017,-50.380787292732684
0.001540625,35.74914839756588,55.4627471972689,4.909485333154684,-50.55326186411421
0.00154140625,35.332974255856456,55.47636436677014,5.077577740866964,-50.39878662590318
0.0015421875,34.92001136717422,55.48989798986923,5.558704648297905,-49.93119334157132
0.00154296875,34.51303856049867,55.503348046184755,6.337592364427913,-49.16575568175684
0.00154375,34.11488358175938,55.516714515461196,7.397678909973614,-48.11903560548758
0.00154453125,33.728754265943245,55.52999737756888,8.721269861687034,-46.80872751588185
0.0015453125,33.35953709535244,55.54319661250406,10.289695686152697,-45.253500926351364
0.00154609375,33.02252712150206,55.55631220038892,12.08347241541373,-43.47283978497519
0.001546875,33.36198564716471,55.56934412147164,14.082704860893266,-41.48663926057837
0.00154765625,32.716451488766374,0.003189174045800631,15.907471361187152,15.904282187141352
0.0015484375,32.89014473280209,1.8302953283334544e-07,17.718130474201402,17.71813029117187
0.00154921875,33.058206567073164,1.0504227554875472e-11,19.345229416779457,19.34522941676895
0.00155,33.23474478229624,6.028469548959202e-16,20.785663666313823,20.785663666313823
0.00155078125,33.422280209565656,3.4597922515359305e-20,22.03763920217818,22.03763920217818
0.0015515625,33.62350763702332,1.9856055216957466e-24,23.10062794273082,23.10062794273082
0.00155234375,33.85465582027494,1.1395566557611543e-28,23.975327248716866,23.975327248716866
0.001553125,32.85855692760696,39.24695578011569,24.78443954398673,-14.46251623612896
0.00155390625,33.60340986989103,55.68192064177317,25.57603800682246,-30.105882634950706
0.0015546875,33.38500970094625,55.695057348809385,26.48039034319361,-29.214667005615777
0.00155546875,33.158404774963124,55.7071677215958,27.534467851497237,-28.172699870098565
0.00155625,32.936765993510384,55.71919414630585,28.725782615313747,-26.993411530992105
0.00155703125,32.7237808750841,55.731136658913385,30.041460502359097,-25.689676156554288
0.0015578125,32.52133919269324,55.742995241436276,31.468343672015116,-24.27465156942116
0.00155859375,32.33073130431813,55.75476987601574,32.993085652058106,-22.761684223957637
0.001559375,32.15297056071283,55.76646054491937,34.602243527654565,-21.164217017264807
0.00156015625,31.988927746886148,55.778067230541254,36.28236704332725,-19.495700187214005
0.0015609375,31.83944607512744,55.7895899154019,38.02008424250691,-17.76950567289499
0.00156171875,31.705574604314677,55.801028582148376,39.8021832977283,-15.998845284420078
0.0015625,31.589416482849188,55.812383213554256,41.61569038483721,-14.196692828717051
0.00156328125,31.499756509803365,55.823653792519664,43.44794513665234,-12.37570865586732
0.0015640625,31.850261539669148,55.8348403020713,45.28682801696614,-10.548012285105159
0.00156484375,31.56974887169021,20.11970768210652,46.889446882914356,26.76973920080784
0.001565625,31.818801508630305,20.18252082072285,48.36141883782154,28.17889801709869
0.00156640625,32.06496513094779,20.247356894670858,49.59688019783903,29.34952330316817
0.0015671875,32.315916474680044,20.312162594307726,50.597704148311706,30.285541554003977
0.00156796875,32.57128832653725,20.376937704201563,51.367180781579805,30.990243077378246
0.00156875,32.8286335455562,20.441682126795484,51.90993695010245,31.468254823306964
0.00156953125,33.0799703874444,20.506395764585548,52.2318527498724,31.72545698528685
0.0015703125,33.78783676868684,6.06654936482243,52.29531905786853,46.228769693046104
0.00157109375,33.853437124917825,0.00034816465965389903,52.091540255614476,52.09119209095482
0.001571875,34.27399210417559,1.998150052232282e-08,51.582797743058386,51.58279772307689
0.00157265625,34.694637029525126,1.1633693295014367e-12,50.766924849554094,50.76692484955293
0.0015734375,35.10854306972774,2.7262940961156744e-14,49.66116922962226,49.66116922962223
0.00157421875,35.51249900701013,2.3222537631452236e-14,48.28394115039911,48.28394115039909
0.001575,35.90409264516887,2.6156653676541895e-14,46.654648930829666,46.65464893082964
0.00157578125,36.28129853501803,2.1313256949668475e-14,44.793536447357894,44.79353644735787
0.0015765625,36.64241936027602,2.1313953417984247e-14,42.721521871576336,42.721521871576314
0.00157734375,36.98620077676274,1.9720058915800653e-14,40.460038547022855,40.46003854702283
0.001578125,37.31243041816245,3.268138304568913e-14,38.03087907266418,38.03087907266414
0.00157890625,37.626497853030045,1.6744733027394006e-14,35.45604502165834,35.456045021658326
0.0015796875,37.44569139462201,15.049990591866333,32.80393452376957,17.753943931903237
0.00158046875,37.90756324901735,21.408738532011093,30.114072283608063,8.70533375159697
0.00158125,37.97505906055019,21.473339974689395,27.456799561730982,5.983459587041587
0.00158203125,38.014357284386094,21.537547854094782,24.86613296345161,3.328585109356827
0.0015828125,38.03085713830551,21.601723277611313,22.356293624517853,0.7545703469065416
0.00158359375,38.02669762953636,21.66586616932178,19.940428377739813,-1.7254377915819674
0.001584375,38.00415200794923,21.729976432629375,17.630570997488427,-4.099405435140946
0.00158515625,37.96846957944085,21.794053970985125,15.437610904355777,-6.356443066629348
0.0015859375,37.96347459361893,21.858098687889495,13.371285100902776,-8.486813586986719
0.00158671875,37.540118322779755,56.04609193833902,11.590426592927926,-44.45566534541109
0.0015875,37.202112630029625,56.131259919006425,10.0538412947692,-46.077418624237225
0.00158828125,36.82186702174118,56.13983694076513,8.869675278835544,-47.270161661929585
0.0015890625,36.42869234986832,56.14832502617219,8.031863696343457,-48.11646132982873
0.00158984375,36.02851972867028,56.156728552964466,7.5321565334029685,-48.6245720195615
0.001590625,35.62494399934305,56.16504750873841,7.360482468134855,-48.804565040603556
0.00159140625,35.22089064017433,56.17328188096583,7.5050850276196,-48.66819685334623
0.0015921875,34.81893267891288,56.18143165724591,7.952663534702012,-48.2287681225439
0.00159296875,34.421323951245384,56.18949682530523,8.688518191293959,-47.50097863401127
0.00159375,34.029863215147046,56.19747737299779,9.6966982568782,-46.50077911611959
0.00159453125,33.64536484158695,56.205373288305026,10.960152157369777,-45.24522113093525
0.0015953125,33.265195241206854,56.213184559335865,12.460877802911021,-43.752306756424844
0.00159609375,32.859047860381295,56.220911174326645,14.180063223072139,-42.040847951254506
0.001596875,33.030842677704804,1.4437797844194893,15.904218388301366,14.460438603881878
0.00159765625,32.99821255419472,8.285980497191309e-05,17.669353256535885,17.669270396730912
0.0015984375,33.13392003833231,4.755397848117144e-09,19.257190960271547,19.25719095551615
0.00159921875,33.29239346452843,2.7291650881320014e-13,20.660471878825366,20.660471878825092
0.0016,33.464094141683674,1.5662920992462616e-17,21.877549638707958,21.877549638707958
0.00160078125,33.64478955451237,8.989089560135117e-22,22.90802579160007,22.90802579160007
0.0016015625,33.830154337288164,5.1589183881483476e-26,23.75270086545339,23.75270086545339
0.00160234375,34.009875734295164,2.9607491123022138e-30,24.413519531898693,24.413519531898693
0.001603125,34.06526419010602,1.6992002288961728e-34,24.893467507420397,24.893467507420397
0.00160390625,34.168702872320516,56.256403625735075,25.477538495581083,-30.778865130153992
0.0016046875,33.87064843779707,56.300311273765296,26.067155957443937,-30.23315531632136
0.00160546875,33.61154678332844,56.30702327508318,26.82524314101686,-29.481780134066323
0.00160625,33.36645119827732,56.31364834921639,27.74050605989914,-28.573142289317254
0.00160703125,33.13231642350959,56.32018861589066,28.801000351586836,-27.51918826430382
0.0016078125,32.90901297249674,56.326644065378694,29.994330889340368,-26.332313176038326
0.00160859375,32.697106452373134,56.33301468795871,31.307747248981414,-25.025267438977295
0.001609375,32.49738190142887,56.33930047403666,32.728238355918535,-23.611062118118127
0.00161015625,32.310750589440794,56.34550141414627,34.24262521720246,-22.10287619694381
0.0016109375,32.1383813370767,56.35161749894903,35.8376511682135,-20.51396633073554
0.00161171875,31.982429580235028,56.357648719234234,37.50006933054131,-18.857579388692926
0.0016125,31.851097870374645,56.36359506591897,39.2167285173,-17.14686654861897
0.00161328125,32.11796595181408,56.369456530048154,40.97479672272179,-15.394659807326361
0.0016140625,31.816614010756652,24.14289270958594,42.55307198107812,18.41017927149218
0.00161484375,31.994698474590635,24.203802541942864,44.04471405709805,19.840911515155184
0.001615625,32.17203675188876,24.26652893270532,45.35194914231531,21.085420209609993
0.00161640625,32.35598381525367,24.329218884859586,46.47413347754937,22.144914592689787
0.0016171875,32.54688016898077,24.391872197655992,47.4118245177467,23.01995232009071
0.00161796875,32.74404584892212,24.454488776733687,48.16672722103979,23.712238444306106
0.00161875,32.946908642778986,24.51706852779322,48.74163857396101,24.224570046167795
0.00161953125,33.15657894665081,24.579611356590647,49.140387608921586,24.560776252330943
0.0016203125,33.39193672423003,24.642117168937563,49.367777776209465,24.7256606072719
0.00162109375,33.6183132463545,0.18691738776979347,49.33321772055024,49.14630033278044
0.001621875,34.0552498175982,1.072735502761709e-05,49.071832234073604,49.07182150671858
0.00162265625,34.46601978654919,6.156730809591981e-10,48.51003485310045,48.51003485248478
0.0016234375,34.86635557726184,5.818109224781139e-14,47.66267557077933,47.66267557077927
0.00162421875,35.2566857355863,1.97772907054858e-14,46.54635740720848,46.54635740720846
0.001625,35.63554592765068,2.57070534057494e-14,45.178735524350316,45.17873552435029
0.00162578125,36.00109161659284,1.8697188003442845e-14,43.578364445624004,43.57836444562398
0.0016265625,36.35129847385908,2.3947689756585372e-14,41.76454509152958,41.764545091529556
0.00162734375,36.683651166271,2.0099498319288652e-14,39.75717287801978,39.75717287801976
0.001628125,36.992895652309606,2.3006822582086123e-14,37.57658714960575,37.57658714960573
0.00162890625,37.22504495194513,1.6692757632088317e-14,35.24340416302821,35.243404163028195
0.0016296875,37.45694122532116,25.37255507461997,32.90507895002764,7.532523875407668
0.00163046875,37.485980963392585,25.451280519798473,30.535986399292803,5.0847058794943285
0.00163125,37.51016828372201,25.513259202501928,28.227827916961942,2.7145687144600146
0.00163203125,37.518305118779466,25.575198503786247,25.993281926323363,0.41808342253711717
0.0016328125,37.509229242133515,25.637099289228804,23.844017549449358,-1.7930817397794443
0.00163359375,37.48329954769248,25.698961465663153,21.79070455694227,-3.908256908720884
0.001634375,37.44150247110715,25.760784939925934,19.84298465487194,-5.917800285053993
0.00163515625,37.38562880227943,25.822569618912187,18.009450855644097,-7.81311876326809
0.0016359375,37.32033146262565,25.88431540957524,16.297635148730393,-9.586680260844847
0.00163671875,37.28474707845384,25.946022218927073,14.714016672046158,-11.232005546880915
0.0016375,36.87846455971239,56.44076523688426,13.398037718396672,-43.04272751848759
0.00163828125,36.55085541824618,56.51215458580623,12.31070690300686,-44.20144768279937
0.0016390625,36.188243979391466,56.51521465590593,11.546252222862158,-44.96896243304377
0.00163984375,35.81687715015423,56.518185698519986,11.097049082536223,-45.42113661598376
0.001640625,35.44216551318515,56.52107162554302,10.953570780124501,-45.56750084541852
0.00164140625,35.067476076179844,56.52387243285362,11.10472497640911,-45.41914745644451
0.0016421875,34.6956674940605,56.52658811623384,11.537986224009842,-44.988601892224
0.00164296875,34.32948591802033,56.529218671593924,12.23953191882017,-44.289686752773754
0.00164375,33.97190143385122,56.53176409497229,13.194381117689964,-43.337382977282324
0.00164453125,33.627041013852484,56.534224382535584,14.386535515543045,-42.14768886699254
0.0016453125,33.30529211587201,56.53659953057864,15.799123208344696,-40.737476322233945
0.00164609375,33.12592139254694,56.53888953552455,17.414585935164375,-39.12430360036017
0.001646875,32.915737477204196,0.03728067631539339,18.93255112034348,18.895270444028085
0.00164765625,33.12618910156943,2.13957114654889e-06,20.438439594389667,20.43843745481852
0.0016484375,33.314630204822514,1.2279188962176493e-10,21.755590632899267,21.755590632776475
0.00164921875,33.505755108944946,7.04713567539184e-15,22.882975979675386,22.88297597967538
0.00165,33.70206552577491,4.0444137947835413e-19,23.820908790522516,23.820908790522516
0.00165078125,33.90280476117259,2.3211250211279488e-23,24.570890112189897,24.570890112189897
0.0016515625,34.10574658995009,1.332114278379512e-27,25.1355533234878,25.1355533234878
0.00165234375,34.30571370876538,7.645122233873628e-32,25.51860221307255,25.51860221307255
0.001653125,34.47785799635619,4.3876035952388016e-36,25.72473786105506,25.72473786105506
0.00165390625,34.68188511215151,51.634498436229414,25.92844568868211,-25.706052747547304
0.0016546875,34.415900391372126,56.55817673805309,26.09895679452139,-30.459219943531703
0.00165546875,34.14426198929446,56.55972729012137,26.441928329650068,-30.117798960471305
0.00165625,33.88993136231759,56.56091018386476,26.962426633771365,-29.5984835500934
0.00165703125,33.644799955925066,56.562007881687784,27.6501749834144,-28.911832898273385
0.0016578125,33.40800985320669,56.56302039814821,28.49424156379014,-28.06877883435807
0.00165859375,33.18010033030014,56.56394773172212,29.483133076075774,-27.08081465564635
0.001659375,32.96205970809267,56.564789881012985,30.604889334996216,-25.95990054601677
0.00166015625,32.755221284411526,56.56554684475254,31.84717744737558,-24.71836939737696
0.0016609375,32.561835269932,56.5662186218008,33.19738494593726,-23.368833675863538
0.00166171875,32.38952120452071,56.5668052111461,34.642712777278746,-21.924092433867354
0.0016625,32.56957453235259,56.56730661190501,36.170391235486775,-20.39691537641824
0.00166328125,32.24612450954449,28.021841666070735,37.582860056815484,9.561018390744747
0.0016640625,32.34761641892611,28.080484300607704,38.960825684258396,10.880341383650691
0.00166484375,32.44891106343572,28.140726264020373,40.215678621660466,12.074952357640091
0.001665625,32.556751497344656,28.20092594222173,41.344681671333504,13.143755729111772
0.00166640625,32.671575226198414,28.261083150343673,42.346005349783134,14.084922199439461
0.0016671875,32.792728520188874,28.321197797785125,43.21870114749561,14.89750334971048
0.00166796875,32.91916735919577,28.38126979401453,43.96267317505037,15.581403381035845
0.00166875,33.049501670384366,28.441299048564545,44.57864525268724,16.13734620412269
0.00166953125,33.18150978417906,28.501285471032162,45.068123863486065,16.5668383924539
0.0016703125,33.308790596101574,28.561228971078936,45.433356313775306,16.872127342696366
0.00167109375,33.31401150150919,28.621129458431078,45.67724052149153,17.056111063060452
0.001671875,33.875396820954094,0.00556913703376537,45.64105054165983,45.63548140462606
0.00167265625,34.233007618305116,3.196177435944741e-07,45.39852243399006,45.39852211437232
0.0016734375,34.6004907012284,1.8369184818564122e-11,44.877634884770224,44.877634884751856
0.00167421875,34.96495945691053,2.2003214339165874e-14,44.092616222756526,44.092616222756504
0.001675,35.32235388835527,2.2165365954238964e-14,43.058829648363954,43.05882964836393
0.00167578125,35.66986862848926,2.4190436450484822e-14,41.7926124103334,41.792612410333376
0.0016765625,36.004808261981864,2.514513800965959e-14,40.31113342738158,40.31113342738155
0.00167734375,36.32334923567061,2.1231080105183595e-14,38.63225115365972,38.6322511536597
0.001678125,36.61175492685884,1.9549438916525e-14,36.77436925430495,36.77436925430493
0.00167890625,36.89992000562642,26.67597724041836,34.84353368057782,8.167556440159466
0.0016796875,36.92811968778495,29.277024353724432,32.839839461114146,3.5628151073897145
0.00168046875,36.93549705958469,29.336547537254397,30.885169591818894,1.5486220545644955
0.00168125,36.933631610071124,29.395880682687277,28.99760580726025,-0.398274875427029
0.00168203125,36.91821084821028,29.45516955008418,27.186855166486815,-2.268314383597365
0.0016828125,36.88879867748391,29.51441405852758,25.461756702370458,-4.0526573561571215
0.00168359375,36.8458102930297,29.5736141187968,23.83025873124142,-5.743355387555383
0.001684375,36.79002427990682,29.632769641737625,22.299403278909644,-7.33336636282798
0.00168515625,36.722537687926604,29.69188053826288,20.875317045503287,-8.81656349275959
0.0016859375,36.64506700330101,29.750946719352626,19.563208681544534,-10.187738037808092
0.00168671875,36.56178481030621,29.809968096054313,18.367372682724024,-11.442595413330288
0.0016875,36.506925233164075,29.868944579482758,17.29121051174112,-12.577734067741638
0.00168828125,36.13124231881711,56.47650905296776,16.454158441541672,-40.022350611426084
0.0016890625,35.826862563656924,56.53366577661755,15.819993601810474,-40.71367217480708
0.00168984375,35.494684810148335,56.53118943484411,15.468787085831067,-41.06240234901304
0.001690625,35.157652393315864,56.52862454061257,15.391802042046045,-41.136822498566524
0.00169140625,34.82054585450543,56.52597451509794,15.578729219229643,-40.9472452958683
0.0016921875,34.48642249239137,56.52323936248723,16.017989807051293,-40.50524955543594
0.00169296875,34.158070008577965,56.52041908689952,16.696859381099273,-39.82355970580025
0.00169375,33.838733567490685,56.51751369258212,17.601593963074826,-38.915919729507294
0.00169453125,33.53418118308973,56.51452318391049,18.71755820267414,-37.79696498123635
0.0016953125,33.269598103796454,56.51144756538828,20.029360851897174,-36.48208671349111
0.00169609375,32.985508081506694,4.918458516228489,21.352272050983643,16.433813534755156
0.001696875,33.18344927606365,0.0002822747054745617,22.707012188273776,22.706729913568303
0.00169765625,33.39939383228946,1.6199996215856882e-08,23.87847574092843,23.878475724728432
0.0016984375,33.61024953178071,9.297321804040573e-13,24.852436882597345,24.852436882596415
0.00169921875,33.82386068567799,5.3358156123072945e-17,25.63048730794072,25.63048730794072
0.0017,34.04069943208092,3.062272001402483e-21,26.215396490818293,26.215396490818293
0.00170078125,34.25965489848316,1.7574651172248023e-25,26.611049260187748,26.611049260187748
0.0017015625,34.47879330150552,1.0086248500614606e-29,26.82237759002214,26.82237759002214
0.00170234375,34.694732266702594,5.788587654974066e-34,26.85528784672817,26.85528784672817
0.001703125,34.89765313469908,3.322121900652789e-38,26.716582764813104,26.716582764813104
0.00170390625,34.9688539946658,1.906595283793167e-42,26.41383724215969,26.41383724215969
0.0017046875,35.08165671067274,56.43066785678617,26.237225565550297,-30.193442291235876
0.00170546875,34.78534644726713,56.46371967362292,26.09179554691785,-30.371924126705068
0.00170625,34.522139386838994,56.45945519869758,26.14460361616919,-30.314851582528394
0.00170703125,34.26734199943047,56.45510356011805,26.387588914713685,-30.067514645404362
0.0017078125,34.01827825289137,56.45066690105019,26.81170348262335,-29.63896341842684
0.00170859375,33.77528735733101,56.446145228298164,27.40710708184022,-29.039038146457944
0.001709375,33.53963076776769,56.44153854867152,28.163259947467346,-28.27827860120417
0.00171015625,33.31356661000671,56.43684686910783,29.06901719894581,-27.36782967016202
0.0017109375,33.10407742122015,56.4320701966727,30.1127250019111,-26.319345194761596
0.00171171875,33.19822327189859,56.42720853855971,31.282424720278414,-25.144783818281297
0.0017125,32.855852485557556,31.733380677419085,32.40600387806469,0.6726232006456059
0.00171328125,32.880739497263775,31.78940576741916,33.551810438360924,1.762404670941762
0.0017140625,32.905455931576554,31.846803401948424,34.641455057970425,2.7946516560220043
0.00171484375,32.93628431251668,31.904153157286387,35.670598037417555,3.7664448801311696
0.001715625,32.97406549274078,31.96145486555095,36.63545564357372,4.674000778022772
0.00171640625,33.01873394131945,32.0187084404421,37.53279996284686,5.514091522404759
0.0017171875,33.06998341416267,32.07591379573698,38.359957779581435,6.284043983844452
0.00171796875,33.12747089608645,32.13307084528536,39.11480580031604,6.981734955030679
0.00171875,33.1909820871934,32.19017950300978,39.79576256687934,7.605583063869561
0.00171953125,33.26082143690876,32.24723968290559,40.40177735415551,8.154537671249928
0.0017203125,33.33960754773862,32.30425129904125,40.93231677137609,8.628065472334837
0.00172109375,33.453295581309945,32.36121426555822,41.387357265856416,9.026143000298196
0.001721875,33.55739598616966,0.24537374909997958,41.64099218459171,41.39561843549173
0.00172265625,33.941207109405205,1.4082217557749138e-05,41.731774966740474,41.73176088452291
0.0017234375,34.29490361423867,8.082122881995651e-10,41.5550129757901,41.555012974981885
0.00172421875,34.640059963083864,6.606758158375061e-14,41.1216578294415,41.12165782944144
0.001725,34.97801998147947,2.3696457699042487e-14,40.44454816828014,40.44454816828012
0.00172578125,35.30737143337546,1.959311229767502e-14,39.53756261050817,39.53756261050815
0.0017265625,35.625453104569566,2.4564799473504594e-14,38.41549136025047,38.41549136025045
0.00172734375,35.925797653126004,2.5079236670077863e-14,37.09390538949665,37.09390538949662
0.001728125,36.13855327778585,2.2097787972339128e-14,35.589000337381066,35.589000337381044
0.00172890625,36.36365903209627,32.90646530409235,34.081813002222184,1.175347698129832
0.0017296875,36.33815589892511,32.98457029602308,32.52914613703665,-0.45542415898643474
0.00173046875,36.31892902173905,33.04094404134996,31.040428497207245,-2.000515544142715
0.00173125,36.29121934682632,33.097266783287516,29.6230002822965,-3.4742665009910185
0.00173203125,36.25316951820431,33.153539681268036,28.28340391539946,-4.870135765868577
0.0017328125,36.20472858202306,33.20976265061692,27.027431342899074,-6.182331307717849
0.00173359375,36.14635097440845,33.26593560666345,25.86011630366736,-7.405819302996088
0.001734375,36.07871266542909,33.322058464812145,24.785732107597916,-8.536326357214227
0.00173515625,36.002645375640505,33.378131140542976,23.807794411542773,-9.570336729000205
0.0017359375,35.91918202134088,33.43415354941154,22.929068738332752,-10.505084811078786
0.00173671875,35.829837013799214,33.49012560704907,22.15158256226062,-11.338543044788452
0.0017375,35.738170730623324,33.54604722916266,21.476642177283388,-12.069405051879272
0.00173828125,35.673187022214925,33.601918331535416,20.904863289498845,-12.69705504203657
0.0017390625,35.33889897423375,56.153096077314856,20.53526365912561,-35.617832418189245
0.00173984375,35.06753381003207,56.19565669314305,20.334996310883746,-35.860660382259304
0.001740625,34.77497177387487,56.18765968754785,20.369869645949663,-35.81779004159819
0.00174140625,34.480360412769805,56.17957516766273,20.630516300480487,-35.54905886718225
0.0017421875,34.18721053199524,56.17140604218645,21.106355321754485,-35.06505072043196
0.00174296875,33.89699583731153,56.16315232358781,21.785855704962103,-34.37729661862571
0.00174375,33.60917987556369,56.15481402429674,22.656646836654147,-33.49816718764259
0.00174453125,33.3148245847135,56.14639115687059,23.705627074521175,-32.44076408234942
0.0017453125,32.787364614542916,56.13788373399406,24.918983803245283,-31.218899930748776
0.00174609375,33.358664126314494,0.010920319506926752,25.964668060236626,25.9537477407297
0.001746875,33.542482830217935,6.267268418214836e-07,26.96480451231838,26.96480388559154
0.00174765625,33.76011262448838,3.59684104490154e-11,27.754647717023246,27.75464771698728
0.0017484375,33.98911271868141,2.0642590422149884e-15,28.337417954494498,28.337417954494494
0.00174921875,34.2242739968723,1.1846966102120273e-19,28.717559857273542,28.717559857273542
0.00175,34.46293781604469,6.799079134670425e-24,28.900629359687482,28.900629359687482
0.00175078125,34.70326108193755,3.9020519414871385e-28,28.89321408071544,28.89321408071544
0.0017515625,34.94392854167821,2.2394222882951646e-32,28.702850870920315,28.702850870920315
0.00175234375,35.184412756242196,1.285224353882343e-36,28.337940813146936,28.337940813146936
0.001753125,35.42652981139608,7.376016789891718e-41,27.80766266352057,27.80766266352057
0.00175390625,35.68640110038736,4.233161589291292e-45,27.12188944695821,27.12188944695821
0.0017546875,34.698906887184236,39.498967023696345,26.412706517298112,-13.086260506398231
0.00175546875,35.45170198843505,56.01865000881785,25.736389330910935,-30.282260677906915
0.00175625,35.22360744839847,56.00990884335414,25.23133094196163,-30.77857790139251
0.00175703125,34.97638373213978,56.00013475187012,24.94130744477366,-31.05882730709646
0.0017578125,34.72395161371738,55.99027627075559,24.85964856550966,-31.130627705245928
0.00175859375,34.4709362779321,55.980333469293726,24.978618029890615,-31.00171543940311
0.001759375,34.22087470723976,55.97030636246134,25.28951046769755,-30.680795894763794
0.00176015625,33.980665914978346,55.96019496535908,25.782746667222515,-30.177448298136564
0.0017609375,33.991735362348415,55.94999929321453,26.448061227443333,-29.5019380657712
0.00176171875,33.634254704218954,35.25533602108745,27.140576213049986,-8.114759808037466
0.0017625,33.58263377609108,35.308408857741895,27.91657633729644,-7.3918325204454565
0.00176328125,33.529407660341036,35.362619254632435,28.70900704714251,-6.6536122074899255
0.0017640625,33.48037193833474,35.41677646439472,29.51253929834262,-5.904237166052101
0.00176484375,33.43671838352191,35.470880337135625,30.321984448720645,-5.14889588841498
0.001765625,33.398827663429245,35.52493079137181,31.132319726587546,-4.392611064784262
0.00176640625,33.36680610557765,35.578927745704206,31.93871377325042,-3.6402139724537848
0.0017671875,33.34060828499224,35.63287111881441,32.73654980363643,-2.89632131517798
0.00176796875,33.32005223224309,35.68676082946466,33.52144645173766,-2.1653143777270003
0.00176875,33.304758687333496,35.74059679649805,34.289276270383525,-1.4513205261145268
0.00176953125,33.29391331226476,35.79437893883859,35.03618181378194,-0.7581971250566568
0.0017703125,33.28524688185519,35.84810717549129,35.75858902355123,-0.08951815194006373
0.00177109375,33.26735542068643,35.90178142554247,36.45321529324175,0.5514338676992793
0.001771875,34.05122732742609,10.605681563311837,37.039033061976994,26.433351498665157
0.00177265625,33.718818614383224,0.0006086694906326172,37.4840520777931,37.48344340830247
0.0017734375,34.01562101006566,3.493210256869326e-08,37.70424740587797,37.70424737094587
0.00177421875,34.32380797366975,2.0237023530831224e-12,37.67667135179392,37.676671351791896
0.001775,34.63395366447809,2.2209708694611423e-14,37.41123634743982,37.4112363474398
0.00177578125,34.943173743841605,2.2063610536457326e-14,36.91897785035026,36.91897785035024
0.0017765625,35.25121308836255,2.4633030292598833e-14,36.21193700695087,36.21193700695085
0.00177734375,35.56746214430961,2.7940645872683608e-14,35.30304794298828,35.30304794298825
0.001778125,35.06937213531748,25.650733081134067,34.284993060175346,8.63425997904128
0.00177890625,35.69600317063546,36.434921019928815,33.20180044196767,-3.233120577961145
0.0017796875,35.679532296953276,36.48861196534964,32.15100994355255,-4.337602021797088
0.00178046875,35.64371063711513,36.54163212997026,31.169100369819194,-5.372531760151067
0.00178125,35.596934396896806,36.594597228210276,30.259931629663782,-6.3346655985464935
0.00178203125,35.54151093522154,36.64750721564617,29.426746053526195,-7.2207611621199765
0.0017828125,35.47867333982241,36.700362012598504,28.672175818963602,-8.028186193634902
0.00178359375,35.40935595276543,36.753161539468906,27.99825055641221,-8.754910983056698
0.001784375,35.334396338190935,36.80590571674223,27.40640825094507,-9.39949746579716
0.00178515625,35.25461030834659,36.85859446498672,26.897509417584814,-9.961085047401909
0.0017859375,35.17084146313353,36.91122770485405,26.47185437228194,-10.43937333257211
0.00178671875,35.08404152113598,36.9638053570795,26.129203391309254,-10.834601965770249
0.0017875,34.99552103622199,37.01632734248214,25.868799580011256,-11.147527762470888
0.00178828125,34.90823821118547,37.068793581964734,25.689394589369016,-11.379398992595718
0.0017890625,34.84585465333994,37.12120399651412,25.589284424598155,-11.531919571915966
0.00178984375,34.56766448443427,55.47258302286138,25.646932643195733,-29.825650379665646
0.001790625,34.344142740827515,55.50027687082736,25.833591034910853,-29.66668583591651
0.00179140625,34.10717940096831,55.48681005757912,26.200916776008995,-29.285893281570125
0.0017921875,33.873010886171755,55.473257324747635,26.739513655113527,-28.73374366963411
0.00179296875,33.64622331577541,55.45962105005785,27.439146995352875,-28.020474054704973
0.00179375,33.434104756255536,55.445901254181024,28.288964040708656,-27.156937213472368
0.00179453125,33.28350161007056,55.43209795777895,29.277603637171993,-26.154494320606958
0.0017953125,33.11999966155275,0.41988317236043127,30.177235594019596,29.757352421659164
0.00179609375,33.44080681723599,2.4097468428512694e-05,31.040569708933692,31.040545611465262
0.001796875,33.717407775471315,1.3829751294836333e-09,31.674274936583743,31.674274935200767
0.00179765625,33.98868254212663,7.93701717856476e-14,32.0821821374114,32.08218213741132
0.0017984375,34.25892264843458,4.555124698182623e-18,32.27058490360909,32.27058490360909
0.00179921875,34.52796282159749,2.6142265474780515e-22,32.246919751664066,32.246919751664066
0.0018,34.79464373841277,1.5003278492607837e-26,32.01967530745569,32.01967530745569
0.00180078125,35.05747728754188,8.61051486696521e-31,31.59829736163806,31.59829736163806
0.0018015625,35.31478573112531,4.941651007195418e-35,30.99309137766207,30.99309137766207
0.00180234375,35.564596107064844,2.83605743143236e-39,30.2151232776798,30.2151232776798
0.001803125,35.80405373106627,1.6276385650607808e-43,29.276119092416288,29.276119092416288
0.00180390625,36.026401245114926,9.341162379547185e-48,28.18836327634604,28.18836327634604
0.0018046875,36.18515757689842,5.3609761082190365e-52,26.964582713233654,26.964582713233654
0.00180546875,36.354586831897926,54.81163394627174,25.833168185619343,-28.978465760652398
0.00180625,36.03919605575535,55.215018867323934,24.742841236221455,-30.47217763110248
0.00180703125,35.76567640192338,55.19990648957036,23.887449610729394,-31.312456878840965
0.0018078125,35.49509052937079,55.184686968595486,23.264259536154984,-31.9204274324405
0.00180859375,35.22250259174334,55.169384339101214,22.86799401410766,-32.301390324993555
0.001809375,34.94498452562782,55.15399862551107,22.69214445816187,-32.4618541673492
0.00181015625,34.59623840723038,55.13852985099575,22.72903195000977,-32.40949790098598
0.0018109375,34.57083906199079,38.56894474195573,22.876125179582353,-15.692819562373382
0.00181171875,34.430426473622944,38.616470240647175,23.16444603613428,-15.452024204512895
0.0018125,34.3005510705778,38.66716940181297,23.539498085676,-15.127671316136967
0.00181328125,34.17571374865783,38.71781051639733,23.995802428175608,-14.72200808822172
0.0018140625,34.055472523795856,38.768393322669425,24.527591088754402,-14.240802233915023
0.00181484375,33.94008125714021,38.818917744441805,25.128844090075035,-13.69007365436677
0.001815625,33.82995614777362,38.8693837056256,25.793337329047212,-13.076046376578388
0.00181640625,33.72555289891326,38.91979113021999,26.514690027900137,-12.405101102319854
0.0018171875,33.62733616094442,38.970139942312294,27.286411349953532,-11.683728592358763
0.00181796875,33.53578831143836,39.02043006607813,28.101945896809298,-10.91848416926883
0.00181875,33.45146387500367,39.07066142578146,28.95471784617493,-10.115943579606531
0.00181953125,33.37516096027081,39.12083394577476,29.838173536350375,-9.282660409424386
0.0018203125,33.3085511699775,39.170947550499164,30.74582244212702,-8.425125108372141
0.00182109375,33.2577237735981,39.221002164484446,31.671277450063112,-7.549724714421334
0.001821875,33.30450265277298,39.27099771234926,32.6083231902213,-6.662674522127961
0.00182265625,33.327879179174886,0.02590253371207587,33.35468561802456,33.328783084312484
0.0018234375,33.64060700730191,1.4865694535565292e-06,33.976635423866114,33.97663393729666
0.00182421875,33.934590978218225,8.534045176419675e-11,34.35871651832019,34.35871651823485
0.001825,34.226604207012386,3.2396663996559153e-14,34.507870774052115,34.50787077405208
0.00182578125,34.51872150521751,2.86300281844453e-14,34.432312369006404,34.432312369006375
0.0018265625,34.81331651082143,1.6250210442100235e-14,34.141357855049236,34.14135785504922
0.00182734375,35.13170724216794,3.2103928056853505e-14,33.645332029413055,33.64533202941302
0.001828125,35.047478729334834,38.65067571541528,33.092340464284014,-5.558335251131266
0.00182890625,35.11207246339139,39.718228841321974,32.4551043942363,-7.263124447085672
0.0018296875,35.0619005139248,39.76768803087022,31.8861068387166,-7.88158119215362
0.00183046875,34.99906579671821,39.81702890511598,31.389520635969276,-8.427508269146708
0.00183125,34.929600878502704,39.86630981228268,30.965963123815285,-8.900346688467392
0.00183203125,34.85549464009407,39.91553068150708,30.615562085172332,-9.299968596334747
0.0018328125,34.77786996947393,39.964691438663635,30.337975598507263,-9.626715840156372
0.00183359375,34.69756777748572,40.01379200971712,30.13241290688245,-9.881379102834671
0.001834375,34.615310720150546,40.06283232072299,29.997657146771708,-10.065175173951284
0.00183515625,34.53176261742206,40.111812297827385,29.932089844200497,-10.179722453626885
0.0018359375,34.44755756705833,40.16073186726738,29.93371698283954,-10.227014884427838
0.00183671875,34.363326593378424,40.209590955370984,30.000196428340814,-10.209394527030168
0.0018375,34.27975191378984,40.25838948855726,30.12886649482705,-10.129522993730212
0.00183828125,34.19775044200642,40.307127393336536,30.316775473009162,-9.990351920327374
0.0018390625,34.11944575088261,40.35580459631038,30.560712191197013,-9.795092405113364
0.00183984375,34.06271470913307,40.404421024171825,30.857243121887716,-9.547177902284108
0.001840625,33.84320684748932,54.439297545290586,31.2643498856865,-23.174947659604086
0.00184140625,33.66710996422512,54.45194850909833,31.758125627051886,-22.693822882046444
0.0018421875,33.48104866722386,54.43309752906832,32.37629273597972,-22.0568047930886
0.00184296875,33.293676822621165,54.414162770558846,33.11001227211383,-21.30415049844502
0.00184375,33.09022768235478,54.39514606520015,33.94996025108561,-20.445185814114534
0.00184453125,34.09845372583347,16.04287158573732,34.76847972085588,18.72560813511856
0.0018453125,33.418607469868775,0.0009207146582386351,35.5117865980269,35.510865883368666
0.00184609375,33.69129496260877,5.284063251177151e-08,36.04663277900929,36.04663272616866
0.001846875,33.98286138508697,3.032570861406234e-12,36.33185106595749,36.33185106595445
0.00184765625,34.279607634582185,1.7404193690152006e-16,36.37544057397945,36.37544057397945
0.0018484375,34.57704759645207,9.988421436716779e-21,36.18662449129873,36.18662449129873
0.00184921875,34.872413478564894,5.732443833575373e-25,35.775737915728364,35.775737915728364
0.00185,35.16349364364998,3.289900462579781e-29,35.15411812686612,35.15411812686612
0.00185078125,35.448322475872274,1.8881031141184303e-33,34.33399315307406,34.33399315307406
0.0018515625,35.72504904833297,1.0835991575101532e-37,33.32836914088375,33.32836914088375
0.00185234375,35.991815929275255,6.218871868684729e-42,32.1509172196215,32.1509172196215
0.001853125,36.24650409101378,3.5690658350069744e-46,30.81586053568596,30.81586053568596
0.00185390625,36.48585790316745,2.048318602407244e-50,29.337861948248957,29.337861948248957
0.0018546875,36.70060252623735,1.1755482501373826e-54,27.731911549200035,27.731911549200035
0.00185546875,36.77725641460108,6.746575883151171e-59,26.013174821179486,26.013174821179486
0.00185625,36.88221371147434,54.0440888940465,24.466885046060412,-29.57720384798609
0.00185703125,36.58393222568217,54.05935040360739,23.00872931875589,-31.0506210848515
0.0018578125,36.30600710505936,54.038865720386106,21.804715810918516,-32.23414990946759
0.00185859375,36.022951013688214,54.018297608776194,20.852448320739988,-33.165849288036206
0.001859375,35.682414435493264,53.997648146468855,20.147913393253532,-33.84973475321532
0.00186015625,35.57813992781432,41.649288216098626,19.61580713519261,-22.033481080906014
0.0018609375,35.38373560366765,41.69382638243145,19.279785418318184,-22.41404096411327
0.00186171875,35.19330620922323,41.74071158079703,19.099188995420537,-22.641522585376496
0.0018625,35.00340872171892,41.78753405670712,19.06934060278133,-22.718193453925792
0.00186328125,34.81440234478983,41.83429360135407,19.18479878706396,-22.649494814290108
0.0018640625,34.62717274453703,41.8809901443109,19.439414346012555,-22.441575798298345
0.00186484375,34.44272033238023,41.92762361525344,19.826396993778292,-22.101226621475146
0.001865625,34.262058717253254,41.97419394395252,20.338383593179103,-21.63581035077342
0.00186640625,34.0861825014621,42.0207010602741,20.967507365573557,-21.053193694700543
0.0018671875,33.91606080911006,42.067144894179286,21.705467583888172,-20.361677310291114
0.00186796875,33.75265072025233,42.11352537572451,22.543599285894913,-19.569926089829593
0.00186875,33.596944754521886,42.159842435061584,23.472942571483838,-18.686899863577747
0.00186953125,33.45011034351685,42.20609600243788,24.48431108707457,-17.721784915363312
0.0018703125,33.31396705070616,42.25228600819634,25.56835940548104,-16.683926602715303
0.00187109375,33.19331996741567,42.298412382775666,26.715649600118347,-15.582762782657321
0.001871875,33.12345169383719,42.34447505671038,27.916727114712568,-14.427747941997811
0.00187265625,33.047324834673205,0.32096238142606737,28.996928742045498,28.67596636061943
0.0018734375,33.34464896077974,1.8420316346408602e-05,29.99626607797472,29.996247657658373
0.00187421875,33.61139920971877,1.0571807219508285e-09,30.766973409079444,30.766973408022263
0.001875,33.87737859534669,8.56020047962875e-14,31.312251464864712,31.312251464864627
0.00187578125,34.14681205317021,2.3914853055209774e-14,31.63750821825313,31.637508218253107
0.0018765625,34.42437709512997,2.3866024734962634e-14,31.74933480764768,31.749334807647656
0.00187734375,34.762126330172016,2.693841744433834e-14,31.655438101746928,31.6554381017469
0.001878125,34.59653636135237,42.61528032416881,31.552157425673787,-11.06312289849502
0.00187890625,34.55306226344298,42.75615570409754,31.389006704349285,-11.367148999748252
0.0018796875,34.46917430649609,42.80158304660735,31.304127518471972,-11.497455528135376
0.00188046875,34.378518578411004,42.84694045655431,31.2955525692513,-11.551387887303008
0.00188125,34.28564632346026,42.89223333946911,31.36062516881116,-11.531608170657945
0.00188203125,34.19228542079497,42.93746162745563,31.49632448870912,-11.441137138746512
0.0018828125,34.09945347810289,42.982625252400915,31.699299882916296,-11.283325369484619
0.00188359375,34.00790287449941,43.02772414628937,31.965905282566176,-11.061818863723195
0.001884375,33.918254517473734,43.07275824120285,32.29223398856762,-10.780524252635232
0.00188515625,33.83104746554494,43.117727469320826,32.6741537156177,-10.443573753703127
0.0018859375,33.74676064875168,43.1626317629205,33.10734167781518,-10.055290085105321
0.00188671875,33.665825257970646,43.207471054376754,33.587319499168345,-9.620151555208407
0.0018875,33.588637959824,43.25224527616245,34.10948773871923,-9.142757537443215
0.00188828125,33.51559143030132,43.29695436084842,34.66915983376404,-8.627794527084376
0.0018890625,33.44718718708716,43.3415982411036,35.26159529792552,-8.080002943178078
0.00188984375,33.38467251229124,43.3861768496951,35.88203219140438,-7.504144658290719
0.001890625,33.339943009554524,43.43069011948834,36.525722615151096,-6.90496750433724
0.00189140625,33.185878214335204,53.0598107217334,37.23018991011506,-15.829620811618339
0.0018921875,33.06180728789214,53.05733834882573,37.97690926684596,-15.080429081979773
0.00189296875,32.92177482983743,53.03322308296307,38.78980856743024,-14.243414515532827
0.00189375,32.55842219640011,53.00902671250573,39.66094675694122,-13.348079955564508
0.00189453125,33.22922471224141,0.010311280123726582,40.28230587360187,40.27199459347815
0.0018953125,33.530413863320284,5.917735303422878e-07,40.77506822139973,40.7750676296262
0.00189609375,33.85908378077325,3.396240883883688e-11,40.98989995674676,40.9898999567128
0.001896875,34.19340754215925,1.9491328269940377e-15,40.936329681785786,40.936329681785786
0.00189765625,34.5278343887194,1.11862465212461e-19,40.6252491347783,40.6252491347783
0.0018984375,34.85921639589955,6.419886295131046e-24,40.06875583669595,40.06875583669595
0.00189921875,35.185125151005586,3.6844298008390615e-28,39.28002828915724,39.28002828915724
0.0019,35.50345715270401,2.1145270076833758e-32,38.27319973322682,38.27319973322682
0.00190078125,35.81230353994575,1.2135458423455842e-36,37.063230921806564,37.063230921806564
0.0019015625,36.109886852641345,6.964647441830032e-41,35.66578267284212,35.66578267284212
0.00190234375,36.394500938389946,3.99707306443693e-45,34.097088994078426,34.097088994078426
0.001903125,36.66439750725289,2.293955755246273e-49,32.373831536850886,32.373831536850886
0.00190390625,36.917467798995844,1.3165215952260288e-53,30.513016054865023,30.513016054865023
0.0019046875,37.15000456319249,7.555634439472494e-58,28.531851251277995,28.531851251277995
0.00190546875,37.34842131183202,4.336245754718644e-62,26.447627933167087,26.447627933167087
0.00190625,36.90364569602252,2.488609976560515e-66,24.277371692205858,24.277371692205858
0.00190703125,37.38944491071128,52.58248513089853,22.378177249296286,-30.204307881602247
0.0019078125,37.09713581183326,52.5598767222126,20.59511439046811,-31.964762331744488
0.00190859375,36.77594579337323,52.534170110776415,19.08483323690144,-33.44933687387498
0.001909375,36.60476219852327,44.480807750033776,17.8004785583538,-26.680329191679977
0.00191015625,36.369040518204535,44.52209250114051,16.75898408237346,-27.763108418767054
0.0019109375,36.130268495736594,44.56488363204396,15.934569379460687,-28.630314252583272
0.00191171875,35.88682821468821,44.60760773933853,15.324192977130195,-29.283414762208338
0.0019125,35.639742760963266,44.650264668387194,14.923580650719554,-29.72668401766764
0.00191328125,35.39043436265638,44.6928543549442,14.727295663109807,-29.965558691834396
0.0019140625,35.14041066330382,44.73537673487022,14.728818832403334,-30.006557902466888
0.00191484375,34.891172879806355,44.77783174412736,14.920632403618715,-29.857199340508647
0.001915625,34.644174861870205,44.820219318779124,15.29430697534114,-29.525912343437984
0.00191640625,34.400796996277464,44.86253939499058,15.840590795551147,-29.02194859943943
0.0019171875,34.162322265425466,44.90479190902847,16.54950076195437,-28.355291147074098
0.00191796875,33.92990454023556,44.94697679726127,17.410414478347597,-27.536562318913674
0.00191875,33.70451051286669,44.98909399615932,18.412162733313757,-26.576931262845562
0.00191953125,33.486780323565874,45.03114344229483,19.543121773341618,-25.48802166895321
0.0019203125,33.27659011819293,45.07312507234214,20.791304695662774,-24.281820376679363
0.00192109375,33.071066300798236,45.11503882307767,22.14445085367312,-22.970587969404548
0.001921875,32.845111363739925,45.156884631380045,23.590105606988455,-21.56677902439159
0.00192265625,33.08350532389692,1.1602222916419136,24.959748127109037,23.799525835467122
0.0019234375,33.15669859698928,6.658618847756453e-05,26.2856406022348,26.285574016046322
0.00192421875,33.36361950633621,3.821457765478739e-09,27.39604404242115,27.39604403859969
0.001925,33.58622320161118,2.4208961849044074e-13,28.289045328058595,28.289045328058354
0.00192578125,33.81488989919145,1.5344624671252127e-14,28.96752575148449,28.967525751484477
0.0019265625,34.03947191452896,2.8373454081706224e-14,29.435613471002082,29.435613471002053
0.00192734375,34.163164746569805,2.4366193330380604e-14,29.698569796388885,29.69856979638886
0.001928125,34.32430557536364,45.459223627923855,29.98977412919377,-15.469449498730086
0.00192890625,34.15934608196285,45.53042741207595,30.23308663356118,-15.297340778514773
0.0019296875,34.02341168458633,45.57159206706572,30.5638207240888,-15.007771342976923
0.00193046875,33.895932309899344,45.61268637202427,30.976779565206012,-14.635906806818259
0.00193125,33.77406467898621,45.65371198500276,31.46637033539539,-14.187341649607369
0.00193203125,33.65734981898142,45.69466884431605,32.026734639226454,-13.667934205089592
0.0019328125,33.54590837105883,45.73555688828385,32.65179539781444,-13.083761490469417
0.00193359375,33.4400348358641,45.77637605532952,33.33530382744594,-12.441072227883577
0.001934375,33.34007006206671,45.81712628398013,34.07088577005879,-11.746240513921343
0.00193515625,33.24635256586489,45.857807512866586,34.85208702834343,-11.005720484523156
0.0019359375,33.15919809102763,45.89841968072365,35.672417437035335,-10.226002243688317
0.00193671875,33.078891640409296,45.938962726390166,36.52539343436468,-9.413569292025484
0.0019375,33.0056866834765,45.97943658880904,37.40457892060631,-8.574857668202728
0.00193828125,32.93981010402178,46.01984120702734,38.30362421147531,-7.716216995552035
0.0019390625,32.88147180116845,46.060176520196464,39.21630291386394,-6.84387360633252
0.00193984375,32.830862269555205,46.10044246757216,40.13654656438202,-5.963895903190135
0.001940625,32.78791415056075,46.14063898851464,41.05847679841346,-5.082162190101181
0.00194140625,32.74373122051963,46.18076602248865,41.97643132582885,-4.204334696659802
0.0019421875,32.72240685288585,51.35104632150437,42.9106735636134,-8.440372757890973
0.00194296875,32.78914754667852,51.32531574363639,43.84632355210333,-7.478992191533061
0.00194375,32.82590592622454,0.033837796501762635,44.53661289440794,44.502775097906174
0.00194453125,33.238845470866856,1.941981214221445e-06,45.06952595196435,45.069524009983134
0.0019453125,33.624615911306854,1.114520277995214e-10,45.29573995366776,45.295739953556314
0.00194609375,34.00455900743511,6.3963309272305115e-15,45.22579235687175,45.22579235687174
0.001946875,34.380142030201156,3.670911165855094e-19,44.87177310902987,44.87177310902987
0.00194765625,34.75022973328711,2.106768542920633e-23,44.247097303703555,44.247097303703555
0.0019484375,35.11310997705042,1.2090931904657076e-27,43.3663687867913,43.3663687867913
0.00194921875,35.46694970308284,6.939093276966672e-32,42.24524097543448,42.24524097543448
0.00195,35.80993913615095,3.982407302111899e-36,40.90027636993597,40.90027636993597
0.00195078125,36.14034602216591,2.2855389439075193e-40,39.34880578874028,39.34880578874028
0.0019515625,36.45653380774126,1.3116911123951937e-44,37.60878825132184,37.60878825132184
0.00195234375,36.756955508267104,7.527911869202258e-49,35.69867237642078,35.69867237642078
0.001953125,37.04011345889102,4.32033552525913e-53,33.63726011021048,33.63726011021048
0.00195390625,37.30443644375899,2.4794789544732107e-57,31.443573534924788,31.443573534924788
0.0019546875,37.5478766657938,1.4229950080802632e-61,29.136725392460285,29.136725392460285
0.00195546875,37.76613905136073,8.166694818555385e-66,26.73579350900583,26.73579350900583
0.00195625,37.937577084850865,4.686938737009081e-70,24.25969437545448,24.25969437545448
0.00195703125,38.11718816448453,46.36632774674838,21.87869821177797,-24.487629534970413
0.0019578125,37.8627844779919,50.75658521939428,19.57747356775848,-31.1791116516358
0.00195859375,37.580516235171835,47.048320305663125,17.533437117453985,-29.51488318820914
0.001959375,37.32182558500685,47.084371881203154,15.76810424584286,-31.316267635360294
0.00196015625,37.05102104998776,47.12281319956696,14.27084210772042,-32.85197109184654
0.0019609375,36.77004267119379,47.16118369304467,13.040842579958628,-34.12034111308604
0.00196171875,36.4806618839902,47.19948316264014,12.075640845717714,-35.12384231692243
0.0019625,36.184825086516064,47.23771155066697,11.37118929215395,-35.86652225851302
0.00196328125,35.88454568882852,47.27586879955388,10.921945375579902,-36.35392342397398
0.0019640625,35.58184134778176,47.31395485183677,10.72096553112074,-36.59298932071603
0.00196484375,35.2787000452638,47.35196965015869,10.760004286388494,-36.5919653637702
0.001965625,34.977060779219265,47.38991313727009,11.029617740331204,-36.36029539693889
0.00196640625,34.67880344177096,47.427785256028734,11.519270577270056,-35.90851467875868
0.0019671875,34.38574749190491,47.46558594939992,12.217445798437389,-35.248140150962534
0.00196796875,34.09966403341253,47.50331516045645,13.111756370435806,-34.391558790020646
0.00196875,33.82231648006426,47.540972832378834,14.189058014111765,-33.35191481826707
0.00196953125,33.55557856646476,47.57855890845531,15.435562395771335,-32.14299651268397
0.0019703125,33.30181874558061,47.61607333208191,16.836950072238622,-30.77912325984329
0.00197109375,33.065580967207374,47.65351604676261,18.378482946282503,-29.27503310048011
0.001971875,32.86783760947003,47.690886996109334,20.045120615988417,-27.645766380120918
0.00197265625,32.65825456801413,4.153372383934349,21.679129149449036,17.525756765514686
0.0019734375,32.86018129515281,0.0002383657324056726,23.296462333438317,23.29622396770591
0.00197421875,33.08189741317353,1.3680046054763854e-08,24.714278749762837,24.71427873608279
0.001975,33.30430114025096,8.049310264906087e-13,25.9196072975141,25.919607297513295
0.00197578125,33.5357606994804,2.1658309801670155e-14,26.913162083610416,26.913162083610395
0.0019765625,33.78546449216658,2.3328943579419175e-14,27.696973608573572,27.696973608573547
0.00197734375,34.247198636280984,2.8391518133034125e-14,28.274403823817092,28.274403823817064
0.001978125,33.782511975203015,47.9779355863228,28.921583723335747,-19.056351862987054
0.00197890625,33.66085419065496,48.023986314354474,29.527408195237076,-18.496578119117398
0.0019796875,33.52155856916605,48.060637068190424,30.226724146492664,-17.83391292169776
0.00198046875,33.38316069762127,48.097214908253335,31.011686327285286,-17.08552858096805
0.00198125,33.249439348848775,48.1337203147491,31.874182112167677,-16.25953820258142
0.00198203125,33.12199398052916,48.170153232731934,32.805924846115396,-15.364228386616539
0.0019828125,33.001781677591566,48.20651360733456,33.79851384882828,-14.407999758506278
0.00198359375,32.889481644959375,48.24280138379886,34.84349231954881,-13.399309064250055
0.001984375,32.78561438364127,48.27901650747613,35.93240322368216,-12.346613283793971
0.00198515625,32.69059060060687,48.315158923827056,37.056842955477244,-11.258315968349812
0.0019859375,32.60473653592693,48.3512285784218,38.20851254246891,-10.14271603595289
0.00198671875,32.52831208365928,48.38722541694012,39.37926617020459,-9.00795924673553
0.0019875,32.461530463988645,48.42314938517141,40.5611568285569,-7.86199255661451
0.00198828125,32.40458938939823,48.459000429014836,41.74647890771728,-6.712521521297552
0.0019890625,32.35773565969089,48.49477849447938,42.92780760356906,-5.566970890910321
0.00198984375,32.32143154715874,48.53048352768391,44.098035038846206,-4.4324484888377045
0.001990625,32.296903849483606,48.566115474857305,45.25040312656906,-3.315712348288244
0.00199140625,32.288800557409594,48.601674282338486,46.37853387103325,-2.223140411305241
0.0019921875,32.33596496934771,48.637159896576534,47.47646872929124,-1.160691167285296
0.00199296875,32.37328626191955,0.3731684446893552,48.349670790793304,47.97650234610395
0.00199375,32.83646548292944,2.141646869024739e-05,49.04934305056043,49.04932163409174
0.00199453125,33.25953950805712,1.229110171794304e-09,49.41147965991038,49.411479658681266
0.0019953125,33.675731277187886,7.053972511799624e-14,49.44600764022925,49.446007640229176
0.00199609375,34.08782457466557,4.048337515959632e-18,49.16559139216467,49.16559139216467
0.001996875,34.49475600304414,2.3233768795825657e-22,48.584393235798395,48.584393235798395
0.00199765625,34.89468519912244,1.3334066399597715e-26,47.71792583635818,47.71792583635818
0.0019984375,35.285610586133835,7.652539211840012e-31,46.58290096857855,46.58290096857855
0.00199921875,35.665556251327786,4.3918602648113213e-35,45.19707645367613,45.19707645367613
0.002,36.03264652706794,2.5205276381708032e-39,43.57910243663541,43.57910243663541
0.00200078125,36.38514363949315,1.4465532124701657e-43,41.74836803458806,41.74836803458806
0.0020015625,36.721472346637434,8.301897447259641e-48,39.724849323831066,39.724849323831066
0.00200234375,37.04024253449867,4.7645327272215776e-52,37.52895958144058,37.52895958144058
0.002003125,37.340279943868026,2.7344076764353123e-56,35.18140264703788,35.18140264703788
0.00200390625,37.62068514854831,1.569300867266483e-60,32.70303022104266,32.70303022104266
0.0020046875,37.88098080768546,9.006357147204255e-65,30.11470387671853,30.11470387671853
0.00200546875,38.12158483874932,5.168828409831187e-69,27.43716258275891,27.43716258275891
0.00200625,38.34598557213708,2.966436561820269e-73,24.69089697859187,24.69089697859187
0.00200703125,38.58237575324085,1.702464306721193e-77,21.896038930974075,21.896038930974075
0.0020078125,38.3005388343272,48.08061820856387,19.243092765434415,-28.837525443129454
0.00200859375,38.18827124227202,49.36528470777493,16.701863075729577,-32.663421632045356
0.002009375,37.9216147039265,49.3992185267429,14.464134133254461,-34.93508439348844
0.00201015625,37.628138618273546,49.43300617498706,12.535983538336055,-36.897022636651
0.0020109375,37.31711048941713,49.46671937389797,10.917684259950583,-38.54903511394739
0.00201171875,36.99279215713013,49.50035807682322,9.607530825279106,-39.89282725154411
0.0020125,36.6583564837102,49.533922233103794,8.601929670749094,-40.9319925623547
0.00201328125,36.31659822561249,49.56741179219267,7.8954964575683775,-41.671915334624295
0.0020140625,35.97012540913769,49.60082670365517,7.4811607122816,-42.11966599137357
0.00201484375,35.621421299594736,49.63416691716907,7.3502769947464515,-42.28388992242262
0.002015625,35.272866253027786,49.66743238252456,7.4927416672840295,-42.17469071524053
0.00201640625,34.92674688745484,49.7006230496245,7.897114315183941,-41.803508734440555
0.0020171875,34.585264466011374,49.733738868484295,8.550742870508387,-41.18299599797591
0.00201796875,34.25055245725169,49.76677978923215,9.439891504376376,-40.32688828485578
0.00201875,33.92472151748878,49.799745762109076,10.549870375977122,-39.249875386131954
0.00201953125,33.60998409634938,49.83263673746884,11.865166366004672,-37.96747037146417
0.0020203125,33.30905716926103,49.86545266577826,13.369574016105005,-36.49587864967325
0.00202109375,33.026921679890364,49.89819349761714,15.046326320790179,-34.851867176826964
0.002021875,32.78574292335549,49.930859183678386,16.878229863611168,-33.05262932006722
0.00202265625,32.5329998822321,4.348028560192564,18.698618813723247,14.350590253530683
0.0020234375,32.7120625303994,0.00024953722335735505,20.522594622901682,20.522345085678324
0.00202421875,32.91299391163594,1.432118440576027e-08,22.15707442867802,22.157074414356835
0.002025,33.115946702979095,8.45177295835625e-13,23.586764882726975,23.58676488272613
0.00202578125,33.32981614653913,2.5993391758474867e-14,24.810654653502752,24.810654653502727
0.0020265625,33.56433442421221,2.36244146970874e-14,25.82907882742192,25.829078827421895
0.00202734375,34.022304200864184,2.2654873581302662e-14,26.64374720409355,26.64374720409353
0.002028125,33.51305048679346,50.1797156207836,27.541658517523068,-22.63805710326053
0.00202890625,33.36445979679049,50.221460158624936,28.40476878442112,-21.816691374203817
0.0020296875,33.199356495966356,50.25337225993654,29.372303128642383,-20.881069131294158
0.00203046875,33.03716626624684,50.28520812062606,30.43425688196563,-19.85095123866043
0.00203125,32.881861993361156,50.316968252668765,31.580385763128067,-18.736582489540698
0.00203203125,32.735119261388924,50.34865260826663,32.8003130946197,-17.54833951364693
0.0020328125,32.597923090321515,50.38026113970357,34.08360145220925,-16.296659687494323
0.00203359375,32.47094761670466,50.411793799377705,35.41982139754219,-14.991972401835518
0.002034375,32.35467796729367,50.44325053980143,36.79861735515467,-13.644633184646764
0.00203515625,32.24945643807695,50.47463131360146,38.209770400457664,-12.264860913143801
0.0020359375,32.155499834949,50.505936073518924,39.64325770047522,-10.86267837304371
0.00203671875,32.07290087482294,50.53716477240939,41.089308366936585,-9.447856405472805
0.0020375,32.00161290729302,50.56831736324304,42.53845550788657,-8.029861855356476
0.00203828125,31.941402434701075,50.599393799104625,43.981584289992426,-6.617809509112198
0.0020390625,31.89171346742204,50.630394033193575,45.409975838247576,-5.220418194945996
0.00203984375,31.8512169627311,50.661318018824105,46.8153467561989,-3.8459712626252074
0.002040625,31.815736817155592,50.69216570942527,48.18988359990139,-2.5022821095238785
0.00204140625,31.75792634557812,50.722937058540985,49.52626479739494,-1.1966722611460454
0.0020421875,32.18016295985676,4.949857822558342,50.65547102103214,45.7056131984738
0.00204296875,32.41100761756442,3.811650357193269,51.61824745646997,47.8065970992767
0.00204375,32.85174090147165,0.0007431567321267223,52.22164589253062,52.22090273579849
0.00204453125,33.27760057099632,4.265042532947191e-08,52.481013883750535,52.48101384110011
0.0020453125,33.7084199354285,2.4477458147747426e-12,52.39735419340937,52.397354193406926
0.00204609375,34.138401531555594,1.4047830771823753e-16,51.984681645016906,51.984681645016906
0.002046875,34.564064899388775,8.062174928566226e-21,51.258549575502435,51.258549575502435
0.00204765625,34.98256147800977,4.626953843234787e-25,50.235887928203965,50.235887928203965
0.0020484375,35.39136794290908,2.65544993219745e-29,48.93484163089038,48.93484163089038
0.00204921875,35.78819745986215,1.5239863161197373e-33,47.37460771007471,47.37460771007471
0.00205,36.170970326957445,8.746292910890072e-38,45.57527216161556,45.57527216161556
0.00205078125,36.53780549176861,5.019575233316963e-42,43.55764760650385,43.55764760650385
0.0020515625,36.88702135967327,2.880778837346867e-46,41.343112726000214,41.343112726000214
0.00205234375,37.217143095684825,1.653304577371902e-50,38.95345442346144,38.95345442346144
0.002053125,37.52691898341688,9.488461905240526e-55,36.410713607933666,36.410713607933666
0.00205390625,37.81535736474651,5.445512615123467e-59,33.73703544042107,33.73703544042107
0.0020546875,38.081825193757105,3.125228086239245e-63,30.954524835648552,30.954524835648552
0.00205546875,38.32640259037353,1.793596173828194e-67,28.085108016604053,28.085108016604053
0.00205625,38.55249187213429,1.0293607845571074e-71,25.15040166192757,25.15040166192757
0.00205703125,38.70920779288626,4.928074596524483,22.189036647014888,17.260962050490406
0.0020578125,38.893036843016034,5.12640168783829,19.216924214056277,14.090522526217988
0.00205859375,38.57568786163067,50.19416308710998,16.43142074266867,-33.76274234444131
0.002059375,38.41433447835013,51.409434627690715,13.80477835491839,-37.604656272772324
0.00206015625,38.105136033622244,51.43842822529686,11.51651247791731,-39.92191574737955
0.0020609375,37.769318385663404,51.46727628045755,9.571432765272178,-41.89584351518537
0.00206171875,37.416075005063114,51.49604682292329,7.968566638766809,-43.52748018415648
0.0020625,37.049836929381506,51.52473981327293,6.704806901723899,-44.81993291154903
0.00206328125,36.67397846183481,51.553355208295564,5.775017027722875,-45.77833818057269
0.0020640625,36.291489045807474,51.581892964896944,5.172143799779256,-46.40974916511769
0.00206484375,35.90515091886735,51.61035304009971,4.887337480409769,-46.72301555968994
0.002065625,35.51759135288958,51.63873539104352,4.91007859992439,-46.72865679111913
0.00206640625,35.13129244160909,51.66703997498504,5.228310331420637,-46.4387296435644
0.0020671875,34.748580432177015,51.69526674929809,5.828575401823997,-45.866691347474095
0.00206796875,34.37159620023754,51.72341567147365,6.696156492522,-45.02725917895165
0.00206875,34.00223080254133,51.75148669911998,7.81521909445155,-43.93626760466843
0.00206953125,33.641965402897824,51.77947978996259,9.168955787613257,-42.61052400234934
0.0020703125,33.29136785620443,51.80739490184442,10.739730862387383,-41.067664039457036
0.00207109375,32.94781107743616,51.83523199272578,12.509223706840828,-39.32600828588495
0.002071875,32.583111591498884,51.86299102068453,14.458561856515267,-37.404429164169265
0.00207265625,32.75438242550958,1.332197429560927,16.389411900382473,15.057214470821547
0.0020734375,32.739359532731406,7.645599448111646e-05,18.333797225879398,18.333720769884916
0.00207421875,32.88167570721089,4.387901770594859e-09,20.0893013968237,20.089301392435797
0.002075,33.046253937200966,2.6974734308752306e-13,21.6483782429498,21.64837824294953
0.00207578125,33.22246826601497,2.3322883484615805e-14,23.00885960949355,23.008859609493523
0.0020765625,33.39905556405565,2.60095796202472e-14,24.169921706865622,24.169921706865598
0.00207734375,33.46546872988317,2.533526462592788e-14,25.131993371238064,25.13199337123804
0.002078125,33.58053198429953,52.04791968921918,26.156691734191586,-25.891227955027592
0.00207890625,33.32808386160081,52.10930061175131,27.151169005575223,-24.958131606176085
0.0020796875,33.11507431842628,52.13627870067841,28.26477378267106,-23.87150491800735
0.00208046875,32.918075917349896,52.16317630340659,29.48601883978391,-22.677157463622677
0.00208125,32.733917739028726,52.18999534922091,30.803095658885255,-21.386899690335653
0.00208203125,32.56211650513945,52.216735797845395,32.20405285564203,-20.012682942203366
0.0020828125,32.40281193604468,52.24339760900945,33.67687678477439,-18.566520824235056
0.00208359375,32.25630486727669,52.26998074256085,35.209569995266435,-17.060410747294416
0.002084375,32.12291506782459,52.29648515846588,36.79022662453142,-15.506258533934457
0.00208515625,32.002931232331946,52.32291081680938,38.40710428379241,-13.91580653301698
0.0020859375,31.89659715604995,52.349257677794775,40.04869209467868,-12.300565583116095
0.00208671875,31.80412090198075,52.37552570174416,41.70377459197968,-10.67175110976448
0.0020875,31.72571446833937,52.40171484909839,43.361491253649405,-9.040223595448984
0.00208828125,31.66170614953889,52.427825080417044,45.01139147171039,-7.4164336087066545
0.0020890625,31.61289913981941,52.453856356378644,46.64348487295562,-5.810371483423023
0.00208984375,31.58213184667439,52.47980863778049,48.24828728280686,-4.23152135497364
0.002090625,31.58753198188514,52.50568188553896,49.81686693673975,-2.688814948799211
0.00209140625,31.580440128649442,11.959662516724872,51.208199952814695,39.24853743608982
0.0020921875,31.95336941976732,8.159595429585748,52.44402605812589,44.28443062854014
0.00209296875,32.33711641130981,8.228061351037724,53.36149799637299,45.133436645335266
0.00209375,32.89945089117398,2.445192953066676,53.93871770741982,51.493524754353146
0.00209453125,33.20288132493032,0.00014033179671598265,54.17800855312578,54.177868221329064
0.0020953125,33.64955646712354,8.053766531936708e-09,54.071302533857896,54.07130252580413
0.00209609375,34.09522603884263,4.622128189680367e-13,53.62587408338827,53.62587408338781
0.002096875,34.5356656356926,2.6526804467350808e-17,52.85786539179808,52.85786539179808
0.00209765625,34.96805051270709,1.522396883799373e-21,51.784830638475846,51.784830638475846
0.0020984375,35.38989553674235,8.737171017544379e-26,50.42556833009587,50.42556833009587
0.00209921875,35.79891665324845,5.014340097656005e-30,48.79995309644411,48.79995309644411
0.0021,36.19300528066011,2.8777743464643275e-34,46.928767320180185,46.928767320180185
0.00210078125,36.57022328596755,1.6515802733523165e-38,44.833533638434005,44.833533638434005
0.0021015625,36.92879975214888,9.47856597122642e-43,42.53634933668812,42.53634933668812
0.00210234375,37.26712161000014,5.439833250643702e-47,40.05972360743697,40.05972360743697
0.002103125,37.58370608630158,3.1219686484895533e-51,37.42641858767724,37.42641858767724
0.00210390625,37.877114723134504,1.7917255535357358e-55,34.6592950166351,34.6592950166351
0.0021046875,38.145599710124785,1.0282872189463248e-59,31.78116321675357,31.78116321675357
0.00210546875,38.38424669441118,5.901431737476629e-64,28.814639126823792,28.814639126823792
0.00210625,38.601846891244946,8.577646999429922,25.810058042531608,17.23241104310169
0.00210703125,38.713753193570135,9.462178604397664,22.78335936723187,13.321180762834206
0.0021078125,38.79232210650048,9.530660291929411,19.788939566143384,10.258279274213972
0.00210859375,38.80582128007698,9.599080793446792,16.847261421072368,7.248180627625574
0.002109375,38.81262398625172,52.77360966623755,14.144653101142467,-38.62895656509508
0.00211015625,38.423971524085836,53.126696374115284,11.646026177467697,-41.48067019664759
0.0021109375,38.055738958330366,53.15052031305814,9.507818824663339,-43.6427014883948
0.00211171875,37.678903748241105,53.17424531618671,7.730495405397569,-45.443749910789144
0.0021125,37.291599492046934,53.197890238778584,6.31128653309095,-46.886603705687634
0.00211328125,36.89546385236867,53.2214550463091,5.245261387086536,-47.97619365922257
0.0021140625,36.49289831932042,53.244939703290136,4.525442954321768,-48.71949674896837
0.00211484375,36.086513483694254,53.268344174354226,4.142932518763303,-49.12541165559092
0.002115625,35.67895936530142,53.29166842425466,4.087041595455879,-49.20462682879878
0.00211640625,35.27286036451229,53.31491241786554,4.345430069017709,-48.96948234884783
0.0021171875,34.87079148619617,53.33807612018185,4.904249391627559,-48.433826728554294
0.00211796875,34.47528397668441,53.361159496319445,5.748289729187384,-47.61286976713206
0.00211875,34.08887623863307,53.384162511515186,6.861129974830078,-46.52303253668511
0.00211953125,33.71428227978073,53.40708513112695,8.225289598447588,-45.18179553267936
0.0021203125,33.35498752106437,53.429927320633695,9.822381436568627,-43.60754588406507
0.00212109375,33.018188546292,53.45268904563548,11.63326527844157,-41.81942376719391
0.002121875,32.74949221939735,53.47537027185358,13.638214487001889,-39.83715578485169
0.00212265625,32.477719649576066,0.405197840450673,15.608504212742051,15.203306372291378
0.0021234375,32.683173814901046,2.325466419806603e-05,17.58608026881269,17.58605701414849
0.00212421875,32.85653251584588,1.334629200653979e-09,19.37550385238904,19.37550385105441
0.002125,33.03619855164538,9.619919364264379e-14,20.97168700784023,20.971687007840135
0.00212578125,33.228205555296164,2.3942816155901162e-14,22.37210788614517,22.372107886145145
0.0021265625,33.43905862086937,2.4110592795268493e-14,23.575585851087844,23.57558585108782
0.00212734375,33.734712822349415,2.1932164129513564e-14,24.58226248402756,24.582262484027538
0.002128125,33.40769075872787,53.53403249423098,25.629241306596334,-27.904791187634643
0.00212890625,33.244290404438985,53.67586638626733,26.64342759158727,-27.03243879468006
0.0021296875,33.04072196564309,53.697747645957065,27.78884147439453,-25.908906171562535
0.00213046875,32.83949567533456,53.71954115826029,29.053554530014118,-24.665986628246173
0.00213125,32.64648462154593,53.741253769510536,30.424995327739094,-23.316258441771442
0.00213203125,32.463942249401725,53.76288544740379,31.890407952577903,-21.872477494825887
0.0021328125,32.29316191669854,53.78443615936319,33.43694122260477,-20.347494936758416
0.00213359375,32.135041692288475,53.805905872933714,35.051734160603615,-18.754171712330102
0.002134375,31.990260236523966,53.82729455578239,36.721998013088076,-17.10529654269431
0.00213515625,31.85935111008704,53.84860217569824,38.43509454606831,-15.413507629629922
0.0021359375,31.74275069600017,53.869828700592365,40.17861029756059,-13.691218403031778
0.00213671875,31.640855140514645,53.89097409849802,41.94042648976507,-11.950547608732945
0.0021375,31.5541367184305,53.9120383375706,43.70878435055857,-10.203253987012033
0.00213828125,31.483487170772506,53.93302138608775,45.4723456858485,-8.460675700239248
0.0021390625,31.431686156472786,53.953923212449375,47.22024890913829,-6.733674303311085
0.00213984375,31.41582365444232,53.97474378517771,48.942164777480876,-5.032579007696831
0.002140625,31.390474735317284,16.012930716495376,50.504128914477626,34.49119819798225
0.00214140625,31.72349727574583,12.458627328080674,51.924621778177155,39.46599445009648
0.0021421875,32.07135361719672,12.526125609873185,53.04935583808841,40.523230228215226
0.00214296875,32.41470899578728,12.59381288704041,53.87294354568685,41.279130658646444
0.00214375,32.75088051968941,12.66148121008226,54.40243069015952,41.74094948007726
0.00214453125,33.21558303752795,0.32621094740325063,54.60252679640524,54.276315849001996
0.0021453125,33.62982007158711,1.8721536188016654e-05,54.495709809545694,54.49569108800951
0.00214609375,34.075921338875304,1.074445600398402e-09,54.04842303680507,54.04842303573062
0.002146875,34.51875845594485,6.16633879090764e-14,53.27595012081107,53.275950120811004
0.00214765625,34.9540709625341,3.538916634788508e-18,52.19597540567926,52.19597540567926
0.0021484375,35.37901342926057,2.0310157084540248e-22,50.827438620232215,50.827438620232215
0.00214921875,35.791157857047885,1.1656179655199825e-26,49.19036495417213,49.19036495417213
0.00215,36.18831795669323,6.689585097188327e-31,47.30569530636294,47.30569530636294
0.00215078125,36.56850100486511,3.839212340259436e-35,45.195117450997415,45.195117450997415
0.0021515625,36.9298842631604,2.2033580826702476e-39,42.88089911539828,42.88089911539828
0.00215234375,37.27078310908781,1.2645267857573738e-43,40.38572393926634,40.38572393926634
0.002153125,37.58956631009826,7.257231606947949e-48,37.73253122265154,37.73253122265154
0.00215390625,37.88433036350872,4.164989717109058e-52,34.944360245491936,34.944360245491936
0.0021546875,38.15073868603691,2.3903246145563743e-56,32.0441992488906,32.0441992488906
0.00215546875,38.22968180534874,1.371828540052184e-60,29.0547806660169,29.0547806660169
0.00215625,38.529345206734874,13.740727155940025,26.087268495128292,12.346541339188267
0.00215703125,38.60521616685197,13.808842215351117,23.119208876223773,9.310366660872658
0.0021578125,38.65915333350296,13.87615179672339,20.20888185482798,6.332730058104591
0.00215859375,38.68395212408081,13.943440435828208,17.372900461485166,3.4294600256569567
0.002159375,38.646401766104056,14.010708076361144,14.626738698497695,0.6160306221365502
0.00216015625,38.6024123852068,54.181145120596554,12.142226462380556,-42.038918658216
0.0021609375,38.19083413473255,54.50605613615527,9.884978330677711,-44.62107780547756
0.00216171875,37.79900497681817,54.52460690383619,7.998633302296682,-46.525973601539505
0.0021625,37.400236328920776,54.5430579808685,6.48154848648219,-48.06150949438631
0.00216328125,36.99307380792035,54.56142691603242,5.3289414074516515,-49.232485508580766
0.0021640625,36.57930066734076,54.579713682673386,4.533906845628266,-50.04580683704512
0.00216484375,36.16139229232317,54.59791825325192,4.087543152375332,-50.51037510087659
0.002165625,35.74200339842702,54.616040600352264,3.979087005429605,-50.63695359492266
0.00216640625,35.323815244479015,54.63408069668249,4.196054814805464,-50.438025881877024
0.0021671875,34.90948529971407,54.65203851507454,4.7243895193710514,-49.927648995703485
0.00216796875,34.50164831044378,54.66991402848427,5.548611611539741,-49.12130241694453
0.00216875,34.10298119922552,54.68770720999147,6.651973272718884,-48.03573393727259
0.00216953125,33.71643191920472,54.70541803279994,8.016614565222255,-46.688803467577685
0.0021703125,33.34608829705507,54.72304647023749,9.623720823540722,-45.09932564669677
0.00217109375,33.00210989944631,54.740592495756026,11.453681739273073,-43.28691075648295
0.002171875,32.80012614328261,54.75805608293154,13.486291464984276,-41.27176461794726
0.00217265625,32.57261004269958,0.03610894151793148,15.427459844464083,15.391350902946153
0.0021734375,32.75698485976948,2.072324265569999e-06,17.356860144931076,17.356858072606812
0.00217421875,32.92486791290403,1.1894957233373863e-10,19.100411772157724,19.100411772038775
0.002175,33.10079362829777,2.800843158414887e-14,20.654271988402947,20.65427198840292
0.00217578125,33.288689523357064,1.6041762258530183e-14,22.016047011799163,22.016047011799145
0.0021765625,33.49276151723071,2.0335457418658415e-14,23.184655686530537,23.184655686530515
0.00217734375,33.74331621574086,1.6608696322875817e-14,24.160296224306155,24.160296224306137
0.002178125,33.451036037928475,53.48535096559554,25.133811606081764,-28.35153935951378
0.00217890625,33.37972076838203,54.911433454420575,26.053178595096657,-28.858254859323917
0.0021796875,33.16520899122929,54.92815211671726,27.11536866736877,-27.812783449348487
0.00218046875,32.94916703046464,54.94470717831293,28.312196923165622,-26.63251025514731
0.00218125,32.74016541577514,54.96117948953081,29.630887331511754,-25.330292158019052
0.00218203125,32.54107025021633,54.97756903020535,31.058390404890872,-23.91917862531448
0.0021828125,32.35344734632824,54.993875775654516,32.58147866676825,-22.412397108886267
0.00218359375,32.17837818557081,55.0100997013206,34.186837861854514,-20.823261839466085
0.002184375,32.01669745816147,55.02624078277069,35.86115490171132,-19.16508588105937
0.00218515625,31.869093009428152,55.04229899569661,37.591202290688976,-17.451096705007636
0.0021859375,31.736180041413917,55.05827431591497,39.36391868025778,-15.694355635657187
0.00218671875,31.61861826463237,55.07416671936723,41.16648522255024,-13.907681496816986
0.0021875,31.517434606896195,55.08997618211973,42.98639747676587,-12.103578705353854
0.00218828125,31.435386245829086,55.10570268036368,44.81153296239961,-10.29416971796407
0.0021890625,31.388466567603587,55.121346190415274,46.63021820085618,-8.491127989559098
0.00218984375,31.334754783745254,19.970533403460962,48.31628249942819,28.34574909596723
0.002190625,31.615035310968114,16.683228068826406,49.884715395567184,33.201487326740775
0.00219140625,31.911492771417983,16.749355458247354,51.19053674588275,34.441181287635395
0.0021921875,32.20707794344132,16.81565008136795,52.226662919256924,35.411012837888975
0.00219296875,32.505563065177505,16.88191939146875,52.99754918788177,36.115629796413025
0.00219375,32.80424608244368,16.94816327770467,53.50915553440922,36.56099225670455
0.00219453125,33.08028691977639,17.01438164031298,53.76884275822029,36.754461117907304
0.0021953125,33.556636279846394,0.03808256753358948,53.71026289216752,53.67218032463393
0.00219609375,33.98102885004834,2.1855923962335387e-06,53.36709951652873,53.36709733093634
0.002196875,34.41619591726695,1.2543309004206794e-10,52.69909021698003,52.6990902168546
0.00219765625,34.846423879408306,7.198716514852087e-15,51.723130820146615,51.72313082014661
0.0021984375,35.267738502844324,4.131407385708525e-19,50.45751857261861,50.45751857261861
0.00219921875,35.677434040802446,2.3710514161061748e-23,48.921668705435486,48.921668705435486
0.0022,36.07324614853083,1.360767480173093e-27,47.13594701048103,47.13594701048103
0.00220078125,36.45319308123507,7.809565505490124e-32,45.12150324079946,45.12150324079946
0.0022015625,36.81555308944028,4.481979050291768e-36,42.90010614490412,42.90010614490412
0.00220234375,37.158917239688876,2.572247610079247e-40,40.493981094644376,40.493981094644376
0.002203125,37.48242253647475,1.4762357640042247e-44,37.9256512827685,37.9256512827685
0.00220390625,37.78699964640373,8.472248248519112e-49,35.21778373245319,35.21778373245319
0.0022046875,38.09393295751619,4.862298566039195e-53,32.39304823186547,32.39304823186547
0.00220546875,38.1662811909416,17.898702001379743,29.552751431402733,11.654049430022992
0.00220625,38.26632081432586,18.004524229115695,26.694099260435884,8.689575031320187
0.00220703125,38.32562330333412,18.070322973420783,23.89269407908383,5.822371105663047
0.0022078125,38.35817871361127,18.1360922087189,21.164587572972657,3.0284953642537573
0.00220859375,38.36528396476018,18.201834131258146,18.524616550279205,0.32278241902105836
0.002209375,38.34450707897122,18.267548642164147,15.986473646278597,-2.28107499588555
0.00221015625,38.26646786010326,18.33323564247201,13.56265497867182,-4.770580663800193
0.0022109375,38.18314347807308,55.2441209238647,11.409177511373294,-43.834943412491405
0.00221171875,37.76306686277992,55.53879000753149,9.492442039991559,-46.04634796753993
0.0022125,37.36246801312128,55.55194963217215,7.942323226383195,-47.60962640578896
0.00221328125,36.95707166175684,55.565009445302785,6.755110422474402,-48.80989902282838
0.0022140625,36.54575516088776,55.57798557760642,5.924144910781145,-49.653840666825275
0.00221484375,36.130345591913425,55.59087801046814,5.440771086550434,-50.150106923917704
0.002215625,35.71328700161062,55.60368672447222,5.29446900409873,-50.30921772037349
0.00221640625,35.29717662575944,55.61641170032897,5.472994221205909,-50.14341747912306
0.0022171875,34.88463763948369,55.62905291887481,5.962523214982376,-49.66652970389244
0.00221796875,34.47830226623496,55.641610361072296,6.747803139380224,-48.89380722169207
0.00221875,34.080890618095346,55.65408400801012,7.812304800425963,-47.84177920758416
0.00221953125,33.69552115967132,55.66647384090324,9.138377814666079,-46.52809602623716
0.0022203125,33.326998599080575,55.67877984109275,10.70740721669084,-44.97137262440191
0.00222109375,32.990552797451166,55.69100199004605,12.499973378821764,-43.19102861122428
0.002221875,33.33186954579455,55.70314026935682,14.49625502156725,-41.20688524778957
0.00222265625,32.685312038778115,0.0031968527256611957,16.315551151998825,16.312354299273164
0.0022234375,32.85918117087455,1.8347023259180464e-07,18.11874824848874,18.118748065018508
0.00222421875,33.02618156380791,1.0545528263266294e-11,19.736137267422542,19.736137267411998
0.002225,33.199580694071194,1.978506015308841e-14,21.16476323814798,21.16476323814796
0.00222578125,33.37988681388361,1.7882767202004286e-14,22.402988607033773,22.402988607033755
0.0022265625,33.56373710570213,2.6078250403351403e-14,23.450446091172342,23.450446091172317
0.00222734375,33.736592185524586,2.0738562816565368e-14,24.307987687203173,24.307987687203152
0.002228125,33.25201547357474,2.3058902313394385e-14,24.977382834307083,24.97738283430706
0.00222890625,33.77853317458855,55.805405422403545,25.82249664449906,-29.982908777904484
0.0022296875,33.504630161670356,55.81990608929482,26.665389764420922,-29.154516324873896
0.00223046875,33.25858727466743,55.831120807632054,27.66004997195142,-28.171070835680634
0.00223125,33.02635320766332,55.842251261551326,28.794275978385535,-27.04797528316579
0.00223203125,32.80598735832677,55.85329761803883,30.055456226153307,-25.797841391885523
0.0022328125,32.597456071358486,55.86425986046952,31.430670153385265,-24.433589707084252
0.00223359375,32.40117183101973,55.87513797233444,32.90678170961483,-22.968356262719613
0.002234375,32.21761873348144,55.88593193725136,34.47053098807258,-21.415400949178775
0.00223515625,32.04720193683558,55.89664173896476,36.10862312800522,-19.78801861095954
0.0022359375,31.890121231880144,55.90726736134587,37.807813949646025,-18.099453411699848
0.00223671875,31.74610716969353,55.917808788392705,39.55499183687046,-16.362816951522248
0.0022375,31.61340652213977,55.92826600423005,41.33725522084133,-14.591010783388729
0.00223828125,31.481253502480502,55.93863899310955,43.14198275203023,-12.79665624107932
0.0022390625,32.14380489769786,31.131842013925983,44.88049636931005,13.74865435538407
0.00223984375,31.722983741490523,20.80857903621602,46.512691020327736,25.70411198411172
0.002240625,31.927857144287664,20.872520220398165,47.947539988061486,27.07501976766332
0.00224140625,32.153384044487126,20.93702610361892,49.154343650161834,28.217317546542915
0.0022421875,32.39027154215844,21.001500490269315,50.134819501848426,29.133319011579115
0.00224296875,32.635380554768005,21.065943249041503,50.89205677783387,29.826113528792366
0.00224375,32.88737610472104,21.130354282883836,51.43043956147776,30.300085278593926
0.00224453125,33.14932497036601,21.194733494794498,51.7555692742489,30.560835779454404
0.0022453125,33.66524752204412,21.25908078781956,51.87427597904548,30.61519519122592
0.00224609375,33.79736587228011,0.0012200775401971303,51.656622272843244,51.65540219530305
0.002246875,34.23372608827794,7.00213343629782e-08,51.18056813849279,51.18056806847145
0.00224765625,34.65673454009299,4.018586609814824e-12,50.39864634779899,50.398646347794966
0.0022484375,35.06972478664592,2.306302570138015e-16,49.32784107187239,49.32784107187239
0.00224921875,35.47151063670248,1.3236075420234169e-20,47.98630242503222,47.98630242503222
0.00225,35.86027062247114,7.596301317898765e-25,46.39318354554169,46.39318354554169
0.00225078125,36.23408606566319,4.359584837670079e-29,44.56847989655307,44.56847989655307
0.0022515625,36.59102665890932,2.5020044836899847e-33,42.532869363858474,42.532869363858474
0.00225234375,36.929021084698434,1.435922609491039e-37,40.30755422153588,40.30755422153588
0.002253125,37.245101981510565,8.240887471978787e-42,37.91410570618054,37.91410570618054
0.00225390625,37.52884035224625,4.7295185601881655e-46,35.37430974715035,35.37430974715035
0.0022546875,37.802656590818366,20.112770680856375,32.775792402696865,12.663021721840488
0.00225546875,37.87075975915057,22.092536994410104,30.12610307772553,8.033566083315426
0.00225625,37.9133615865891,22.156537221977143,27.524270670185686,5.3677334482085435
0.00225703125,37.939217124211744,22.220394136590723,24.990774006524312,2.7703798699335893
0.0022578125,37.94507067877585,22.28421758138242,22.5393972731899,0.25517969180747574
0.00225859375,37.93043128681444,22.34800746654482,20.18286237329812,-2.1651450932466987
0.002259375,37.894897874732045,22.411763696011832,17.932789259927162,-4.4789744360846715
0.00226015625,37.83590917911228,22.47548617376775,15.799664581948361,-6.675821591819387
0.0022609375,37.72681422405579,22.539174803847672,13.792809874489246,-8.746364929358426
0.00226171875,37.61475679188708,55.95577718621179,12.051399694943044,-43.90437749126875
0.0022625,37.19972380925368,56.21833041899819,10.542874260786704,-45.67545615821149
0.00226328125,36.8043290332296,56.22601521326304,9.382631009651774,-46.843384203611265
0.0022640625,36.40666153178352,56.23360070989783,8.565098047380232,-47.6685026625176
0.00226484375,36.00574549024509,56.241101518907016,8.082031630353256,-48.15906988855376
0.002265625,35.60323780369959,56.24851762983367,7.923391458242975,-48.325126171590696
0.00226640625,35.20129655702109,56.255849031509314,8.07747419782416,-48.178374833685154
0.0022671875,34.80212412135021,56.26309571289298,8.531052916638032,-47.732042796254945
0.00226796875,34.407771141479415,56.27025766307128,9.269520797479387,-47.00073686559189
0.00226875,34.01991643734236,56.27733487125846,10.277037937514848,-46.00029693374361
0.00226953125,33.63930229742211,56.284327326796394,11.536680038172577,-44.74764728862382
0.0022703125,33.26325322408323,56.29123501915454,13.030587262511105,-43.260647756643436
0.00227109375,32.861414233633745,56.29805793793006,14.740103363471071,-41.55795457445899
0.002271875,33.03855081465235,1.4457462765440316,16.45164287574445,15.00589659920042
0.00227265625,33.011310091215066,8.297266372393529e-05,18.20147386859497,18.201390895931247
0.0022734375,33.15311554891,4.761894665664656e-09,19.771240755326513,19.77124075056462
0.00227421875,33.31850530026906,2.9314347117425593e-13,21.15390180551143,21.153901805511136
0.002275,33.49855175345043,2.5491984546904527e-14,22.348041942888077,22.348041942888052
0.00227578125,33.690423268226986,2.044636039849849e-14,23.353499982131716,23.353499982131694
0.0022765625,33.89363660991785,1.7990572927458426e-14,24.171318686910173,24.171318686910155
0.00227734375,34.113178106286746,1.928148517196152e-14,24.803692264785578,24.80369226478556
0.002278125,34.41771604337502,2.3498353263805078e-14,25.253933355860053,25.253933355860028
0.00227890625,34.06386716662063,56.23566267715569,25.774001774132845,-30.461660903022842
0.0022796875,33.87772278841481,56.367504911675,26.28963048142866,-30.07787443024634
0.00228046875,33.6453602827012,56.37331701104637,26.97536683207693,-29.397950178969438
0.00228125,33.411613454548664,56.37903698511146,27.820585053775957,-28.558451931335505
0.00228203125,33.182854386698956,56.38467205295092,28.813692309549623,-27.570979743401296
0.0022828125,32.96166244907343,56.39022220649325,29.942611657825047,-26.4476105486682
0.00228359375,32.74959560163159,56.395687437380005,31.19487878951063,-25.200808647869376
0.002284375,32.547746578888,56.40106773738068,32.557736526842234,-23.843331210538448
0.00228515625,32.356846201143775,56.40636309839263,34.0182272818694,-22.38813581652323
0.0022859375,32.17710864136425,56.41157351244114,35.56328303973052,-20.848290472710612
0.00228671875,32.007353689932835,56.416698971679416,37.179812180418686,-19.23688679126073
0.0022875,31.838247224975074,56.42173946838861,38.85478038926935,-17.56695907911926
0.00228828125,32.38472522344479,34.094792360227984,40.50653640181598,6.411744041587998
0.0022890625,31.95701095430269,24.80915417357904,42.0970166376643,17.28786246408526
0.00228984375,32.09326219823105,24.87098696140872,43.54218443655537,18.67119747514665
0.002290625,32.24916812823209,24.933318755792428,44.81219476228996,19.878876006497535
0.00229140625,32.41641213121137,24.995613031836687,45.906271322675224,20.91065829083854
0.0022921875,32.591956571680974,25.057869664941236,46.824787462067505,21.766917797126265
0.00229296875,32.773606649904,25.12008856134691,47.56921532863063,22.449126767283715
0.00229375,32.95909966580004,25.1822696273532,48.14207295601591,22.959803328662712
0.00229453125,33.144827719977,25.24441276931652,48.54686660036935,23.30245383105283
0.0022953125,33.31486536943461,25.306517893650422,48.78802470525075,23.48150681160033
0.00229609375,33.73966811922353,0.6508243399451914,48.783300255566786,48.1324759156216
0.002296875,34.06444833438838,3.7351387282732666e-05,48.5637691964068,48.56373184501952
0.00229765625,34.45575448505147,2.1436293118081192e-09,48.04675715606501,48.046757153921384
0.0022984375,34.84633738126266,1.2302479133264375e-13,47.245364178060115,47.245364178059994
0.00229921875,35.230512809361315,7.06050211156812e-18,46.17585285154195,46.17585285154195
0.0023,35.60535944618892,4.052084911297903e-22,44.85554787413383,44.85554787413383
0.00230078125,35.968739966568585,2.3255275430717804e-26,43.30268353641569,43.30268353641569
0.0023015625,36.31906607310049,1.3346409248500269e-30,41.536252228117945,41.536252228117945
0.00230234375,36.65569980949663,7.659622882520959e-35,39.57585436539685,39.57585436539685
0.002303125,36.98198632716066,4.395925646370493e-39,37.44155154370457,37.44155154370457
0.00230390625,37.40218922423913,2.522860796778263e-43,35.15376369458362,35.15376369458362
0.0023046875,37.29831429315646,26.04372323474819,32.880458424459064,6.8367351897108755
0.00230546875,37.35853300099014,26.11038213848368,30.57910752918007,4.468725390696392
0.00230625,37.387100870716225,26.17194551194383,28.339955635368888,2.16801012342506
0.00230703125,37.39416571093152,26.233469180746706,26.175166264860827,-0.05830291588587784
0.0023078125,37.3819833730099,26.29495334240243,24.095935347411768,-2.199017994990663
0.00230859375,37.35168712771611,26.35639790433363,22.11247525372024,-4.243922650613388
0.002309375,37.30400964928778,26.417802774005906,20.233988983547214,-6.183813790458692
0.00231015625,37.239132916167755,26.47916785894465,18.46865141246388,-8.010516446480768
0.0023109375,37.155096947048435,26.54049306673511,16.823597155126976,-9.716895911608136
0.00231171875,37.028421384391464,26.601778305022666,15.304907497126681,-11.296870807895985
0.0023125,36.90121855368011,56.311588199794144,14.034093385333009,-42.277494814461136
0.00231328125,36.506861941621544,56.54035590029936,12.979972502712037,-43.56038339758732
0.0023140625,36.13228402957648,56.54251699349683,12.24292585248206,-44.29959114101477
0.00231484375,35.75804479776323,56.544579934417726,11.815810311842213,-44.72876962257551
0.002315625,35.38327876515185,56.546557719477036,11.68916008736057,-44.85739763211647
0.00231640625,35.009412579336455,56.54845034644229,11.851976382903544,-44.69647396353874
0.0023171875,34.63824190091883,56.55025781246327,12.291856713987904,-44.25840109847537
0.00231796875,34.27145005101804,56.551980114817965,12.995128563358392,-43.55685155145957
0.00231875,33.9101997767905,56.55361725091262,13.946985853568833,-42.60663139734379
0.00231953125,33.55399253028797,56.555169218281755,15.131626908496912,-41.42354230978484
0.0023203125,33.19397160712844,56.55663601458811,16.532390802707113,-40.024245211880995
0.00232109375,32.602037173369055,56.558017637622726,18.131804307326206,-38.42621333029652
0.002321875,33.12031218140586,0.011002288798851938,19.591662231365003,19.58065994256615
0.00232265625,33.2514590882436,6.314311445900734e-07,21.031303910567797,21.03130327913665
0.0023234375,33.420039751112846,3.625176231289149e-11,22.28100160869261,22.281001608656357
0.00232421875,33.603409941761115,1.1061212084697337e-14,23.34025871124939,23.34025871124938
0.002325,33.79612165586655,1.7002188091794986e-14,24.20984383889285,24.209843838892834
0.00232578125,33.99496176402587,7.503411674322865e-15,24.891699148982443,24.891699148982436
0.0023265625,34.19669400814674,9.680480350265022e-15,25.388880953038804,25.388880953038793
0.00232734375,34.395648859615754,1.0888926638348994e-14,25.705495458935026,25.705495458935015
0.002328125,34.566705776788325,1.1016941492850748e-14,25.84662378847062,25.84662378847061
0.00232890625,34.76942485198106,51.643647469774514,25.987137385982546,-25.656510083791968
0.0023296875,34.501716256222565,56.56731098758175,26.096587532150043,-30.470723455431706
0.00233046875,34.2279486712198,56.56795295365745,26.380968353524977,-30.186984600132476
0.00233125,33.971018536601555,56.56822719772525,26.845617382697693,-29.722609815027557
0.00233203125,33.722735690012435,56.56841623485047,27.480498487023034,-29.087917747827433
0.0023328125,33.48212473894964,56.568520080962216,28.27489205185742,-28.293628029104795
0.00233359375,33.24951950192486,56.56853873590503,29.21748833483448,-27.351050401070548
0.002334375,33.02549203670888,56.56847219965082,30.29648196965395,-26.27199022999687
0.00233515625,32.810383218111504,56.5683204722998,31.49966612715601,-25.06865434514379
0.0023359375,32.603405102343764,56.56808355408046,32.81452531759193,-23.753558236488534
0.00233671875,32.39662022152596,56.567761445349575,34.22832419204917,-22.339437253300403
0.0023375,32.821446034033116,36.854051336545005,35.667504327279545,-1.1865470092654569
0.00233828125,32.38652578153421,28.661512816516954,37.096791955856375,8.435279139339418
0.0023390625,32.44999519777614,28.720867802451778,38.440105122266274,9.719237319814496
0.00233984375,32.53167349224565,28.780653121258045,39.66903529083999,10.888382169581948
0.002340625,32.62454672371529,28.840395124100354,40.7806614396612,11.940266315560851
0.00234140625,32.72627190546404,28.900093693830378,41.77292424054942,12.872830546719042
0.0023421875,32.83530317569381,28.959748740541585,42.64460237802567,13.684853637484082
0.00234296875,32.95024779655835,29.019360174394528,43.395287083856545,14.375926909462017
0.00234375,33.06956730408016,29.07892790561551,44.02535265044851,14.946424744833003
0.00234453125,33.19096612718707,29.138451844496586,44.53592299131711,15.397471146820525
0.0023453125,33.30792399192033,29.19793190139579,44.92883347562504,15.73090157422925
0.00234609375,33.300553357818124,29.257367986737208,45.20654343623754,15.949175449500334
0.002346875,33.862204059434326,0.0056928934924556545,45.20626717589567,45.20057428240321
0.00234765625,34.2161565310212,3.2672021703116816e-07,45.00281424269718,45.00281391597696
0.0023484375,34.58092462141917,1.8750763624570855e-11,44.521975683894865,44.521975683876114
0.00234921875,34.943521312993894,1.0761229889578243e-15,43.77768716799335,43.77768716799335
0.00235,35.3001017298814,6.175965472926306e-20,42.78502690704323,42.78502690704323
0.00235078125,35.648386328671016,3.5444414731551414e-24,41.56005599663895,41.56005599663895
0.0023515625,35.987016673662445,2.0341864622940545e-28,40.11967766930603,40.11967766930603
0.00235234375,36.316646851069684,1.1674376893285163e-32,38.481497483283476,38.481497483283476
0.002353125,36.65272823976005,6.700028653851537e-37,36.66368981280814,36.66368981280814
0.00235390625,36.674029964139216,29.083379903629726,34.787854532578024,5.704474628948301
0.0023546875,36.79525595497606,29.908193294227175,32.843416165547794,2.9352228713206205
0.00235546875,36.81793999601574,29.96713871197598,30.954675501521038,0.9875367895450566
0.00235625,36.81892365477839,30.02599504849678,29.134001594338855,-0.8919934541579266
0.00235703125,36.802852852170105,30.084806163889287,27.390639713375627,-2.6941664505136576
0.0023578125,36.77139285787487,30.143571972107246,25.73297968867378,-4.410592283433468
0.00235859375,36.725597557001116,30.202292384650573,24.1685373922054,-6.033754992445171
0.002359375,36.66630948472972,30.2609673130874,22.70394159420811,-7.557025718879288
0.00236015625,36.59418852806112,30.319596669054306,21.344926812341626,-8.974669856712678
0.0023609375,36.50945516735172,30.378180364256618,20.096331988923303,-10.281848375333313
0.00236171875,36.410471329821185,30.436718310468258,18.962104378293134,-11.474613932175124
0.0023625,36.27689064770047,30.495210419532185,17.945301989820454,-12.549908429711731
0.00236328125,36.14539175621285,56.309291219547546,17.149297234461066,-39.15999398508648
0.0023640625,35.78432320878596,56.50281856213268,16.544819981510635,-39.957998580622046
0.00236484375,35.44301855749227,56.49944221100364,16.216967808029352,-40.28247440297429
0.002365625,35.104543008886985,56.49596947714124,16.157474377246743,-40.338495099894494
0.00236640625,34.76804643115357,56.49241166072154,16.356142061442306,-40.13626959927923
0.0023671875,34.4345714470487,56.48876876775077,16.801537142586085,-39.687231625164685
0.00236796875,34.10525367817228,56.48504080371512,17.481110245707157,-39.003930558007966
0.00236875,33.78045345133277,56.48122777422883,18.38131942256492,-38.099908351663906
0.00236953125,33.457182240901695,56.47732968503425,19.4877539105864,-36.98957577444785
0.0023703125,33.10473816915324,56.47334654200182,20.785248718777787,-35.688097823224034
0.00237109375,33.32941230754757,1.4500739590111973,22.06316004749346,20.613086088482262
0.002371875,33.34533457622546,8.322103324801611e-05,23.361473147481462,23.361389926448215
0.00237265625,33.52679629936898,4.7761300707317924e-09,24.4647632595946,24.46476325481847
0.0023734375,33.727692757577294,2.785368640044401e-13,25.36952268810128,25.369522688101004
0.00237421875,33.938778276722495,7.003758226864064e-15,26.077816302298547,26.07781630229854
0.002375,34.15665342826961,7.114478313793406e-15,26.5928762930269,26.592876293026894
0.00237578125,34.37932618952697,6.2810932634563135e-15,26.919033802408578,26.91903380240857
0.0023765625,34.60560375782805,1.1444218463245476e-15,27.06164801472555,27.06164801472555
0.00237734375,34.83562184793048,4.324321396365991e-15,27.027031995361998,27.027031995361995
0.002378125,35.074714851466155,4.36935616646233e-15,26.822376891418376,26.822376891418372
0.00237890625,35.391889038611424,1.8423010961322207e-15,26.45569808606056,26.455698086060558
0.0023796875,35.043239320375946,56.2928138458425,26.183601838250862,-30.10921200759164
0.00238046875,34.856009826669535,56.41382145030587,25.935751631807058,-30.47806981849881
0.00238125,34.61634337184764,56.40865547840717,25.890553184020536,-30.518102294386633
0.00238203125,34.36938773573214,56.403397319754895,26.040667480936374,-30.36272983881852
0.0023828125,34.12177271818987,56.39805421819027,26.37743153059985,-30.020622687590418
0.00238359375,33.87626842745276,56.39262618217522,26.891337177010673,-29.501289005164548
0.002384375,33.6344034916759,56.387113219884256,27.57212567455377,-28.814987545330485
0.00238515625,33.39635937864875,56.38151533961983,28.40888218402886,-27.97263315559097
0.0023859375,33.15599398748659,56.375832549812245,29.390128543504456,-26.985704006307788
0.00238671875,33.45767375239438,39.39313439488237,30.451650260541115,-8.94148413434125
0.0023875,33.01755033400217,32.34263994850277,31.561912887715984,-0.7807270607867892
0.00238828125,33.00576608691228,32.39916253004888,32.653907810018524,0.25474527996964014
0.0023890625,33.0092573173563,32.456044199860585,33.70142087319743,1.2453766733368419
0.00238984375,33.02245185644086,32.51287701486491,34.69991525314601,2.187038238281095
0.002390625,33.04378309459305,32.569660866065405,35.64534581210607,3.0756849460406688
0.00239140625,33.07236414436007,32.62639566794522,36.5341629622934,3.907767294348186
0.0023921875,33.10746102214114,32.6830813350628,37.36331548114215,4.680234146079352
0.00239296875,33.14832654902934,32.73971778205053,38.13025019636069,5.390532414310155
0.00239375,33.19406193774125,32.796304923614954,38.83290853228881,6.036603608673861
0.00239453125,33.24328709468293,32.85284267453687,39.46971996757348,6.616877293036609
0.0023953125,33.292689876953844,32.90933094967143,40.03959214995993,7.130261200288499
0.00239609375,33.32280588149358,32.96576966394832,40.54189261644551,7.576122952497184
0.002396875,33.686818100930914,0.8474097410142575,40.86249214745305,40.015082406438786
0.00239765625,33.92391526163511,4.8633598163291285e-05,41.03428377290307,41.03423513930491
0.0023984375,34.25179399934671,2.7911254211894827e-09,40.94152680414901,40.94152680135788
0.00239921875,34.583736376518935,1.601851685053885e-13,40.5927692137889,40.592769213788735
0.0024,34.91298316706353,9.193169183405809e-18,40.00028653658464,40.00028653658464
0.00240078125,35.23599884849838,5.276041497679556e-22,39.17741868871951,39.17741868871951
0.0024015625,35.54929679531455,3.027967105781475e-26,38.138442098472424,38.138442098472424
0.00240234375,35.84593954235296,1.737777232746759e-30,36.89844079026865,36.89844079026865
0.002403125,36.054617628391796,9.973257981855117e-35,35.473151729507435,35.473151729507435
0.00240390625,36.27699214915932,33.505332833751524,34.046175150899074,0.5408423171475477
0.0024046875,36.24523217112558,33.58329898208443,32.57281239223597,-1.0104865898484634
0.00240546875,36.220851591170394,33.639137624967596,31.163799319240972,-2.4753383057266234
0.00240625,36.18876591056223,33.69492434090284,29.82595250205733,-3.8689718388455066
0.00240703125,36.147022950385754,33.75066031281823,28.56531106344614,-5.185349249372095
0.0024078125,36.09549652579492,33.806345456849144,27.387187414239275,-6.419158042609869
0.00240859375,36.034548493539084,33.86197968913477,26.296161613924784,-7.565818075209987
0.002409375,35.96471414397124,33.91756292589092,25.296080995868778,-8.621481930022142
0.00241015625,35.886576345302835,33.97309508341028,24.39006452803479,-9.583030555375487
0.0024109375,35.800651067148095,34.0285760780624,23.580511623437978,-10.448064454624422
0.00241171875,35.70711997204651,34.08400582629389,22.869115097511234,-11.214890728782656
0.0024125,35.60461428767744,34.13938424462863,22.256877669951066,-11.882506574677564
0.00241328125,35.47600955553033,34.19471124966765,21.74412634618789,-12.450584903479756
0.0024140625,35.352306527566846,55.94890085289144,21.415789430930317,-34.533111421961124
0.00241484375,35.038337152975885,56.105957119499706,21.245083233064683,-34.86087388643502
0.002415625,34.744362438717005,56.097064795616305,21.301701268777983,-34.79536352683832
0.00241640625,34.456315018463606,56.08807847147924,21.576755601922613,-34.51132286955663
0.0024171875,34.1739190086635,56.079007679163325,22.059855280510945,-34.01915239865238
0.00241796875,33.89911751546031,56.06985243287528,22.739698876776252,-33.33015355609903
0.00241875,33.636007120835494,56.06061274640277,23.604182040705915,-32.45643070569685
0.00241953125,33.39936503573372,56.051288633660604,24.640509692231134,-31.41077894142947
0.0024203125,33.83834255562829,56.04188010869072,25.835554006252025,-30.206326102438695
0.00242109375,33.27676799464243,0.003216293306074062,26.813237458762096,26.81002116545602
0.002421875,33.53370703612582,1.8458593345675802e-07,27.74230380436065,27.742303619774717
0.00242265625,33.77672997732774,1.0598563238109455e-11,28.458900036078003,28.458900036067405
0.0024234375,34.019366964458804,3.932571430267122e-15,28.966832468346784,28.96683246834678
0.00242421875,34.26288186800392,5.138017800522965e-15,29.271085454385574,29.27108545438557
0.002425,34.506504689774985,6.925595487001833e-15,29.377738271760116,29.37773827176011
0.00242578125,34.74885442440176,4.1376126277198584e-15,29.29388407099771,29.293884070997706
0.0024265625,34.988196374695995,5.020598233407714e-15,29.027545118392144,29.02754511839214
0.00242734375,35.22223606256902,6.669318135910584e-15,28.587585283272663,28.587585283272656
0.002428125,35.446864189676056,3.827580951061654e-19,27.98362016065357,27.98362016065357
0.00242890625,35.64739662953471,-1.3651932995177054e-16,27.225922584568124,27.225922584568124
0.0024296875,35.176140926481935,1.5806583014446197e-15,26.325082460439432,26.325082460439432
0.00243046875,35.70575526156129,55.90868495553918,25.653862377795825,-30.254822577743354
0.00243125,35.42107312311489,55.90130545691811,25.041384514746614,-30.859920942171495
0.00243203125,35.15271024449132,55.890632704139605,24.648687815335315,-31.24194488880429
0.0024328125,34.88701080342234,55.87987559690707,24.469556445173726,-31.410319151733344
0.00243359375,34.62229573899327,55.869034335581176,24.49665954954648,-31.372374786034698
0.002434375,34.3580583793319,55.85810893649925,24.721646492234175,-31.136462444265074
0.00243515625,34.089211571726025,55.84709941611474,25.135237406773996,-30.71186200934074
0.0024359375,34.26940888269619,41.696872376818696,25.683787369825104,-16.01308500699359
0.00243671875,33.82975213825915,35.83054353565991,26.340496908692472,-9.490046626967443
0.0024375,33.745272694811845,35.8838960318615,27.048599806456362,-8.835296225405134
0.00243828125,33.67242796600413,35.937534226433975,27.78495972638622,-8.152574500047754
0.0024390625,33.60710045530362,35.9911183192273,28.54413309823854,-7.4469852209887595
0.00243984375,33.54852109669484,36.04464821004802,29.320747654754676,-6.723900555293341
0.002440625,33.49650247587625,36.09812381827989,30.109531654812496,-5.988592163467391
0.00244140625,33.45101536679796,36.151545063389676,30.905343196336926,-5.246201867052751
0.0024421875,33.412090999938265,36.20491186492595,31.703197682178974,-4.501714182746972
0.00244296875,33.37981354658241,36.25822414251924,32.49829324511195,-3.75993089740729
0.00244375,33.35437947776866,36.311481815882246,33.28603404327353,-3.0254477726087146
0.00244453125,33.33631005295798,36.364684804809855,34.062051401715266,-2.3026334030945863
0.0024453125,33.327305562145256,36.41783302917932,34.82222297068586,-1.5956100584934632
0.00244609375,33.335987107612944,36.47092640895042,35.562691767865076,-0.9082346410853461
0.002446875,33.78453237366414,36.52396486416542,36.2800429883364,-0.24392187582902525
0.00244765625,33.579823602995276,0.0020961428038435833,36.73464685910109,36.73255071629725
0.0024484375,33.906581321431695,1.2029949843742517e-07,37.04259965274487,37.04259953244537
0.00244921875,34.2216439380905,6.904095130236164e-12,37.103521559585296,37.10352155957839
0.00245,34.53329674212377,3.962321554660918e-16,36.92673733561992,36.92673733561992
0.00245078125,34.842308283328684,2.274011554935436e-20,36.52271565491557,36.52271565491557
0.0024515625,35.149673015847654,1.3050754414156595e-24,35.902954843964146,35.902954843964146
0.00245234375,35.46546943683883,7.48994394548992e-29,35.079873406181925,35.079873406181925
0.002453125,34.954673557335674,26.048233061029606,34.14689150044906,8.098658439419454
0.00245390625,35.586546481068034,36.99820075517753,33.148036329735184,-3.850164425442347
0.0024546875,35.565946393629886,37.05131099844566,32.18170288348509,-4.869608114960572
0.00245546875,35.526331063756885,37.103740065973184,31.284302676756898,-5.8194373892162865
0.00245625,35.476235961103455,37.15611322004776,30.459153935131837,-6.696959284915922
0.00245703125,35.417990962193905,37.208430417685236,29.708981630578513,-7.499448787106721
0.0024578125,35.352813862496966,37.260691580098964,29.035927289202938,-8.224764290896026
0.00245859375,35.281595051293976,37.31289662858455,28.44155866167707,-8.871337966907474
0.002459375,35.20509383930966,37.365045484522156,27.92688241982128,-9.438163064700877
0.00246015625,35.123994181011085,37.417138069376506,27.492359856188116,-9.924778213188388
0.0024609375,35.03890596317362,37.46917430469713,27.137925402694677,-10.331248902002452
0.00246171875,34.950313145237914,37.5211541121184,26.863007739146262,-10.658146372972139
0.0024625,34.85837464634189,37.57307741335967,26.6665532130979,-10.906524200261769
0.00246328125,34.761947812539965,37.62494413022539,26.54705104809267,-11.077893082132718
0.0024640625,34.64712156951376,37.676754184605194,26.502555736852955,-11.174198447752241
0.00246484375,34.53882046704446,55.232708966834466,26.599491270176284,-28.633217696658182
0.002465625,34.279265234456574,55.35229537362134,26.814226097907873,-28.538069275713465
0.00246640625,34.03771562937176,55.33794362684068,27.2011135201266,-28.136830106714083
0.0024671875,33.801900454093186,55.323500860071434,27.751215439216583,-27.57228542085485
0.00246796875,33.569400062594305,55.308974776668805,28.454532413459866,-26.85444236320894
0.00246875,33.33417445854868,55.294365398949694,29.30048425662006,-25.993881142329634
0.00246953125,33.028143471201524,55.27967274891558,30.27797379545147,-25.00169895346411
0.0024703125,33.379627428742474,0.1235375118856837,31.1326932538743,31.009155741988618
0.00247109375,33.577897762735105,7.089927603204726e-06,31.930946261442894,31.93093917151529
0.002471875,33.83206962972064,4.0690430904080956e-10,32.49567814612642,32.495678145719516
0.00247265625,34.09755275953606,2.8358462316715818e-14,32.83212151081016,32.83212151081013
0.0024734375,34.36745360490594,4.999597355827894e-15,32.94711674494798,32.94711674494797
0.00247421875,34.63857494339233,1.2456833328785222e-17,32.84864115260225,32.84864115260225
0.002475,34.90870072205337,-3.5280444204470298e-15,32.54571256756795,32.54571256756795
0.00247578125,35.17605286500569,5.320602949270906e-15,32.048291033127285,32.04829103312728
0.0024765625,35.43918452864642,5.38169373289313e-16,31.36717854737221,31.36717854737221
0.00247734375,35.69708193838792,-5.402898818643355e-15,30.513917499581577,30.513917499581584
0.002478125,35.94966578948925,5.00885522814203e-15,29.500688583095855,29.50068858309585
0.00247890625,36.20019193467842,5.421992902033687e-15,28.340209528188396,28.34020952818839
0.0024796875,36.47896593568359,-1.3567718296226476e-15,27.045644009252655,27.045644009252655
0.00248046875,36.19515501149524,53.65111039643271,25.82050678478859,-27.830603611644122
0.00248125,36.11546020403223,55.04922450662758,24.623616224497724,-30.425608282129858
0.00248203125,35.87520697345149,55.03328374774527,23.662646684679217,-31.370637063066056
0.0024828125,35.616981924852006,55.01717896062441,22.938389795256427,-32.078789165367986
0.00248359375,35.34929308032716,55.00099131396911,22.446031964150606,-32.5549593498185
0.002484375,35.07096183290425,54.98472083681462,22.1794733918479,-32.80524744496672
0.00248515625,35.143364608864566,43.75150213809806,22.096885186597007,-21.654616951501055
0.0024859375,34.71948692763478,39.10438591302949,22.177283142146226,-16.927102770883263
0.00248671875,34.573709123892314,39.15424958186497,22.37539149670823,-16.778858085156738
0.0024875,34.434213943539184,39.20432385233846,22.672182339914315,-16.532141512424147
0.00248828125,34.2984370082303,39.25433909727943,23.06220874081879,-16.192130356460638
0.0024890625,34.166429647725195,39.30429522589603,23.53964807156615,-15.764647154329879
0.00248984375,34.038670163949995,39.35419216295432,24.098352088386275,-15.255840074568045
0.002490625,33.91572856966903,39.40402983331041,24.731898594797222,-14.672131238513186
0.00249140625,33.79818489174409,39.453808161909734,25.43364291099079,-14.020165250918943
0.0024921875,33.6866110181663,39.50352707378695,26.196768755882886,-13.306758317904064
0.00249296875,33.58158397882736,39.553186494066296,27.014338229973227,-12.53884826409307
0.00249375,33.48374213457701,39.602786347961604,27.879340623204946,-11.723445724756656
0.00249453125,33.39395797481307,39.65232656077637,28.784739817943844,-10.867586742832529
0.0024953125,33.31397366300562,39.70180705790396,29.723520197492455,-9.978286860411508
0.00249609375,33.24998741765612,39.751227764827604,30.688731946828835,-9.06249581799877
0.002496875,33.284921001117276,39.80058860712063,31.6735648566764,-8.12702375044423
0.00249765625,33.29607121897581,0.02625162778635287,32.472481773672314,32.44623014588596
0.0024984375,33.600260084657634,1.506604249516524e-06,33.152084889682044,33.152083383077795
0.00249921875,33.88490083485107,8.646535685841365e-11,33.59478209092046,33.594782090833995
0.0025,34.166216926210915,4.962323675279681e-15,33.807013048615545,33.80701304861554
0.00250078125,34.44425869470447,2.847921659372078e-19,33.796494218596216,33.796494218596216
0.0025015625,34.71413187516731,1.6344475509174612e-23,33.57204918787118,33.57204918787118
0.00250234375,34.94152138363851,9.380239754520122e-28,33.14349806728867,33.14349806728867
0.002503125,35.1794631603978,39.88900484486144,32.67824255388992,-7.210762290971518
0.00250390625,35.06692616459959,40.242112579272,32.14104999408871,-8.101062585183291
0.0025046875,34.986017972653734,40.290888165096774,31.675561033788433,-8.615327131308343
0.00250546875,34.90782374234497,40.339585611157744,31.283072105366422,-9.05651350579132
0.00250625,34.82851275165357,40.38822230552962,30.963509134634165,-9.424713170895451
0.00250703125,34.74749995536563,40.43679817596855,30.716339308054714,-9.720458867913834
0.0025078125,34.66493173973867,40.48531314932021,30.54059155275307,-9.94472159656714
0.00250859375,34.581186052511406,40.53376715252192,30.434879729986662,-10.098887422535256
0.002509375,34.4967235680067,40.58216011260281,30.39742768775202,-10.184732424850788
0.00251015625,34.41202936981335,40.630491956684,30.426095837551426,-10.204396119132571
0.0025109375,34.32758191890777,40.678762611978584,30.51840900164415,-10.16035361033443
0.00251171875,34.24382537342674,40.72697200579182,30.671585294411138,-10.055386711380685
0.0025125,34.161120591209944,40.775120065521236,30.882565803232023,-9.892554262289213
0.00251328125,34.079596018925734,40.82320671865673,31.148044813889328,-9.6751619047674
0.0025140625,33.99842269177429,40.87123189278066,31.464500153564202,-9.406731739216463
0.00251484375,33.907192438624705,40.91919551556802,31.828220158282136,-9.090975357285883
0.002515625,33.825001826881575,54.16527011307213,32.28719441178081,-21.878075701291323
0.00251640625,33.63328773594969,54.246626162072744,32.82158149136579,-21.425044670706956
0.0025171875,33.46108511010285,54.22690626091369,33.47052927791145,-20.75637698300223
0.00251796875,33.30325395052775,54.20709889886369,34.22557786321646,-19.98152103564723
0.00251875,33.181667968544154,54.18720990156974,35.07765083741437,-19.109559064155366
0.00251953125,33.03812818443148,4.715063306952888,35.855701935114546,31.140638628161657
0.0025203125,33.35262358753566,0.00027060167365077083,36.58599731074384,36.585726709070194
0.00252109375,33.67960377921376,1.5530075694193e-08,37.068969834229215,37.06896981869914
0.002521875,33.996397017015106,8.913731967805829e-13,37.29785739809495,37.29785739809406
0.00252265625,34.310110941149915,-3.4811657869151327e-15,37.28120164256474,37.28120164256474
0.0025234375,34.620934609986215,5.167647589701126e-15,37.0287636187016,37.028763618701596
0.00252421875,34.92777387448729,7.0630909745588106e-15,36.55141536640872,36.55141536640871
0.002525,35.22922582319352,-4.570441895540359e-15,35.86102766359218,35.86102766359219
0.00252578125,35.5238605748853,6.92601274503003e-15,34.970355582280945,34.97035558228094
0.0025265625,35.810350503272225,5.046536180793397e-15,33.8929228773347,33.89292287733469
0.00252734375,36.08758908408023,9.237115375206507e-16,32.64290604474453,32.64290604474453
0.002528125,36.3549215830381,1.528962423984237e-15,31.235018851198046,31.235018851198046
0.00252890625,36.61288204869896,-4.0914946919851333e-16,29.684398225607556,29.684398225607556
0.0025296875,36.86697412702812,4.706109942977285e-16,28.00649332357773,28.00649332357773
0.00253046875,37.18354072400389,4.877262596280964e-15,26.216980388462837,26.216980388462833
0.00253125,36.85297417239079,53.73750655560707,24.568260352817326,-29.169246202789743
0.00253203125,36.66577051651449,53.83662939592875,22.999936948136654,-30.8366924477921
0.0025328125,36.418962318169015,53.81528312058498,21.688458331092143,-32.12682478949284
0.00253359375,36.159080320988544,53.79384889122084,20.632267108192273,-33.161581783028566
0.002534375,36.02800851085069,53.77233364889592,19.82794411804177,-33.94438953085415
0.00253515625,35.679554105224334,42.14508046273882,19.195403203427134,-22.949677259311684
0.0025359375,35.49494738458127,42.190685244061534,18.766632728154498,-23.424052515907036
0.00253671875,35.30270127201543,42.23689640631024,18.50332980581759,-23.733566600492647
0.0025375,35.107504247273894,42.28304399900353,18.40095065211724,-23.882093346886293
0.00253828125,34.911389386173866,42.329127914198914,18.45411005065632,-23.875017863542595
0.0025390625,34.715889550255,42.375148082492636,18.656647523091824,-23.718500559400812
0.00253984375,34.522350705311645,42.42110443457914,19.001697007158437,-23.419407427420705
0.002540625,34.33201221840696,42.466996901249026,19.48175817792088,-22.985238723328145
0.00254140625,34.14603690799751,42.51282541338904,20.088768967251344,-22.424056446137694
0.0025421875,33.965530455019035,42.55858990198227,20.814178790364746,-21.744411111617527
0.00254296875,33.79156722447251,42.60429029810825,21.64902199437965,-20.955268303728605
0.00254375,33.625244598428154,42.64992653294298,22.58399106419866,-20.065935468744318
0.00254453125,33.46782751017067,42.695498537759114,23.609509158774618,-19.085989378984497
0.0025453125,33.32123313124798,42.741006243926066,24.715801656562128,-18.025204587363937
0.00254609375,33.190392253033366,42.78644958291005,25.89296698626296,-16.893482596647093
0.002546875,33.111057891247484,42.831828486274176,27.131056934154138,-15.700771552120038
0.00254765625,33.02559097553159,0.3246518217115897,28.252991509796807,27.928339688085217
0.0025484375,33.318121230999246,1.863205657891569e-05,29.29881326406986,29.29879463201328
0.00254921875,33.580025952202085,1.0693102861080372e-09,30.118610849662094,30.118610848592784
0.00255,33.84149662191615,6.136866765799586e-14,30.71516085371889,30.715160853718828
0.00255078125,34.10684821715821,3.522002377649476e-18,31.093460332097234,31.093460332097234
0.0025515625,34.38084847619711,2.0213084659582552e-22,31.259694437370605,31.259694437370605
0.00255234375,34.716171061944635,1.1600468927795647e-26,31.221171600702604,31.221171600702604
0.002553125,34.54296279436823,43.09605934182719,31.175959562884216,-11.920099778942976
0.00255390625,34.493767079599074,43.237322233051906,31.072511343595956,-12.164810889455952
0.0025546875,34.40424435642464,43.28205857391579,31.050041943003194,-12.232016630912597
0.00255546875,34.30843835331599,43.32672419677412,31.10608064169753,-12.220643555076592
0.00255625,34.21096587560155,43.37132457005113,31.237469953090176,-12.133854616960953
0.00255703125,34.113585343131675,43.4158596268971,31.440697123459287,-11.975162503437815
0.0025578125,34.0173340496198,43.46032930024312,31.711931235501243,-11.748398064741874
0.00255859375,33.922978518857896,43.504733523118624,32.04706019283118,-11.457673330287438
0.002559375,33.83114995225065,43.54907222865166,32.441727908745136,-11.107344319906527
0.00256015625,33.74239422317839,43.59334535006895,32.89137154609355,-10.701973803975402
0.0025609375,33.65719256598493,43.63755282069596,33.3912585923458,-10.24629422835016
0.00256171875,33.5759696547442,43.681694573957046,33.9365235477829,-9.745171026174152
0.0025625,33.499092714585096,43.72577054337553,34.52220401065641,-9.203566532719126
0.00256328125,33.42685407193962,43.769780662573794,35.14327595062039,-8.626504711953402
0.0025640625,33.35939182119643,43.81372486527339,35.79468795822684,-8.019036907046557
0.00256484375,33.296243689743505,43.85760308529515,36.471394156479235,-7.386208928815917
0.002565625,33.230679621889365,43.901415256559275,37.1683834327372,-6.733031823822076
0.00256640625,33.17621039702977,52.753372563764316,37.91532484249885,-14.838047721265466
0.0025671875,33.05578615118925,52.79598087920536,38.69668699660847,-14.09929388259689
0.00256796875,32.96745360988367,52.771018230435246,39.536533586924435,-13.234484643510811
0.00256875,33.51485932670257,52.74597223607081,40.42751512522616,-12.318457110844655
0.00256953125,33.11862864347927,0.0030271382240604694,41.02098868524788,41.017961547023816
0.0025703125,33.489873668087796,1.7373014817675975e-07,41.48144438879553,41.48144421506538
0.00257109375,33.8443531602513,9.975617227958298e-12,41.66072203447826,41.660722034468286
0.002571875,34.19417867911627,5.622885067609795e-16,41.568737339893296,41.568737339893296
0.00257265625,34.54001763804607,-3.5804590689340675e-15,41.21674060831412,41.216740608314126
0.0025734375,34.880735611512165,-5.1759454130995955e-15,40.617188030864575,40.61718803086458
0.00257421875,35.21477767615047,-5.269656044300004e-16,39.78361581655241,39.78361581655241
0.002575,35.54051993591441,1.6556994388171384e-16,38.73051201706552,38.73051201706552
0.00257578125,35.856397538319136,-4.883831918016924e-15,37.473187266861096,37.4731872668611
0.0025765625,36.160973066393446,-1.9140871125368745e-15,36.02764536616893,36.02764536616893
0.00257734375,36.453000263174566,4.879454217541492e-15,34.41045455635898,34.41045455635897
0.002578125,36.73153195049321,-3.8656624782726913e-16,32.63862029815766,32.63862029815766
0.00257890625,36.996199184871195,-1.9900096080942815e-15,30.72946035746654,30.729460357466543
0.0025796875,37.24823210190536,1.0037656530564332e-15,28.700483156723386,28.700483156723386
0.00258046875,37.49664949057474,1.027863867921797e-17,26.569272026439844,26.569272026439844
0.00258125,37.953398006934826,-6.7666179501012076e-15,24.35345634580526,24.353456345805267
0.00258203125,37.3781037262936,52.297888089294055,22.366636567204957,-29.9312515220891
0.0025828125,37.158565227675396,52.28159758126044,20.49841594779197,-31.783181633468473
0.00258359375,36.987848216168985,52.25504950175474,18.905185899446998,-33.34986360230774
0.002584375,36.66691114056708,44.9333453314401,17.538820845704752,-27.39452448573535
0.00258515625,36.440205041583276,44.97506247907056,16.420969653804818,-28.55409282526574
0.0025859375,36.201393840224185,45.01713449224686,15.528209444716119,-29.488925047530742
0.00258671875,35.95477611091238,45.059138734685405,14.857618194216172,-30.201520540469232
0.0025875,35.702779426779514,45.10107511887672,14.404979832813805,-30.696095286062917
0.00258828125,35.447421356789334,45.14294358166397,14.164861233976655,-30.978082347687316
0.0025890625,35.19053996444376,45.18474405999403,14.13069461887638,-31.05404944111765
0.00258984375,34.93385260651986,45.22647649091612,14.294863848952328,-30.931612641963792
0.002590625,34.678971090466995,45.268140811581944,14.648793956500267,-30.619346855081677
0.00259140625,34.42740041571109,45.309736959245804,15.183043228868293,-30.12669373037751
0.0025921875,34.1805270868788,45.35126487126465,15.887397164059038,-29.46386770720561
0.00259296875,33.939593821591885,45.39272448509817,16.750963626641788,-28.641760858456383
0.00259375,33.70564474569168,45.434115738309,17.762268545992995,-27.671847192316008
0.00259453125,33.47938692893011,45.47543856856258,18.909351504111996,-26.566087064450585
0.0025953125,33.26075005270538,45.516692913627544,20.179860512853402,-25.336832400774142
0.00259609375,33.04688211856937,45.557878711375544,21.561144843889615,-23.99673386748593
0.002596875,32.81248552353573,45.59899589978154,23.04033815008513,-22.558657749696412
0.00259765625,33.04711340908217,1.1715632509330305,24.44696669282266,23.27540344188963
0.0025984375,33.11510239670283,6.723705618554788e-05,25.81329110221357,25.813223865157383
0.00259921875,33.31832981885514,3.858794410714187e-09,26.965565023424723,26.96556501956593
0.0026,33.537626671944516,2.2145964069378185e-13,27.901520548151126,27.901520548150906
0.00260078125,33.76330515473822,1.2709765599339563e-17,28.623723908495947,28.623723908495947
0.0026015625,33.98514154568684,7.294247434164243e-22,29.135995712057998,29.135995712057998
0.00260234375,34.1054193245204,4.1862334293227546e-26,29.44329851246913,29.44329851246913
0.002603125,34.263825915071315,45.89519403960644,29.780901760649133,-16.114292278957304
0.00260390625,34.09332856615071,45.96595125536389,30.071583338409965,-15.894367916953923
0.0026046875,33.9524745876032,46.006380698413174,30.451608689497697,-15.554772008915476
0.00260546875,33.82049810389579,46.04673912011955,30.915388868629268,-15.131350251490279
0.00260625,33.69452568385676,46.087028196169314,31.456943899545532,-14.630084296623782
0.00260703125,33.574085978038106,46.1272478659875,32.07003620996732,-14.057211656020181
0.0026078125,33.45928694230454,46.16739806900401,32.74821960590149,-13.419178463102519
0.00260859375,33.35040502739904,46.20747874475336,33.48488819339487,-12.722590551358488
0.002609375,33.247754614630246,46.24748983287483,34.27332450033251,-11.97416533254232
0.00261015625,33.151635910477154,46.28743127311237,35.10674644468131,-11.180684828431053
0.0026109375,33.062309374421964,46.32730300531491,35.97835287601991,-10.348950129294998
0.00261171875,32.97997910736975,46.36710496943638,36.88136745057366,-9.48573751886272
0.0026125,32.90477644585237,46.406837105535715,37.80908062338753,-8.597756482148188
0.00261328125,32.83673479622577,46.446499353777064,38.754889561419134,-7.691609792357927
0.0026140625,32.775736871354574,46.48609165442975,39.71233579769204,-6.773755856737705
0.00261484375,32.72137462147915,46.5256139478685,40.67514044959151,-5.850473498276994
0.002615625,32.672445310585424,46.565066174573474,41.637236749237864,-4.927829425335609
0.00261640625,32.6231002736142,46.60444827513031,42.5927984423006,-4.011649832829709
0.0026171875,32.57002014554946,51.00599514218772,43.55341441421749,-7.452580727970231
0.00261796875,32.26620721232282,51.00958476068751,44.508281453552954,-6.50130330713456
0.00261875,32.96271554804795,0.009922187659361696,45.17790582514304,45.16798363748368
0.00261953125,33.30492882533693,5.694431679165751e-07,45.68028127959758,45.68028071015441
0.0026203125,33.67398696688004,3.268127428745545e-11,45.873238095446474,45.8732380954138
0.00262109375,34.048373120508465,-4.016732538634553e-15,45.76768301277802,45.76768301277803
0.002621875,34.422352979321644,-4.362200953443309e-16,45.37602137572861,45.37602137572861
0.00262265625,34.79256184979129,-5.0593080629771375e-15,44.711986136523834,44.71198613652384
0.0026234375,35.15636720903347,4.842300325056327e-15,43.79049790937873,43.79049790937872
0.00262421875,35.51148532284371,3.983196547953246e-16,42.62752349063818,42.62752349063818
0.002625,35.85585972346213,4.444571792285333e-15,41.2399334110531,41.239933411053094
0.00262578125,36.18761310587928,-5.175484849446309e-15,39.64535938697098,39.64535938697099
0.0026265625,36.50502101227394,-1.9141038507578127e-15,37.862052557821364,37.862052557821364
0.00262734375,36.80648611470473,-6.96335828433302e-15,35.90874336930401,35.90874336930402
0.002628125,37.09049390718407,3.0366022036431075e-16,33.80450391780086,33.80450391780086
0.00262890625,37.35550832731559,-1.644374448323147e-15,31.56861351359873,31.56861351359873
0.0026296875,37.59966540892157,-5.4495266004332675e-15,29.22042812502957,29.220428125029578
0.00263046875,37.819576172442325,-6.619225029879595e-15,26.779254069153858,26.779254069153865
0.00263125,38.00234004266253,-1.5979569526118218e-15,24.26422392862892,24.26422392862892
0.00263203125,37.563611363568455,-1.8019027827321437e-16,21.69395707351275,21.69395707351275
0.0026328125,38.00116752638943,50.422683999672955,19.412918775917323,-31.009765223755632
0.00263359375,37.74843610790473,47.45357742262118,17.2575288806425,-30.19604854197868
0.002634375,37.476627413914585,47.490746736262686,15.387021591817195,-32.10372514444549
0.00263515625,37.19653365800755,47.52842822736891,13.793710033879528,-33.734718193489385
0.0026359375,36.90660575060355,47.56603817502008,12.477035572648788,-35.089002602371295
0.00263671875,36.60803259067329,47.60357648907933,11.434709399193459,-36.16886708988587
0.0026375,36.30262817422753,47.64104311301264,10.662792592333695,-36.97825052067895
0.00263828125,35.9923975834739,47.67843799039602,10.155785813174852,-37.52265217722117
0.0026390625,35.67939519896008,47.71576106491345,9.906725484528145,-37.809035580385306
0.00263984375,35.36566479475933,47.75301228035702,9.907285507038623,-37.8457267733184
0.002640625,35.0532098045939,47.79019158062712,10.147883628747742,-37.64230795187938
0.00264140625,34.74397834614465,47.827298909732356,10.61779160447135,-37.209507305261006
0.0026421875,34.43985936465514,47.86433421178977,11.3052482960573,-36.55908591573247
0.00264296875,34.142693322670034,47.90129743102488,12.197574882327551,-35.70372254869733
0.00264375,33.854312229765874,47.93818851177171,13.281291371885352,-34.65689713988636
0.00264453125,33.576657937726445,47.975007398473025,14.54223365079794,-33.432773747675085
0.0026453125,33.31216918525882,48.0117540356802,15.96567038764342,-32.04608364803678
0.00264609375,33.0654758182252,48.048428368053465,17.536419527056726,-30.51200884099674
0.002646875,32.85776888972847,48.08503034036194,19.23896876851846,-28.846061571843478
0.00264765625,32.63833793919945,4.187627745451259,20.913914023558505,16.726286278107246
0.0026484375,32.834063256992714,0.00024033167802150557,22.576956111313624,22.576715779635602
0.00264921875,33.05002580064629,1.379284859390205e-08,24.04334477407109,24.04334476027824
0.00265,33.26699853539639,7.915838390529706e-13,25.299590759499498,25.299590759498706
0.00265078125,33.4934473415664,4.5429700035050573e-17,26.345993072383603,26.345993072383603
0.0026515625,33.73866014039218,2.607250860179027e-21,27.18417120289612,27.18417120289612
0.00265234375,34.198013824613874,1.4963244403241877e-25,27.817083275359995,27.817083275359995
0.002653125,33.72385850443249,48.36583023938853,28.522662347331607,-19.843167892056922
0.00265390625,33.595937377938675,48.41118228941208,29.188469708489905,-19.222712580922177
0.0026546875,33.45067316357286,48.44705818708084,29.950013979470757,-18.497044207610084
0.00265546875,33.30675392515253,48.48286058469487,30.79896232258265,-17.68389826211222
0.00265625,33.167985839997954,48.51858996796609,31.726722281917464,-16.79186768604863
0.00265703125,33.03597192682093,48.55424628311764,32.7245381214065,-15.829708161711137
0.0026578125,32.9116604130908,48.58982947645176,33.78355338572348,-14.806276090728284
0.00265859375,32.79571057525373,48.625339494380825,34.89487117275153,-13.730468321629296
0.002659375,32.688610297635876,48.66077628342735,36.04961219409017,-12.611164089337178
0.00266015625,32.590721084344715,48.69613979022422,37.23897041191077,-11.457169378313456
0.0026609375,32.50229615969997,48.73142996151459,38.454266012679895,-10.277163948834696
0.00266171875,32.42348521561761,48.76664674415213,39.6869954917987,-9.079651252353434
0.0026625,32.35432804042573,48.80179008510099,40.92887864580102,-7.872911439299973
0.00266328125,32.29473082789723,48.83685993143594,42.17190229271741,-6.664957638718524
0.0026640625,32.24440206309625,48.87185623034243,43.408360561446,-5.4634956688964245
0.00266484375,32.20266765917463,48.906778929116626,44.630891593234324,-4.275887335882305
0.002665625,32.16781745733821,48.941627975165616,45.83251040702552,-3.1091175681401015
0.00266640625,32.13367886959607,48.976403316007364,47.00663683489815,-1.9697664811092084
0.0026671875,32.038783619200466,49.01110489927081,48.147098481998114,-0.864006417272698
0.00266796875,32.52830458100433,0.10956868872018304,49.0327103010147,48.92314161229452
0.00266875,32.88188282268278,6.288244423487463e-06,49.72732764707722,49.727321358832796
0.00266953125,33.28408530235866,3.608862771846951e-10,50.07959245649096,50.07959245613007
0.0026703125,33.694274610969764,2.0529536741087486e-14,50.10040553164801,50.100405531647986
0.00267109375,34.10529170755539,-2.2078300402347475e-15,49.80266549252822,49.80266549252822
0.002671875,34.51329839849163,-5.690204337900005e-16,49.20078533478525,49.20078533478525
0.00267265625,34.91536304987485,-1.9560646538101816e-15,48.3105405069625,48.3105405069625
0.0026734375,35.30895986299697,-4.472972986177728e-16,47.14891508999068,47.14891508999068
0.00267421875,35.69182433265316,-1.5682369488114505e-15,45.73394650118652,45.73394650118652
0.002675,36.06190480369647,-5.031646241488745e-15,44.08456966282576,44.084569662825764
0.00267578125,36.417346727296604,-5.448746563813433e-15,42.2204616195028,42.22046161950281
0.0026765625,36.756490794665694,-2.0928640575481863e-15,40.16188756465197,40.16188756465197
0.00267734375,37.0778798759699,-1.954203238233157e-15,37.92954919543532,37.92954919543532
0.002678125,37.38027684638387,-5.138878695372616e-15,35.5444362673006,35.544436267300604
0.00267890625,37.662705152052894,-2.0839792883253305e-15,33.02768216929567,33.02768216929567
0.0026796875,37.924551250773895,-5.0705980961764e-15,30.400424295716917,30.40042429571692
0.00268046875,38.16587531801405,-6.658125538612396e-15,27.6836699770027,27.683669977002708
0.00268125,38.38866326650745,-5.63088734932624e-15,24.898168931160036,24.898168931160043
0.00268203125,38.60462139918355,-6.567763669677169e-15,22.064295317184207,22.064295317184214
0.0026828125,37.728773756239654,35.449921820950486,19.313764190256617,-16.13615763069387
0.00268359375,38.32445648970584,49.72189135581111,16.702454057309154,-33.019437298501956
0.002684375,38.05946179793249,49.75577442716786,14.362458543529968,-35.39331588363789
0.00268515625,37.762579212051754,49.78876543508885,12.338963815982474,-37.449801619106374
0.0026859375,37.4466993737998,49.82168141513296,10.632573779577214,-39.18910763555574
0.00268671875,37.116656167401096,49.854522364622554,9.241851579708033,-40.61267078491452
0.0026875,36.77581489172343,49.887288234102414,8.163413850938227,-41.72387438316419
0.00268828125,36.42707825101768,49.9199789742278,7.392029112993583,-42.52794986123422
0.0026890625,36.07313712127472,49.952594535767,6.920723720160801,-43.0318708156062
0.00268984375,35.716548653322164,49.98513486960158,6.740894624862506,-43.244240244739075
0.002690625,35.35976331085208,50.017599926726376,6.842428020545327,-43.17517190618105
0.00269140625,35.00513583723008,50.049989658249615,7.213822894240707,-42.83616676400891
0.0026921875,34.65493425052687,50.08230401539294,7.842318517940875,-42.23998549745207
0.00269296875,34.311357616095144,50.11454294949151,8.714024920009713,-41.400518029481795
0.00269375,33.976581238062074,50.146706411994074,9.814055400365739,-40.332651011628336
0.00269453125,33.65288194242892,50.178794354463044,11.126660192438841,-39.0521341620242
0.0026953125,33.34304336968865,50.21080672857454,12.63536046916861,-37.57544625940593
0.00269609375,33.05212729100884,50.24274348611854,14.323082317964328,-35.919661168154214
0.002696875,32.80249624413912,50.27460457899884,16.172295188153086,-34.102309390845754
0.00269765625,32.54130789353305,4.37789504585798,18.01494538067169,13.637050334813711
0.0026984375,32.715018734754935,0.0002512512874899068,19.865976256063608,19.865725004776117
0.00269921875,32.91091142245294,1.441953468598152e-08,21.53069663843057,21.530696624011036
0.0027,33.109039290321704,8.275499108380762e-13,22.993411117500127,22.9934111174993
0.00270078125,33.31839363675402,4.749382485926532e-17,24.25278950732096,24.25278950732096
0.0027015625,33.54880537592101,2.7257128183099117e-21,25.308844956577204,25.308844956577204
0.00270234375,34.004474082381535,1.5643108109136801e-25,26.162964968488872,26.162964968488872
0.002703125,33.486741399659486,50.51693998547188,27.103737356879464,-23.413202628592416
0.00270390625,33.33246218697277,50.55794106185817,28.01197386834889,-22.545967193509284
0.0027046875,33.16194990164704,50.589043451673234,29.027484034219558,-21.561559417453676
0.00270546875,32.99478586649594,50.6200690915784,30.139841987023544,-20.480227104554857
0.00270625,32.83499431868404,50.65101849854196,31.33838317792315,-19.31263532061881
0.00270703125,32.684287634405734,50.681891625987035,32.6123144439388,-18.06957718204824
0.0027078125,32.54368557675138,50.71268842741927,33.95078815521532,-16.761900272203953
0.00270859375,32.41390016148619,50.7434088564592,35.34297330450311,-15.400435551956088
0.002709375,32.29546258965892,50.77405286684244,36.77812359368131,-13.995929273161131
0.00271015625,32.18877687732961,50.80462041241965,38.24564227674811,-12.558978135671543
0.0027109375,32.094149998881896,50.83511144715667,39.73514349545346,-11.099967951703213
0.00271171875,32.01181736404419,50.86552592513457,41.23650986416932,-9.629016060965245
0.0027125,31.94197700910507,50.895863800549655,42.73994609204047,-8.155917708509183
0.00271328125,31.884855430401686,50.92612502771367,44.23602846843555,-6.690096559278115
0.0027140625,31.840872459370633,50.9563095610537,45.71575009091526,-5.240559470138443
0.00271484375,31.811179103089117,50.986417355112444,47.17056183958438,-3.8158555155280656
0.002715625,31.8002474842137,51.01644836454809,48.59240976023996,-2.424038604308132
0.00271640625,31.846183978191576,51.04640254413447,49.973780318567805,-1.072622225566667
0.0027171875,31.885603155884112,4.833973658297117,51.126065500157296,46.29209184186018
0.00271796875,32.34491501388188,4.550051340893383,52.097530398965475,47.54747905807209
0.00271875,32.76459236429409,0.0030115823110314277,52.70732629885091,52.704314716539876
0.00271953125,33.212437016067234,1.728373782381117e-07,52.972370127886585,52.9723699550492
0.0027203125,33.65529644037758,9.91872612811201e-12,52.891049433020505,52.891049433010586
0.00272109375,34.09390643565361,-4.928356572960806e-15,52.47749152017156,52.47749152017157
0.002721875,34.526477753181354,-6.4905683180219845e-15,51.74738279907729,51.7473827990773
0.00272265625,34.95082777352015,-2.0582789443692858e-15,50.71780025186324,50.71780025186324
0.0027234375,35.36474017545733,-5.0495597335871304e-15,49.40704859245939,49.4070485924594
0.00272421875,35.766075587117825,-2.1373948012046116e-15,47.83449594522148,47.83449594522148
0.002725,36.15281702987623,-1.2084252272958369e-14,46.02040921503292,46.020409215032934
0.00272578125,36.52309136305788,-5.626921408040791e-15,43.98579022140067,43.98579022140068
0.0027265625,36.87517868214706,-5.023986622524925e-15,41.7522136104213,41.75221361042131
0.00272734375,37.207512470434565,-7.10433346670891e-15,39.34166750364914,39.34166750364915
0.002728125,37.518667687911226,-7.371539327888506e-15,36.77639778543543,36.776397785435435
0.00272890625,37.807324030158156,-5.449855287515663e-15,34.07875686733732,34.078756867337326
0.0027296875,38.07215628197543,-2.0961670375415257e-15,31.271057690943994,31.271057690943998
0.00273046875,38.311398530288024,-2.5197942358932196e-15,28.375433575040145,28.375433575040148
0.00273125,38.51872916815931,-7.075108913894778e-15,25.41370305640125,25.413703056401257
0.00273203125,38.69805783229609,5.7506975200198145,22.42982000295879,16.679122482938975
0.0027328125,38.778562155613706,5.863379956871176,19.43813792815572,13.57475797128454
0.00273359375,38.864494590143956,47.70267342485058,16.614525596231502,-31.08814782861908
0.002734375,38.54694002096431,51.713812751282774,13.946734109857722,-37.76707864142505
0.00273515625,38.20269283588081,51.74213833434466,11.612053688073935,-40.130084646270724
0.0027359375,37.85178576279284,51.77015742193051,9.623711225669105,-42.14644619626141
0.00273671875,37.48926700282615,51.79809853147688,7.980874216198238,-43.817224315278644
0.0027375,37.116122189958176,51.82596163402223,6.68055288633191,-45.14540874769032
0.00273828125,36.73448365354021,51.85374668760595,5.717702763696153,-46.136043923909796
0.0027390625,36.3467942177198,51.88145365038427,5.085337133252651,-46.79611651713162
0.00273984375,35.95556676291423,51.909082480631,4.774647624491642,-47.13443485613936
0.002740625,35.563287718156054,51.936633136737626,4.7751316666981865,-47.16150147003944
0.00274140625,35.172364469263634,51.96410557721333,5.074725694163249,-46.88937988305008
0.0027421875,34.785085212468616,51.99149976068515,5.659943017766324,-46.33155674291883
0.00274296875,34.40357410399189,52.018815645897945,6.516015297809979,-45.502800348087966
0.00274375,34.02971806221884,52.046053191714456,7.627036568760879,-44.41901662295358
0.00274453125,33.66500087369293,52.07321235711544,8.976108773155687,-43.09710358395975
0.0027453125,33.309993920750756,52.100293101199696,10.545487709507249,-41.55480539169245
0.00274609375,32.9620598154386,52.12729538318409,12.316727803216331,-39.81056757996776
0.002746875,32.592864395724206,52.154219162403706,14.270816539622778,-37.88340262278093
0.00274765625,32.7626457997767,1.3396622597901051,16.20826480460584,14.868602544815733
0.0027484375,32.74510565569979,7.688440770007923e-05,18.161223301739973,18.161146417332272
0.00274921875,32.88580793928831,4.412464488115201e-09,19.926079582394163,19.9260795779817
0.00275,33.048930434761274,2.5323525850427647e-13,21.495176023103124,21.49517602310287
0.00275078125,33.22379950480134,1.453339654572954e-17,22.86625465755426,22.86625465755426
0.0027515625,33.399101475857975,8.340845441625436e-22,24.038401750878524,24.038401750878524
0.00275234375,33.463695089074115,4.7868853273343065e-26,25.01195639419315,25.01195639419315
0.002753125,33.57729128347238,52.33226213082486,26.04986781107604,-26.282394319748818
0.00275390625,33.32145843457771,52.39299191889422,27.05867332760753,-25.33431859128669
0.0027546875,33.10538839510847,52.4191304407419,28.18842732717756,-24.230703113564342
0.00275546875,32.90553494935353,52.44518803963123,29.42746372561574,-23.017724314015492
0.00275625,32.718718890216145,52.47116665690152,30.76379127036823,-21.707375386533286
0.00275703125,32.544463059773754,52.49706625354307,32.18527377582619,-20.311792477716878
0.0027578125,32.38291660763324,52.522886790551574,33.67971197764918,-18.843174812902394
0.00275859375,32.23439093647894,52.54862822904179,35.234923196507296,-17.313705032534497
0.002759375,32.099217370202524,52.574290530247545,36.8388178915987,-15.735472638648842
0.00276015625,31.97769802211063,52.59987365552189,38.47947265040746,-14.12040100511443
0.0027609375,31.870094150482828,52.6253775663371,40.14519927000826,-12.480178296328841
0.00276171875,31.776640260748135,52.65080222428475,41.82460964124549,-10.826192583039267
0.0027625,31.697596076934303,52.67614759107577,43.506676195236494,-9.169471395839272
0.00276328125,31.633395494409456,52.701413628540486,45.18078773021634,-7.52062589832415
0.0027640625,31.58514760813749,52.726600298628696,46.836800561242114,-5.889799737386586
0.00276484375,31.557067674307252,52.75170756340975,48.46508556180266,-4.286622001607094
0.002765625,31.585037466206572,52.77673538507254,50.0565818561291,-2.7201535289434418
0.00276640625,31.60869135829503,9.15616176438708,51.43137057849286,42.27520881410578
0.0027671875,32.021976457665076,8.891409779332283,52.63320906556944,43.74179928623715
0.00276796875,32.40618400498674,8.959941100254072,53.51139696229932,44.55145586204525
0.00276875,32.89552263952779,9.028478055860074,54.07263126325297,45.044153207392895
0.00276953125,33.22234533752625,0.0005181523795798358,54.26757900496065,54.267060852581075
0.0027703125,33.67842299224288,2.9737216994915982e-08,54.13645327191359,54.13645324217637
0.00277109375,34.12772285382954,1.6995402924058525e-12,53.667151005126215,53.667151005124516
0.002771875,34.57024029868847,-6.829711354081084e-15,52.87594491292743,52.87594491292744
0.00277265625,35.004024427643415,-6.93786247679154e-15,51.780510042403236,51.78051004240324
0.0027734375,35.42689963346153,-8.196388710450728e-15,50.39975573629953,50.39975573629954
0.00277421875,35.836736388038034,-6.9267454447848934e-15,48.75365728220742,48.75365728220743
0.002775,36.23153134091948,-6.575445634201847e-15,46.86308734645029,46.8630873464503
0.00277578125,36.60944282370625,-2.5589735614492235e-15,44.749648327674656,44.749648327674656
0.0027765625,36.96881380801852,-2.061356223014743e-15,42.43550666999069,42.43550666999069
0.00277734375,37.30819543981952,-2.2143783383389676e-15,39.943230114854245,39.943230114854245
0.002778125,37.62638749504578,-6.474319094947046e-17,37.2956288155026,37.2956288155026
0.00277890625,37.9225478491535,-5.688974401310742e-16,34.51560119311784,34.51560119311784
0.0027796875,38.196656932388926,-8.324649991333473e-15,31.625985454426704,31.62598545442671
0.00278046875,38.453918254329295,-7.066575074095093e-15,28.649419102672304,28.64941910267231
0.00278125,38.58562159647508,9.863862605477186,25.643131189642823,15.779268584165639
0.00278203125,38.73335023414942,10.191426997586037,22.619177349156242,12.427750351570205
0.0027828125,38.833356025842505,10.259718321613319,19.634640464167582,9.374922142554265
0.00278359375,38.93650245635865,10.327979315659263,16.70808986227976,6.380110546620497
0.002784375,38.58473162404468,52.249970425631474,14.0044877250373,-38.245482700594174
0.00278515625,38.37808407973585,53.37644043986884,11.496442590685703,-41.879997849183134
0.0027859375,38.03386784210102,53.39945318926447,9.349457058423184,-44.049996130841286
0.00278671875,37.665130265673234,53.42232219626884,7.5662762569834925,-45.856045939285345
0.0027875,37.28077160257059,53.44511074658722,6.144052033538969,-47.30105871304825
0.00278828125,36.88526984718615,53.46781880953448,5.077756630674905,-48.39006217885957
0.0027890625,36.48211543856554,53.49044635091289,4.36030180478388,-49.13014454612901
0.00278984375,36.07443477214303,53.51299333664577,3.9826650494069824,-49.53032828723879
0.002790625,35.66515929708702,53.53545973277778,3.9340229426904045,-49.60143679008738
0.00279140625,35.25708371617618,53.55784550547494,4.201890628889167,-49.35595487658577
0.0027921875,34.85289467077979,53.58015062102468,4.772266340617854,-48.807884280406824
0.00279296875,34.4552014411465,53.60237504583588,5.629779860104918,-47.97259518573096
0.00279375,34.06660007803645,53.624518746438966,6.757843836823255,-46.86667490961571
0.00279453125,33.68984980604862,53.64658168948595,8.138806924965685,-45.50777476452026
0.0027953125,33.32847568916995,53.66856384175039,9.754107839287528,-43.91445600246286
0.00279609375,32.989723958909416,53.69046517012762,11.584430182351547,-42.10603498777607
0.002796875,32.71941611212868,53.71228564163458,13.609870333757982,-40.1024153078766
0.00279765625,32.44606326186335,0.40698937345946745,15.600606393539733,15.193617020080266
0.0027984375,32.65209869385784,2.3357481850358398e-05,17.598688709151983,17.59866535167013
0.00279921875,32.82594904279527,1.3405066421080798e-09,19.40773729012068,19.407737288780172
0.0028,33.00618863754916,7.693286755174367e-14,21.02256934167927,21.02256934167919
0.00280078125,33.19887754483991,4.415245642070407e-18,22.440583137095615,22.440583137095615
0.0028015625,33.4105469313971,2.5339487140148705e-22,23.660528001612168,23.660528001612168
0.00280234375,33.70743134802424,1.454255687175474e-26,24.682485487419758,24.682485487419758
0.002803125,33.37901361218622,53.76353379819706,25.744519894557914,-28.019013903639145
0.00280390625,33.2149600109225,53.90501903424338,26.77316734751763,-27.13185168672575
0.0028046875,33.01059828429147,53.92603605931141,27.933101679837172,-25.992934379474235
0.00280546875,32.808606936826365,53.946964963625,29.212296094054732,-24.734668869570267
0.00280625,32.614865291928936,53.96781262438776,30.598083372985368,-23.369729251402394
0.00280703125,32.431610983417215,53.9885790106,32.07761642544283,-21.910962585157176
0.0028078125,32.26010783012608,54.00926409098795,33.63795790360991,-20.37130618737804
0.00280859375,32.10120772611609,54.029867834400235,35.26616602253052,-18.763701811869716
0.002809375,31.955517680120625,54.050390209807986,36.94937687666457,-17.101013333143413
0.00281015625,31.823456112824797,54.070831186304915,38.674882981400394,-15.39594820490452
0.0028109375,31.705263162002964,54.091190733107226,40.43020771521242,-13.660983017894807
0.00281171875,31.600971499866542,54.111468819553835,42.20317535325852,-11.908293466295312
0.0028125,31.510296634824925,54.13166541510632,43.981976402642914,-10.149689012463407
0.00281328125,31.43225375438972,54.151780489348965,45.755227922684995,-8.39655256666397
0.0028140625,31.36336668596565,54.17181401198884,47.512028134713674,-6.659785877275169
0.00281484375,31.279970916110898,54.19176595285581,49.241998669965234,-4.949767282890574
0.002815625,31.621970551942226,14.167935905043263,50.79351190140591,36.62557599636264
0.00281640625,31.81604944318285,13.179691283025388,52.19852971393965,39.018838430914265
0.0028171875,32.13345324237906,13.24713037667048,53.30397130521729,40.056840928546805
0.00281796875,32.4674299270697,13.31461010814242,54.11199088875348,40.797380780611064
0.00281875,32.81554192208299,13.382069791529336,54.62958648171623,41.24751669018689
0.00281953125,33.15976815607964,1.1691560454166658,54.82516832642897,53.65601228101231
0.0028203125,33.616221549506655,6.709890451404549e-05,54.717321846902614,54.7172547479981
0.00282109375,34.07213975942499,3.850858529859451e-09,54.27002728680198,54.27002728295112
0.002821875,34.51958521047899,2.0802264805292306e-13,53.49613960639803,53.496139606397826
0.00282265625,34.958162559455026,-7.0963838825230805e-15,52.41340883195275,52.41340883195276
0.0028234375,35.38592143897532,-2.236083801562226e-15,51.04084527220998,51.04084527220998
0.00282421875,35.80075132075911,-5.7559574495047565e-15,49.39854975263603,49.398549752636036
0.002825,36.200624852378326,-8.931780670940429e-15,47.507543351481644,47.50754335148165
0.00282578125,36.58367206497726,-2.0472235808810723e-15,45.389597928231936,45.389597928231936
0.0028265625,36.94822014470181,-8.609706670162601e-15,43.067068541451576,43.06706854145158
0.00282734375,37.29283976163827,-8.135171469628892e-15,40.56272876150995,40.56272876150996
0.002828125,37.616453766401385,-1.2114651760837766e-14,37.899609833528196,37.89960983352821
0.00282890625,37.91875651223613,-7.0150358606128326e-15,35.100844670677226,35.10084467067723
0.0028296875,38.203300937928184,-1.4150102986475248e-14,32.1895185383202,32.189518538320215
0.00283046875,38.14458960516656,10.148150161443711,29.219768255273948,19.071618093830235
0.00283125,38.50970038921108,14.458371378469828,26.226087446533448,11.76771606806362
0.00283203125,38.599781787548174,14.525718181853534,23.263403289845762,8.737685107992226
0.0028328125,38.66271448675053,14.592799608684388,20.361871832346356,5.7690722236619685
0.00283359375,38.70549418583309,14.659859045048018,17.537918865359956,2.878059820311937
0.002834375,38.75234210643514,14.726896403928052,14.806839346198066,0.07994294227001433
0.00283515625,38.37720839603954,53.657059000987324,12.320383430763265,-41.33667557022406
0.0028359375,38.13735971610452,54.69946476785964,10.051476712261795,-44.64798805559784
0.00283671875,37.77054571002633,54.717179476621226,8.152002499946036,-46.56517697667519
0.0028375,37.38199163583521,54.734752979096534,6.622546390821142,-48.11220658827539
0.00283828125,36.980211130612574,54.75224404864825,5.458373043729907,-49.293871004918344
0.0028390625,36.56960185329472,54.76965266230972,4.6526144058849965,-50.11703825642472
0.00283984375,36.153632235167166,54.786978793864094,4.196398548579225,-50.59058024528487
0.002840625,35.73542102144208,54.80422241721851,4.0789849593795395,-50.72523745783897
0.00284140625,35.31789813517969,54.821383506404416,4.2879061995748415,-50.533477306829575
0.0028421875,34.90386833810965,54.838462035577486,4.80911490541601,-50.029347130161476
0.00284296875,34.496060822342855,54.85545797901778,5.627135024360136,-49.22832295465764
0.00284375,34.09721740948439,54.87237131112971,6.725216183336045,-48.14715512779367
0.00284453125,33.71033412072955,54.889202006442105,8.08549013825975,-46.803711868182354
0.0028453125,33.33953950835204,54.90595003960824,9.689128448090209,-45.216821591518034
0.00284609375,32.995046664489784,54.922615385405905,11.51650187105043,-43.406113514355475
0.002846875,32.792881832993196,54.93919801873734,13.547380939060048,-41.391817079677296
0.00284765625,32.564970505342,0.036228236661350936,15.486746955627995,15.450518718966643
0.0028484375,32.75019128871977,2.079170699458735e-06,17.414576913157557,17.41457483398686
0.00284921875,32.91875065938361,1.1932545428299967e-10,19.1562541677667,19.156254167647376
0.00285,33.09526970713434,6.8481938705422005e-15,20.707959518052984,20.707959518052977
0.00285078125,33.283693104513056,3.9302393249059936e-19,22.067323884460052,22.067323884460052
0.0028515625,33.48824310495112,2.2555992781516465e-23,23.23329146446285,23.23329146446285
0.00285234375,33.739323996613805,1.294508472132272e-27,24.206086324206957,24.206086324206957
0.002853125,33.44575060500264,53.65495686222531,25.177178338831347,-28.477778523393965
0.00285390625,33.373744927489305,55.084634432090326,26.094393186625414,-28.99024124546491
0.0028546875,33.15798810057071,55.100469729368555,27.155338794494174,-27.94513093487438
0.00285546875,32.94058706558518,55.116140909431536,28.351809761035618,-26.764331148395918
0.00285625,32.73012433044839,55.131729080925865,29.67099183204841,-25.460737248877454
0.00285703125,32.52945105598797,55.147234225032285,31.099793401886906,-24.04744082314538
0.0028578125,32.340100141550515,55.16265631840058,32.62494140505039,-22.53771491335019
0.00285859375,32.16309576928238,55.17799533780537,34.23307294881023,-20.94492238899514
0.002859375,31.999174568899914,55.193251260146354,35.91082367941171,-19.28242758073464
0.00286015625,31.848850646677814,55.208424062448415,37.64491262023509,-17.56351144221333
0.0028609375,31.712409750311753,55.223513721861565,39.42222311559993,-15.801290606261638
0.00286171875,31.589816605121964,55.238520215661055,41.22987951117884,-14.008640704482216
0.0028625,31.480364298535125,55.25344352124738,43.05531917475666,-12.198124346490715
0.00286328125,31.381019877619135,55.26828361614631,44.88635911336453,-10.381924502781786
0.0028640625,31.27006991746098,55.28304047800893,46.71125094332199,-8.571789534686937
0.00286484375,31.554078840692245,18.29867980251908,48.38770279045471,30.089022987935632
0.002865625,31.70336493165293,17.38918809549199,49.94306871705076,32.55388062155877
0.00286640625,31.96845862827782,17.45517776550129,51.233714229979036,33.778536464477746
0.0028671875,32.2501369091696,17.52119713357446,52.259470053017246,34.738272919442785
0.00286796875,32.54154694693066,17.587190118254426,53.02466279628791,35.43747267803349
0.00286875,32.84102781127921,17.653156616944127,53.53510352515069,35.881946908206565
0.00286953125,33.16059817462367,17.71909653029896,53.797996373483144,36.07889984318418
0.0028703125,33.47416769475432,0.13448385391356,53.752514288309406,53.61803043439585
0.00287109375,33.93859446691529,7.718147890337842e-06,53.42882297371946,53.42881525557157
0.002871875,34.3826368836372,4.4294926671752767e-10,52.779390923273965,52.77939092283101
0.00287265625,34.816704971021835,2.316212611221e-14,51.82076703509606,51.82076703509604
0.0028734375,35.240271839578575,-8.15768785989502e-15,50.57118878438239,50.5711887843824
0.00287421875,35.65153022966285,-7.233140114054517e-15,49.05002124660747,49.05002124660748
0.002875,36.048503198542946,-1.8176788446692777e-14,47.27759035865024,47.27759035865026
0.00287578125,36.42925739764777,-9.01754109673185e-15,45.2750163127404,45.275016312740405
0.0028765625,36.79194322425139,-1.2114702400814862e-14,43.0640483951206,43.064048395120615
0.00287734375,37.134740418478,-1.3694571850906523e-14,40.666902289085954,40.66690228908597
0.002878125,37.45557391965662,-6.949451924071275e-15,38.10610071505919,38.1061007150592
0.00287890625,37.75044595696687,-7.466201815053688e-15,35.40431776767578,35.404317767675785
0.0028796875,37.97968609750826,-9.14885612445539e-15,32.584214072693435,32.58421407269344
0.00288046875,38.19956071971972,18.627150386490037,29.76129743190954,11.134147045419503
0.00288125,38.26158685898858,18.704936856579792,26.9238301551595,8.218893298579706
0.00288203125,38.31119483052234,18.77043863032564,24.14585149014871,5.375412859823072
0.0028828125,38.340639144168485,18.835911432717197,21.44308733087698,2.6071758981597855
0.00288359375,38.350095349631545,18.901355868526164,18.830136225973913,-0.07121964255225066
0.002884375,38.34297985888994,18.966771839234784,16.320454302358975,-2.6463175368758103
0.00288515625,38.340959997601374,19.032159246327815,13.926321653009122,-5.105837593318693
0.0028859375,37.95342885097033,54.72292079926439,11.784981556985024,-42.93793924227936
0.00288671875,37.691321326865356,55.674633242060004,9.869607455164513,-45.80502578689549
0.0028875,37.314373156654675,55.686937255243535,8.317342864107204,-47.36959439113633
0.00288828125,36.919170348489494,55.69910349623321,7.126539879510823,-48.572563616722384
0.0028890625,36.51362585560162,55.711185852285766,6.290617343125561,-49.420568509160205
0.00288984375,36.1018544824152,55.72318430829906,5.801000065743715,-49.922184242555346
0.002890625,35.687081672533104,55.73509884620382,5.647252912688799,-50.08784593351502
0.00289140625,35.27215673482137,55.746929448056974,5.817220322630419,-49.929709125426555
0.0028921875,34.8596681085019,55.75867609604185,6.297171092995718,-49.461505003046135
0.00289296875,34.45193478642553,55.77033877246821,7.071947413925784,-48.69839135854242
0.00289375,34.05089065355195,55.781917459772245,8.125117042436493,-47.65680041733575
0.00289453125,33.65769733268925,55.79341214051671,9.439127453083195,-46.35428468743351
0.0028953125,33.27114358594699,55.80482279739077,10.99546048585794,-44.80936231153283
0.00289609375,32.87570273344946,55.816149413210226,12.77478238157451,-43.041367031635716
0.002896875,33.732445815295435,16.46993222176619,14.635926162469369,-1.8340060592968201
0.00289765625,32.86490734177815,0.0009452240476859747,16.51317918359066,16.51223395954297
0.0028984375,32.98477002072116,5.4247248154616086e-08,18.259098380662017,18.25909832641477
0.00289921875,33.13390621507404,3.113297783263923e-12,19.820579514942317,19.820579514939205
0.0029,33.29837742176684,1.786749266921345e-16,21.19496407667016,21.19496407667016
0.00290078125,33.473094824019086,1.0254312838321026e-20,22.380890763271058,22.380890763271058
0.0029015625,33.65281837094158,5.885041272037881e-25,23.37824682987286,23.37824682987286
0.00290234375,33.82218653550402,3.377477488707077e-29,24.188115284537584,24.188115284537584
0.002903125,33.333024010875015,1.938364347744482e-33,24.812471724469116,24.812471724469116
0.00290390625,33.85716021948971,55.92158065177431,25.616115876758446,-30.305464775015867
0.0029046875,33.579170053847896,55.93519050550174,26.42088068488432,-29.514309820617417
0.00290546875,33.32901435210268,55.94550751854469,27.38119262523407,-28.564314893310616
0.00290625,33.09258187139516,55.95574009451978,28.484913905798365,-27.470826188721418
0.00290703125,32.867914837378144,55.96588840215096,29.71946958975565,-26.24641881239531
0.0029078125,32.65497656614959,55.97595242616562,31.07194969251902,-24.9040027336466
0.00290859375,32.45418226214279,55.98593215140755,32.52920365103832,-23.45672850036923
0.002909375,32.26601821790097,55.995827562847424,34.077933032050886,-21.917894530796538
0.00291015625,32.090881853240674,56.00563864558297,35.704781618839135,-20.30085702674383
0.0029109375,31.928931525777156,56.015365384838844,37.396422322328675,-18.61894306251017
0.00291171875,31.779734404478553,56.02500776596678,39.13964039733419,-16.885367368632583
0.0029125,31.640739382507704,56.03456577444551,40.92141214479604,-15.113153629649478
0.00291328125,31.492352244540186,56.04403939588083,42.7289732738162,-13.315066122064628
0.0029140625,31.705420854837456,22.320102513389244,44.43041936144978,22.11031684806054
0.00291484375,31.797135802319783,21.49479726703463,46.048454486467115,24.553657219432484
0.002915625,31.995965056197516,21.55894327354452,47.449791901030146,25.890848627485624
0.00291640625,32.211369445710964,21.623107860931203,48.631908182471975,27.008800321540775
0.0029171875,32.43666969556821,21.6872398872379,49.59633078202619,27.909090894788292
0.00291796875,32.66855253151472,21.75133925295343,50.34590894221659,28.59456968926316
0.00291875,32.90388092291077,21.81540586154513,50.884742230667825,29.0693363691227
0.00291953125,33.136602580283444,21.879439616529858,51.21810401002117,29.338664393491314
0.0029203125,33.27574032632463,21.943440421473934,51.352325869412965,29.40888544793903
0.00292109375,33.84061477583324,0.004270223052572265,51.17025547876091,51.165985255708335
0.002921875,34.247587762013254,2.450718664734345e-07,50.7334567141415,50.73345646906963
0.00292265625,34.65980655717707,1.4040038136623556e-11,49.99209827177995,49.99209827176591
0.0029234375,35.06671904092607,-3.410556792706012e-14,48.96284156366513,48.962841563665165
0.00292421875,35.46465355458846,-2.8412789035576742e-14,47.66353348781866,47.66353348781869
0.002925,35.85108165897159,-3.2993910217109064e-14,46.11303227118662,46.113032271186654
0.00292578125,36.22394812217616,-2.8726031686755504e-14,44.33104784035327,44.3310478403533
0.0029265625,36.58157779272644,-3.2522943107067474e-14,42.33798329811772,42.337983298117756
0.00292734375,36.92284374109368,-2.847341657250662e-14,40.154778349261115,40.15477834926114
0.002928125,37.248144295126586,-2.981312802220396e-14,37.80275584236523,37.80275584236526
0.00292890625,37.569172306220075,-3.490779740889069e-14,35.30347587502634,35.30347587502638
0.0029296875,37.641506388407514,22.126332932716274,32.756945389866274,10.630612457150004
0.00293046875,37.780660270884475,22.77237521478773,30.162423775788703,7.390048561000976
0.00293125,37.835728890374185,22.83593805064214,27.6214427846893,4.785504734047159
0.00293203125,37.865389876224164,22.899433068941647,25.150093680587048,2.250660611645402
0.0029328125,37.87354058722692,22.962893599190394,22.761715872696914,-0.2011777264934793
0.00293359375,37.86204154636006,23.02631954773625,20.46859693046183,-2.5577226172744236
0.002934375,37.83284141943445,23.08971081906102,18.28193696303535,-4.80777385602567
0.00293515625,37.78974911598424,23.153067317698557,16.21182113003374,-6.941246187664817
0.0029359375,37.752743901572934,23.216388948235185,14.26720596380246,-8.949182984432724
0.00293671875,37.36950945071157,55.44077757743163,12.5698093322925,-42.87096824513913
0.0029375,37.101551181010784,56.295744374692624,11.093159986178925,-45.2025843885137
0.00293828125,36.732188526660664,56.30255944613921,9.958806174448789,-46.343753271690424
0.0029390625,36.34879638715346,56.30924105563309,9.16297023947714,-47.14627081615595
0.00293984375,35.95868343564069,56.31583786163426,8.697433329108549,-47.61840453252571
0.002940625,35.56573426843265,56.32234985700119,8.55220301169657,-47.77014684530462
0.00294140625,35.173057912556374,56.32877703192711,8.715647565943193,-47.61312946598392
0.0029421875,34.78349354607814,56.335119376732806,9.17463441179138,-47.160484964941425
0.00294296875,34.3998070925429,56.34137688186681,9.914672496521547,-46.42670438534526
0.00294375,34.02492005970839,56.34754953790544,10.920057716813083,-45.42749182109235
0.00294453125,33.66255785904216,56.353637335552776,12.174020506253271,-44.179616829299505
0.0029453125,33.32035505234879,56.35964026564073,13.658875482346694,-42.700764783294034
0.00294609375,33.046421770384285,56.36555831912898,15.356186081999972,-41.00937223712901
0.002946875,32.765692358153984,0.4270294642782153,17.02714585597007,16.600116391691852
0.00294765625,32.984352830396,2.4507600472866008e-05,18.71809026589056,18.718065758290088
0.0029484375,33.16547962620746,1.4065129720096052e-09,20.225034016962475,20.225034015555963
0.00294921875,33.349160487029,8.072102948722279e-14,21.54445586717481,21.54445586717473
0.00295,33.54040778765274,4.63265162223658e-18,22.675363820586075,22.675363820586075
0.00295078125,33.740027873695574,2.6587199382049896e-22,23.617998876534756,23.617998876534756
0.0029515625,33.948913454620865,1.525863001629298e-26,24.37378667723728,24.37378667723728
0.00295234375,34.17269808394229,8.757063375817886e-31,24.945283940846316,24.945283940846316
0.002953125,34.480467562116864,5.025756498860409e-35,25.336144153239033,25.336144153239033
0.00295390625,34.1282750164181,56.29397714666061,25.798902182949476,-30.495074963711133
0.0029546875,33.943211282334424,56.42504535786034,26.259498138521103,-30.16554721933924
0.00295546875,33.711232506098526,56.42995146964243,26.892920069770184,-29.537031399872248
0.00295625,33.47729515590401,56.4347653632592,27.6887617686196,-28.746003594639603
0.00295703125,33.24783948005631,56.439494266723976,28.635622299796225,-27.80387196692775
0.0029578125,33.025499014162364,56.44413817333033,29.721589222166042,-26.72254895116429
0.00295859375,32.81187565389025,56.44869707608466,30.934335361436474,-25.51436171464819
0.002959375,32.60809231415367,56.453170968121356,32.26121351366152,-24.19195745445984
0.00296015625,32.41487850231405,56.4575598427028,33.68934926624838,-22.768210576454422
0.0029609375,32.23233995072976,56.46186369321943,35.20573147344236,-21.256132219777065
0.00296171875,32.05862672401695,56.46608251318972,36.79729954762355,-19.668782965566166
0.0029625,31.876560943070434,56.47021629626021,38.451022210191155,-18.019194086069056
0.00296328125,32.019239610468794,26.208178987358405,40.04678767810239,13.838608690743985
0.0029640625,32.05382006764103,25.471990795020496,41.60307433812467,16.13108354310418
0.00296484375,32.185626786649244,25.533909912704225,42.99824090488231,17.464330992178088
0.002965625,32.33380335115069,25.595836383070456,44.227866972706764,18.632030589636305
0.00296640625,32.4928072514056,25.657724309198517,45.29105411942989,19.633329810231373
0.0029671875,32.66030995679399,25.719573595257636,46.18799595238223,20.468422357124595
0.00296796875,32.83478217816843,25.781384148103697,46.919932867084555,21.138548718980857
0.00296875,33.015255048044935,25.84315587465116,47.489102935552744,21.645947060901584
0.00296953125,33.202115752728474,25.9048886818729,47.8986888460791,21.993800164206192
0.0029703125,33.40483794250891,25.966582476800454,48.152764056862935,22.186181580062478
0.00297109375,33.594286290856616,2.2641140145898375,48.17851912767159,45.914405113081756
0.002971875,33.999493445158414,0.00012993951547021318,47.998500084581295,47.99837014506583
0.00297265625,34.405365626602695,7.457309758270844e-09,47.5275975724027,47.52759756494539
0.0029734375,34.79970640872042,3.979439168275666e-13,46.77378950343976,46.77378950343936
0.00297421875,35.184710095740336,-2.5317354266316642e-14,45.75298150623724,45.75298150623727
0.002975,35.559382239873955,-3.24033672751122e-14,44.482146191326905,44.48214619132694
0.00297578125,35.92229634829681,-2.9948898482327636e-14,42.97917426590342,42.979174265903445
0.0029765625,36.2721981796009,-2.638606757857119e-14,41.26272521688119,41.26272521688122
0.00297734375,36.60865071735385,-2.8475987677241295e-14,39.352079026900626,39.352079026900654
0.002978125,36.935226801695755,-3.253314978849585e-14,37.266990936748286,37.26699093674832
0.00297890625,37.35892353251307,-2.5364534730013784e-14,35.027591077555414,35.02759107755544
0.0029796875,37.24627239850879,26.69864700868274,32.80528239242909,6.106635383746347
0.00298046875,37.30286453787062,26.765009201430683,30.555682697032957,3.7906734956022734
0.00298125,37.32811668854233,26.826147393216935,28.370546535038606,1.5443991418216698
0.00298203125,37.33254403728598,26.887244887813235,26.261603636580436,-0.6256412512328012
0.0029828125,37.318628034098964,26.948301890687574,24.23962116888494,-2.7086807218026325
0.00298359375,37.28782884540432,27.009318309906313,22.314390752358992,-4.694927557547319
0.002984375,37.241515862949655,27.07029405357975,20.494705095817693,-6.57558895776206
0.00298515625,37.181440168074964,27.131229029879584,18.788341715462785,-8.342887314416798
0.0029859375,37.1110727747452,27.192123147038767,17.20205412926326,-9.99006901777551
0.00298671875,37.04822549647934,27.25297631335195,15.741574974874588,-11.511401338477363
0.0029875,36.680894143561005,55.806064196076306,14.512529272086326,-41.29353492398998
0.00298828125,36.418059973616636,56.55884827074013,13.489222724338333,-43.069625546401795
0.0029890625,36.06787325486995,56.560131060674756,12.777131872187255,-43.7829991884875
0.00298984375,35.70782614569669,56.56128554763592,12.370709506859434,-44.190576040776484
0.002990625,35.344468629206396,56.56235485184827,12.260523479281645,-44.301831372566625
0.00299140625,34.981329089650906,56.56333897417629,12.435631968390581,-44.12770700578571
0.0029921875,34.62129407092733,56.56423791313802,12.883713295599797,-43.680524617538225
0.00299296875,34.26714341415838,56.565051667379706,13.591198546521717,-42.97385312085799
0.00299375,33.92199947966949,56.56578023567582,14.543406866316552,-42.022373369359265
0.00299453125,33.59068678865168,56.56642361692916,15.724682900833074,-40.84174071609608
0.0029953125,33.28863204515858,56.566981810170816,17.118538408208288,-39.44844340196253
0.00299609375,33.6715138520833,56.567454814560136,18.708041639955248,-37.85941317460489
0.002996875,33.04785154774389,0.0032464565055373477,20.109781495720775,20.106535039215238
0.00299765625,33.254123145198356,1.8631702410681847e-07,21.49024331826367,21.490243131946645
0.0029984375,33.450446515309714,1.069289960078334e-11,22.68013715579934,22.680137155788646
0.00299921875,33.650842318403896,6.136750112908665e-16,23.6794065688863,23.6794065688863
0.003,33.85703942457668,3.5219354295186347e-20,24.489210730335095,24.489210730335095
0.00300078125,34.068954507575434,2.0212700438309707e-24,25.111864113084653,25.111864113084653
0.0030015625,34.286567561917764,1.1600248419792438e-28,25.550777145725664,25.550777145725664
0.00300234375,34.51191331408111,6.657485664105062e-33,25.810392365764955,25.810392365764955
0.003003125,34.761304514021205,3.820790190332619e-37,25.89612115695115,25.89612115695115
0.00300390625,33.75737865345625,39.87879011106837,25.937048713650334,-13.941741397418037
0.0030046875,34.516326792815086,56.56607750673578,25.986062728255575,-30.580014778480205
0.00300546875,34.29060340364167,56.56648595091644,26.179260890857975,-30.387225060058462
0.00300625,34.05092022750061,56.5658515370672,26.557567590504508,-30.008283946562695
0.00300703125,33.81096216613219,56.565131881106296,27.111308689245927,-29.45382319186037
0.0030078125,33.574827120018256,56.564327039075856,27.830070853798365,-28.73425618527749
0.00300859375,33.34485431376335,56.563437012191145,28.702802437320017,-27.860634574871128
0.003009375,33.12290177188197,56.562461801792516,29.717909177882458,-26.844552623910058
0.00301015625,32.9108789338876,56.56140140934862,30.86334928959752,-25.6980521197511
0.0030109375,32.711813435515936,56.56025583645638,32.126727904148666,-24.433527932307715
0.00301171875,32.5380514860659,56.55902508484102,33.495393253293905,-23.063631831547113
0.0030125,32.360712160752385,31.616784556512883,34.87496369899531,3.258179142482428
0.00301328125,32.42245206118667,29.29710411654623,36.27080855797665,6.973704441430417
0.0030140625,32.49861245772763,29.356330179153836,37.57438247210183,8.218052292947991
0.00301484375,32.57801804578786,29.4156485617493,38.77464908779628,9.359000526046973
0.003015625,32.66446799962178,29.474922652745192,39.868435890651675,10.393513237906484
0.00301640625,32.75822035407794,29.534152355040685,40.85336913028905,11.319216775248364
0.0030171875,32.85885692943936,29.593337579436483,41.72785819711121,12.134520617674728
0.00301796875,32.965821658972,29.652478236800697,42.491075130260214,12.838596893459519
0.00301875,33.078691196419435,29.711574238068575,43.14292999389352,13.431355755824942
0.00301953125,33.19770706163045,29.770625494242594,43.68404266365491,13.913417169412313
0.0030203125,33.32649764128198,29.82963191639264,44.115712207606165,14.28608029121353
0.00302109375,33.52638268297801,29.88859341565611,44.43990622286726,14.551312807211147
0.003021875,33.70444229232026,0.019717494080864196,44.5097602839491,44.490042789868234
0.00302265625,34.09782838709706,1.1316044785268308e-06,44.38323082219139,44.383229690586916
0.0030234375,34.471189491646115,6.490679597901227e-11,43.98024815524632,43.980248155181414
0.00302421875,34.836350448344305,-3.072123808002952e-14,43.314187246660104,43.31418724666013
0.003025,35.193636982549194,-4.0104314058541e-14,42.399617223612566,42.39961722361261
0.00302578125,35.54206204166786,-3.4087530043305926e-14,41.25210985280062,41.25210985280066
0.0030265625,35.88080785168816,-3.5799772033486766e-14,39.8881019562942,39.888101956294236
0.00302734375,36.21083102649455,-3.408825743697194e-14,38.324757862192676,38.32475786219271
0.003028125,36.54807162812148,-3.4038041489016975e-14,36.579837885879826,36.57983788587986
0.00302890625,36.56466029894806,29.693717057826817,34.776718135371176,5.083001077544359
0.0030296875,36.68407181392073,30.53413477058531,32.903841591065955,2.3697068204806415
0.00303046875,36.70371983405166,30.592595165847868,31.087388442733353,0.4947932768854855
0.00303125,36.70208429605647,30.6509646146286,29.3392840651235,-1.3116805495050983
0.00303203125,36.6839226228513,30.709287901035154,27.668299364842618,-3.040988536192538
0.0030328125,36.6509428542244,30.76756493980897,26.08236964683551,-4.685195292973463
0.00303359375,36.604227911761285,30.825795643186012,24.588578222587,-6.237217420599013
0.003034375,36.5446537171854,30.88397992347191,23.1931451537027,-7.690834769769205
0.00303515625,36.472944183722404,30.94211769304218,21.90142176693614,-9.040695926106043
0.0030359375,36.38950499520062,31.000208864342397,20.717890798979873,-10.282318065362524
0.00303671875,36.29354569290495,31.05825334988831,19.646171725272367,-11.412081624615944
0.0030375,36.175529821010755,31.116251062265967,18.68902835041284,-12.427222711853128
0.00303828125,36.06401054495091,54.26376593276205,17.923893912971153,-36.339872019790896
0.0030390625,35.73603249045608,56.462182636555326,17.33493778412881,-39.127244852426514
0.00303984375,35.40123117881543,56.45801409244541,17.011009568451364,-39.447004523994046
0.003040625,35.07150415871633,56.453634120141665,16.949986814000717,-39.50364730614095
0.00304140625,34.74484726603808,56.449169122430774,17.14189017994609,-39.307278942484686
0.0030421875,34.422574363265305,56.44461911329094,17.575529098132442,-38.8690900151585
0.00304296875,34.106870097033585,56.43998409957479,18.238619787339907,-38.20136431223488
0.00304375,33.80096936878003,56.435264088262564,19.11790625149208,-37.31735783677048
0.00304453125,33.51213289112065,56.43045908646254,20.19928392556855,-36.23117516089399
0.0030453125,33.28819758718176,56.42556910141094,21.467938952606453,-34.95763014880449
0.00304609375,33.05368995695779,0.4274431472366182,22.688511052869984,22.261067905633364
0.003046875,33.31502315064967,2.4531342105505118e-05,23.911075504026986,23.91105097268488
0.00304765625,33.53444198530926,1.4078755254068896e-09,24.935122709914914,24.935122708507038
0.0030484375,33.751744238806985,8.079922763764793e-14,25.760763454817997,25.760763454817916
0.00304921875,33.97147086413189,4.637139483587262e-18,26.390565071395088,26.390565071395088
0.00305,34.19355494883048,2.6612955617195416e-22,26.828234195912557,26.828234195912557
0.00305078125,34.416789505369614,1.5273411748548822e-26,27.078549747639933,27.078549747639933
0.0030515625,34.63934512692742,8.765546743330604e-31,27.147290650130685,27.147290650130685
0.00305234375,34.85834637084137,5.030625178870995e-35,27.04115965561145,27.04115965561145
0.003053125,35.06685274882327,2.887120499305554e-39,26.76770314516042,26.76770314516042
0.00305390625,35.217336909635534,1.6569441135308452e-43,26.335213651182006,26.335213651182006
0.0030546875,35.385400083579256,55.93327375629136,25.97237186485262,-29.960901891438738
0.00305546875,35.06531471800183,56.354244839904254,25.62283883557211,-30.731406004332143
0.00305625,34.79436477699961,56.348190424694664,25.480744607092927,-30.867445817601737
0.00305703125,34.53284309251955,56.342026647626426,25.539994355970656,-30.80203229165577
0.0030578125,34.27622481483827,56.335778019078035,25.79225411079914,-30.543523908278896
0.00305859375,34.02458334236532,56.329444549865975,26.228294756773728,-30.101149793092247
0.003059375,33.77924838368066,56.323026249528425,26.838084534899245,-29.48494171462918
0.00306015625,33.54292706985274,56.316523127731216,27.610884318069655,-28.70563880966156
0.0030609375,33.32648708938379,56.30993519426794,28.53534659943289,-27.774588594835052
0.00306171875,33.10549891354874,34.929690047219914,29.529714011232127,-5.399976035987788
0.0030625,33.08833354601136,32.947079301725296,30.59741205891527,-2.3496672428100256
0.00306328125,33.08280671589463,33.00336790439663,31.643899153858076,-1.3594687505385565
0.0030640625,33.07973841667472,33.05972382168561,32.657924652408894,-0.40179916927671117
0.00306484375,33.082763752009804,33.116029958343674,33.63469254652317,0.5186625881794925
0.003065625,33.09244306382147,33.17228622285951,34.56983051648435,1.3975442936248386
0.00306640625,33.10868829575131,33.228492530511765,35.45940161349393,2.230909082982163
0.0030671875,33.13116447303124,33.28464879665475,36.29991226496605,3.015263468311301
0.00306796875,33.159367961425616,33.34075493671821,37.08831702422007,3.7475620875018567
0.00306875,33.1925707878585,33.39681086620727,37.82202023480896,4.425209368601694
0.00306953125,33.22952036922369,33.45281650070274,38.49887466773582,5.046058167033085
0.0030703125,33.266980021272985,33.50877175586108,39.1171768472496,5.608405091388517
0.00307109375,33.28526201662437,33.56467654741475,39.67565388863439,6.110977341219644
0.003071875,33.644080292125686,0.862780065247786,40.057447335467764,39.19466727021998
0.00307265625,33.87442067768369,4.951571469426204e-05,40.29536538904753,40.29531587333284
0.0030734375,34.19811194192302,2.8417196257501278e-09,40.270865539900925,40.27086553705921
0.00307421875,34.527144053107484,1.2241045209103056e-13,39.99193491334285,39.99193491334273
0.003075,34.855118703655656,-4.061432902279159e-14,39.47034464860274,39.47034464860278
0.00307578125,35.17944893371949,-3.550397930906801e-14,38.71894361132639,38.718943611326424
0.0030765625,35.49933156395576,-4.0843663534331276e-14,37.75153363209573,37.75153363209577
0.00307734375,35.8192779652319,-3.390562333004302e-14,36.582746118977546,36.58274611897758
0.003078125,36.276042464711175,-3.7039505885750367e-14,35.227972327733966,35.227972327734
0.00307890625,36.05990949505655,34.11430234907219,33.896255921506935,-0.21804642756525824
0.0030796875,36.072714730567235,34.17627425199355,32.52115713958605,-1.6551171124074984
0.00308046875,36.057922830539184,34.23156731558011,31.210661962216825,-3.0209053533632844
0.00308125,36.028691964429186,34.28680844669425,29.970915711413387,-4.315892735280866
0.00308203125,35.987802997556365,34.34199794247271,28.807350178393243,-5.534647764079468
0.0030828125,35.93658234379985,34.39713571982287,27.724699524506,-6.67243619531687
0.00308359375,35.87598028864008,34.452221695708246,26.72699811527101,-7.725223580437237
0.003084375,35.80681262874855,34.50725578717039,25.817582546858652,-8.68967324031174
0.00308515625,35.729816678463585,34.56223791132895,24.999097943865145,-9.563139967463803
0.0030859375,35.64562384290763,34.61716798538185,24.273508359730634,-10.343659625651211
0.00308671875,35.554597628896595,34.672045926605335,23.642111027746296,-11.029934898859041
0.0030875,35.456090999225346,34.72687165235426,23.105554019729645,-11.621317632624615
0.00308828125,35.34212227293089,34.781645080062056,22.66385481431483,-12.117790265747226
0.0030890625,35.23664876878886,54.17150387236332,22.379656215701985,-31.791847656661332
0.00308984375,34.952938567969284,56.006554341672214,22.23755453291993,-33.768999808752284
0.003090625,34.6666239995759,55.99685795527041,22.30994102530122,-33.686916929969186
0.00309140625,34.387728355027356,55.98697137179158,22.593113259238038,-33.393858112553545
0.0030921875,34.11476258163882,55.97700046686989,23.07692372940963,-32.90007673746026
0.00309296875,33.849425078473644,55.96694526159677,23.750351960612264,-32.216593300984506
0.00309375,33.595703296433946,55.95680577111552,24.601608755807273,-31.355197015308246
0.00309453125,33.36828039291472,55.94658201069605,25.618244996382938,-30.32833701431311
0.0030953125,33.81502970846972,55.93627399573512,26.787505741779768,-29.148768253955353
0.00309609375,33.26288838120494,0.003210232477389674,27.734397562682034,27.731187330204644
0.003096875,33.527452143475664,1.8423809493769992e-07,28.627739706084313,28.62773952184622
0.00309765625,33.777821473333766,1.0573588008141217e-11,29.304400938930332,29.30440093891976
0.0030984375,34.027468350906915,6.068276129522139e-16,29.768606415685635,29.768606415685635
0.00309921875,34.27762598949139,3.4826376018977916e-20,30.02576690188371,30.02576690188371
0.0031,34.52750220597398,1.9987166713040643e-24,30.08239266752713,30.08239266752713
0.00310078125,34.77570000581141,1.1470812610453289e-28,29.946009521415295,29.946009521415295
0.0031015625,35.02047502606757,6.5832013027782e-33,29.625071244667836,29.625071244667836
0.00310234375,35.25953080345079,3.7781577351726955e-37,29.128869386972692,29.128869386972692
0.003103125,35.488767803636,2.1683183021945937e-41,28.46744082957995,28.46744082957995
0.00310390625,35.69354409417161,1.2444171443300374e-45,27.65147088768037,27.65147088768037
0.0031046875,35.2275430953684,7.141820587573262e-50,26.691951394313225,26.691951394313225
0.00310546875,35.75999450586752,55.79140711773385,25.961276693610458,-29.83013042412339
0.00310625,35.4795988737884,55.78312379967105,25.289319570695586,-30.493804228975467
0.00310703125,35.21540970118226,55.77155408422847,24.837159522194607,-30.934394562033862
0.0031078125,34.95413609992301,55.7599001940454,24.598951664331718,-31.160948529713682
0.00310859375,34.69490628644931,55.74816233044979,24.567719276346093,-31.180443054103694
0.003109375,34.4397399080691,55.7363405111292,24.735448009895727,-31.000892501233473
0.00311015625,34.19787051184726,55.72443475388707,25.0931795460342,-30.631255207852867
0.0031109375,33.94944544853353,38.03391626680259,25.573291607825794,-12.4606246589768
0.00311171875,33.86731155701205,36.400219860399865,26.178266344315126,-10.221953516084737
0.0031125,33.79293205245263,36.45323472003131,26.829143792146898,-9.624090927884414
0.00311328125,33.719223760555685,36.50629148675476,27.515525277472037,-8.990766209282725
0.0031140625,33.64971473968936,36.55929328121866,28.23199922244838,-8.327294058770276
0.00311484375,33.58539485919219,36.6122400180479,28.97317493268826,-7.639065085359642
0.003115625,33.5267283532991,36.66513161750535,29.733716474330883,-6.931415143174468
0.00311640625,33.47400242894225,36.717967999937166,30.50837449888219,-6.209593501054974
0.0031171875,33.42743323181538,36.77074908577279,31.292016172123034,-5.478732913649759
0.00311796875,33.38722815737167,36.82347479552482,32.079653170878544,-4.743821624646273
0.00311875,33.353673741038726,36.87614504978926,32.866467675095365,-4.009677374693896
0.00311953125,33.32736279937581,36.92875976924569,33.647836319826865,-3.280923449418825
0.0031203125,33.3100655264868,36.98131887465729,34.41935226220863,-2.561966612448657
0.00312109375,33.31055836219192,37.033822286871,35.176847238744,-1.856975048126995
0.003121875,33.75751135453708,37.086269926817614,35.91657390480067,-1.169696022016946
0.00312265625,33.54092521450316,0.0021284139910963664,36.39491456512546,36.392786151134366
0.0031234375,33.86363846559425,1.2215152959450853e-07,36.72942922673197,36.72942910458045
0.00312421875,34.1738609904424,6.972904688898251e-12,36.817854294520835,36.817854294513864
0.003125,34.47941652799733,-4.0581267000494756e-14,36.669302764631404,36.669302764631446
0.00312578125,34.77960722041625,-3.248910420673013e-14,36.29403489327395,36.29403489327399
0.0031265625,35.07068288329976,-4.694001158387297e-14,35.70334399835036,35.70334399835041
0.00312734375,35.33562049755922,-3.760817323017979e-14,34.90943955824481,34.90943955824485
0.003128125,35.613229118124956,34.24069231908052,34.037307488576374,-0.20338483050415165
0.00312890625,35.570244934304824,37.555588654983524,33.07616952663384,-4.479419128349682
0.0031296875,35.513802581779295,37.6076615058318,32.17200548550865,-5.435656020323153
0.00313046875,35.45868619821814,37.6594904671278,31.337928436849925,-6.321562030277878
0.00313125,35.39916284546923,37.71126270316513,30.57679899685541,-7.134463706309724
0.00313203125,35.334366431121005,37.76297814672174,29.890903678173963,-7.872074468547779
0.0031328125,35.264400661926494,37.81463671991571,29.28196197363185,-8.532674746283858
0.00313359375,35.18966974407905,37.866238344950176,28.751137482545776,-9.1151008624044
0.003134375,35.11069161996813,37.91778294411402,28.299052315445806,-9.618730628668219
0.00313515625,35.02802441999118,37.96927043978201,27.925804411156278,-10.043466028625728
0.0031359375,34.94222075319102,38.02070075441489,27.63098750773152,-10.38971324668337
0.00313671875,34.85376981244507,38.07207381055958,27.413713519404116,-10.658360291155464
0.0031375,34.76295284233687,38.12338953084911,27.272637049911676,-10.850752480937434
0.00313828125,34.669244407665836,38.174647838003,27.20598163764081,-10.968666200362186
0.0031390625,34.56625791791066,38.225848654827146,27.211565696239354,-11.01428295858779
0.00313984375,34.47321521799735,53.73474347344145,27.337383652012964,-26.397359821428484
0.003140625,34.24085038986366,55.19475788570993,27.569087046902258,-27.625670838807675
0.00314140625,34.00982566612122,55.17959532022969,27.962665733704466,-27.21692958652522
0.0031421875,33.78864005053793,55.16426499832876,28.513362421224144,-26.650902577104617
0.00314296875,33.57769697102045,55.148851595183146,29.21140957392291,-25.937442021260235
0.00314375,33.38576571693791,55.13335513886342,30.046492126649582,-25.08686301221384
0.00314453125,33.328245685913494,55.117775652707216,31.007878715134268,-24.109896937572948
0.0031453125,33.23555084720768,0.036340684466963306,31.80941010621779,31.773069421750826
0.00314609375,33.547239345304966,2.0856241789596314e-06,32.54115447280755,32.54115238718337
0.003146875,33.831352507964354,1.196958252070181e-10,33.03784270218266,33.03784270206296
0.00314765625,34.111658987223265,6.869449787034875e-15,33.30547356784041,33.3054735678404
0.0031484375,34.39045894225,3.9424382842908594e-19,33.3513577360631,33.3513577360631
0.00314921875,34.66717253686384,2.262600369359588e-23,33.183923578720766,33.183923578720766
0.00315,34.94051655099537,1.2985264605979705e-27,32.812620620480594,32.812620620480594
0.00315078125,35.2089752263794,7.452358762543429e-32,32.24781964106085,32.24781964106085
0.0031515625,35.47090479538689,4.2769749258773505e-36,31.500710716211536,31.500710716211536
0.00315234375,35.72445686858919,2.4545939211252465e-40,30.58319999519651,30.58319999519651
0.003153125,35.967164993720985,1.4087132662787538e-44,29.507805845677268,29.507805845677268
0.00315390625,36.194030332410634,8.084730633081758e-49,28.287554525107296,28.287554525107296
0.0031546875,36.38114677004664,4.6398987625177e-53,26.935870222774298,26.935870222774298
0.00315546875,36.58687606774643,50.11297377286297,25.63035493109965,-24.482618841763323
0.00315625,36.324534673105376,54.873861818964144,24.3486917737415,-30.525170045222644
0.00315703125,36.045504092592076,54.85723132826119,23.297396065687025,-31.55983526257417
0.0031578125,35.772919253549134,54.8402440422672,22.48757285321237,-32.35267118905483
0.00315859375,35.50052135363378,54.82317415212123,21.914753304024636,-32.9084208480966
0.003159375,35.2343804453604,54.806021699264875,21.57314507710479,-33.232876622160084
0.00316015625,34.958912332913954,40.91091774108028,21.410334834326765,-19.500582906753518
0.0031609375,34.81025908701778,39.6358958112017,21.428460526365775,-18.207435284835924
0.00316171875,34.66442346820059,39.68532020290244,21.56517189148437,-18.12014831141807
0.0031625,34.516438512748515,39.73476084380534,21.811481773725042,-17.923279070080298
0.00316328125,34.369686458727244,39.78414164923906,22.161833005690468,-17.622308643548592
0.0031640625,34.225549758329215,39.833462540474684,22.610226166922335,-17.22323637355235
0.00316484375,34.08497638264799,39.88272344323559,23.150275417003964,-16.732448026231626
0.003165625,33.94873815777411,39.93192428333576,23.77526429066469,-16.15665999267107
0.00316640625,33.8174923856786,39.981064986679634,24.478201317819405,-15.502863668860229
0.0031671875,33.6917920098285,40.03014547926216,25.25187517978626,-14.778270299475901
0.00316796875,33.572069182357055,40.07916568716906,26.088909079548735,-13.990256607620324
0.00316875,33.45858128991053,40.12812553657672,26.98181400667403,-13.146311529902688
0.00316953125,33.351255804846154,40.17702495375252,27.92304057364933,-12.25398438010319
0.0031703125,33.24914833190661,40.225863865054805,28.90502902245787,-11.320834842596934
0.00317109375,33.14761741703904,40.2746421969331,29.920256303369083,-10.354385893564018
0.003171875,32.99648363976802,40.32335987592812,30.961263531810587,-9.362096344117534
0.00317265625,33.32716293817446,0.09016336392027012,31.84336646125915,31.753203097338883
0.0031734375,33.54710027570916,5.174555556865767e-06,32.61619103282889,32.61618585827333
0.00317421875,33.80843476199694,2.969311932430282e-10,33.15204794898213,33.1520479486852
0.003175,34.07763178995398,-2.4376292694492016e-14,33.45658758365828,33.456587583658305
0.00317578125,34.34798577287565,-3.748155439321561e-14,33.5369717575898,33.53697175758983
0.0031765625,34.61256212058722,-4.2184109051091115e-14,33.40150201437135,33.401502014371395
0.00317734375,34.835812570564286,-4.06798093275105e-14,33.05950947474495,33.05950947474499
0.003178125,35.07108044360108,40.402678932742134,32.67995938879332,-7.722719543948812
0.00317890625,34.952466003434346,40.759059842055485,32.226592949628,-8.532466892427484
0.0031796875,34.866873473958876,40.807184660689956,31.844358411735165,-8.962826248954789
0.00318046875,34.784920327734795,40.85523033687363,31.534053542167808,-9.321176794705824
0.00318125,34.70265175128778,40.9032144848036,31.29512096192449,-9.608093522879107
0.00318203125,34.61941059601087,40.95113703323173,31.12657342531287,-9.82456360791886
0.0031828125,34.53528491849076,40.99899790998756,31.02701603217084,-9.971981877816718
0.00318359375,34.45059803253454,41.046797042993475,30.994670901709306,-10.05212614128417
0.003184375,34.36575521151121,41.09453436026487,31.02740344599348,-10.067130914271392
0.00318515625,34.28118261434781,41.142209789910154,31.12274990899508,-10.019459880915075
0.0031859375,34.197294259231676,41.189823260131035,31.277945921233194,-9.911877338897842
0.00318671875,34.1144635979087,41.23737469922247,31.489955839399144,-9.747418859823327
0.0031875,34.03297929871029,41.284864035572824,31.75550264517038,-9.52936139040244
0.00318828125,33.95293125726908,41.3322911976641,32.071098167420324,-9.261193030243774
0.0031890625,33.873751026435706,41.37965611407177,32.4330732994614,-8.946582814610371
0.00318984375,33.790425157816955,41.426958713465154,32.837606677287596,-8.589352036177562
0.003190625,33.716876056860386,52.95626227069651,33.31830489546901,-19.6379573752275
0.00319140625,33.54141428233086,54.0319558082014,33.862547598658054,-20.16940820954335
0.0031921875,33.36693621956032,54.01142348848312,34.51016003925494,-19.50126344922818
0.00319296875,33.19459481313678,53.990746919830926,35.25595896894486,-18.734787950886066
0.00319375,32.99215899293602,53.96998903847921,36.09120812851799,-17.87878090996122
0.00319453125,33.33759559448427,1.3855228505155823,36.82078031470099,35.435257464185405
0.0031953125,33.47918184317571,7.951638775993138e-05,37.489379763083576,37.48930024669582
0.00319609375,33.77371179510287,4.563516162894679e-09,37.89793083330377,37.89793082874025
0.003196875,34.080915327279364,2.619042483654558e-13,38.05007456976564,38.05007456976538
0.00319765625,34.391322739066226,1.5030917578336066e-17,37.954924660433726,37.954924660433726
0.0031984375,34.70104513344676,8.626377183904103e-22,37.622807166419086,37.622807166419086
0.00319921875,35.00745110719718,4.950754531861322e-26,37.06514544123507,37.06514544123507
0.0032,35.30836951191129,2.8412820251447384e-30,36.29434422009822,36.29434422009822
0.00320078125,35.601857955642444,1.6306370058253418e-34,35.3236722664398,35.3236722664398
0.0032015625,35.88609993725651,9.358370697578267e-39,34.167144203501515,34.167144203501515
0.00320234375,36.159310089319895,5.37085211487419e-43,32.8394022633707,32.8394022633707
0.003203125,36.4195437500936,3.082379761608852e-47,31.35559866134256,31.35559866134256
0.00320390625,36.664089679544894,1.7690051395128385e-51,29.731279172958196,29.731279172958196
0.0032046875,36.886521564189174,1.0152477714132972e-55,27.98226773973262,27.98226773973262
0.00320546875,37.04191608346039,5.826597189217416e-60,26.124539516494764,26.124539516494764
0.00320625,37.20273512651872,53.220487596113315,24.383184100407476,-28.83730349570584
0.00320703125,36.88834085738136,53.60467221024507,22.71140494214252,-30.89326726810255
0.0032078125,36.6113086470805,53.58247954840017,21.30012028883076,-32.28235925956941
0.00320859375,36.33889649677871,53.560182874589415,20.149040106089636,-33.41114276849978
0.003209375,36.05519769160099,43.543506497017276,19.222408770538955,-24.32109772647832
0.00321015625,35.85774605215712,42.634776364247,18.523161102870993,-24.11161526137601
0.0032109375,35.657452118656686,42.680315013537864,18.007091983720514,-24.67322302981735
0.00321171875,35.4513397327687,42.72584415706407,17.66784358208911,-25.058000574974958
0.0032125,35.24256170108074,42.771308959384385,17.500904149704443,-25.270404809679942
0.00321328125,35.03287651330263,42.81670934888657,17.50084577532562,-25.31586357356095
0.0032140625,34.82374989726578,42.862045257198254,17.66139510807551,-25.200650149122744
0.00321484375,34.61652985882724,42.9073166160444,17.97550645644401,-24.93181015960039
0.003215625,34.41248910769719,42.952523357247166,18.435436858772878,-24.51708649847429
0.00321640625,34.21283993910458,42.99766541272598,19.03282261312114,-23.96484279960484
0.0032171875,34.01874616034825,43.04274271449775,19.7587567336995,-23.28398598079825
0.00321796875,33.83134482239362,43.08775519467686,20.603866811687034,-22.483888382989825
0.00321875,33.65179843091655,43.13270278547534,21.55839278001711,-21.57431000545823
0.00321953125,33.48143927697642,43.17758541920291,22.612264120536786,-20.565321298666127
0.0032203125,33.32225826896374,43.22240302826716,23.755176159426927,-19.467226868840232
0.00322109375,33.179291802802496,43.267155545173566,24.97666570141002,-18.290489843763545
0.003221875,33.088740823960634,43.31184290252567,26.266196280167964,-17.045646622357705
0.00322265625,32.99236002679295,0.3282856345787563,27.444209017766703,27.115923383187948
0.0032234375,33.27862027180303,1.884060428834006e-05,28.550682401169585,28.550663560565297
0.00322421875,33.53435856032131,1.0812411083514949e-09,29.43350165628562,29.43350165520438
0.003225,33.79013756254401,1.9427548076601232e-14,30.094940296434448,30.09494029643443
0.00322578125,34.05034951204794,-3.570505589506221e-14,30.53951047207276,30.539510472072795
0.0032265625,34.31983933266641,-3.645254678090278e-14,30.77292273598052,30.772922735980554
0.00322734375,34.6518801044588,-4.246563484685249e-14,30.802024062279905,30.802024062279948
0.003228125,34.47037331120636,43.56945407157647,30.82652085328727,-12.742933218289204
0.00322890625,34.41482833300812,43.711080269427924,30.79376431035375,-12.917315959074172
0.0032296875,34.31910896956581,43.75511794330419,30.843975401435717,-12.911142541868475
0.00323046875,34.21763455608501,43.79908412584937,30.974142994066455,-12.824941131782914
0.00323125,34.11506894901111,43.842984347444215,31.18057810432056,-12.662406243123653
0.00323203125,34.013181234751045,43.88681854229694,31.459251546650094,-12.427566995646849
0.0032328125,33.913006404406325,43.93058664439407,31.805833729561485,-12.124752914832584
0.00323359375,33.81530055249677,43.97428858782163,32.215734106291386,-11.758554481530247
0.003234375,33.72067772542351,44.01792430676528,32.68414060313857,-11.333783703626711
0.00323515625,33.62966054573729,44.061493735510425,33.206058868071736,-10.855434867438689
0.0032359375,33.54270183781872,44.104996808442294,33.776351120479404,-10.328645687962888
0.00323671875,33.46019556782347,44.148433460046036,34.38977437866355,-9.758659081382483
0.0032375,33.38248552386094,44.19180362490685,35.041017850553644,-9.150785774353206
0.00323828125,33.30988172258212,44.23510723771005,35.72473928775897,-8.510367949951073
0.0032390625,33.24271899274134,44.27834423324118,36.43560012857377,-7.842744104667414
0.00323984375,33.181668769199234,44.321514546386084,37.16829934945466,-7.153215196931429
0.003240625,33.13113658550439,44.36461811213106,37.91760713664938,-6.447010975481684
0.00324140625,33.003132660585685,52.341539959937464,38.706497841267264,-13.635042118670198
0.0032421875,32.90836599011515,52.525571560132164,39.52155141428466,-13.004020145847504
0.00324296875,32.776898358560565,52.49977133528219,40.38638378788735,-12.113387547394844
0.00324375,33.81363518624474,15.481939551222327,41.18009086582203,25.698151314599706
0.00324453125,33.22081575304327,0.0008885222702553816,41.85271447842229,41.851825956152034
0.0032453125,33.54648929654282,5.0993082754766805e-08,42.27783484544309,42.27783479445001
0.00324609375,33.88935366160633,2.9265383388613442e-12,42.418123180565644,42.418123180562716
0.003246875,34.2358741686024,1.6795663619738114e-16,42.283882205141616,42.283882205141616
0.00324765625,34.58141845600402,9.639180621059332e-21,41.88675657204718,41.88675657204718
0.0032484375,34.92303692569234,5.532011425628594e-25,41.23960090984593,41.23960090984593
0.00324921875,35.25835123669221,3.1748705223372056e-29,40.35635028048358,40.35635028048358
0.00325,35.58526887918401,1.8220864090967363e-33,39.251889204806446,39.251889204806446
0.00325078125,35.90188387030825,1.0457115837816895e-37,37.94191989040337,37.94191989040337
0.0032515625,36.20642682307362,6.00143171583886e-42,36.442830474381644,36.442830474381644
0.00325234375,36.497216996498224,3.4442749988122714e-46,34.771564096655396,34.771564096655396
0.003253125,36.77257399529808,1.9767000324496892e-50,32.945489582928325,32.945489582928325
0.00325390625,37.03058220903265,1.1344457163362438e-54,30.98227444620942,30.98227444620942
0.0032546875,37.268249409230584,6.510684788722031e-59,28.89976071489255,28.89976071489255
0.00325546875,37.47679955974635,3.736539863272977e-63,26.71584279757721,26.71584279757721
0.00325625,37.54717556569539,2.1444334356368925e-67,24.44830967994541,24.44830967994541
0.00325703125,37.63941832081126,51.987353706288566,22.374462302679596,-29.61289140360897
0.0032578125,37.33670972833933,51.99435928342032,20.415784204664924,-31.5785750787554
0.00325859375,37.19675434739684,47.29583832041687,18.719888205867058,-28.575950114549812
0.003259375,36.843731929058094,45.37902460116822,17.281385639795353,-28.097638961372866
0.00326015625,36.59769690219171,45.42032625983046,16.08329972502975,-29.33702653480071
0.0032609375,36.34570049914952,45.46167189820609,15.11842589452062,-30.343246003685472
0.00326171875,36.087747363201935,45.50294907857513,14.383974716370439,-31.11897436220469
0.0032625,35.82517791043323,45.54415773232555,13.875805521432152,-31.6683522108934
0.00326328125,35.55959799601913,45.585297797397516,13.588505059096619,-31.996792738300897
0.0032640625,35.2926706819374,45.62636921183483,13.515471785934132,-32.110897425900696
0.00326484375,35.02604399078736,45.66737191378466,13.64900442972585,-32.018367484058814
0.003265625,34.76131486568138,45.708305841497705,13.980394059660114,-31.72791178183759
0.00326640625,34.5000045205773,45.74917093332821,14.50001893099924,-31.24915200232897
0.0032671875,34.24353504636281,45.78996712773406,15.197441389430058,-30.592525738304
0.00326796875,33.993198083673406,45.83069436327692,16.061506135518542,-29.769188227758377
0.00326875,33.75009711687367,45.87135257862236,17.08043916429296,-28.790913414329395
0.00326953125,33.515007917386086,45.911941712539786,18.241946700901885,-27.6699950116379
0.0032703125,33.28793703228197,45.952461703902756,19.53331340596533,-26.419148297937426
0.00327109375,33.066105492115824,45.99291249168883,20.941498684250412,-25.051413807438415
0.003271875,32.82411225371635,46.03329401497987,22.453223243880274,-23.5800707710996
0.00327265625,33.056362207832244,1.182703468892312,23.89608480755249,22.713381338660177
0.0032734375,33.12148309935852,6.787640315282624e-05,25.302330800355865,25.30226292395271
0.00327421875,33.324833420991894,3.895443433711421e-09,26.496230032960387,26.496230029064943
0.003275,33.54745481817451,1.824495827795308e-13,27.475152127082175,27.475152127081994
0.00327578125,33.78327485466993,-3.7599285709012835e-14,28.241339738220685,28.241339738220724
0.0032765625,34.037685003832685,-4.306496193641467e-14,28.798301576797193,28.798301576797236
0.00327734375,34.49657172345092,-4.39784764970788e-14,29.15081449766503,29.150814497665074
0.003278125,34.05968467634263,46.344834947651,29.567106962416684,-16.777727985234318
0.00327890625,33.952879325355674,46.39360030541601,29.941343998080256,-16.45225630733575
0.0032796875,33.827599021858234,46.433286373340344,30.405218200115254,-16.02806817322509
0.00328046875,33.70164863106582,46.47290199651582,30.95254710484369,-15.520354891672135
0.00328125,33.57862654024903,46.512447632311094,31.57683052114102,-14.935617111170073
0.00328203125,33.460058098017946,46.551923221200795,32.271334553807705,-14.28058866739309
0.0032828125,33.34687158623036,46.591328703735435,33.02914408271788,-13.56218462101756
0.00328359375,33.23974503190969,46.63066402057103,33.843213881673066,-12.78745013889797
0.003284375,33.13921783102045,46.66992911246932,34.70641845912275,-11.963510653346567
0.00328515625,33.0457354662589,46.7091239202978,35.61160042157056,-11.097523498727245
0.0032859375,32.959671943532975,46.748248385029804,36.55161712879379,-10.196631256236017
0.00328671875,32.881345406267855,46.78730244774458,37.519385418382264,-9.267917029362314
0.0032875,32.811034921792114,46.82628604962741,38.50792419521654,-8.318361854410872
0.00328828125,32.749007038743194,46.86519913196969,39.5103947035366,-7.354804428433089
0.0032890625,32.69557041952397,46.90404163616904,40.52013832558241,-6.383903310586631
0.00328984375,32.651215022956926,46.94281350372934,41.53071178984799,-5.4121017138813485
0.003290625,32.61707707297034,46.98151467626087,42.53591977614347,-4.445594900117402
0.00329140625,32.59771032244725,47.02014509548034,43.52984570457376,-3.4902993909065803
0.0032921875,32.56609806794595,50.621328277765116,44.51950388688973,-6.101824390875388
0.00329296875,33.15915143583723,50.685111775982826,45.49589140121136,-5.189220374771466
0.00329375,32.83558995991502,0.0029088636106829684,46.13925704316288,46.13634817955219
0.00329453125,33.24895093028873,1.669422678389956e-07,46.6093036848822,46.609303517939935
0.0032953125,33.64585039996839,9.580965119462389e-12,46.765274221298505,46.76527422128893
0.00329609375,34.03774059398986,5.498601031877971e-16,46.61852588965978,46.61852588965978
0.003296875,34.42499018037066,3.155696000432368e-20,46.181893128233696,46.181893128233696
0.00329765625,34.80621582092435,1.8110819805640055e-24,45.46954344029129,45.46954344029129
0.0032984375,35.17962925066284,1.0393960444460555e-28,44.49683565653753,44.49683565653753
0.00329921875,35.54338087305106,5.96518627430475e-33,43.28017582055577,43.28017582055577
0.0033,35.89568122369501,3.4234734177883013e-37,41.83687201182286,41.83687201182286
0.00330078125,36.23485675039402,1.9647618202281722e-41,40.18498913081466,40.18498913081466
0.0033015625,36.55938421009082,1.1275942702427112e-45,38.34320458635514,38.34320458635514
0.00330234375,36.86792230153756,6.47136373067619e-50,36.33066577262831,36.33066577262831
0.003303125,37.15935744253947,3.713973158598707e-54,34.16685017674014,34.16685017674014
0.00330390625,37.4328994520162,2.131482203265117e-58,31.8714289166546,31.8714289166546
0.0033046875,37.68834570400333,1.2232765797774605e-62,29.464134493472883,29.464134493472883
0.00330546875,37.927062795608954,7.020493008760612e-67,26.964633677986814,26.964633677986814
0.00330625,38.15794960960799,4.0291233316199854e-71,24.39240805393504,24.39240805393504
0.00330703125,38.58461576488506,2.3123496884260026e-75,21.766719859069894,21.766719859069894
0.0033078125,38.045339655087,50.07593175215413,19.389977875797943,-30.68595387635619
0.00330859375,37.79941381179392,47.852126878006665,17.143920579427334,-30.70820629857933
0.003309375,37.54540215364124,47.888984378034394,15.187410178847806,-32.70157419918659
0.00331015625,37.27043375362077,47.92589950367578,13.515261655938907,-34.41063784773687
0.0033109375,36.98070250670319,47.96274246122483,12.127134051977038,-35.83560840924779
0.00331171875,36.67969929507036,47.99951318775092,11.020897411370449,-36.97861577638047
0.0033125,36.37021400079512,48.03621162787764,10.192717054797185,-37.843494573080456
0.00331328125,36.05475975325115,48.07283772633776,9.637145100184753,-38.435692626153006
0.0033140625,35.735697767470036,48.109391427973044,9.347218497264123,-38.76217293070892
0.00331484375,35.415279828781,48.145872677734275,9.314562783693113,-38.83130989404116
0.003315625,35.0956637701726,48.18228142068134,9.529500701750585,-38.65278071893076
0.00331640625,34.778920568858005,48.218617601983354,9.981164803106992,-38.23745279887636
0.0033171875,34.46704213469771,48.25488116691867,10.657613174480623,-37.59726799243805
0.00331796875,34.16195858754001,48.29107206087502,11.545947431390317,-36.7451246294847
0.00331875,33.86558238911084,48.327190229349554,12.632432150329038,-35.69475807902052
0.00331953125,33.57992985816583,48.36323561794899,13.902614948181338,-34.46062066976765
0.0033203125,33.30751271324578,48.39920817238961,15.341446508666728,-33.057761663722886
0.00332109375,33.0530467328505,48.4351078384974,16.933400267498513,-31.50170757099889
0.003321875,32.83793745627815,48.47093456220811,18.662596171066195,-29.808338391141913
0.00332265625,32.61110545036753,4.221165578511929,20.368092588870187,16.146927010358258
0.0033234375,32.80288711919969,0.00024225644403106899,22.06544297992905,22.065200723485017
0.00332421875,33.01523092726374,1.3903270447151385e-08,23.56813039261076,23.56813037870749
0.003325,33.228786755967775,7.553400732098017e-13,24.862261629107177,24.86226162910642
0.00332578125,33.45211617445194,-4.124088025097912e-14,25.947833075733357,25.9478330757334
0.0033265625,33.69460533172209,-4.07153745341851e-14,26.826165371213577,26.826165371213616
0.00332734375,34.153189734438605,-4.258563931014185e-14,27.499923934712427,27.49992393471247
0.003328125,33.671219943123646,48.745437656430646,28.24890641005768,-20.496531246372967
0.00332890625,33.538517391789085,48.79008325760581,28.959467775646935,-19.830615481958873
0.0033296875,33.38866226744782,48.82517815195701,29.767860443267942,-19.05731770868907
0.00333046875,33.24049976182445,48.86019897256565,30.66536742574605,-18.194831546819596
0.00333125,33.097873278140746,48.89514621056642,31.643016116512648,-17.252130094053776
0.00333203125,32.96240293668357,48.93001981336063,32.691677130247484,-16.23834268311315
0.0033328125,32.83504616304844,48.964819728429276,33.80212898263563,-15.162690745793649
0.00333359375,32.716466425620204,48.99954590336431,34.9651203400149,-14.034425563349409
0.003334375,32.60715168967666,49.03419828586874,36.17142991130892,-12.862768374559824
0.00333515625,32.50745964977269,49.0687768237567,37.411923765192995,-11.656853058563705
0.0033359375,32.41763561539272,49.103281464953554,38.67760982838487,-10.425671636568687
0.00333671875,32.33781643425714,49.1377121574959,39.959689335477336,-9.17802282201856
0.0033375,32.268021981524164,49.17206884953179,41.24960502424069,-7.922463825291101
0.00333828125,32.2081258668697,49.2063514893206,42.53908589477266,-6.667265594547942
0.0033390625,32.15777498979163,49.24056002523336,43.820188369932026,-5.420371655301327
0.00333984375,32.11614742720793,49.27469440575259,45.085333687650284,-4.189360718102309
0.003340625,32.081027988545316,49.30875457947254,46.327341201941124,-2.9814133775314176
0.00334140625,32.0431270212562,49.34274049509924,47.53945570931976,-1.8032847857794794
0.0033421875,31.80548264935318,49.37665210145046,48.7152943465866,-0.6613577548638574
0.00334296875,32.518333863435906,0.015647529864243587,49.57073328465364,49.555085754789395
0.00334375,32.90132524165261,8.980256454863183e-07,50.21957096581539,50.219570067789746
0.00334453125,33.310034357050725,5.1538489905294914e-11,50.524458590600936,50.5244585905494
0.0033453125,33.72430363348276,2.957839739955014e-15,50.49693512946554,50.49693512946554
0.00334609375,34.13842625302867,1.6975305142493745e-19,50.15024405935333,50.15024405935333
0.003346875,34.54887395590597,9.742278487513902e-24,49.49913310568875,49.49913310568875
0.00334765625,34.95280667436512,5.591180207458304e-28,48.55970097178927,48.55970097178927
0.0033484375,35.347725980986326,3.208828012085594e-32,47.349241980341645,47.349241980341645
0.00334921875,35.73136815632786,1.84157491425695e-36,45.88608933628181,45.88608933628181
0.00335,36.10166540695113,1.0568962100951734e-40,44.189457991401895,44.189457991401895
0.00335078125,36.45672966354956,6.065621280273832e-45,42.279288104773,42.279288104773
0.0033515625,36.79484341192123,3.481113960319494e-49,40.17609006208926,40.17609006208926
0.00335234375,37.11445018585147,1.9978422398610752e-53,37.9007919724693,37.9007919724693
0.003353125,37.41413816952094,1.14657941706878e-57,35.4745905096056,35.4745905096056
0.00335390625,37.692605068949064,6.580321175595931e-62,32.91880590638299,32.91880590638299
0.0033546875,37.94857236546144,3.776504804585964e-66,30.25474184484445,30.25474184484445
0.00335546875,38.18053999226216,2.1673696706406228e-70,27.50355088844582,27.50355088844582
0.00335625,38.38591397070702,1.2438727162503502e-74,24.68610588188851,24.68610588188851
0.00335703125,38.5613866454394,7.138696066438463e-79,21.822878655472508,21.822878655472508
0.0033578125,38.10261294859679,2.170586206548504,18.9458140633677,16.775227856819196
0.00335859375,38.49866918167933,50.06879371857748,16.378579314981508,-33.690214403595974
0.003359375,38.18067514635682,50.103804863797386,13.98944586323961,-36.114359000557776
0.00336015625,37.861609098533684,50.135993646542666,11.92332391537731,-38.212669731165356
0.0033609375,37.531203762471584,50.16810676774015,10.18082304710726,-39.98728372063289
0.00336171875,37.18958454363442,50.20014433666643,8.760472220918942,-41.43967211574749
0.0033625,36.8385710184318,50.232106305082574,7.658815369851233,-42.57329093523134
0.00336328125,36.48043079669061,50.26399262485442,6.870510880053217,-43.3934817448012
0.0033640625,36.117561787260264,50.29580324796174,6.388439485090899,-43.907363762870844
0.00336484375,35.75237973099629,50.327538126498354,6.203819272835794,-44.12371885366256
0.003365625,35.38726866403086,50.35919721267203,6.306326739547366,-44.05287047312466
0.00336640625,35.02455692184116,50.390780458804834,6.684222870878948,-43.706557587925886
0.0033671875,34.666508586869874,50.42228781733292,7.3244832486930065,-43.097804568639916
0.00336796875,34.315331836082024,50.453719240806805,8.21293120120992,-42.240788039596886
0.00336875,33.97321893378995,50.48507468189132,9.334373039209751,-41.15070164268157
0.00336953125,33.64246901430886,50.516354093365734,10.672734461782639,-39.843619631583095
0.0033703125,33.32589396134685,50.54755742812381,12.211197310825263,-38.33636011729855
0.00337109375,33.028600120049354,50.578684639173915,13.932336284636612,-36.6463483545373
0.003371875,32.77310987634576,50.60973567963899,15.81826013263008,-34.79147554700891
0.00337265625,32.506236426938074,4.407011401744737,17.699549700183624,13.292538298438888
0.0033734375,32.67741514987775,0.00025292230099452096,19.591000747198215,19.59074782489722
0.00337421875,32.87118875692507,1.4515398049799764e-08,21.29637878123848,21.296378766723084
0.003375,33.06748512436953,7.949969812753167e-13,22.79963831190436,22.799638311903564
0.00337578125,33.27536117197333,-4.254654402094189e-14,24.099196467280642,24.099196467280684
0.0033765625,33.50471650952456,-4.3674386890929034e-14,25.194825971727077,25.19482597172712
0.00337734375,33.96108471182318,-4.263592685310197e-14,26.087687755645803,26.087687755645845
0.003378125,33.43800180149986,50.84550853255551,27.06801849489742,-23.777490037658094
0.00337890625,33.28103435147337,50.88575912216343,28.015627372840104,-22.870131749323324
0.0033796875,33.108022160426394,50.91604647124757,29.071016468156273,-21.845030003091296
0.00338046875,32.938670327575714,50.94625657428468,30.22348214394126,-20.72277443034342
0.00338125,32.77702385484931,50.976389953147574,31.46209132824284,-19.514298624904736
0.00338203125,32.624799296481214,51.0064465624884,32.77579313621938,-18.23065342626902
0.0033828125,32.48301465084728,51.03642635704253,34.15349423135335,-16.882932125689184
0.00338359375,32.35237685011671,51.06632929166089,35.58413100177784,-15.482198289883053
0.003384375,32.23340968954684,51.09615532131022,37.05673860717299,-14.039416714137236
0.00338515625,32.1265080987402,51.12590440107306,38.56051665504806,-12.565387746024996
0.0033859375,32.031969074937926,51.155576486147815,40.08489124250741,-11.070685243640405
0.00338671875,31.950018719283367,51.18517153184888,41.61957312089235,-9.56559841095653
0.0033875,31.88085036675866,51.21468949360663,43.154611773359306,-8.06007772024732
0.00338828125,31.824702197756974,51.244130326967564,44.680445235872696,-6.563685091094865
0.0033890625,31.78206452834587,51.27349398759432,46.18794555366463,-5.085548433929686
0.00338984375,31.754418273980402,51.30278043126576,47.66845993709662,-3.634320494169139
0.003390625,31.748384038375395,51.33198961387701,49.113848820066835,-2.218140793810178
0.00339140625,31.859502276743964,51.36112149143959,50.516554763797814,-0.844566727641778
0.0033921875,31.9436829623543,5.249045598660453,51.639096699504854,46.3900511008444
0.00339296875,32.36165725195888,5.2877032162982,52.56022972903922,47.272526512741024
0.00339375,32.82055537887957,0.011875920868289173,53.12198618611632,53.110110265248025
0.00339453125,33.26095500811019,6.815696532307191e-07,53.34146176112647,53.341461079556815
0.0033953125,33.70408409586608,3.9115888136762496e-11,53.214052101456,53.21405210141688
0.00339609375,34.144103284684626,2.2448955840024426e-15,52.754169541474425,52.754169541474425
0.003396875,34.578291421148336,1.2883655269320893e-19,51.97780317972578,51.97780317972578
0.00339765625,35.00419291652434,7.394044261192658e-24,50.902320621496365,50.902320621496365
0.0033984375,35.419492943504814,4.243507715288152e-28,49.546303577441485,49.546303577441485
0.00339921875,35.822020314926604,2.4353867915317967e-32,47.92938227875155,47.92938227875155
0.0034,36.20976049269432,1.3976901239037315e-36,46.07206975781121,46.07206975781121
0.00340078125,36.58086685549326,8.021467839321337e-41,43.995597045965056,43.995597045965056
0.0034015625,36.9336693490895,4.603591682937178e-45,41.72175029715543,41.72175029715543
0.00340234375,37.266680615424846,2.6420421807739132e-49,39.27271079468616,39.27271079468616
0.003403125,37.57859843466996,1.51629148841779e-53,36.67089874187666,36.67089874187666
0.00340390625,37.86829711232591,8.702131610838886e-58,33.93882167518026,33.93882167518026
0.0034046875,38.1347644365434,4.994230670738686e-62,31.09892825989922,31.09892825989922
0.00340546875,38.376618662973094,2.866233367636063e-66,28.17346801975556,28.17346801975556
0.00340625,38.58064488040999,1.6449568030335415e-70,25.184352937642696,25.184352937642696
0.00340703125,38.768694751178344,6.526128300176186,22.185582288320965,15.65945398814478
0.0034078125,38.903174836372834,6.599350914084398,19.186359535628693,12.587008621544294
0.00340859375,38.01258688149679,38.61216308863782,16.323674359243263,-22.288488729394558
0.003409375,38.51161550171392,52.008951724712595,13.651747430116721,-38.357204294595874
0.00341015625,38.200425396327,52.03698267264974,11.289855011207287,-40.747127661442455
0.0034109375,37.85815026686003,52.06416801344145,9.279271702192453,-42.784896311249
0.00341171875,37.497362377701656,52.09127490250444,7.6191136868363145,-44.47216121566812
0.0034125,37.12301313085646,52.1183033430463,6.306303861545111,-45.81199948150119
0.00341328125,36.738649250285214,52.1452532943652,5.335682197442637,-46.80957109692256
0.0034140625,36.34735784366156,52.172124715875015,4.700120743765424,-47.47200397210959
0.00341484375,35.951997114644485,52.198917567107856,4.3906463074541335,-47.80827125965372
0.003415625,35.55526216599369,52.22563180771421,4.396569945649709,-47.8290618620645
0.00341640625,35.1596987033581,52.252267397462894,4.705622226565751,-47.54664517089714
0.0034171875,34.767693394272406,52.27882429624118,5.304093185315082,-46.9747311109261
0.00341796875,34.381444293631986,52.30530246405486,6.176975903393291,-46.12832656066157
0.00341875,34.00289565937687,52.3317018610283,7.308112651390687,-45.02358920963761
0.00341953125,33.63357598188922,52.35802244740449,8.680342539553031,-43.677679907851456
0.0034203125,33.27408885277367,52.384264183545085,10.275649567705024,-42.10861461584006
0.00342109375,32.92180600157138,52.41042702993052,12.075309467612627,-40.33511756231789
0.003421875,32.548259047264814,52.43651094716001,14.060026120413333,-38.376484826746676
0.00342265625,32.7167211608411,1.3468975457876535,16.02905269381844,14.682155148030786
0.0034234375,32.69698545667224,7.729964715618404e-05,18.01453656414875,18.014459264501593
0.00342421875,32.83648549704344,4.436252833921708e-09,19.811590444633804,19.811590440197552
0.003425,32.99867156495925,2.1193242756627524e-13,21.412344550246207,21.412344550245994
0.00342578125,33.172815802552314,-3.813545768150538e-14,22.81436135007944,22.81436135007948
0.0034265625,33.347545005498965,-4.3041543270380155e-14,24.016559165699128,24.01655916569917
0.00342734375,33.41112943340368,-4.264378308411621e-14,25.01912113969187,25.01912113969191
0.003428125,33.524123552079175,52.60763770872164,26.086229343941625,-26.521408364780015
0.00342890625,33.26587882456178,52.66770595659166,27.123779876471076,-25.543926080120585
0.0034296875,33.04773745486046,52.69300043265874,28.282476470391366,-24.410523962267376
0.00343046875,32.846013443875044,52.71821356287383,29.550456827002755,-23.167756735871073
0.00343125,32.65749017095089,52.74334730029774,30.915540704351145,-21.827806595946598
0.00343203125,32.48166073419943,52.7684016071938,32.365411548499,-20.402990058694805
0.0034328125,32.31863880175225,52.793376445830674,33.88769914723862,-18.90567729859205
0.00343359375,32.168688050423526,52.81827177859671,35.47006000459609,-17.34821177400062
0.003434375,32.03207211659679,52.843087568,37.100254512209546,-15.742833055790454
0.00343515625,31.908992636080498,52.86782377666838,38.766220462058364,-14.101603314610015
0.0034359375,31.79955336401816,52.89248036734959,40.45614255338995,-12.436337813959643
0.00343671875,31.703723854915225,52.91705730291126,42.15851759955996,-10.758539703351303
0.0034375,31.621274006991406,52.941554546340946,43.86221517771431,-9.079339368626632
0.00343828125,31.55160433210335,52.96597206074625,45.55653348210586,-7.409438578640394
0.0034390625,31.493160579423286,52.99030980935484,47.23125007537304,-5.759059733981797
0.00343984375,31.44038380494862,53.01456775551453,48.87666649519848,-4.137901260316049
0.003440625,31.33855958992585,53.03874586269324,50.48362885919101,-2.5551170035022324
0.00344140625,31.7598556354278,9.650773971426371,51.85241022328334,42.20163625185697
0.0034421875,32.0642469345622,9.62189000345841,53.03673933929035,43.41484933583194
0.00344296875,32.41331325201376,9.690285620556953,53.899536143100974,44.20925052254402
0.00344375,32.731090299410646,9.75867222805397,54.448097840621884,44.689425612567916
0.00344453125,33.24326297231062,0.0019000215651090086,54.636171470720775,54.63427144915567
0.0034453125,33.68698197177277,1.0904392624576243e-07,54.49820339489055,54.49820328584663
0.00344609375,34.13286254114586,6.258127838885388e-12,54.020041053774584,54.020041053768324
0.003446875,34.57434414400035,3.5915951851884343e-16,53.2180861995435,53.2180861995435
0.00344765625,35.00809927457849,2.061248396703612e-20,52.110155767538515,52.110155767538515
0.0034484375,35.431430438221554,1.1829687739962535e-24,50.71530682532669,50.71530682532669
0.00344921875,35.8419442121412,6.789162929068475e-29,49.0536668195993,49.0536668195993
0.00345,36.23747378229704,3.896360942962948e-33,47.146263808000754,47.146263808000754
0.00345078125,36.61605422054735,2.2361561736639815e-37,45.01485767583739,45.01485767583739
0.0034515625,36.97591089849396,1.2833499016682573e-41,42.6817733535897,42.6817733535897
0.00345234375,37.31544632743583,7.365259142045113e-46,40.169737008208216,40.169737008208216
0.003453125,37.633207582312366,4.226987679584662e-50,37.501716122273734,37.501716122273734
0.00345390625,37.927772000585044,2.425905796221485e-54,34.700764294400635,34.700764294400635
0.0034546875,38.19716738397749,1.3922488964337965e-58,31.78987138701366,31.78987138701366
0.00345546875,38.43188573656343,7.99024015128802e-63,28.791817086797273,28.791817086797273
0.00345625,38.646066261927444,10.768845286412464,25.771324558259522,15.002479271847058
0.00345703125,38.74327858200648,10.918907359925143,22.737982610417536,11.819075250492393
0.0034578125,38.828850275392654,10.98701840012985,19.748804648153836,8.761786248023984
0.00345859375,38.90852260291567,11.055108191784441,16.821679464111575,5.766571272327134
0.003459375,38.023728425091065,41.063143393315904,14.065351211125762,-26.997792182190143
0.00346015625,38.44056908993136,53.61642727131856,11.529401876796996,-42.08702539452156
0.0034609375,38.097876575945804,53.63923630897594,9.324191499416486,-44.31504480955945
0.00346171875,37.72632647424717,53.66124543645945,7.486751713357435,-46.17449372310202
0.0034625,37.3380326664188,53.68317370980557,6.014420181346885,-47.66875352845869
0.00346328125,36.93793241453745,53.70502113725989,4.902318390317937,-48.802702746941954
0.0034640625,36.52962130470039,53.726787685922936,4.143474052782771,-49.583313633140165
0.00346484375,36.11624013346485,53.74847332301468,3.7289480070827494,-50.01952531593193
0.003465625,35.70068917674275,53.77007801587696,3.6479683357772927,-50.12210968009967
0.00346640625,35.2856851544171,53.79160173197348,3.888070770828101,-49.90353096114538
0.0034671875,34.87376453711915,53.81304443888992,4.435244288749246,-49.37780015014067
0.00346796875,34.467253640676546,53.83440610433396,5.274080775834115,-48.56032532849984
0.00346875,34.06818890017929,53.85568669613531,6.387927646133825,-47.46775905000148
0.00346953125,33.6781020785007,53.87688618224577,7.759042289472788,-46.11784389277298
0.0034703125,33.297288613144126,53.898004530739314,9.368747126121107,-44.52925740461821
0.00347109375,32.92102344682128,53.91904170981209,11.197583120611256,-42.721458589200836
0.003471875,32.48360829423212,53.93999768778248,13.225438764791633,-40.71455892299085
0.00347265625,32.69668058626393,0.1205732219653633,15.194662008572463,15.0740887866071
0.0034734375,32.76919719192244,6.919804325659083e-06,17.160448961570445,17.16044204176612
0.00347421875,32.90553329919458,3.9709005940315505e-10,18.94047320240624,18.940473202009148
0.003475,33.06187652690719,-2.480868057443126e-14,20.530390699581535,20.53039069958156
0.00347578125,33.230194968514475,-3.800397040914185e-14,21.927590404538403,21.927590404538442
0.0034765625,33.40207151090882,-4.868329149389929e-14,23.130785795119895,23.130785795119944
0.00347734375,33.53095294186095,-4.40592568871576e-14,24.13995408649865,24.139954086498694
0.003478125,33.68857955532098,53.694915450637886,25.16721226995694,-28.527703180680945
0.00347890625,33.38896564606829,54.124918754050796,26.151787020728552,-27.973131733322244
0.0034796875,33.147063847642244,54.14508452304738,27.273930434512167,-26.871154088535214
0.00348046875,32.92411453425333,54.16514523426284,28.522395142898176,-25.64275009136466
0.00348125,32.715064570635676,54.18512437239883,29.88442138079469,-24.30070299160414
0.00348203125,32.519152691790346,54.20502190871669,31.34703202810283,-22.857989880613857
0.0034828125,32.33652220299976,54.22483781325114,32.897122194226995,-21.327715619024147
0.00348359375,32.16755134562964,54.244572056159825,34.52154708798275,-19.72302496817707
0.003484375,32.01266169800163,54.26422460772329,36.20720687457538,-18.057017733147912
0.00348515625,31.87225661188892,54.28379543834518,37.941127962616974,-16.342667475728206
0.0034859375,31.746712931533054,54.30328451855214,39.71054031597215,-14.592744202579986
0.00348671875,31.636418160339634,54.322691818994,41.502950454310316,-12.819741364683686
0.0034875,31.541900750442586,54.34201731044372,43.30620987095766,-11.03580743948606
0.00348828125,31.46428536201016,54.36126096379745,45.10857871890992,-9.252682244887529
0.0034890625,31.40752553501381,54.38042275007458,46.89878520033918,-7.481637549735403
0.00348984375,31.404740249757403,54.39950264041782,48.66609050419202,-5.733412136225804
0.003490625,31.400052549823886,14.138939878498466,50.24209614607841,36.10315626757995
0.00349140625,31.75659382883745,13.898601326824473,51.66490510333729,37.766303776512814
0.0034921875,32.08564822024591,13.965865321863486,52.79319658376998,38.827331261906494
0.00349296875,32.41383116107716,14.033125939346515,53.630957572737714,39.597831633391195
0.00349375,32.73885587359404,14.100365424208704,54.18472469129232,40.08435926708361
0.00349453125,33.37936838308563,4.1772796474236,54.431817879489046,50.25453823206544
0.0034953125,33.57803131900775,0.0002397377914789351,54.3699955365342,54.369755798742716
0.00349609375,34.02084714911258,1.3758764917413527e-08,53.97776302258795,53.977763008829186
0.003496875,34.462561450621315,7.896277465677858e-13,53.25862912509768,53.25862912509689
0.00349765625,34.8975786892321,4.531743814886922e-17,52.23000621306251,52.23000621306251
0.0034984375,35.32281312175359,2.6008080507595102e-21,50.91058639128939,50.91058639128939
0.00349921875,35.73575322872187,1.4926268547385367e-25,49.3201711980642,49.3201711980642
0.0035,36.13416948646206,8.566318174984256e-30,47.47950228322956,47.47950228322956
0.00350078125,36.51603955944315,4.916286132874105e-34,45.41009286787079,45.41009286787079
0.0035015625,36.87951461899592,2.821500304631709e-38,43.13406095395462,43.13406095395462
0.00350234375,37.22287620646082,1.6192841006149562e-42,40.67396525199408,40.67396525199408
0.003503125,37.54441462453438,9.29321536559837e-47,38.05264472983756,38.05264472983756
0.00350390625,37.84190089408076,5.333458890789775e-51,35.29306251048314,35.29306251048314
0.0035046875,38.10808621936303,3.060919457978464e-55,32.418153332183905,32.418153332183905
0.00350546875,38.35826374342065,13.792976340937695,29.49578410564185,15.702807764704154
0.00350625,38.458365258490474,15.17316510174593,26.53874873657515,11.365583634829223
0.00350703125,38.53222661209516,15.240105219909719,23.622241991706357,8.382136771796638
0.0035078125,38.58675065895031,15.306947019555142,20.767330248212463,5.46038322865732
0.00350859375,38.62228114322334,15.37376576288959,17.99012157479605,2.616355811906457
0.003509375,38.651214081102914,15.440561353610398,15.305602790680979,-0.13495856292941966
0.00351015625,37.786425949528386,43.252986685670535,12.813010427884606,-30.43997625778593
0.0035109375,38.128448325714736,54.882934434324966,10.556570300256311,-44.326364134068655
0.00351171875,37.76748934493016,54.90037650987617,8.636705647560568,-46.2636708623156
0.0035125,37.380952375970196,54.91706945917496,7.085744466874324,-47.83132499230064
0.00351328125,36.98029141354861,54.93367966611163,5.899128909924123,-49.03455075618751
0.0035140625,36.57028345432905,54.95020714391728,5.070164657772509,-49.880042486144774
0.00351484375,36.154436952051064,54.966651867704044,4.5901513878323,-50.376500479871744
0.003515625,35.73581182086162,54.98301381270646,4.448517155319152,-50.53449665738731
0.00351640625,35.317212882896804,54.99929295428373,4.632959112595692,-50.36633384168804
0.0035171875,34.90123143473582,55.015489267919776,5.129589611595158,-49.88589965632462
0.00351796875,34.49022230311997,55.03160272922322,5.9230865849566925,-49.10851614426653
0.00351875,34.08620803409059,55.04763331392749,6.996847078563427,-48.050786235364065
0.00351953125,33.690592171854426,55.06358099789082,8.333142784108468,-46.73043821378235
0.0035203125,33.30308856333689,55.07944575709628,9.91327623969697,-45.16616951739931
0.00352109375,32.91521183486815,55.09522756765185,11.717734587420757,-43.37749298023109
0.003521875,32.30477920851195,55.110926405790394,13.726255243953354,-41.38467116183704
0.00352265625,32.77981002032935,0.010721133668456633,15.606046753132597,15.595325619464141
0.0035234375,32.88111661506168,6.152953473590172e-07,17.470256726784367,17.470256111489018
0.00352421875,33.02234729745006,3.527132314882432e-11,19.15041190821537,19.1504119081801
0.003525,33.181079677877925,-4.120512611952837e-14,20.6430550207796,20.64305502077964
0.00352578125,33.351033252453526,-3.879377140190304e-14,21.946090623472646,21.946090623472685
0.0035265625,33.52568895136988,-3.9059745045179605e-14,23.05870791392252,23.05870791392256
0.00352734375,33.68004832525988,-3.9517912600811374e-14,23.981327237500775,23.981327237500814
0.003528125,33.8718907452433,50.426417697384736,24.880453978786434,-25.5459637185983
0.00352890625,33.6107182574195,55.248202446284594,25.722489161570184,-29.52571328471441
0.0035296875,33.349604529009305,55.26334614902744,26.705005392922956,-28.558340756104485
0.00353046875,33.11063871417644,55.278130773543324,27.830027832219088,-27.448102941324237
0.00353125,32.88556306791355,55.29283213436182,29.084909158259745,-26.207922976102072
0.00353203125,32.67317682944891,55.307450225173454,30.456677263340517,-24.850772961832938
0.0035328125,32.473598070346036,55.32198502396459,31.932128836302567,-23.38985618766202
0.00353359375,32.287286620900964,55.33643650884606,33.4979218028261,-21.838514706019964
0.003534375,32.11478677844176,55.3508046580542,35.140665295366176,-20.21013936268803
0.00353515625,31.956653878384117,55.36508944995082,36.84700646828185,-18.518082981668975
0.0035359375,31.81346264937798,55.379290863023314,38.60371369209108,-16.77557717093224
0.00353671875,31.68591575152673,55.39340887588457,40.39775575178661,-14.995653124097954
0.0035375,31.57525808021743,55.40744346727314,42.21637679723756,-13.19106667003558
0.00353828125,31.485333374049322,55.42139461605319,44.04716733858656,-11.37422727746663
0.0035390625,31.44686995734962,55.43526230121453,45.87814026102287,-9.55712204019166
0.00353984375,31.408492669298937,18.310160259578623,47.55188721869017,29.241726959111546
0.003540625,31.705258244576488,18.092265362277345,49.101397873363496,31.00913251108615
0.00354140625,31.97898897734693,18.15800922345938,50.394194396198415,32.236185172739034
0.0035421875,32.25492315080395,18.223742018851855,51.431792005514154,33.2080499866623
0.00354296875,32.53467094883031,18.289447370552473,52.21806271267627,33.9286153421238
0.00354375,32.81576985454486,18.355125178675923,52.75831838625196,34.40319320757603
0.00354453125,33.08608219730454,18.420775344312588,53.059217739716615,34.63844239540403
0.0035453125,33.54197512537646,0.4740672723936922,53.064885525214784,52.590818252821094
0.00354609375,33.92414523042681,2.7207142084969816e-05,52.80251084551383,52.80248363837175
0.003546875,34.35318758561501,1.5614420643174208e-09,52.21694775306139,52.21694775149995
0.00354765625,34.77929617820649,8.961254778636751e-14,51.32325122436374,51.323251224363645
0.0035484375,35.197536750855114,5.142943759667745e-18,50.13920356096776,50.13920356096776
0.00354921875,35.60501096100227,2.9515811310443667e-22,48.68373009750085,48.68373009750085
0.00355,35.99939416453633,1.6939386429728262e-26,46.97673358155634,46.97673358155634
0.00355078125,36.37868595791633,9.721664419034018e-31,45.03892941922198,45.03892941922198
0.0035515625,36.74117493690498,5.579349610352336e-35,42.89168233119484,42.89168233119484
0.00355234375,37.0855160029711,3.202038327263293e-39,40.55684536230182,40.55684536230182
0.003553125,37.411095984832336,1.837678253794823e-43,38.05660225371165,38.05660225371165
0.00355390625,37.72030757819233,1.0546598820247992e-47,35.41331477458948,35.41331477458948
0.0035546875,38.09046641228879,6.05278679472665e-52,32.64940545083743,32.64940545083743
0.00355546875,38.063064429455906,19.33316939973401,29.896559730834532,10.563390331100521
0.00355625,38.14876525734092,19.402143385337745,27.130053338553125,7.72790995321538
0.00355703125,38.202561183842406,19.46733806913835,24.423375283510044,4.956037214371695
0.0035578125,38.23245360957184,19.53250322025911,21.791765865226886,2.2592626449677753
0.00355859375,38.24105880858853,19.59763895577063,19.249377107042516,-0.3482618487281144
0.003559375,38.2316826983525,19.66274517759205,16.809238874077252,-2.8535063035147985
0.00356015625,38.21662326682471,19.727821787674586,14.483224068405914,-5.244597719268673
0.0035609375,37.38507552041071,45.167766873177925,12.360142208170437,-32.80762466500749
0.00356171875,37.65847890204027,55.8004189862839,10.47836139426466,-45.32205759201924
0.0035625,37.290487066987964,55.812383178568965,8.927575700080347,-46.88480747848862
0.00356328125,36.90086099806893,55.8236537925176,7.735115044208015,-48.08853874830958
0.0035640625,36.50025911964875,55.83484030207126,6.89452908638404,-48.94031121568722
0.00356484375,36.09320175780614,55.84594272536246,6.39738488647734,-49.44855783888512
0.003565625,35.68301786556699,55.856961045673174,6.233402005425589,-49.623559040247585
0.00356640625,35.27259079257547,55.86789524641001,6.390590645296271,-49.47730460111374
0.0035671875,34.86452307491053,55.87874531110626,6.855394967937947,-49.02335034316831
0.00356796875,34.46114306758646,55.88951122342192,7.612840645406891,-48.27667057801503
0.00356875,34.064395751513175,55.90019296714371,8.646685554021957,-47.25350741312175
0.00356953125,33.675459360469745,55.91079052618514,9.939572460005976,-45.97121806617916
0.0035703125,33.29314632699974,55.92130388458645,11.47318222626015,-44.4481216583263
0.00357109375,32.90194296472416,55.931733026514735,13.228382431038725,-42.70335059547601
0.003571875,33.76558359002696,16.503800285994004,15.063959566399992,-1.439840719594011
0.00357265625,32.90161049930931,0.0009471677659497008,16.914313997057082,16.91336682929113
0.0035734375,33.02748980413929,5.435875648189578e-08,18.631945706653134,18.631945652294377
0.00357421875,33.183514136447336,3.0805985758952154e-12,20.163887607688338,20.163887607685258
0.003575,33.35649347409761,-4.0983394431623793e-14,21.50771810114503,21.507718101145073
0.00357578125,33.54311337283604,-4.4106009400357834e-14,22.66231038888214,22.662310388882183
0.0035765625,33.74330814015225,-3.614566614904315e-14,23.627783498394987,23.627783498395022
0.00357734375,33.9656818547356,-4.764466007843453e-14,24.405455044817455,24.4054550448175
0.003578125,34.43608497408526,-4.2179060923191783e-14,24.997877248762908,24.99787724876295
0.00357890625,33.824876436651245,56.020490966954135,25.725837045619688,-30.294653921334447
0.0035796875,33.61506386433964,56.04089027383421,26.457478571143838,-29.58341170269037
0.00358046875,33.385741153443036,56.050308254726964,27.34793942873195,-28.702368825995013
0.00358125,33.15887871043374,56.059641199483956,28.385426368177466,-27.67421483130649
0.00358203125,32.939222451333976,56.06888971939854,29.557639244791115,-26.511250474607426
0.0035828125,32.72897695946465,56.07805380057849,30.85190561725967,-25.226148183318816
0.00358359375,32.52960100895394,56.08713342922285,32.25527646586438,-23.831856963358476
0.003584375,32.342245694979006,56.09612859165789,33.75461936530483,-22.34150922635305
0.00358515625,32.167931413143485,56.10503927433705,35.336709054880444,-20.768330219456605
0.0035859375,32.007714894269924,56.113865463840995,36.98831503610009,-19.1255504277409
0.00358671875,31.86309757569671,56.12260714687765,38.69628586934495,-17.426321277532704
0.0035875,31.737912837156934,56.131264310282205,40.44763032031731,-15.683633989964896
0.00358828125,31.660425690251152,56.13983694101711,42.229603399781936,-13.91023354123517
0.0035890625,31.584172536260382,22.37199086674513,43.89708294234707,21.525092075601936
0.00358984375,31.8142208760314,22.17784138596475,45.478040900324075,23.30019951435932
0.003590625,32.02509387826083,22.241672341953624,46.849864210967475,24.60819186901385
0.00359140625,32.24017929398868,22.305484610029268,48.01175613272679,25.70627152269752
0.0035921875,32.46166486523576,22.36926328729803,48.96500846743439,26.595745180136362
0.00359296875,32.68916072304898,22.433008276860583,49.71218423108855,27.279175954227966
0.00359375,32.922203050067445,22.49671948271809,50.25705237375138,27.760332891033286
0.00359453125,33.162726895259986,22.56039680892261,50.60451754610113,28.044120737178517
0.0035953125,33.456305018947276,22.624040159577266,50.76056276984909,28.136522610271825
0.00359609375,33.73184297882999,0.014928205094184738,50.61895395090858,50.6040257458144
0.003596875,34.168024053754685,8.567429576403271e-07,50.228987252633054,50.2289863958901
0.00359765625,34.58589527636537,4.9169239760259417e-11,49.535839750191975,49.535839750142806
0.0035984375,34.99359911357089,2.821866368485312e-15,48.55578980266502,48.55578980266502
0.00359921875,35.39055746534634,1.6194941879138926e-19,47.30633429710794,47.30633429710794
0.0036,35.77510804318189,9.294421075278252e-24,45.80599023554838,45.80599023554838
0.00360078125,36.145380338993334,5.334150858290677e-28,44.074137528181495,44.074137528181495
0.0036015625,36.49942490944289,3.061316584277021e-32,42.13086220169187,42.13086220169187
0.00360234375,36.83501841884099,1.7569167948453303e-36,39.996801156264496,39.996801156264496
0.003603125,37.14840687890516,1.0083101629747242e-40,37.69298905793914,37.69298905793914
0.00360390625,37.41916594714629,5.786781637815801e-45,35.24070247941529,35.24070247941529
0.0036046875,37.677725870084465,23.20815711466968,32.752471607207255,9.544314492537575
0.00360546875,37.714140638111985,23.448258250211193,30.222591830609385,6.774333580398192
0.00360625,37.750540322131286,23.51142605582551,27.748800504376113,4.237374448550602
0.00360703125,37.770362487294186,23.574548301322665,25.34547832508498,1.770930023762314
0.0036078125,37.77180415426846,23.637635043393473,23.025495675524056,-0.6121393678694163
0.00360859375,37.75518753764892,23.70068618761304,20.800688899535068,-2.899997288077971
0.003609375,37.72171509927178,23.763701639027577,18.68182545041246,-5.081876188615114
0.00361015625,37.674098031281126,23.826681302736837,16.67857793456388,-7.148103368172958
0.0036109375,37.623390948034576,23.889625083894686,14.799508901891153,-9.090116182003532
0.00361171875,36.83977830513567,46.79530709999911,13.122387696225893,-33.672919403773214
0.0036125,37.053112857082944,56.36304627463498,11.679502174855891,-44.68354409977909
0.00361328125,36.691422004769514,56.369456498552495,10.549335237079532,-45.82012126147296
0.0036140625,36.312763115957665,56.37523310279266,9.754197031479848,-46.621036071312815
0.00361484375,35.92685595062948,56.380924775458595,9.285998099228706,-47.09492667622989
0.003615625,35.53790711478773,56.38653153946893,9.13488938956634,-47.251642149902594
0.00361640625,35.14908138129365,56.392053386381804,9.289397216121415,-47.10265617026039
0.0036171875,34.76321225824889,56.3974903078814,9.736560190003665,-46.66093011787773
0.00361796875,34.38304006503371,56.402842295779806,10.462070019224726,-45.94077227655508
0.00361875,34.01145153928763,56.40810934201703,11.450415320910011,-44.95769402110702
0.00361953125,33.652130882938216,56.41329143866101,12.685027595868384,-43.72826384279263
0.0036203125,33.31266663730779,56.41838857790759,14.14842927275356,-42.26995930515403
0.00362109375,33.04115084996148,56.42340075208057,15.822396774965526,-40.60100397711504
0.003621875,32.76234843688147,0.4274642283199477,17.468118122153918,17.04065389383397
0.00362265625,32.98283531821505,2.453255192537697e-05,19.13221809424562,19.132193561693693
0.0036234375,33.16494511892593,1.407907464412513e-09,20.610747417293776,20.610747415885868
0.00362421875,33.348482201497625,4.219655844126192e-14,21.900425410190774,21.90042541019073
0.003625,33.537859740523,-4.218178475841248e-14,23.000500702561045,23.000500702561087
0.00362578125,33.73259344224632,-4.0848373278658993e-14,23.9114520451902,23.911452045190238
0.0036265625,33.93020448937802,-4.410857839709665e-14,24.63493793430516,24.634937934305203
0.00362734375,34.12382069912439,-4.159591718945891e-14,25.173738584151675,25.173738584151717
0.003628125,34.26576088200676,-3.560727129978498e-14,25.53167777968624,25.531677779686277
0.00362890625,34.43156506438037,56.04107372573435,25.933703035498596,-30.107370690235754
0.0036296875,34.11436815202735,56.472900355503526,26.31956752183562,-30.153332833667907
0.00363046875,33.852145981689155,56.47691694556305,26.880298995490577,-29.59661795007247
0.00363125,33.60480668066467,56.48082393488883,27.60669208471335,-28.87413185017548
0.00363203125,33.36744307565711,56.484645863705694,28.48764864492408,-27.996997218781615
0.0036328125,33.13964366005885,56.48838272766662,29.51152786112687,-26.97685486653975
0.00363359375,32.92197455768018,56.49203452114401,30.666240102591658,-25.82579441855235
0.003634375,32.71531637088986,56.49560123863834,31.939340983184465,-24.55626025545388
0.00363515625,32.52076067297235,56.49908287477821,33.31812419796994,-23.180958676808277
0.0036359375,32.33987776688589,56.50247942432033,34.789712530741326,-21.712766893578998
0.00363671875,32.17636088401199,56.505790882149554,36.34114698377801,-20.164643898371544
0.0036375,32.05577329592905,56.509017243278876,37.959481070720386,-18.549536172558486
0.00363828125,31.93678425740181,26.300165242168344,39.51316905941701,13.213003817248666
0.0036390625,32.092582227805046,26.130921078614584,41.025363899858,14.894442821243416
0.00363984375,32.232220051211726,26.1924577862792,42.384358123825635,16.19190033754644
0.003640625,32.376849120340175,26.253968295553555,43.587298850534765,17.333330554981206
0.00364140625,32.52860714533826,26.315439267586346,44.6330843216933,18.31764505410696
0.0036421875,32.68721202444647,26.376870609043223,45.52165161463386,19.144781005590637
0.00364296875,32.85194406046409,26.438262227409627,46.25393693616603,19.815674708756404
0.00364375,33.0222470090578,26.499614030230937,46.83183064679787,20.332216616566935
0.00364453125,33.198784667541915,26.560925925112457,47.25812822183728,20.69720229672483
0.0036453125,33.3914518557663,26.62219781971951,47.536480535710226,20.914282715990712
0.00364609375,33.57050497446905,2.3211501063123907,47.59166816883799,45.2705180625256
0.003646875,33.970843176979535,0.00013321286749898048,47.44618961654707,47.44605640367958
0.00364765625,34.37201211467522,7.645204857299584e-09,47.01213443078215,47.01213442313694
0.0036484375,34.761535916523336,4.3876510135572646e-13,46.29699373015,46.29699373014956
0.00364921875,35.14163870042658,2.518111911466823e-17,45.31635633907825,45.31635633907825
0.00365,35.51118144064599,1.4451668054452345e-21,44.08688092244664,44.08688092244664
0.00365078125,35.86838596281444,8.293940734128094e-26,42.62614894997466,42.62614894997466
0.0036515625,36.2111525563865,4.759966298840932e-30,40.95251702442461,40.95251702442461
0.00365234375,36.53655526119178,2.731786962604009e-34,39.0849697496357,39.0849697496357
0.003653125,36.836602168778974,1.56779681630738e-38,37.04297272501766,37.04297272501766
0.00365390625,36.79435696649511,8.997725265079017e-43,34.84620853327864,34.84620853327864
0.0036546875,37.22533409149488,27.3527406069448,32.69139233235404,5.338651725409239
0.00365546875,37.24310636603173,27.4150504327379,30.509663094210413,3.0946126614725133
0.00365625,37.25263964750837,27.475752752248003,28.39416176725138,0.9184090150033768
0.00365703125,37.24712555537335,27.536413603884235,26.3560872797346,-1.1803263241496376
0.0036578125,37.225850491573574,27.59703298617405,24.40570480975405,-3.1913281764200008
0.00365859375,37.18922338902102,27.65761080783095,22.552319928955217,-5.1052908788757305
0.003659375,37.13812182312008,27.718146977625793,20.80425706648265,-6.913889911143143
0.00366015625,37.073906300822,27.778641404392218,19.168845312974646,-8.60979609141757
0.0036609375,36.99917186670026,27.8390939970267,17.6524114207352,-10.186682576291503
0.00366171875,36.9238333000935,27.899504664488738,16.260281835014705,-11.639222829474033
0.0036625,36.20375419411936,48.1252571845083,15.058872710871917,-33.06638447363638
0.00366328125,36.36619076918166,56.567238326603004,14.07441753155701,-42.49282079504599
0.0036640625,36.02350229536142,56.56805381696593,13.373966360415523,-43.194087456550406
0.00366484375,35.66843822703765,56.568299675752414,12.974987807816703,-43.59331186793571
0.003665625,35.30965289395615,56.568460315899415,12.868163814837793,-43.70029650106162
0.00366640625,34.95094436176743,56.568535764965894,13.04268608508849,-43.5258496798774
0.0036671875,34.595235192147406,56.56852602283982,13.48638616123094,-43.08213986160888
0.00366796875,34.24528687714975,56.56843108953588,14.185866371052462,-42.382564718483415
0.00366875,33.90418502836275,56.568250965197024,15.126633342311742,-41.44161762288528
0.00366953125,33.576707823680266,56.56798565009451,16.293233619590296,-40.27475203050422
0.0036703125,33.27822706453766,56.56763514462793,17.669393428749146,-38.89824171587878
0.00367109375,33.664350975503744,56.567199449325116,19.23840620051387,-37.328793248811245
0.003671875,33.043520047591336,0.0032464418498557453,20.61710069776689,20.613854255917033
0.00367265625,33.25209177961025,1.8631614043233723e-07,21.97220495666923,21.97220477035309
0.0036734375,33.450024835169806,1.0647539391870897e-11,23.134681411703216,23.13468141169257
0.00367421875,33.6510847771407,-4.467944838971033e-14,24.104728375883777,24.104728375883823
0.003675,33.856555729736094,-4.106256941003395e-14,24.883761115634147,24.88376111563419
0.00367578125,34.06547847962259,-4.403989294408148e-14,25.474349751408383,25.474349751408425
0.0036765625,34.27579759353806,-4.682958054778879e-14,25.880157979023807,25.880157979023853
0.00367734375,34.48341263646787,-4.275515706111366e-14,26.105876384214554,26.105876384214596
0.003678125,34.67342185982725,-4.3389133336529416e-14,26.15714836639856,26.1571483663986
0.00367890625,34.190640088143816,-3.92249301205974e-14,26.040244886564416,26.040244886564455
0.0036796875,34.726552664624926,56.55353862827875,26.128092433659617,-30.425446194619134
0.00368046875,34.44517792908023,56.55532647943602,26.244115675960977,-30.311210803475042
0.00368125,34.186398065903084,56.55378360894473,26.547806874299564,-30.005976734645163
0.00368203125,33.9363092881834,56.552155383212344,27.02985441631,-29.522300966902346
0.0036828125,33.693348258713456,56.55044199094529,27.68017674526088,-28.870265245684408
0.00368359375,33.4579815330045,56.548643434734565,28.488021808321186,-28.06062162641338
0.003684375,33.23131753058035,56.54675971728879,29.442061069210368,-27.104698648078426
0.00368515625,33.01503873854032,56.5447908414448,30.530484012015386,-26.014306829429415
0.0036859375,32.8127465770073,56.54273681016768,31.741092608029476,-24.801644202138206
0.00368671875,32.64722573534639,56.54059762655079,33.06140168877599,-23.479195937774804
0.0036875,32.48260373656871,30.07121542594347,34.37474634610174,4.303530920158269
0.00368828125,32.55863923695207,29.927887689324052,35.69977308473939,5.771885395415339
0.0036890625,32.62073934740844,29.98676251198382,36.9367304581929,6.949967946209077
0.00368984375,32.687790062944124,30.045603782292403,38.08104196567362,8.03543818338122
0.003690625,32.76199128562469,30.10439980513082,39.129467428987375,9.025067623856552
0.00369140625,32.84337961876991,30.163150491287226,40.079501083952266,9.916350592665037
0.0036921875,32.93152316765734,30.221855752284107,40.9293592261098,10.707503473825694
0.00369296875,33.02590513515497,30.280515499712394,41.677963284135295,11.397447784422901
0.00369375,33.12616084143527,30.33912964523158,42.32491903390232,11.985789388670739
0.00369453125,33.23260755340593,30.397698100569805,42.87049242500665,12.47279432443685
0.0036953125,33.349016766285295,30.45622077752403,43.3155831809735,12.859362403449467
0.00369609375,33.538049938974346,30.51469758796022,43.66171896037268,13.147021372412462
0.003696875,33.704875614169076,0.02013025127317939,43.75843557447323,43.73830532320005
0.00369765625,34.09163263705786,1.1552930111165879e-06,43.66433408818713,43.66433293289412
0.0036984375,34.45801879248423,6.630329266247795e-11,43.29706448715725,43.29706448709095
0.00369921875,34.816015847819806,3.805204892252707e-15,42.66964493706013,42.66964493706012
0.0037,35.165720510012214,2.1838409060215734e-19,41.796284240495936,41.796284240495936
0.00370078125,35.50554812840583,1.2533257046218478e-23,40.6921915553706,40.6921915553706
0.0037015625,35.83309860654295,7.192947606826875e-28,39.37344091991662,39.37344091991662
0.00370234375,36.14372350016023,4.128096558122293e-32,37.85683464224712,37.85683464224712
0.003703125,36.410458202929995,2.369151302729805e-36,36.15975906354696,36.15975906354696
0.00370390625,36.67400067120436,30.861563131239315,34.4212734110377,3.5597102797983897
0.0037046875,36.655026801515696,31.15487666807023,32.623464126956776,1.4685874588865488
0.00370546875,36.64900644584077,31.212809737882267,30.88643804357368,-0.3263716943085882
0.00370625,36.63366580861514,31.270682295765432,29.219849557290864,-2.0508327384745684
0.00370703125,36.606216307350586,31.328507759791073,27.631864257010843,-3.6966435027802294
0.0037078125,36.56646131788292,31.386286043650156,26.129828826556658,-5.256457217093499
0.00370859375,36.51485648117234,31.44401706032967,24.720255930701324,-6.723761129628348
0.003709375,36.45214088104681,31.501700722887747,23.40881556254722,-8.092885160340527
0.00371015625,36.379274244636605,31.559336944453854,22.200332198394694,-9.35900474605916
0.0037109375,36.29756025037894,31.616925638228857,21.09878750689952,-10.518138131329335
0.00371171875,36.209327016234354,31.674466717485256,20.10732854630986,-11.567138171175396
0.0037125,36.123178586628455,31.731960095567178,19.22828298960126,-12.503677105965918
0.00371328125,35.48465951005594,49.149159440252674,18.516623178781206,-30.63253626147147
0.0037140625,35.608632527408716,56.41169660296325,17.992749188247785,-38.41894741471546
0.00371484375,35.30053985005959,56.40691217374099,17.712291030404998,-38.69462114333599
0.003715625,34.984632208883724,56.40162572355911,17.6882504560638,-38.71337526749531
0.00371640625,34.6684161271938,56.39625430961199,17.910667510985263,-38.48558679862673
0.0037171875,34.35529598146138,56.3907979639237,18.3684075464924,-38.0223904174313
0.00371796875,34.04815202003823,56.38525669471278,19.049280618682644,-37.335976076030136
0.00371875,33.75049460939234,56.379630510324276,19.940160785858147,-36.43946972446613
0.00371953125,33.46969477887649,56.373919419231136,21.027107606493082,-35.34681181273805
0.0037203125,33.25358610024289,56.36812343003413,22.295503054135153,-34.07262037589898
0.00372109375,33.026778491448304,0.42700452580719717,23.51043923303603,23.083434707228832
0.003721875,33.295157678553885,2.4506169190010677e-05,24.72217906720721,24.72215456103802
0.00372265625,33.521499465359305,1.4063916901205606e-09,25.730682031567387,25.730682030160995
0.0037234375,33.7455379978767,3.582985628545379e-14,26.536344301824684,26.53634430182465
0.00372421875,33.97178470464707,-4.1548128636994326e-14,27.14203426668067,27.142034266680714
0.003725,34.20014747072104,-4.263201469130917e-14,27.551773994333516,27.55177399433356
0.00372578125,34.42939600364296,-4.5125422048015575e-14,27.770669645255538,27.770669645255584
0.0037265625,34.6576797573214,-4.107787740475601e-14,27.80483665387946,27.8048366538795
0.00372734375,34.88210541136399,-4.5886499143672365e-14,27.66132105482623,27.661321054826278
0.003728125,35.09572193500181,-4.297985969660028e-14,27.348016841553434,27.348016841553477
0.00372890625,35.251043181357616,-4.37917476342709e-14,26.87356613401131,26.87356613401135
0.0037296875,35.42357088109486,55.86547724472409,26.46673274507573,-29.39874449964836
0.00373046875,35.10817684512945,56.28502951321228,26.071600190873525,-30.213429322338754
0.00373125,34.84149654915322,56.27807039962663,25.882414786778703,-30.395655612847925
0.00373203125,34.583872510611464,56.271002059281436,25.89343183565491,-30.377570223626527
0.0037328125,34.33079877468771,56.26384897441956,26.09666241636907,-30.16718655805049
0.00373359375,34.0823900278373,56.25661115721786,26.48321395860951,-29.77339719860835
0.003734375,33.84011082587897,56.24928861857643,27.043380973956403,-29.205907644620027
0.00373515625,33.60732554413922,56.24188136952288,27.766738859628692,-28.475142509894187
0.0037359375,33.40385405030661,56.2343894212124,28.64224485282621,-27.59214456838619
0.00373671875,33.19948092459793,33.66261215993344,29.569680806645636,-4.092931353287804
0.0037375,33.1991073353284,33.54605712831919,30.56390274330108,-2.982154385018109
0.00373828125,33.18603507418343,33.601918332103466,31.538493339679214,-2.063424992424254
0.0037390625,33.176804836422825,33.65773883002639,32.48791359088467,-1.1698252391417157
0.00373984375,33.1737148604335,33.71350864057092,33.40748689634835,-0.30602174422257067
0.003740625,33.17719680757711,33.76922767918073,34.29290881200641,0.5236811328256777
0.00374140625,33.187248745480325,33.82489586194396,35.140260249306905,1.3153643873629506
0.0037421875,33.20373457677484,33.88051310502531,35.946017295958775,2.065504190933467
0.00374296875,33.226503476173036,33.93607932466624,36.707058074284234,2.7709787496179956
0.00374375,33.25551160154191,33.991594437184986,37.420666784193955,3.429072347008972
0.00374453125,33.291116235368186,34.0470583589768,38.08453509063582,4.0374767316590185
0.0037453125,33.33529072593933,34.10247100651404,38.696761287085884,4.594290280571847
0.00374609375,33.401845030848634,34.15783229634623,39.25585096823719,5.098018671890961
0.003746875,33.45364963616337,2.976652945110079,39.65856131475361,36.68190836964353
0.00374765625,33.793004780201926,0.0001708327579888246,39.926487388061936,39.92631655530395
0.0037484375,34.138161898669814,9.804243806793225e-09,39.93913765227897,39.939137642474726
0.00374921875,34.474171631420624,5.626742654902956e-13,39.69799474434936,39.6979947443488
0.00375,34.80501583913923,3.229237616731586e-17,39.214568819585956,39.214568819585956
0.00375078125,35.13064006757802,1.853288167751497e-21,38.501452902000494,38.501452902000494
0.0037515625,35.45118301930806,1.0636185503760008e-25,37.57220164597652,37.57220164597652
0.00375234375,35.77167908196323,6.104201388586412e-30,36.441209642981136,36.441209642981136
0.003753125,36.23148333822413,3.503255427356734e-34,35.123643868733154,35.123643868733154
0.00375390625,36.00706404937998,34.70185967192589,33.83166346536197,-0.8701962065639179
0.0037546875,36.01591015016515,34.76339269985239,32.49719525975089,-2.2661974401015015
0.00375546875,35.997132405096124,34.81813160330648,31.229607433934557,-3.5885241693719254
0.00375625,35.96416754657339,34.87281768436738,30.034680585139434,-4.838137099227942
0.00375703125,35.91988857632899,34.927451247572826,28.917483592772083,-6.009967654800743
0.0037578125,35.86568949880725,34.98203221066794,27.88239213788307,-7.09964007278487
0.00375859375,35.80259278246967,35.036560491454765,26.933088648542775,-8.10347184291199
0.003759375,35.73151375254609,35.09103600781465,26.072566311185387,-9.018469696629264
0.00376015625,35.6533574173374,35.14545867770848,25.303137229571533,-9.842321448136948
0.0037609375,35.56909176854121,35.1998284191767,24.626444574570154,-10.573383844606543
0.00376171875,35.47989800599179,35.25414515033944,24.043478534258384,-11.210666616081058
0.0037625,35.38775634480909,35.308408789396715,23.55459597445062,-11.753812814946096
0.00376328125,35.29982236046786,35.36261925462845,23.159545049092266,-12.203074205536184
0.0037640625,34.75473860053494,49.86050246177549,22.901959570456935,-26.958542891318555
0.00376484375,34.84646118421145,55.897410255973526,22.79674845367174,-33.10066180230179
0.003765625,34.580884811722434,55.88705633327206,22.888253294170717,-32.99880303910134
0.00376640625,34.31068831833485,55.87627119278058,23.185421493207592,-32.690849699572986
0.0037671875,34.04148383612281,55.8654018837168,23.678215913897702,-32.1871859698191
0.00376796875,33.774732659969686,55.85444844236626,24.35575026589375,-31.498698176472512
0.00376875,33.508971435310876,55.84341088522577,25.206392903020937,-30.637017982204835
0.00376953125,33.22831197853164,55.8322892289177,26.21786469825943,-29.614424530658273
0.0037703125,34.193276996884286,16.468898921582174,27.256186353165262,10.787287431583088
0.00377109375,33.427381975275416,0.0009451647456333725,28.262984925573576,28.262039760827943
0.003771875,33.64176568729618,5.4243800365755214e-08,29.098155436299976,29.098155382056177
0.00377265625,33.878327034446365,3.070389288895753e-12,29.715957017078626,29.715957017075556
0.0037734375,34.12335531486589,-3.915680862387906e-14,30.121010988248887,30.121010988248926
0.00377421875,34.372604103410275,-4.263789959161141e-14,30.319112573364524,30.319112573364567
0.003775,34.62361817063152,-3.677663156495209e-14,30.317142311382394,30.31714231138243
0.00377578125,34.87458841024536,-3.96105492433078e-14,30.1229792934681,30.122979293468138
0.0037765625,35.12414893984476,-3.9961427517938987e-14,29.745411854236973,29.745411854237013
0.00377734375,35.37156469074397,-3.5605432706208176e-14,29.194046173699764,29.1940461736998
0.003778125,35.6177704668359,-3.667503481851546e-14,28.479213666648587,28.479213666648622
0.00377890625,35.87192545546253,-4.0486658636248154e-14,27.61187989477823,27.61187989477827
0.0037796875,36.35899236648448,-4.334283169801355e-14,26.603641142849487,26.60364114284953
0.00378046875,35.758249966925824,55.65693406857771,25.78165977111217,-29.87527429746554
0.00378125,35.54401389378306,55.65538355311697,25.02259227454755,-30.63279127856942
0.00378203125,35.29871316931444,55.642919295612565,24.487587441646752,-31.155331853965812
0.0037828125,35.04497092182846,55.630370619338194,24.171188060288355,-31.45918255904984
0.00378359375,34.78864413361144,55.617738164695375,24.066727314992626,-31.55101084970275
0.003784375,34.534436482455504,55.605021950744,24.166455524837385,-31.438566425906618
0.00378515625,34.29979475039456,55.592221996634464,24.461638031958785,-31.13058396467568
0.0037859375,34.06071070418039,37.052899483556985,24.869859115105776,-12.183040368451211
0.00378671875,33.98621961644426,36.963813487748766,25.40280665853684,-11.561006829211927
0.0037875,33.89895031192971,37.01632734294871,25.988576327551527,-11.027751015397184
0.00378828125,33.813093531509196,37.06879358196472,26.62131149517745,-10.44748208678727
0.0037890625,33.73109934725587,37.12120399651406,27.295486197705237,-9.825717798808824
0.00378984375,33.65384078058526,37.173558507201086,28.0055280049222,-9.168030502278885
0.003790625,33.58178280855599,37.2258570351808,28.745855622411213,-8.480001412769587
0.00379140625,33.515209389985436,37.278099501692566,29.510914725369833,-7.7671847763227335
0.0037921875,33.454279857932605,37.33028582806019,30.295212144397517,-7.035073683662674
0.00379296875,33.39902750096899,37.382415935691974,31.093348295318705,-6.2890676403732675
0.00379375,33.34930436488847,37.43448974608095,31.900047716623476,-5.534442029457472
0.00379453125,33.30459393201462,37.48650718080489,32.710187559459875,-4.776319621345016
0.0037953125,33.263287135062136,37.53846816152648,33.518823747869334,-4.019644413657147
0.00379609375,33.21824165035292,37.590372609993416,34.32121330428104,-3.2691593057123756
0.003796875,33.01638675703167,37.64222044803854,35.112774936177594,-2.529445511860951
0.00379765625,33.550493738399744,0.0073238178863366055,35.675867553392294,35.668543735505956
0.0037984375,33.822397053188546,4.2032041746287537e-07,36.098006641840804,36.098006221520386
0.00379921875,34.11383905105021,2.412256231353895e-11,36.27464231463369,36.274642314609565
0.0038,34.408564964258034,1.3844152898472158e-15,36.2142809370114,36.2142809370114
0.00380078125,34.70143539981509,7.945282386884097e-20,35.92662251106389,35.92662251106389
0.0038015625,34.98722592247075,4.5598681746932605e-24,35.422426985763366,35.422426985763366
0.00380234375,35.24807212244622,2.6169488708046543e-28,34.71339875008467,34.71339875008467
0.003803125,35.52306872360925,34.743832393928464,33.9256941818349,-0.8181382120935652
0.00380390625,35.473891189914774,38.10610063785891,33.047726257070394,-5.058374380788514
0.0038046875,35.41209655647025,38.15756810871663,32.22699664806629,-5.930571460650345
0.00380546875,35.352619555819224,38.20878810846107,31.476211613045226,-6.732576495415846
0.00380625,35.28959331746895,38.25995055555649,30.79770522534509,-7.462245330211404
0.00380703125,35.22209998588186,38.31105538385718,30.193262421564413,-8.117792962292768
0.0038078125,35.15021373757521,38.362102516400824,29.664128269043516,-8.697974247357307
0.00380859375,35.07432228392118,38.413091876311384,29.211021029931963,-9.202070846379419
0.003809375,34.994942022568544,38.46402338679976,28.834148247577552,-9.629875139222209
0.00381015625,34.912655391578035,38.51489697116408,28.533225487981547,-9.98167148318253
0.0038109375,34.82809361730712,38.56571255278955,28.307497482872474,-10.258215069917075
0.00381171875,34.74195546250376,38.61647005514891,28.155761442912933,-10.460708612235974
0.0038125,34.65510677195706,38.66716940180225,28.076392328465104,-10.590777073337145
0.00381328125,34.56903229142599,38.717810516397265,28.067369962899882,-10.650440553497383
0.0038140625,34.48928990271139,38.76839332266939,28.12630893707354,-10.64208438559585
0.00381484375,34.05046765957298,50.25476253325723,28.28569637629873,-21.969066156958498
0.003815625,34.11856976972711,55.027649838957956,28.55534555898792,-26.472304279970036
0.00381640625,33.90612654335489,55.011792267528,28.96853506132664,-26.04325720620136
0.0038171875,33.69164303379366,54.99557702376465,29.53062150364208,-25.464955520122572
0.00381796875,33.47744233601401,54.97927894188369,30.2320837849335,-24.74719515695019
0.00381875,33.25503403271202,54.96289806220134,31.06288526724082,-23.90001279496052
0.00381953125,32.802507181271146,54.94643440938781,32.012469497258536,-22.933964912129273
0.0038203125,33.42308864906101,0.010688352897352364,32.75898446485075,32.748296111953394
0.00382109375,33.66187815492136,6.134140384569705e-07,33.42522448182461,33.42522386841057
0.003821875,33.93090319561567,3.5160955213675234e-11,33.85332699365423,33.85332699361907
0.00382265625,34.20793350507125,-3.7645072061975065e-14,34.04990206571961,34.04990206571964
0.0038234375,34.48761143946977,-3.939017764687193e-14,34.02280511075603,34.022805110756074
0.00382421875,34.76706854493428,-3.755204910865383e-14,33.781002154900335,33.78100215490037
0.003825,35.04419004566844,-3.4788526320231145e-14,33.334468618191565,33.3344686181916
0.00382578125,35.31723084364287,-4.020516468593548e-14,32.694086208317735,32.69408620831778
0.0038265625,35.58473810051006,-3.689117791287545e-14,31.871538244207166,31.8715382442072
0.00382734375,35.845628896670036,-3.980177786045318e-14,30.87920407779528,30.87920407779532
0.003828125,36.09955041099813,-3.9696331746660136e-14,29.730053379246062,29.7300533792461
0.00382890625,36.348434719337654,-4.094747175167755e-14,28.437541372465674,28.437541372465716
0.0038296875,36.60818849617485,-4.173576551880428e-14,27.015509672806505,27.015509672806548
0.00383046875,35.64372872870528,38.566732105329685,25.59682115562571,-12.969910949703973
0.00383125,36.37239587178621,54.688637678096434,24.23996330623754,-30.448674371858893
0.00383203125,36.13731546633878,54.67177937824668,23.083285048643525,-31.588494329603158
0.0038328125,35.877434366924454,54.65391253041013,22.172389645880486,-32.481522884529646
0.00383359375,35.605309239988905,54.63596332161283,21.50328328365147,-33.13268003796136
0.003834375,35.317149254601105,54.617931832039105,21.070585809625967,-33.54734602241314
0.00383515625,35.17080527664333,40.48448565337236,20.817630749002497,-19.666854904369863
0.0038359375,34.966361278732634,40.16075325532241,20.75128233175103,-19.40947092357138
0.00383671875,34.801310581153906,40.2095909565984,20.81176879648552,-19.397822160112877
0.0038375,34.63963899432593,40.258389488557285,20.99295536450231,-19.265434124054973
0.00383828125,34.480392602028125,40.30712739333647,21.289255716652494,-19.017871676683978
0.0038390625,34.32401867113008,40.355804596310314,21.694573378948444,-18.66123121736187
0.00383984375,34.17120667312903,40.40442102417177,22.2023599312643,-18.202061092907467
0.003840625,34.02267250736399,40.452976603705345,22.80567422262374,-17.647302381081605
0.00384140625,33.879092123410324,40.501471261787245,23.497241807554484,-17.00422945423276
0.0038421875,33.741067488008284,40.54990492538534,24.269514171463904,-16.280390753921438
0.00384296875,33.60909201117999,40.59827752155946,25.114727364253444,-15.483550157306016
0.00384375,33.483487709574895,40.646588977461334,26.02495968143255,-14.621629296028786
0.00384453125,33.36424397550712,40.69483922033474,26.99218803284664,-13.702651187488101
0.0038453125,33.25046646823763,40.743028177515775,28.008342562010363,-12.734685615505413
0.00384609375,33.1375145228299,40.79115577643267,29.065358374335748,-11.72579740209692
0.003846875,32.97462483012966,40.83922194460614,30.155207438063528,-10.68401450654261
0.00384765625,33.30005013645478,0.0913157673345556,31.090350163905107,30.99903439657055
0.0038484375,33.51371630354716,5.240693043256697e-06,31.920533817719264,31.92052857702622
0.00384921875,33.76974760492541,3.0076803136325305e-10,32.51590983473937,32.5159098344386
0.00385,34.034223447559164,1.7261344624357505e-14,32.88166275900272,32.88166275900271
0.00385078125,34.300391233433096,9.906439088301288e-19,33.02449956077212,33.02449956077212
0.0038515625,34.561263101958154,5.685393435210236e-23,32.952276954854135,32.952276954854135
0.00385234375,34.78087456848415,3.262897820802567e-27,32.67389352258148,32.67389352258148
0.003853125,35.01327144016084,40.90943022958132,32.359887323682116,-8.549542905899198
0.00385390625,34.88798162642187,41.26902324976332,31.97299860869549,-9.29602464106783
0.0038546875,34.796792366271575,41.31648905526757,31.659458863107716,-9.657030192159853
0.00385546875,34.70996967529882,41.36387472919461,31.41954971297063,-9.944325016223985
0.00385625,34.62352475174437,41.411198108845994,31.252196251191016,-10.159001857654976
0.00385703125,34.53680724437604,41.45845912398137,31.155906560408056,-10.302552563573313
0.0038578125,34.449922409327144,41.505657703426536,31.128796609155618,-10.376861094270918
0.00385859375,34.3632173194883,41.552793776101296,31.168617415393136,-10.384176360708159
0.003859375,34.27712979581074,41.59986727101957,31.272783599954245,-10.327083671065324
0.00386015625,34.19213376042904,41.64687811728953,31.438402988990845,-10.208475128298687
0.0038609375,34.10871931461632,41.69382624411367,31.66230701204897,-10.031519232064703
0.00386171875,34.02739217422495,41.74071158078904,31.941081665829255,-9.799629914959784
0.0038625,33.9486967416878,41.78753405670708,32.27109882734479,-9.51643522936229
0.00386328125,33.873300556843795,41.83429360135402,32.648547721328455,-9.185745880025562
0.0038640625,33.80234371524863,41.880990144310836,33.069466427907386,-8.811523716403448
0.00386484375,33.73999997755666,41.92762361525337,33.529774105556385,-8.39784950969698
0.003865625,33.419566025122336,50.329432396640364,34.051025408021985,-16.278406988618382
0.00386640625,33.474467758063675,53.80794650754555,34.638291767905656,-19.169654739639896
0.0038671875,33.330980336938524,53.78668613204933,35.31398658632264,-18.472699545726694
0.00386796875,33.198454888965706,53.76514390425829,36.08024362371734,-17.68490028054095
0.00386875,33.124232944016015,53.74352069560517,36.928527193288915,-16.81499350231626
0.00386953125,33.036184835034156,0.40706144233471,37.64069187093789,37.233630428603185
0.0038703125,33.4160989690402,2.3361617909749008e-05,38.2707927408248,38.27076937920689
0.00387109375,33.75127763405314,1.3407109740175587e-09,38.63454551724328,38.63454551590257
0.003871875,34.079125818884016,3.6140831237989206e-14,38.73897289177244,38.738972891772406
0.00387265625,34.40354795649998,-3.9325699664350185e-14,38.59361134630842,38.593611346308464
0.0038734375,34.72417584970644,-3.947435317720367e-14,38.20920490505643,38.209204905056474
0.00387421875,35.039746708553956,-3.1549060387746656e-14,37.59759077286958,37.59759077286961
0.003875,35.348785294778644,-3.8247154975370054e-14,36.77158154827979,36.771581548279826
0.00387578125,35.649819156854704,-3.942328708019477e-14,35.744845697973226,35.74484569797327
0.0038765625,35.94148254206585,-3.839192429841152e-14,34.531787260062394,34.53178726006243
0.00387734375,36.22261139240963,-3.794752190808507e-14,33.1474256111664,33.14742561116643
0.003878125,36.492418045453626,-3.4385971732297715e-14,31.6072760959826,31.607276095982634
0.00387890625,36.75100930846716,-4.023134376379682e-14,29.927232360726613,29.927232360726652
0.0038796875,37.00172627150806,-3.472610793654644e-14,28.123451734181618,28.123451734181653
0.00388046875,37.27413570093377,-2.842162894188014e-14,26.21225274387431,26.212252743874338
0.00388125,36.995592050564895,52.01546787460073,24.394219328593074,-27.621248546007656
0.00388203125,36.90950192536209,53.363491178311314,22.63237198668014,-30.731119191631173
0.0038828125,36.66187064333484,53.34049489195202,21.130712231434778,-32.20978266051724
0.00388359375,36.38566172254385,53.31733959635085,19.892335345060452,-33.425004251290396
0.003884375,36.19968320991532,43.335882365872294,18.879322379117966,-24.45655998675433
0.00388515625,35.96523777818427,43.11774257024816,18.09796145785386,-25.019781112394302
0.0038859375,35.75242674203685,43.162631763787104,17.506808760705884,-25.65582300308122
0.00388671875,35.536897402136155,43.207471054376754,17.10166109995067,-26.105809954426082
0.0038875,35.318926735883245,43.25224527616241,16.878058114511077,-26.374187161651335
0.00388828125,35.09972029276756,43.29695436084835,16.830563479047864,-26.46639088180049
0.0038890625,34.88061599400108,43.34159824110355,16.952837402936407,-26.38876083816714
0.00388984375,34.66293973241502,43.38617684969505,17.23771230563767,-26.148464544057376
0.003890625,34.44796125942525,43.43069011948829,17.677270805685822,-25.753419313802468
0.00389140625,34.23687192923628,43.4751379834471,18.26292540667101,-25.21221257677609
0.0038921875,34.03076505651943,43.519520374633785,18.985499300327934,-24.53402107430585
0.00389296875,33.83060815558235,43.56383722620929,19.83530772572169,-23.728529500487596
0.00389375,33.6371889890687,43.60808847143321,20.802239338559758,-22.805849132873455
0.00389453125,33.45098227726412,43.65227404366399,21.87583705019386,-21.776436993470135
0.0038953125,33.271727004210454,43.69639387635897,23.04537774989691,-20.651016126462057
0.00389609375,33.09650210389423,43.740447903074426,24.299949903684652,-19.440497999389773
0.003896875,32.900844031567736,43.78443605746586,25.62852165976686,-18.155914397699
0.00389765625,33.15472187015621,1.1250145679037902,26.868785123409296,25.743770555505506
0.0038984375,33.24757058267203,6.456558589684794e-05,28.053162038342958,28.05309747275706
0.00389921875,33.46916407335967,3.7054763566046137e-09,29.016303025533045,29.016303021827568
0.0039,33.704946633941596,2.1266058130862744e-13,29.757556335517734,29.75755633551752
0.00390078125,33.94550713235109,1.2204779761154188e-17,30.28094211410149,30.28094211410149
0.0039015625,34.18092999112518,7.004431573621201e-22,30.59170382759992,30.59170382759992
0.00390234375,34.31723817928292,4.0199055312491646e-26,30.696189550738225,30.696189550738225
0.003903125,34.488568206454566,44.104882634526795,30.8220638407932,-13.282818793733597
0.00390390625,34.3421862218822,44.177352625847966,30.896701789101193,-13.280650836746773
0.0039046875,34.222577171257576,44.22068009871394,31.05260841430174,-13.168071684412201
0.00390546875,34.10976458620612,44.26393930733804,31.2859489816327,-12.977990325705344
0.00390625,34.00097991939446,44.30713185517373,31.592471950717346,-12.714659904456381
0.00390703125,33.89577773678722,44.35025767726957,31.9676293306888,-12.382628346580766
0.0039078125,33.79428475938348,44.39331670867883,32.40661649526884,-11.986700213409987
0.00390859375,33.69680617630862,44.43630888455542,32.90441258869931,-11.531896295856113
0.003909375,33.60370207914457,44.4792341401539,33.45582082115571,-11.02341331899819
0.00391015625,33.515340756195634,44.522092410829586,34.05550832599094,-10.466584084838644
0.0039109375,33.43208019360717,44.564883632038736,34.6980453240032,-9.866838308035533
0.00391171875,33.35426349033494,44.60760773933849,35.37794336801422,-9.229664371324267
0.0039125,33.28222570589022,44.650264668387166,36.08969246059694,-8.560572207790221
0.00391328125,33.216318899816244,44.69285435494415,36.827796857080266,-7.865057497863887
0.0039140625,33.15698505015197,44.73537673487019,37.586809391950446,-7.1485673429197405
0.00391484375,33.10501937643578,44.7778317441273,38.36136423321882,-6.416467510908472
0.003915625,33.06328917000377,44.82021931877905,39.14620848846653,-5.674010830312525
0.00391640625,32.86596827827612,50.08403719628987,39.95230705400367,-10.1317301422862
0.0039171875,32.91215499820048,52.246056844831216,40.78041771009093,-11.465639134740282
0.00391796875,32.86388076271743,52.21952886853082,41.64239151445021,-10.577137354080614
0.00391875,32.792048327596206,4.543358147820109,42.38172655017678,37.83836840235667
0.00391953125,33.16048497278872,0.0002607473619244958,43.02580140155091,43.02554065418898
0.0039203125,33.53984826031259,1.4964496692440653e-08,43.384613573788855,43.384613558824356
0.00392109375,33.90806255272772,8.197956315152945e-13,43.45416903987774,43.45416903987692
0.003921875,34.271686663164836,-2.7661688105431378e-14,43.24540276519662,43.24540276519665
0.00392265625,34.63059875632298,-3.7751878688718894e-14,42.77058295906379,42.77058295906382
0.0039234375,34.983442339766796,-2.968956149659924e-14,42.043182230154684,42.04318223015471
0.00392421875,35.32856848006494,-4.217880849114912e-14,41.07774515668697,41.077745156687016
0.003925,35.664301167661556,-2.1671904160288296e-14,39.88975399848045,39.88975399848047
0.00392578125,35.989040902760195,-4.870506174247096e-14,38.49549367886707,38.49549367886712
0.0039265625,36.30132239450312,-4.5998994194597967e-14,36.91191696762102,36.91191696762106
0.00392734375,36.59986793653096,-2.7618707792210742e-14,35.1565107290598,35.156510729059825
0.003928125,36.883673533191505,-4.191361463006945e-14,33.247164057868375,33.24716405786842
0.00392890625,37.15221830279773,-3.105495158473609e-14,31.20203910532787,31.202039105327902
0.0039296875,37.4061684968563,-4.1747738419164336e-14,29.039445476386916,29.03944547638696
0.00393046875,37.65101496810381,-3.005640838585637e-14,26.777719950406706,26.777719950406734
0.00393125,37.95077061244229,-2.807333288230218e-14,24.435133261664046,24.435133261664074
0.00393203125,37.62446428672568,51.61070870401004,22.257021738317817,-29.35368696569222
0.0039328125,37.433871581755675,51.698208736862036,20.187965839710888,-31.510242897151148
0.00393359375,37.177153691568094,46.29084948625562,18.38213182296123,-27.908717663294386
0.003934375,36.94890135339107,45.81715581006755,16.844174074516634,-28.972981735550913
0.00393515625,36.7072559271873,45.857807514561074,15.55194384803081,-30.305863666530264
0.0039359375,36.453340603899996,45.8984196807237,14.502768408469848,-31.39565127225385
0.00393671875,36.1906975305043,45.93896272639012,13.694002902545428,-32.244959823844695
0.0039375,35.92179569180648,45.97943658880898,13.121581031128812,-32.85785555768017
0.00393828125,35.64879680456447,46.01984120702729,12.780096948075602,-33.23974425895169
0.0039390625,35.37371178974288,46.06017652019642,12.662892279760356,-33.397284240436065
0.00393984375,35.09844774878313,46.1004424675721,12.762147623027644,-33.33829484454446
0.003940625,34.824824836606076,46.14063898851458,13.068977796593288,-33.071661191921294
0.00394140625,34.55458443907682,46.18076602248859,13.57353010278922,-32.60723591969937
0.0039421875,34.28939789756577,46.22082350906358,14.265084861931673,-31.955738647131906
0.00394296875,34.030884279574614,46.26081138791365,15.13215749608749,-31.128653891826158
0.00394375,33.7806538322276,46.3007295988178,16.162601461397568,-30.138128137420235
0.00394453125,33.5404255393447,46.34057808165994,17.343711364664873,-28.99686671699507
0.0039453125,33.31240343942022,46.380356776428954,18.662325686175738,-27.718031090253216
0.00394609375,33.10091543941203,46.42006562321886,20.104928924090263,-26.315136699128598
0.003946875,32.926300128865705,46.459704562228836,21.657757482145982,-24.801947080082854
0.00394765625,32.73944485893108,4.046360432113644,23.16806711446002,19.121706682346375
0.0039484375,32.95271179206701,0.0002322242213592229,24.652346654622814,24.652114430401454
0.00394921875,33.18441180891241,1.3327554450636924e-08,25.93343736927993,25.933437355952375
0.00395,33.41586975834618,7.648801946457154e-13,26.99968430221562,26.999684302214856
0.00395078125,33.65517984619153,4.3897154149935466e-17,27.85277615697263,27.85277615697263
0.0039515625,33.911245763520235,2.5192966897982554e-21,28.495688435313912,28.495688435313912
0.00395234375,34.37290163498306,1.4458467602592358e-25,28.93269164606305,28.93269164606305
0.003953125,33.93046943026269,46.765199879808925,29.433917693888514,-17.33128218592041
0.00395390625,33.8212271416187,46.8132988264546,29.892056565888428,-16.92124226056617
0.0039546875,33.693607795655595,46.85223594361645,30.439506546821267,-16.412729396795182
0.00395546875,33.56566096992047,46.891101980398204,31.069563536614567,-15.821538443783638
0.00395625,33.44105869089302,46.92989739999785,31.77523129176334,-15.154666108234508
0.00395703125,33.3213533557385,46.96862214402015,32.54930786968446,-14.41931427433569
0.0039578125,33.207474359258235,47.007276154146325,33.384439983042725,-13.6228361711036
0.00395859375,33.10008138147103,47.04585937216413,34.27317572489016,-12.772683647273974
0.003959375,32.99967762811035,47.084371739967935,35.20801575082062,-11.876355989147314
0.00396015625,32.90665298365318,47.12281319955882,36.18146272148249,-10.941350478076329
0.0039609375,32.821301310353384,47.16118369304463,37.18606877780804,-9.975114915236588
0.00396171875,32.743825258303154,47.1994831626401,38.21448083045742,-8.98500233218268
0.0039625,32.67433139479095,47.23771155066693,39.25948346314762,-7.978228087519316
0.00396328125,32.612811480118026,47.275868799553834,40.31403926955393,-6.961829529999901
0.0039640625,32.55909340194529,47.31395485183671,41.37132646133272,-5.942628390503988
0.00396484375,32.51270641455333,47.35196965015863,42.42477359100931,-4.927196059149316
0.003965625,32.4724321310425,47.389913137270064,43.46809118002223,-3.921821957247839
0.00396640625,32.43399456708996,47.427785256028706,44.495299477088714,-2.9324857789399887
0.0039671875,32.384956551699034,50.12807913513569,45.50945748868824,-4.6186216464474485
0.00396796875,33.434911431867555,14.856121816208653,46.393758797973184,31.537636981764532
0.00396875,32.92202683445143,0.0008526060342104576,47.1127181103202,47.111865504285994
0.00396953125,33.29177377054642,4.893179065749612e-08,47.54720016327634,47.54720011434455
0.0039703125,33.67831401794957,2.7749816717506335e-12,47.66306366814092,47.66306366813814
0.00397109375,34.06813794164866,-3.04204358369458e-14,47.47209492415382,47.47209492415385
0.003971875,34.45639357589345,-3.6112629620593615e-14,46.98756849160352,46.987568491603554
0.00397265625,34.8398979650735,-2.5179883311496738e-14,46.22409933689352,46.224099336893545
0.0039734375,35.2160546609995,-2.9386470098393264e-14,45.19749700898728,45.197497008987305
0.00397421875,35.58257673112627,-3.757970002685965e-14,43.92461829196474,43.92461829196478
0.003975,35.93739481893015,-2.3404255154815648e-14,42.42321908339758,42.423219083397605
0.00397578125,36.27861982384487,-4.020531804146063e-14,40.711806416621975,40.71180641662202
0.0039765625,36.60452212570177,-2.1451709580220194e-14,38.80949154448782,38.80949154448784
0.00397734375,36.9135110280347,-4.4249387890657376e-14,36.73584496785154,36.735844967851584
0.003978125,37.2040995904546,-2.5129032752272265e-14,34.510754245266064,34.51075424526609
0.00397890625,37.47482408697858,-4.31536347490345e-14,32.15428536244062,32.15428536244066
0.0039796875,37.72401888052458,-2.3755499976443945e-14,29.686548355962735,29.68654835596276
0.00398046875,37.94900654577147,-4.2738307505236984e-14,27.127567678190864,27.127567678190907
0.00398125,38.14156643589514,-4.157703101927991e-14,24.49715652821945,24.49715652821949
0.00398203125,38.19729442406187,-3.3333313428414705e-14,21.81475897069379,21.814758970693823
0.0039828125,38.30425215493465,48.627847857335695,19.344352497516535,-29.28349535981916
0.00398359375,37.98428279227366,48.24282556454589,17.011781769292746,-31.231043795253143
0.003984375,37.70230745261821,48.27901650886386,14.970253913025445,-33.30876259583842
0.00398515625,37.4111823606109,48.31515892382709,13.220285279838087,-35.094873643989004
0.0039859375,37.10920602704395,48.351228578421754,11.761737708056216,-36.58949087036554
0.00398671875,36.79757525987528,48.387225416940055,10.592631036456119,-37.794594380483936
0.0039875,36.47819016486539,48.42314938517136,9.709227161481707,-38.71392222368965
0.00398828125,36.15316758323646,48.459000429014786,9.106122677548107,-39.35287775146668
0.0039890625,35.8246829848351,48.49477849447936,8.77634856589134,-39.71842992858802
0.00398984375,35.49490450319942,48.53048352768387,8.711475929118691,-39.81900759856518
0.003990625,35.16596044129749,48.566115474857256,8.901726839924088,-39.66438863493317
0.00399140625,34.83992278355896,48.60167428233844,9.336089393011655,-39.26558488932679
0.0039921875,34.518802418145725,48.63715989657649,10.002436063749414,-38.63472383282708
0.00399296875,34.204559330707255,48.67257226413071,10.887644494562885,-37.78492776956782
0.00399375,33.89914271065711,48.70791133167071,11.977719854449987,-36.73019147722072
0.00399453125,33.60461063389215,48.7431770459765,13.257917956258048,-35.485259089718454
0.0039953125,33.323522807486476,48.77836935393856,14.712868408306413,-34.065500945632145
0.00399609375,33.06066124361704,48.81348820255789,16.32669749230913,-32.48679071024876
0.003996875,32.83762763585941,48.848533538946185,18.083155199518398,-30.765378339427787
0.00399765625,32.60297089923013,4.253980136581422,19.81978540916643,15.565805272585004
0.0039984375,32.790400924805034,0.00024413970071845452,21.551987441406574,21.551743301705855
0.00399921875,32.998795055423315,1.4011394400820026e-08,23.091505916422697,23.091505902411303
