time_s,bus_V,bridge_A,source_A,cap_branch_0_A
0.0,30.153681943146168,8.041263771422776e-13,63.5419397272093,63.541939727208494
7.8125e-07,31.235880395917544,4.6149527443044545e-17,65.17794062161313,65.17794062161313
1.5625e-06,32.347624544265315,2.6485623948628296e-21,65.92292394061629,65.92292394061629
2.34375e-06,33.6755796306175,1.520033497231136e-25,65.80293967751042,65.80293967751042
3.125e-06,33.70626464401408,49.116692793672655,65.23900700804329,16.122314214370633
3.90625e-06,33.99833296425715,49.16062429620549,64.34651123277106,15.18588693656557
4.6875e-06,34.24989009398518,49.19493217390965,63.29698282682126,14.10205065291161
5.46875e-06,34.47685693617862,49.229165416875546,62.11042870103175,12.881263284156205
6.25e-06,34.68037734548263,49.26332452157656,60.80776202142462,11.544437499848067
7.03125e-06,34.85977692466213,49.29740943660113,59.41053541463022,10.113125978029093
7.8125e-06,35.0141530288421,49.331420110618,57.94064326262848,8.60922315201048
8.59375e-06,35.14275325193486,49.365356492407706,56.420030842258996,7.054674349851286
9.375e-06,35.24509645344232,49.39921853086267,54.870414229152146,5.471195698289481
1.015625e-05,35.32101675724094,49.433006174987284,53.313014185254374,3.8800080102670904
1.09375e-05,35.370679075672875,49.466719373897945,51.768306873817124,2.3015874999191794
1.171875e-05,35.394583911158435,49.50035807682321,50.25579390310185,0.7554358262786423
1.25e-05,35.3935723049559,49.53392223310378,48.79379385230249,-0.7401283808012864
1.328125e-05,35.36884590059676,49.56741179219266,47.399257078286425,-2.168154713906233
1.40625e-05,35.322039803414974,49.60082670365516,46.087605249599775,-3.513221454055383
1.484375e-05,35.25548057846041,49.63416691716904,44.87259674247001,-4.761570174699034
1.5625e-05,35.173276718276625,49.66743238252455,43.76621898215874,-5.901213400365811
1.640625e-05,35.08883072397961,49.70062304962447,42.77861153311232,-6.922011516512152
1.71875e-05,35.56364141273536,49.73373886848428,41.918321827822055,-7.815417040662223
1.796875e-05,35.54292297435899,0.042999494043953944,40.734986795707115,40.69198730166316
1.875e-05,36.22509310654447,2.4677791980230203e-06,39.23020350188167,39.23020103410247
1.953125e-05,36.86460772519422,1.4165061556173432e-10,37.288047899432875,37.28804789929122
2.03125e-05,37.463828935965616,2.54201932305106e-14,34.95037655603773,34.9503765560377
2.109375e-05,38.019078206749676,1.926547826272095e-14,32.26251816357491,32.26251816357489
2.1875e-05,38.52585671227658,-2.0164894864947715e-14,29.272439762530293,29.272439762530315
2.265625e-05,38.980017582414696,-1.387568894089585e-14,26.030034667280653,26.030034667280667
2.34375e-05,39.37808077310862,-1.005185422533988e-14,22.58641379874619,22.5864137987462
2.421875e-05,39.71734421412156,-1.6899653505400938e-14,18.993209610160868,18.993209610160886
2.5e-05,39.99592595076524,-1.084625476729045e-14,15.301901000409249,15.30190100040926
2.578125e-05,40.2127750327857,3.991465257647407e-15,11.563166958335362,11.563166958335358
2.65625e-05,40.36766481034049,2.7273625291589368e-15,7.826275996949417,7.8262759969494144
2.734375e-05,40.46117561006135,2.3339807390846823e-15,4.138517699066258,4.138517699066256
2.8125e-05,40.4946730640782,4.262017820485875e-15,0.5446819110037119,0.5446819110037077
2.890625e-05,40.47029241903154,3.1653820082872503e-15,-2.913409700104917,-2.91340970010492
2.96875e-05,40.390953585464,1.3659902926349864e-14,-6.197315851633275,-6.197315851633288
3.046875e-05,40.26047962216785,1.2566099840641608e-14,-9.272328576297532,-9.272328576297545
3.125e-05,40.08400288003453,1.3880661138950428e-14,-12.107764644867638,-12.107764644867652
3.203125e-05,39.84160516309808,1.148189458620095e-14,-14.677209596485524,-14.677209596485534
3.28125e-05,39.79466336072971,2.9105614910763586,-16.93156032094496,-19.84212181202132
3.359375e-05,38.42733585232912,50.40256043815159,-18.48090754591076,-68.88346798406235
3.4375e-05,37.30835922330662,50.443250009890605,-19.23746784319509,-69.6807178530857
3.515625e-05,36.16330005286681,50.47463131357104,-19.080829776926493,-69.55546109049753
3.59375e-05,35.024428019149994,50.505936073518896,-18.048792136119175,-68.55472820963807
3.671875e-05,33.90879724891246,50.53716477240938,-16.188783636306184,-66.72594840871557
3.75e-05,32.83052916296228,50.568317363243025,-13.556846502378988,-64.12516386562201
3.828125e-05,31.802187445518634,50.599393799104604,-10.216583478046125,-60.81597727715073
3.90625e-05,30.835018931531227,50.63039403319356,-6.23805141735577,-56.86844545054933
3.984375e-05,29.938973788161135,50.66131801882409,-1.696617118597409,-52.3579351374215
4.0625e-05,29.12267705458069,50.692165709425254,3.328208690955954,-47.3639570184693
4.140625e-05,28.393397759945476,50.72293705854098,8.753943598639218,-41.96899345990176
4.21875e-05,27.757032770016043,50.75363201983015,14.49629688324616,-36.25733513658399
4.296875e-05,27.218116924675464,50.78425054706673,20.470309639060297,-30.313940908006437
4.375e-05,26.779878248149174,50.81479259413977,26.59145813166604,-24.223334462473726
4.453125e-05,26.44439124741827,50.8452581150535,32.77670789425305,-18.06855022080045
4.53125e-05,26.213030952451323,50.87564706392738,38.945507286782714,-11.930139777144664
4.609375e-05,26.088332268158226,50.905959394996216,45.020711018817735,-5.885248376178485
4.6875e-05,26.089354011725405,50.93619506261018,50.929432332641056,-0.006762729969128145
4.765625e-05,26.241228349839027,4.435372638915238,56.443577859534955,52.008205220619715
4.84375e-05,27.239504965461606,0.0002545499776380684,61.325952473775075,61.325697923797435
4.921875e-05,28.319146952835446,1.4608849445260643e-08,65.25009437101085,65.250094356402
5e-05,29.443210865471624,8.384148531246036e-13,68.19147045436793,68.19147045436709
5.078125e-05,30.60627391302146,4.8117373553192157e-17,70.15181411107703,70.15181411107703
5.15625e-05,31.803924204824785,2.761498832026708e-21,71.14522582527582,71.14522582527582
5.234375e-05,33.22997549218547,1.5848487222301773e-25,71.19762538387297,71.19762538387297
5.3125e-05,33.30706713865182,51.1653649635056,70.74694498361026,19.581580020104667
5.390625e-05,33.658349782609015,51.20485816960379,69.91321862428468,18.70836045468089
5.46875e-05,33.96865462447732,51.234325288375665,68.875472430568,17.641147142192334
5.546875e-05,34.253898154998005,51.263714678199115,67.65536919483284,16.391654516633732
5.625e-05,34.5146176094225,51.293026865761945,66.27598526271098,14.982958396949023
5.703125e-05,34.7494779849977,51.322261806953286,64.76149761698748,13.439235810034194
5.78125e-05,34.956933776320405,51.35141945774585,63.13683463938591,11.78541518164006
5.859375e-05,35.13562695137796,51.38049977422874,61.42733054322504,10.046830768996305
5.9375e-05,35.2845143978489,51.40950271260751,59.658388236622685,8.248885524015169
6.015625e-05,35.40291147713189,51.43842822920429,57.8551546541955,6.416726424991208
6.09375e-05,35.490499544305436,51.46727628045776,56.04221220277303,4.574935922315269
6.171875e-05,35.547309854167175,51.496046822923276,54.243289598429634,2.7472427755063564
6.25e-05,35.57368015556588,51.524739813272916,52.4809949870039,0.9562551737309889
6.328125e-05,35.57015721039901,51.55335520829556,50.7765738288775,-0.776781379418054
6.40625e-05,35.53724159404228,51.58189296489692,49.1496935685566,-2.4321993963403203
6.484375e-05,35.47448076146694,51.6103530400997,47.61825644636544,-3.99209659373426
6.5625e-05,35.37503432805095,51.6387353910435,46.198239277321804,-5.44049611372169
6.640625e-05,35.05418656162582,51.667039974985016,44.903460273977934,-6.763579701007081
6.71875e-05,35.91209800858754,5.964340815737469,43.38693886700777,37.422598051270306
6.796875e-05,36.49079501070743,6.024466352676036,41.593183433104315,35.56871708042828
6.875e-05,37.07667914924496,0.045900857903488544,39.39212418703945,39.34622332913596
6.953125e-05,37.706694932119404,2.6342910189169565e-06,36.805916914578084,36.80591428028706
7.03125e-05,38.28641109768329,1.5118470975295605e-10,33.8560014626554,33.85600146250422
7.109375e-05,38.813851461907646,1.0305745332755123e-14,30.594071599434166,30.594071599434155
7.1875e-05,39.2846750040667,5.463321315596837e-15,27.073854877628357,27.07385487762835
7.265625e-05,39.695146376056016,9.662836233154527e-15,23.350219755313912,23.3502197553139
7.34375e-05,40.04241669543628,1.2718568867811083e-14,19.47843502112289,19.478435021122877
7.421875e-05,40.32455446943578,2.9654965172952555e-15,15.513453424347786,15.513453424347782
7.5e-05,40.5405356335918,9.555997165648415e-15,11.509227729496766,11.509227729496757
7.578125e-05,40.690218548198175,7.84800886638673e-15,7.518066590180226,7.518066590180218
7.65625e-05,40.774308817030644,1.302353425787536e-14,3.590036827896195,3.5900368278961823
7.734375e-05,40.79431604225546,1.2034267450965915e-14,-0.22758214973260285,-0.2275821497326149
7.8125e-05,40.752506236222956,1.5061660934469487e-14,-3.890786944168905,-3.8907869441689202
7.890625e-05,40.65186307429823,-2.0637521037368173e-14,-7.359277836329429,-7.359277836329409
7.96875e-05,40.49612590691898,-1.564393022566667e-14,-10.596822488239107,-10.596822488239091
8.046875e-05,40.290483734555494,-2.0443498751535245e-14,-13.571553242923189,-13.571553242923168
8.125e-05,40.06826897345334,-1.8202572240330414e-14,-16.25618106199346,-16.25618106199344
8.203125e-05,39.61127441453132,7.263947859497225,-18.571376925304875,-25.8353247848021
8.28125e-05,39.14482925903674,7.33418901212632,-20.488633129641517,-27.822822141767837
8.359375e-05,38.1102979861468,7.403017668028108,-21.977362037482244,-29.380379705510354
8.4375e-05,37.52119539138409,52.29391020357998,-22.61556288334569,-74.90947308692567
8.515625e-05,36.25590450945643,52.32291066903041,-22.40908750790924,-74.73199817693965
8.59375e-05,35.0193860074897,52.34925767778627,-21.26358548556898,-73.61284316335525
8.671875e-05,33.81442000897617,52.375525701744145,-19.23051258630941,-71.60603828805355
8.75e-05,32.65268498235999,52.40171484909837,-16.370534890530564,-68.77224973962893
8.828125e-05,31.546392884406046,52.42782508041704,-12.752391125251435,-65.18021620566847
8.90625e-05,30.50699823324966,52.45385635637862,-8.451701646291383,-60.905558002670006
8.984375e-05,29.544806042338248,52.47980863778048,-3.5497370088711477,-56.02954564665163
9.0625e-05,28.668791946200997,52.505681885538955,1.867836298801656,-50.6378455867373
9.140625e-05,27.886497566113917,52.5314760606894,7.712216081939637,-44.81925997874976
9.21875e-05,27.20396127765164,52.55719112438626,13.892714394711014,-38.66447672967524
9.296875e-05,26.625664504691088,52.58282703790309,20.31798177891848,-32.26484525898461
9.375e-05,26.154468276277967,52.6083837626327,26.89719127498421,-25.71119248764849
9.453125e-05,25.79147365196826,52.63386126008711,33.541168754446225,-19.092692505640883
9.53125e-05,25.535550328648704,52.65925949189766,40.163457219367935,-12.495802272529723
9.609375e-05,25.38106599969315,52.68457841981508,46.681303284092564,-6.0032751357225145
9.6875e-05,25.29512311585548,52.70981800570953,53.01654462762475,0.30672662191521455
9.765625e-05,25.980620443286842,1.3539020478246562,58.895173702195756,57.5412716543711
9.84375e-05,26.844385770060185,7.770164179084374e-05,64.06846901260768,64.0683913109659
9.921875e-05,27.929629731820455,4.4593662788923705e-09,68.22838240807243,68.22838240361307
0.0001,29.082392042958432,2.5592699396045086e-13,71.35843345669032,71.35843345669007
0.00010078125,30.27642128677933,1.468787763581093e-17,73.45982301323032,73.45982301323032
0.0001015625,31.484981396330035,8.429503512157564e-22,74.54674118056413,74.54674118056413
0.00010234375,32.58032780506394,4.83776698195196e-26,74.64560843485654,74.64560843485654
0.000103125,33.40894167477006,52.873999238721964,74.14218125066668,21.26818201194471
0.00010390625,33.70763734459283,52.933395654007626,73.21555280260871,20.28215714860109
0.0001046875,34.019710983180694,52.957841750215856,72.06859477889198,19.11075302867612
0.00010546875,34.316906033425816,52.98220609161661,70.7249871377285,17.742781046111894
0.00010625,34.59213639946127,53.00649064265765,69.20987120017637,16.203380557518717
0.00010703125,34.84159038156677,53.0306953668817,67.54956462875518,14.518869261873476
0.0001078125,35.06263963231234,53.05482022783692,65.77118006497476,12.716359837137839
0.00010859375,35.25337764012416,53.07886518919169,63.90224968632597,10.823384497134285
0.000109375,35.4124782657795,53.10283021473472,61.97035952298519,8.867529308250466
0.00011015625,35.53914276468382,53.126715268375136,60.00279765806673,6.876082389691598
0.0001109375,35.63307959812744,53.150520314142476,58.02622018942248,4.875699875280006
0.00011171875,35.69450709654869,53.174245316186756,56.06633847696047,2.892093160773709
0.0001125,35.72419705298742,53.19789023877857,54.14763080628135,0.9497405675027779
0.00011328125,35.72364136769627,53.22145504630908,52.293081205320384,-0.9283738409886951
0.0001140625,35.69571969976868,53.244939703290115,50.523947882320805,-2.720991820969312
0.00011484375,35.64857515612775,53.26834417435421,48.859564739376644,-4.408779434977567
0.000115625,35.67414385448017,53.291668424254645,47.31722237401112,-5.9744460502435235
0.00011640625,35.8858923370082,10.310870477123906,45.62896188985175,35.318091412727846
0.0001171875,36.48807826225124,10.350731158459354,43.70163648818767,33.35090532972831
0.00011796875,37.03054092034261,10.418969760855123,41.428286835161,31.009317074305883
0.00011875,37.55012804506151,10.487194301999459,38.85226777408905,28.36507347208959
0.00011953125,38.07338355119502,0.006926234291592784,35.94981009107069,35.9428838567791
0.0001203125,38.6469815574285,3.975027224204962e-07,32.74144842429616,32.741448026793435
0.00012109375,39.15773145343425,2.2799603458732976e-11,29.24547347750845,29.24547347748565
0.000121875,39.60654911413709,-1.1656968216105988e-14,25.517593138410678,25.51759313841069
0.00012265625,39.99107159437341,-1.3656647986844195e-14,21.614261226279506,21.61426122627952
0.0001234375,40.309267202439514,-1.1299383231465972e-14,17.59191419511869,17.5919141951187
0.00012421875,40.559866670238144,-1.2640213070598912e-14,13.506256759023989,13.506256759024001
0.000125,40.742448542783634,-7.292902164729743e-15,9.41158497151843,9.411584971518437
0.00012578125,40.85744610306671,-1.015413924462909e-14,5.360153991081275,5.360153991081285
0.0001265625,40.90612710052187,-7.050201776549091e-15,1.4015967994825802,1.4015967994825873
0.00012734375,40.89056533628982,4.2029223937043414e-17,-2.4176007718885786,-2.4176007718885786
0.000128125,40.81362764596582,3.006642408453028e-15,-6.05456427524677,-6.054564275246773
0.00012890625,40.679059565234404,2.5179026603758473e-15,-9.470430615075035,-9.470430615075037
0.0001296875,40.492212509466256,3.1060989721285265e-15,-12.630680894818088,-12.630680894818092
0.00013046875,40.271964008903126,6.931755330492594e-15,-15.505397903635584,-15.505397903635592
0.00013125,39.81589126355542,11.550790584672505,-18.006186859129368,-29.556977443801873
0.00013203125,39.31311206307672,11.644509868371053,-20.076067120524566,-31.72057698889562
0.0001328125,38.765641947433444,11.712435909205754,-21.66172717791472,-33.37416308712047
0.00013359375,38.18038278218813,11.780342832032932,-22.761356049371958,-34.54169888140489
0.000134375,37.07851880643643,11.848232013791819,-23.37972956995679,-35.22796158374861
0.00013515625,36.407382807703115,53.84619295999048,-23.13501539030377,-76.98120835029425
0.0001359375,35.11824853794177,53.86982856232532,-22.046044396509537,-75.91587295883485
0.00013671875,33.871388175376374,53.89097409849006,-20.038078358148866,-73.92905245663893
0.0001375,32.669906447473664,53.91203833757058,-17.17277513263754,-71.08481347020812
0.00013828125,31.525026208131386,53.93302138608773,-13.520214624150583,-67.45323601023831
0.0001390625,30.448255748591166,53.953923212449354,-9.15767330449858,-63.111596516947934
0.00013984375,29.450183560808696,53.974743785177694,-4.1683597210735,-58.143103506251194
0.000140625,28.540117588846034,53.995483072917324,1.3598754259719428,-52.63560764694538
0.00014140625,27.725923799047024,54.01614104443526,7.3358369379159925,-46.680304106519266
0.0001421875,27.013932642513186,54.036717668620966,13.666273678512802,-40.370443990108164
0.00014296875,26.40886896671276,54.05721291448643,20.25714204644712,-33.800070868039306
0.00014375,25.913766389614814,54.07762675116618,27.014829318150404,-27.062797433015774
0.00014453125,25.529770975837366,54.09795914791733,33.84732289002963,-20.250636257887695
0.0001453125,25.255444400660068,54.11821007411967,40.665312505510585,-13.452897568609087
0.00014609375,25.08300534076556,54.138379499275665,47.38321255505399,-6.7551669442216795
0.000146875,24.94194631639306,54.15846739301054,53.920063268020236,-0.23840412499030067
0.00014765625,25.798270057762224,0.12106077323630683,59.904023448201656,59.78296267496535
0.0001484375,26.77983373178521,6.947785367518942e-06,65.09536969770784,65.09536274992247
0.00014921875,27.886081477133697,3.987395770129887e-10,69.25599267226917,69.25599267187043
0.00015,29.057098896563247,2.2884018700375272e-14,72.37369928221868,72.37369928221865
0.00015078125,30.269101907222193,1.3133341711451598e-18,74.45036663552897,74.45036663552897
0.0001515625,31.49809830827708,7.537341529393428e-23,75.50099128117793,75.50099128117793
0.00015234375,32.682000786118,4.325747291047956e-27,75.55295459809186,75.55295459809186
0.000153125,33.68012864331861,53.904823092680154,74.89359777426478,20.988774681584626
0.00015390625,33.94425820604256,54.33556096053585,73.75891657783686,19.42335561730101
0.0001546875,34.23638681507884,54.35485550623777,72.42196134367846,18.06710583744069
0.00015546875,34.513437285890305,54.37404458610786,70.90911870362925,16.535074117521397
0.00015625,34.76667929030304,54.39315177829457,69.24678423573165,14.853632457437076
0.00015703125,34.99226752559539,54.412177055377626,67.46220177746538,13.050024722087759
0.0001578125,35.187836342052876,54.43112038870537,65.5830827259051,11.151962337199734
0.00015859375,35.351829339633454,54.44998174974949,63.63723589370892,9.187254143959427
0.000159375,35.483305007101336,54.468761110105135,61.65221108009234,7.183449969987208
0.00016015625,35.58186824738347,54.48745844149091,59.6549601436615,5.167501702170592
0.0001609375,35.64765241381331,54.50607371574898,57.67151913820456,3.1654454224555764
0.00016171875,35.68134978909349,54.52460690484507,55.72671470484054,1.2021077999954686
0.0001625,35.68436042512539,54.54305798086854,53.843897523260836,-0.6991604576077066
0.00016328125,35.65940838894739,54.5614269160324,52.04470534426113,-2.516721571771274
0.0001640625,35.61414390359068,54.579713682673365,50.348859009902476,-4.230854672770886
0.00016484375,35.63425799999157,54.597918253251905,48.77403483413677,-5.823883419115134
0.000165625,35.825409000835194,14.574525119814705,47.072144326081286,32.497619206266585
0.00016640625,36.3776817694487,14.615156718605508,45.1577533788775,30.54259666027199
0.0001671875,36.87079957571564,14.682207289468348,42.93241057268318,28.250203283214837
0.00016796875,37.319560625535715,14.749237266663819,40.43744664427567,25.688209377611845
0.00016875,37.726588322487544,14.816245031861595,37.716038947326496,22.899793915464905
0.00016953125,38.26261887244898,14.883230484062139,34.81261760751873,19.929387123456593
0.0001703125,38.59319930293911,0.0008541618247975686,31.632502856651314,31.631648694826517
0.00017109375,39.09161663288076,4.902111026676621e-08,28.22086810007555,28.22086805105444
0.000171875,39.52551802215838,2.817473087372351e-12,24.58696683229635,24.586966832293534
0.00017265625,39.8959140945457,7.176330908138352e-15,20.78567837114042,20.785678371140413
0.0001734375,40.201421381284334,5.686258307548192e-15,16.871826022503164,16.871826022503157
0.00017421875,40.440996421451715,1.3043301187966081e-14,12.899483405003163,12.899483405003151
0.000175,40.61430748766204,5.501032926411999e-15,8.921319065981715,8.92131906598171
0.00017578125,40.721796802259284,4.9332832805121835e-15,4.987984760555054,4.987984760555048
0.0001765625,40.76465828347028,-2.9317146072132505e-14,1.1475535317035728,1.147553531703602
0.00017734375,40.74476105645661,-2.4787130415487072e-14,-2.5549872491484757,-2.554987249148451
0.000178125,40.66446899685682,-2.06690515967243e-14,-6.07818366993048,-6.07818366993046
0.00017890625,40.526018128775235,-1.953444759004525e-14,-9.384500779580616,-9.384500779580597
0.0001796875,40.326699546469854,-1.3498363503834623e-14,-12.440645754143484,-12.44064575414347
0.00018046875,40.06181229790861,14.443250356779522,-15.168090716906153,-29.611341073685676
0.00018125,39.5187020794864,15.885187256918636,-17.488081760262467,-33.3732690171811
0.00018203125,38.93762756201866,15.951880934537435,-19.296874944858274,-35.24875587939571
0.0001828125,38.33316096331229,16.018471663854008,-20.587012626049805,-36.60548428990381
0.00018359375,37.7092387226013,16.08503826511216,-21.361888219681838,-37.446926484794
0.000184375,37.06431630369891,16.151580642593128,-21.63129517126524,-37.78287581385837
0.00018515625,35.95517500325037,16.218098696085537,-21.41130012848839,-37.629398824573926
0.0001859375,35.25824697798637,55.056046160555155,-20.360559014127873,-75.41660517468303
0.00018671875,34.003909215156504,55.074166591491405,-18.508242764371758,-73.58240935586316
0.0001875,32.80296564834051,55.089976182112366,-15.79681387681778,-70.88679005893015
0.00018828125,31.658273967051276,55.10570268036366,-12.294537013941536,-67.4002396943052
0.0001890625,30.58003351060075,55.12134619041526,-8.076993790521513,-63.19833998093677
0.00018984375,29.578540726452395,55.136906688715655,-3.22583165624215,-58.362738344957805
0.000190625,28.66307846637134,55.152384151831015,2.172511154299464,-52.97987299753155
0.00019140625,27.841587123405432,55.16777855645256,8.028091184692677,-47.139687371759884
0.0001921875,27.120516471534327,55.1830898793966,14.248738803923352,-40.934351075473245
0.00019296875,26.504727074765285,55.198318097604556,20.741314713973374,-34.45700338363118
0.00019375,25.997372110762672,55.21346318814301,27.412928846787395,-27.800534341355615
0.00019453125,25.59961968547174,55.228525128203735,34.17210760859717,-21.05641751960656
0.0001953125,25.309609138565175,55.243503895103714,40.92989635006046,-14.313607545043254
0.00019609375,25.115945355008346,55.258399466285184,47.60088271690108,-7.6575167493841
0.000196875,24.7906073184798,55.273211819315705,54.10400918424535,-1.1692026350703557
0.00019765625,26.01818784664521,0.010752681562900096,59.930173531854834,59.919420850291935
0.0001984375,27.024244307524874,6.171059512273364e-07,64.93077078748338,64.93077017037743
0.00019921875,28.12855406407011,3.541625898735211e-11,68.90997179276594,68.90997179273053
0.0002,29.293016546051327,2.0325705791113353e-15,71.85784215898721,71.85784215898721
0.00020078125,30.495800054913758,1.1665103196089625e-19,73.77795266491414,73.77795266491414
0.0002015625,31.71503373175375,6.69470639661201e-24,74.68675818068644,74.68675818068644
0.00020234375,32.9106207684404,3.8421514995136973e-28,74.61286631757075,74.61286631757075
0.000203125,34.03554979963968,50.56807617498295,73.77031359793361,23.20223742295066
0.00020390625,34.31398848295518,55.40249787992115,72.39944307980525,16.996945199884106
0.0002046875,34.55765513895607,55.416753489949215,70.85364508519832,15.436891595249111
0.00020546875,34.78745456341516,55.43064901452038,69.17357852942011,13.742929514899732
0.00020625,34.99196842159297,55.44446104565989,67.38603836258892,11.941577316929026
0.00020703125,35.16743550275068,55.45818957844217,65.51812007543263,10.059930496990457
0.0002078125,35.311967189231495,55.47183459219319,63.59686212378308,8.125027531589897
0.00020859375,35.42454954147893,55.485396066363805,61.64890496547805,6.163508899114248
0.000209375,35.504754890732265,55.49887398053069,59.70016905532868,4.201295074797992
0.00021015625,35.552610908246464,55.51226831439634,57.77555483305184,2.2632865186555025
0.0002109375,35.56849024379516,55.52557904778912,55.89866755835658,0.37308851056745884
0.00021171875,35.55292583732194,55.538806160663334,54.091569437778155,-1.4472367228851795
0.0002125,35.50607738515536,55.551949633099184,52.374560930929974,-3.1773887021692135
0.00021328125,35.4251026221381,55.56500944530282,50.7659917571445,-4.799017688158324
0.0002140625,35.26568121298518,55.5779855776064,49.28208143717239,-6.29590414043401
0.00021484375,35.69008230573782,18.809239055252057,47.735107571129674,28.92586851587762
0.000215625,36.10998743806179,18.792270776289616,46.02111294305702,27.228842166767404
0.00021640625,36.531672765307654,18.85772940163116,44.03040095017178,25.172671548540617
0.0002171875,36.92241263343264,18.923164359750533,41.79976303090524,22.876598671154703
0.00021796875,37.27563409150559,18.988570820197957,39.367822017350996,20.37925119715304
0.00021875,37.588760849287006,19.053948684200886,36.77422062073251,17.720271936531624
0.00021953125,37.86714278081177,19.11929785330146,34.05908113744356,14.939783284142102
0.0002203125,38.119921687257985,1.6683767454640068,31.202165595696822,29.533788850232817
0.00022109375,38.609646398802866,9.574962415465707e-05,28.17681632285954,28.176720573235386
0.000221875,39.05041384766505,5.495135405009674e-09,24.919251624898536,24.9192516194034
0.00022265625,39.43069048292534,3.038395832498404e-13,21.475149362374573,21.475149362374268
0.0002234375,39.75112231215177,-8.30771397053003e-15,17.895566832105448,17.895566832105455
0.00022421875,40.01070294140099,-1.2255637781154554e-14,14.231250840007618,14.23125084000763
0.000225,40.20875256855328,-8.335299396476631e-15,10.532007605696558,10.532007605696567
0.00022578125,40.34521963374155,-1.02946863248675e-14,6.8461090055522575,6.846109005552268
0.0002265625,40.42070052416424,7.377281937636545e-15,3.2197416826743925,3.219741682674385
0.00022734375,40.43631140794535,4.93365217062048e-15,-0.3034956300599341,-0.303495630059939
0.000228125,40.39318281392627,8.38846224433448e-15,-3.683042263777583,-3.6830422637775913
0.00022890625,40.28925549225811,5.9093350885075225e-15,-6.881771082521451,-6.881771082521457
0.0002296875,39.895647618052344,4.979294670920451e-15,-9.86645177229323,-9.866451772293235
0.00023046875,39.66211670141015,20.029972346434292,-12.42068471943199,-32.45065706586628
0.00023125,39.09001863137339,20.096025117906283,-14.520048676485128,-34.61607379439141
0.00023203125,38.49430331646529,20.16090187977168,-16.09724573266972,-36.2581476124414
0.0002328125,37.87789187733136,20.225748213927865,-17.152189420220978,-37.37793763414884
0.00023359375,37.2476975306554,20.290564088468972,-17.691417551422344,-37.981981639891316
0.000234375,36.610018233867585,20.355349405787273,-17.727745534291486,-38.08309494007876
0.00023515625,35.964322545194534,20.420104068317222,-17.27985855998294,-37.69996262830016
0.0002359375,34.90666576491971,20.484827978539474,-16.37207058586476,-36.85689856440423
0.00023671875,34.23694679335122,55.91577586311519,-14.70243477716405,-70.61821064027924
0.0002375,33.070550837288714,55.928265887558645,-12.306748070211903,-68.23501395777055
0.00023828125,31.964638600709605,55.938638993102835,-9.141299507047059,-65.0799385001499
0.0002390625,30.92154410278137,55.948927739409626,-5.27663056529309,-61.225558304702716
0.00023984375,29.950182397679818,55.95913222763566,-0.7893478135556009,-56.748480041191264
0.000240625,29.059461513497457,55.96925244241987,4.239091274364569,-51.730161168055304
0.00024140625,28.257298986598098,55.979288368521374,9.723602798144924,-46.25568557037645
0.0002421875,27.550369126235996,55.98923999082626,15.576698647904237,-40.412541342922026
0.00024296875,26.94405560074049,55.99910729434758,21.709690782944584,-34.289416511403
0.00024375,26.442558768885206,56.00889026422532,28.03386299930241,-27.97502726492291
0.00024453125,26.049350760102392,56.01858888572654,34.46159674865092,-21.55699213707562
0.0002453125,25.76918260652026,56.02820314424525,40.9074393169768,-15.120763827268457
0.00024609375,25.624944435803606,56.03773302530259,47.28911149128618,-8.748621534016419
0.000246875,25.646035732477294,4.878050088343907,53.35223334316504,48.474183254821135
0.00024765625,26.599007108966017,0.00027995562988570097,58.831227902385486,58.8309479467556
0.0002484375,27.643829956196967,1.6066902406758158e-08,63.36120751433737,63.361207498270474
0.00024921875,28.74087249735758,9.220938084141603e-13,66.90831350921573,66.9083135092148
0.00025,29.883671465519228,5.29197831660501e-17,69.46660554773835,69.46660554773835
0.00025078125,31.05897728749991,3.0371133877995934e-21,71.04290893276156,71.04290893276156
0.0002515625,32.25389626449088,1.7430263652835747e-25,71.65622433835593,71.65622433835593
0.00025234375,33.46373478415485,1.0003383219995026e-29,71.33700842200635,71.33700842200635
0.000253125,34.902768753400515,5.741030533970031e-34,70.12646462099984,70.12646462099984
0.00025390625,34.84285183613172,56.11747077817384,68.51544850925538,12.397977731081538
0.0002546875,35.06732317918786,56.13698816420927,66.64359824094069,10.506610076731425
0.00025546875,35.233124053816624,56.145505059162886,64.71284871782481,8.567343658661931
0.00025625,35.360437797451,56.153936773524514,62.75015899800519,6.596222224480673
0.00025703125,35.45261291048132,56.16228392103622,60.78178136138807,4.619497440351849
0.0002578125,35.51093492163205,56.17054648916329,58.83299576195489,2.6624492727915996
0.00025859375,35.536402569145515,56.178724465462494,56.927828968833275,0.7491045033707793
0.000259375,35.53011092325581,56.186817837617916,55.08880000054539,-1.098017837072527
0.00026015625,35.49331461983133,56.19482659344108,53.33669460128961,-2.8581319921514705
0.0002609375,35.42732131540943,56.20275072087097,51.69037053978478,-4.512380181086189
0.00026171875,35.33303095623315,56.210590207973965,50.16659485488836,-6.043995353085609
0.0002625,35.20855813154191,56.21834504294395,48.77991286310448,-7.438432179839473
0.00026328125,35.01432461669361,56.226015214102304,47.54252993361838,-8.683485280483925
0.0002640625,35.3516625571336,22.868405430262,46.28128682116902,23.41288139090702
0.00026484375,35.68727493303848,22.857111177697522,44.89875369965023,22.041642521952703
0.000265625,36.02718641316209,22.92059041578419,43.292063973346416,20.371473557562226
0.00026640625,36.34191007134837,22.984039429168515,41.49105379257171,18.507014363403197
0.0002671875,36.625340676154224,23.04745382925124,39.52706519733848,16.47961136808724
0.00026796875,36.87394687655625,23.110833520285027,37.432262482081086,14.321428961796057
0.00026875,37.08480188084606,23.174178406821184,35.239190806191665,12.065012399370483
0.00026953125,37.2535943353421,23.237488393463497,32.98034737151079,9.742858978047293
0.0002703125,37.35020391847934,23.300763384868212,30.68775600668208,7.386992621813869
0.00027109375,37.79248496180337,0.05213013625200371,28.264821721077766,28.212691584825762
0.000271875,38.20746119878955,2.9917948582112492e-06,25.66766902900228,25.66766603720742
0.00027265625,38.59861030587737,1.7170940007332135e-10,22.848443674003956,22.848443673832247
0.0002734375,38.94457770912981,1.8685570617939596e-14,19.851532248186864,19.851532248186846
0.00027421875,39.24075722589697,-1.8797679954010306e-15,16.72197029912937,16.721970299129374
0.000275,39.48485297032536,4.300620388881425e-16,13.504687915908335,13.504687915908335
0.00027578125,39.675744134131904,2.8877111248315604e-15,10.243943853752443,10.24394385375244
0.0002765625,39.813315763355845,-2.913666869967494e-14,6.982791156402675,6.982791156402704
0.00027734375,39.8986825483765,-2.840637666165124e-14,3.762579506320151,3.7625795063201792
0.000278125,39.935816375722034,-1.3563036081630882e-14,0.622499795867973,0.6224997958679865
0.00027890625,39.956529459707916,-1.3586940365343369e-14,-2.400811075389694,-2.4008110753896803
0.0002796875,39.53251850511126,24.003618822453667,-5.142082130124198,-29.145700952577865
0.00028046875,39.05087547530074,24.120107340919123,-7.494827227859833,-31.614934568778956
0.00028125,38.512020068872445,24.18288549826135,-9.353555868729785,-33.536441366991134
0.00028203125,37.94279758593598,24.245624156214372,-10.713358362676903,-34.958982518891276
0.0002828125,37.35355438240486,24.30832630051881,-11.576007368085936,-35.88433366860475
0.00028359375,36.7528506914621,24.370991836923125,-11.949507668001637,-36.32049950492476
0.000284375,36.14836519943466,24.43362067105419,-11.847746828155902,-36.28136749921009
0.00028515625,35.546305800131954,24.496212708594072,-11.29008601440001,-35.78629872299408
0.0002859375,34.94638024013745,24.55876785528032,-10.300900451144859,-34.85966830642518
0.00028671875,33.985983427814766,24.621286016905998,-8.909276740227504,-33.5305627571335
0.0002875,33.38298228087796,56.41991470138127,-6.851079882032245,-63.27099458341352
0.00028828125,32.34303787803922,56.42669489025281,-4.164865811008426,-60.59156070126124
0.0002890625,31.365807815631996,56.431565543978095,-0.8173064315463563,-57.24887197552445
0.00028984375,30.452801330544265,56.43635110807254,3.122982081211738,-53.313369026860805
0.000290625,29.611319137105966,56.44105168003614,7.5825919014452055,-48.858459778590934
0.00029140625,28.848531206596064,56.4456672527959,12.484446380501709,-43.96122087229419
0.0002921875,28.170562101724414,56.450197819400884,17.74892210335741,-38.701275716043476
0.00029296875,27.582175051326473,56.45464337302812,23.29495898961725,-33.15968438341087
0.00029375,27.08647293356467,56.4590039069827,29.041144527540794,-27.417859379441907
0.00029453125,26.684115980608244,56.46327941469772,34.90675912256722,-21.556520292130497
0.0002953125,26.36936213280194,56.46746988973437,40.8127691717153,-15.654700718019065
0.00029609375,26.071252503499323,56.47157532578184,46.682724616370415,-9.788850709411427
0.000296875,26.799485904060035,0.1262171640419861,52.13469829264273,52.00848112860074
0.00029765625,27.647592600235782,7.243715218544903e-06,56.92235942859317,56.92235218487795
0.0002984375,28.617979088622764,4.157232541679071e-10,60.798924849038315,60.79892484862259
0.00029921875,29.651638919597975,2.3858727026360252e-14,63.75103809733544,63.75103809733542
0.0003,30.728292619492624,1.3692735482351977e-18,65.7779739961236,65.7779739961236
0.00030078125,31.831767083494086,7.858382586066386e-23,66.89076435695243,66.89076435695243
0.0003015625,32.94791706738992,4.509995606691148e-27,67.11159033193465,67.11159033193465
0.00030234375,34.066696410183546,2.5883265607910462e-31,66.47305997723133,66.47305997723133
0.000303125,35.206603448121335,1.4854636167177076e-35,65.01739641545763,65.01739641545763
0.00030390625,35.59720851228199,55.05695474709458,63.011165990694494,7.954211243599916
0.0003046875,35.85668023471081,56.51103759837082,60.70795545053351,4.1969178521626915
0.00030546875,35.921015783862735,56.51420539013228,58.43870609173854,1.9245007016062574
0.00030625,35.93709378433666,56.51720480810123,56.235134629236136,-0.2820701788650979
0.00030703125,35.91395487116999,56.52011910740251,54.12260521172757,-2.3975138956749404
0.0003078125,35.85523957510779,56.52294828842558,52.12431694506731,-4.398631343358274
0.00030859375,35.763682509468374,56.52569234691002,50.2610984128157,-6.264593934094325
0.000309375,35.64186664985481,56.52835127872332,48.551238199934005,-7.977113078789315
0.00031015625,35.492299565319435,56.53092507986118,47.010353968907005,-9.52057111095417
0.0003109375,35.31704992163255,56.53341374644751,45.651300324084154,-10.882113422363355
0.00031171875,35.11563759567937,56.53581727473441,44.484114265290756,-12.051703009443655
0.0003125,34.85390240661021,56.53813566110223,43.51598014838184,-13.022155512720392
0.00031328125,35.06908990982772,26.79094986071668,42.58810993190319,15.79716007118651
0.0003140625,35.2865650037906,26.785397109422977,41.60869145742561,14.823294348002628
0.00031484375,35.5125551383121,26.846517718380074,40.48057500918004,13.634057290799973
0.000315625,35.72158180368904,26.907601725725108,39.22453094034975,12.316929214624645
0.00031640625,35.908947530642656,26.968645210927953,37.862329155645696,10.893683944717745
0.0003171875,36.072231471352204,27.02964808183851,36.416221450415684,9.386573368577173
0.00031796875,36.2097482349399,27.090610246587545,34.90863951986397,7.81802927327642
0.00031875,36.3200449661551,27.15153161336714,33.36190322245247,6.210371609085332
0.00031953125,36.40101747481276,27.212412090430796,31.79794158567122,4.585529495240425
0.0003203125,36.44399396335271,27.273251586093636,30.238026675030653,2.964775088937017
0.00032109375,37.08856630607623,8.06192258716177,28.6421593175755,20.58023673041373
0.000321875,37.0509624602657,0.0004626809022134077,26.90988021423918,26.909417533336967
0.00032265625,37.46479914599015,2.655365290807889e-08,24.928818630309916,24.928818603756262
0.0003234375,37.85155117992968,1.512103227497229e-12,22.71043883657848,22.710438836576966
0.00032421875,38.20181879688649,-8.30520457415921e-15,20.292272654900465,20.292272654900472
0.000325,38.511511732473394,-6.547529856630052e-15,17.712898139014154,17.71289813901416
0.00032578125,38.778134018823934,-7.222138315184697e-15,15.01140582591195,15.011405825911957
0.0003265625,39.00039333451919,-2.545809909355621e-15,12.22688275519057,12.226882755190571
0.00032734375,39.178845336481515,1.187271939954379e-14,9.39791762453582,9.397917624535808
0.000328125,39.32183058643632,9.4124186112237e-15,6.562135223912629,6.56213522391262
0.00032890625,38.776066158128785,19.69912044536278,3.8174661217164036,-15.881654323646377
0.0003296875,38.855201770288204,27.999622758791613,1.3206772932485755,-26.678945465543038
0.00033046875,38.40280449051609,28.06039409139211,-0.7628158514139329,-28.82320994280604
0.00033125,37.911112155034175,28.120650282482245,-2.3982063358040655,-30.51885661828631
0.00033203125,37.39358256568769,28.180864097242075,-3.5817846874535846,-31.76264878469566
0.0003328125,36.85892603018532,28.2410354721283,-4.315719491172597,-32.5567549633009
0.00033359375,36.31486129634932,28.3011643165255,-4.607793223801217,-32.90895754032672
0.000334375,35.7685698180181,28.361250539880686,-4.47108050496449,-32.832331044845176
0.00033515625,35.226600012360706,28.42129405170511,-3.92357235040469,-32.3448664021098
0.0003359375,34.694185051406414,28.48129476157432,-2.9877533890633785,-31.469048150637697
0.00033671875,34.17077937688474,28.54125257912834,-1.6901412819681276,-30.231393861096468
0.0003375,33.33710490107393,28.601167414071774,-0.060971103401612936,-28.662138517473387
0.00033828125,32.824226878483124,56.56525665411067,2.1278409096947115,-54.43741574441596
0.0003390625,31.93301733524569,56.566283889467535,4.838622833781862,-51.72766105568567
0.00033984375,31.10241186971379,56.56562111693174,8.09742186541547,-48.46819925151627
0.000340625,30.333110773619097,56.564873065490744,11.841174818823347,-44.7236982466674
0.00034140625,29.630837511025987,56.56403982836788,16.003172602991924,-40.56086722537596
0.0003421875,29.00110242356636,56.563121406823264,20.51405237707089,-36.049069029752374
0.00034296875,28.448308430078583,56.562117802240024,25.30278154206604,-31.259336260173985
0.00034375,27.975158504712148,56.56102901612958,30.297623964661184,-26.263405051468396
0.00034453125,27.580969803240254,56.5598550501316,35.427076062560445,-21.132778987571157
0.0003453125,27.24951329029363,56.558595906014084,40.62075619348442,-15.937839712529664
0.00034609375,28.303713173851875,16.685721538568785,45.685352870280745,28.99963133171196
0.000346875,28.084422334416026,0.0009576083883577586,50.30823505546869,50.30727744708034
0.00034765625,28.932900349044015,5.49579964722221e-08,54.158689446852854,54.15868939189486
0.0003484375,29.853623515888327,3.154088260881415e-12,57.16989597880814,57.16989597880499
0.00034921875,30.820514959132762,1.8101592845470976e-16,59.33699205250504,59.33699205250504
0.00035,31.817183405683625,1.0388665010015884e-20,60.66601446408132,60.66601446408132
0.00035078125,32.829356204553164,5.962147177414336e-25,61.17338348597695,61.17338348597695
0.0003515625,33.844119425782615,3.4217292530732385e-29,60.88528214117667,60.88528214117667
0.00035234375,34.85085293817789,1.963760828597117e-33,59.83693736120168,59.83693736120168
0.000353125,35.84796558108182,1.1270197922494414e-37,58.071818674912606,58.071818674912606
0.00035390625,37.05485767080819,6.468066750416688e-42,55.64089242686844,55.64089242686844
0.0003546875,36.73442457844131,56.525844575452126,53.04475797775981,-3.481086597692318
0.00035546875,36.68715047637816,56.5344762302689,50.42687797919188,-6.107598251077022
0.00035625,36.57139076357504,56.532025481122616,47.99026730099428,-8.541758180128335
0.00035703125,36.41136469147589,56.52948896462486,45.758624896703274,-10.770864067921588
0.0003578125,36.214232063736496,56.5268673157021,43.75206936231535,-12.774797953386747
0.00035859375,35.98489343380654,56.524160538338734,41.98706545698151,-14.537095081357222
0.000359375,35.72764348640438,56.52136863661111,40.47636135455429,-16.045007282056815
0.00036015625,35.44618625637627,56.518491614723764,39.22897459841694,-17.289517016306828
0.0003609375,35.14187988964712,56.51552947700947,38.25022481531364,-18.265304661695833
0.00036171875,34.78658964836843,56.512482227929134,37.54179593281873,-18.970686295110408
0.0003625,34.85064707508304,30.553438021502,36.95951280607648,6.406074784574483
0.00036328125,34.921275223322986,30.55365994509418,36.416771746909454,5.863111801815276
0.0003640625,35.00520235176513,30.612056774125616,35.8215339429798,5.209477168854178
0.00036484375,35.081412612738454,30.67041084330305,35.183988930921295,4.5135780876182485
0.000365625,35.14689548838665,30.728718723587782,34.51463467142212,3.78591594783434
0.00036640625,35.200502935148634,30.786980326977478,33.82395591748984,3.0369755905123643
0.0003671875,35.241634849711915,30.845195565731178,33.12229114409892,2.277095578367741
0.00036796875,35.26991910884943,30.90336435217779,32.41970714552008,1.5163427933422868
0.00036875,35.285003331799544,30.961486598716196,31.72588210719969,0.7643955084834944
0.00036953125,35.28609728895311,31.01956221781532,31.04999808495005,0.03043586713473019
0.0003703125,35.26976026431036,31.077591122014333,30.40064294157974,-0.6769481804345923
0.00037109375,35.19741017112655,31.13557322392274,29.785704540181445,-1.3498686837412954
0.000371875,35.62801456158433,0.06963646578312258,29.041707769743176,28.972071303960053
0.00037265625,36.063733695730214,3.996498674496114e-06,28.07653576300915,28.076531766510477
0.0003734375,36.508997461506716,2.2937221375798322e-10,26.79403763808163,26.794037637852256
0.00037421875,36.934700828429825,1.9551051789649523e-14,25.22285015458271,25.222850154582687
0.000375,37.3336793818663,6.820730860780754e-15,23.394344401931228,23.39434440193122
0.00037578125,37.701563290240436,-5.763163669999937e-16,21.34190885513069,21.34190885513069
0.0003765625,38.03568230904707,-7.083693052356476e-15,19.100445559283376,19.100445559283383
0.00037734375,38.33698608611308,-1.043268355498713e-14,16.705868910274457,16.705868910274468
0.000378125,38.64297331896648,-6.444716861282597e-15,14.194631111461682,14.194631111461689
0.00037890625,38.38441684595207,31.642003263810487,11.776670502099247,-19.86533276171124
0.0003796875,38.06725371117248,31.77025840773389,9.588114156259135,-22.182144251474757
0.00038046875,37.6874960884431,31.82767615439354,7.767441295195862,-24.060234859197678
0.00038125,37.27593956886752,31.885041906472793,6.32407032516241,-25.560971581310383
0.00038203125,36.84176921393771,31.942359640022012,5.262047630483284,-26.680312009538728
0.0003828125,36.392096575706006,31.999629268954866,4.580423908859913,-27.419205360094953
0.00038359375,35.93344482889942,32.05685070702434,4.273465330570502,-27.783385376453836
0.000384375,35.4719842740055,32.11402386805601,4.330916284020812,-27.783107584035196
0.00038515625,35.013512044577716,32.17114866594807,4.738308860837144,-27.432839805110923
0.0003859375,34.563279452108375,32.22822501467164,5.477313351458125,-26.75091166321351
0.00038671875,34.12538388590386,32.285252828270785,6.526123500394348,-25.759129327876437
0.0003875,33.69893997145097,32.34223202086263,7.859868508654454,-24.482363512208178
0.00038828125,33.0099859935209,32.39916250663754,9.450895215746076,-22.94826729089146
0.0003890625,32.59878175226796,56.350877433483106,11.493199663378903,-44.8576777701042
0.00038984375,31.86591268883621,56.34614518272335,13.953485038913918,-42.39266014380943
0.000390625,31.186895902671722,56.33995319876306,16.853406295894338,-39.486546902868724
0.00039140625,30.561733025836805,56.33367628894602,20.138680461766768,-36.194995827179255
0.0003921875,29.994623016859624,56.32731454162604,23.752292677563908,-32.57502186406213
0.00039296875,29.489308331349726,56.320867966388306,27.63532881731711,-28.685539149071197
0.00039375,29.04766672228111,56.31433657294127,31.727796763924037,-24.586539809017236
0.00039453125,28.665588697048715,56.307720371121064,35.96942699787658,-20.338293373244483
0.0003953125,28.27426541897992,56.301019370891574,40.30041034960834,-16.00060902128323
0.00039609375,28.882361225514344,0.1258269150987352,44.35419487085129,44.22836795575255
0.000396875,29.588577392327775,7.221318484862094e-06,47.897130714224275,47.89712349290579
0.00039765625,30.397813013759578,4.1443788571698956e-10,50.69276446242307,50.69276446200863
0.0003984375,31.25389441521041,2.3784958588604416e-14,52.734939569865865,52.734939569865844
0.00039921875,32.139259439039044,1.365039912031468e-18,54.02767651056456,54.02767651056456
0.0004,33.04026551553357,7.834085371633221e-23,54.584336848771386,54.584336848771386
0.00040078125,33.94460138104788,4.496051219389021e-27,54.42708165950135,54.42708165950135
0.0004015625,34.841001262400056,2.580323752989081e-31,53.58624116651835,53.58624116651835
0.00040234375,35.719732867994665,1.480870734196048e-35,52.09960631587808,52.09960631587808
0.000403125,36.575119241499664,8.49884875437808e-40,50.01165517814414,50.01165517814414
0.00040390625,37.42994550411051,4.877564832760852e-44,47.372739107418774,47.372739107418774
0.0004046875,37.522242595979726,54.77044298389912,44.452735581410685,-10.317707402488436
0.00040546875,37.47149974659416,56.206111631742644,41.5049813913278,-14.701130240414841
0.00040625,37.218529134937526,56.198307413564095,38.85629702326909,-17.342010390295
0.00040703125,36.91376595438635,56.19033572441741,36.53252457687803,-19.65781114753938
0.0004078125,36.57033892708652,56.182279408886494,34.550122963834724,-21.632156445051766
0.00040859375,36.19570342721602,56.17413848385786,32.92056670881088,-23.253571775046975
0.000409375,35.79578932895938,56.16591296159184,31.65040078978257,-24.515512171809274
0.00041015625,35.37420113433151,56.157602854475954,30.741352823773113,-25.41625003070284
0.0004109375,34.90935738530681,56.14920817502505,30.190487949716584,-25.95872022530847
0.00041171875,34.80220971649048,34.13339180628654,29.869730774418436,-4.263661031868105
0.0004125,34.704646158182015,34.13938707893393,29.698565449108358,-4.44082162982557
0.00041328125,34.62419634153163,34.19471124983031,29.59071824310322,-4.603993006727094
0.0004140625,34.54477301083579,34.2499867580895,29.54559256086857,-4.70439419722093
0.00041484375,34.465408182079834,34.30521068665025,29.561970211782604,-4.743240474867645
0.000415625,34.38656205398383,34.36038295218367,29.637901971894713,-4.722480980288956
0.00041640625,34.3090218678372,34.41550347160134,29.77076072114182,-4.644742750459523
0.0004171875,34.23367579670838,34.47057216189273,29.957301532672595,-4.513270629220139
0.00041796875,34.161468499364524,34.52558894012542,30.193727305904225,-4.331861634221193
0.00041875,34.09345642999658,34.58055372344511,30.4757588510422,-4.1047948724029055
0.00041953125,34.031072327051675,34.635466429075834,30.798708430916005,-3.8367579981598277
0.0004203125,33.97734385245272,34.69032697432007,31.157556156873376,-3.532770817446698
0.00042109375,33.947322692516536,34.74513527655879,31.547033357800895,-3.1981019187578945
0.000421875,33.96101466785017,3.027734688950497,31.852299261703294,28.8245645727528
0.00042265625,34.49671849996824,0.00017376438465413293,31.94813539009089,31.947961625706235
0.0004234375,35.03609365440209,9.972487174787935e-09,31.644000897614156,31.644000887641667
0.00042421875,35.557771095077435,5.675054538022604e-13,30.95086656017912,30.95086656017855
0.000425,36.06120384829212,-5.245669330469141e-15,29.892960146124242,29.892960146124246
0.00042578125,36.5414199802449,-1.4779359433868406e-15,28.49816892736621,28.49816892736621
0.0004265625,36.99187991827813,7.806154544204632e-15,26.797541850550303,26.797541850550296
0.00042734375,37.399578575722025,1.312551492364664e-14,24.82476735856818,24.824767358568167
0.000428125,37.35079494213874,1.8623706243478036e-14,22.61541411530641,22.615414115306393
0.00042890625,37.62955679493515,35.288304585914844,20.536654033007025,-14.751650552907817
0.0004296875,37.34579322484283,35.34455489673778,18.62526352778595,-16.719291368951833
0.00043046875,37.04514709875909,35.3987299834428,17.001732335083215,-18.396997648359584
0.00043125,36.7228226410056,35.45285164425605,15.675899207123177,-19.776952437132874
0.00043203125,36.381897771251445,35.50691991370877,14.65343675858513,-20.85348315512364
0.0004328125,36.026782779027464,35.56093471038179,13.935947423799476,-21.62498728658231
0.00043359375,35.66222924017813,35.61489595292981,13.521104207894417,-22.09379174503539
0.000434375,35.293031728718205,35.668803560088136,13.402836019508499,-22.265967540579638
0.00043515625,34.9238771647642,35.72265745067293,13.571553177765288,-22.151104272907645
0.0004359375,34.559220239635344,35.77645754358119,14.014408573984888,-21.7620489695963
0.00043671875,34.20310190350187,35.830203757790926,14.715589713147093,-21.114614044643833
0.0004375,33.8586335193317,35.88389601236135,15.656636535317286,-20.22725947704406
0.00043828125,33.52483161853446,35.937534226432874,16.816778512377656,-19.120755714055218
0.0004390625,32.97509545661767,35.99111831922731,18.173161798799885,-17.817956520427426
0.00043984375,32.65582618843585,55.77814036301821,19.886233064970376,-35.89190729804783
0.000440625,32.07162952914694,55.76767872042399,21.928773172185174,-33.83890554823881
0.00044140625,31.532899269031375,55.75599690235079,24.319109019890206,-31.43688788246058
0.0004421875,31.040004021388025,55.7442310515469,27.012992404664086,-28.73123864688281
0.00044296875,30.597622690096742,55.73238125093472,29.96408253326805,-25.76829871766667
0.00044375,30.21305147970156,55.720447518363585,33.12461905642587,-22.59582846193771
0.00044453125,29.91237870506928,55.70842987180548,36.44609397982903,-19.262335891976452
0.0004453125,29.728640307137596,4.847981511348688,39.70480893517161,34.85682742382293
0.00044609375,30.427877782778634,0.00027822996752881413,42.661688130174184,42.66140990020666
0.000446875,31.17980204704262,1.596786511043218e-08,44.97451198473982,44.97451196877196
0.00044765625,31.949915673755356,9.164099699596583e-13,46.625505148954154,46.62550514895324
0.0004484375,32.73671682135966,5.259358262569465e-17,47.6200160672956,47.6200160672956
0.00044921875,33.53161131877918,3.0183924488812992e-21,47.97149836311278,47.97149836311278
0.00045,34.324835579642944,1.7322822520579928e-25,47.70102083452532,47.70102083452532
0.00045078125,35.10653126647959,9.941721799321666e-30,46.83669866324203,46.83669866324203
0.0004515625,35.86703563773693,5.705642496636209e-34,45.41305747430706,45.41305747430706
0.00045234375,36.59682631072521,3.274518937116334e-38,43.47034119524753,43.47034119524753
0.000453125,37.285751386865854,1.8792755199532706e-42,41.05377447739738,41.05377447739738
0.00045390625,37.918089296536515,1.0785329227644548e-46,38.212788664516005,38.212788664516005
0.0004546875,38.37130550333338,6.189796297222887e-51,35.00016426472399,35.00016426472399
0.00045546875,38.49604286252722,55.494759705134115,31.836454179915737,-23.658305525218378
0.00045625,38.02758182214997,55.51810600061266,28.915758261571565,-26.602347739041097
0.00045703125,37.54794325841808,55.504750379166126,26.448048786536376,-29.05670159262975
0.0004578125,37.03853151253833,55.49130906701138,24.446545139375626,-31.044763927635753
0.00045859375,36.50232037309783,55.47778418582741,22.917937196403876,-32.559846989423534
0.000459375,35.94367586959529,55.464175756103046,21.862655146277284,-33.60152060982576
0.00046015625,35.34728914997187,55.45048379833236,21.275099469264234,-34.17538432906812
0.0004609375,35.04233568223462,37.50942361771516,21.045617699924993,-16.463805917790165
0.00046171875,34.74763490112445,37.52115642206225,21.10143745756843,-16.419718964493818
0.0004625,34.4717514766487,37.57307741349226,21.363356988825476,-16.20972042466678
0.00046328125,34.20394194227065,37.624944130225394,21.820410621823214,-15.80453350840218
0.0004640625,33.94561000099672,37.6767541846052,22.4597165466121,-15.217037637993101
0.00046484375,33.69911362980233,37.7285074984741,23.266594248450403,-14.461913250023697
0.000465625,33.466835122077406,37.780203993892556,24.22482148288202,-13.555382511010535
0.00046640625,33.25096042716546,37.83184359300656,25.31690096887452,-12.514942624132038
0.0004671875,33.0533891361204,37.88342621804781,26.52433272336051,-11.359093494687302
0.00046796875,32.87567009620164,37.93495179133382,27.827888304702654,-10.107063486631167
0.00046875,32.71891364808072,37.986420235267985,29.20788338481943,-8.778536850448557
0.00046953125,32.583584197168726,38.037831472339796,30.64444520208691,-7.393386270252887
0.0004703125,32.46875460022343,38.08918542512482,32.11777144743857,-5.971413977686243
0.00047109375,32.36757747099894,38.14048201628494,33.60837560830346,-4.53210640798148
0.000471875,32.12411274335951,38.19172116856842,35.097231969042475,-3.094489199525944
0.00047265625,32.905324489983826,0.007430697693982365,36.26640683753409,36.25897613984011
0.0004734375,33.48767557773304,4.2645433748883576e-07,37.04371219719986,37.043711770745524
0.00047421875,34.095580478603644,2.4468342281275665e-11,37.32069002094116,37.320690020916686
0.000475,34.706350204176886,-3.831818772155085e-15,37.11365982743063,37.11365982743064
0.00047578125,35.3088813992832,-5.7310446588840104e-15,36.44445509068061,36.44445509068062
0.0004765625,35.892309947932475,-1.264099000584029e-14,35.339900163804685,35.3399001638047
0.00047734375,36.433282097308926,-6.01050528284947e-15,33.83126426252405,33.83126426252406
0.000478125,36.90360579849777,35.24101929195746,32.07503302493965,-3.165986267017809
0.00047890625,36.7673153567727,38.650083336560776,30.242312884730758,-8.407770451830018
0.0004796875,36.59453460692345,38.70093660874179,28.57927009980863,-10.12166650893316
0.00048046875,36.40461647294496,38.75153887065138,27.110606390347364,-11.640932480304016
0.00048125,36.19430941323378,38.802082762382966,25.847859099277038,-12.95422366310593
0.00048203125,35.96554643807998,38.852568218878496,24.79949911357234,-14.053069105306154
0.0004828125,35.72136381210813,38.90299516410845,23.970943662733426,-14.932051501375021
0.00048359375,35.46516048552076,38.95336352213075,23.36460849516284,-15.58875502696791
0.000484375,35.200458938699526,39.00367321709156,22.979996291510503,-16.023676925581057
0.00048515625,34.930786030200935,39.05392417322538,22.813818553178802,-16.24010562004658
0.0004859375,34.65958731695912,39.10411631485517,22.860148045343,-16.24396826951217
0.00048671875,34.39013936961369,39.154249566392494,23.11059862912082,-16.043650937271675
0.0004875,34.125408873154264,39.20432385233758,23.55452908489719,-15.64979476744039
0.00048828125,33.86764418176816,39.254339097279434,24.17926725741078,-15.075071839868654
0.0004890625,33.615884384594224,39.30429522589603,24.970349735641218,-14.33394549025481
0.00048984375,33.1923853058718,39.354192162954334,25.911676118286714,-13.442516044667622
0.000490625,32.94677597380947,54.8506877076538,27.130653775336363,-27.720033932317435
0.00049140625,32.49047158078712,54.83456320300988,28.607557932411286,-26.227005270598593
0.0004921875,32.06570841739127,54.817465840194174,30.35822302102516,-24.459242819169013
0.00049296875,31.670073573397765,54.80028587217171,32.34937630675148,-22.450909565420236
0.00049375,31.295985246583623,54.78302337590617,34.54601082339441,-20.237012552511757
0.00049453125,30.722602106174403,54.76567837739745,36.91177080002413,-17.85390757737332
0.0004953125,31.62438200490918,0.010653168918606615,38.980369075223884,38.969715906305275
0.00049609375,32.24994087130458,6.113948321305191e-07,40.63655412633751,40.636553514942676
0.000496875,32.923125286671834,3.5088492786688804e-11,41.71200375418455,41.712003754149464
0.00049765625,33.6139866478415,2.0137597855565097e-15,42.21609661677616,42.21609661677616
0.0004984375,34.30964160350089,1.1557146380089013e-19,42.165120162607245,42.165120162607245
0.00049921875,34.99994278291372,6.632749020454427e-24,41.58175178234627,41.58175178234627
0.0005,35.67580809785502,3.806593610697205e-28,40.49451681197462,40.49451681197462
0.00050078125,36.328875216033076,2.1846379038789594e-32,38.93719463718692,38.93719463718692
0.0005015625,36.95140344259847,1.253783108775436e-36,36.94818191487351,36.94818191487351
0.00050234375,37.53618060632285,7.195572689915631e-41,34.56982255142827,34.56982255142827
0.000503125,38.07623097870144,4.1296031166370786e-45,31.84771412681785,31.84771412681785
0.00050390625,38.5635666431321,2.3700159300508198e-49,28.83000001857791,28.83000001857791
0.0005046875,38.98060563572683,1.3601732055231519e-53,25.566652762818595,25.566652762818595
0.00050546875,38.69008473645193,7.80615491045858e-58,22.108416018370093,22.108416018370093
0.00050625,38.90844177722613,54.49249256999124,19.016461697733618,-35.476030872257624
0.00050703125,38.261500091570646,54.476959611310875,16.33873497786032,-38.138224633450555
0.0005078125,37.59558638663364,54.45821635199507,14.25064207285839,-40.20757427913668
0.00050859375,36.903835734436896,54.43939090005604,12.755006750183831,-41.68438414987221
0.000509375,36.175725780613064,54.42048346336786,11.847017965586765,-42.57346549778109
0.00051015625,35.66655200184559,40.66136414261194,11.4392190199564,-29.222145122655537
0.0005109375,35.16395909054878,40.67876438376078,11.469803468149209,-29.20896091561157
0.00051171875,34.67783686636758,40.72697200589351,11.869550023943479,-28.85742198195003
0.0005125,34.20325760810333,40.775120065521264,12.619255472057102,-28.155864593464162
0.00051328125,33.744443388229776,40.823206718656735,13.696136533675471,-27.127070184981264
0.0005140625,33.30613353725204,40.871231892780685,15.074167228872895,-25.79706466390779
0.00051484375,32.8928362153582,40.91919551556802,16.724537072876522,-24.194658442691498
0.000515625,32.5086330072805,40.9670975147864,18.6161266694488,-22.350970845337603
0.00051640625,32.15709223970725,41.014937818296296,20.715993744444297,-20.298944073852
0.0005171875,31.84121333607759,41.06271635405106,22.989863003172008,-18.072853350879054
0.00051796875,31.563376199633908,41.110433050097086,25.40261343646527,-15.707819613631816
0.00051875,31.325268988164215,41.1580878345739,27.918756984260547,-13.239330850313351
0.00051953125,31.12772313266159,41.20568063571425,30.502902788743388,-10.702777846970864
0.0005203125,30.970158844633332,41.25321138184423,33.12020153992282,-8.133009841921412
0.00052109375,30.847685696493375,41.300680001383405,35.736763848736544,-5.56391615264686
0.000521875,30.70800470361529,41.34808642284489,38.32002439641936,-3.028062026425522
0.00052265625,31.291147183267885,0.0924525242621597,40.6126975323248,40.520245008062645
0.0005234375,31.933575944962037,5.30593252208634e-06,42.45549920097887,42.455493895046345
0.00052421875,32.63781296933179,3.044955101719593e-10,43.68734608813485,43.687346087830356
0.000525,33.361197662477046,1.1432069213783301e-14,44.31659170694113,44.31659170694112
0.00052578125,34.088920166571036,-1.5640599479702088e-14,44.359176567583376,44.35917656758339
0.0005265625,34.80620245669416,-2.2020133260262377e-15,43.837843578328595,43.837843578328595
0.00052734375,35.46915907362765,-5.612830309525887e-15,42.781561520115304,42.78156152011531
0.000528125,35.97345529327281,41.40917190615301,41.41572860796099,0.006556701807980403
0.00052890625,35.90186146345308,41.77191542279085,39.92330398150097,-1.8486114412898786
0.0005296875,35.84331063291336,41.81871408214348,38.51272668082257,-3.305987401320911
0.00053046875,35.76860272565488,41.865431634522636,37.20011644240967,-4.6653151921129625
0.00053125,35.67481492501659,41.91208613727792,35.99881078646037,-5.913275350817546
0.00053203125,35.56262979866313,41.95867752118887,34.920208074542124,-7.038469446646741
0.0005328125,35.4336771525603,42.00520571608975,33.97369867962906,-8.03150703646069
0.00053359375,35.289978610472204,42.051670651909944,33.16662538998036,-8.885045261929585
0.000534375,35.133759091180096,42.09807225867413,32.50427153257238,-9.593800726101748
0.00053515625,34.96735346058009,42.14441046650226,31.989875721363795,-10.154534745138461
0.0005359375,34.79314315592367,42.190685205609874,31.624671951274298,-10.566013254335576
0.00053671875,34.61350040700996,42.23689640630805,31.40795351106857,-10.828942895239477
0.0005375,34.4307241212575,42.283043999003546,31.337158950005836,-10.94588504899771
0.00053828125,34.246932477296355,42.32912791419892,31.407978111452685,-10.921149802746237
0.0005390625,34.06375651253281,42.375148082492636,31.614475995682227,-10.76067208681041
0.00053984375,33.88052545606305,42.421104434579156,31.94923135223017,-10.471873082348987
0.000540625,33.569709170714454,42.46699690124903,32.4034178634375,-10.063579037811536
0.00054140625,33.38201482278295,53.57441751112124,33.07079035127215,-20.50362715984909
0.0005421875,33.037553191047486,53.55273268662532,33.93922554049104,-19.613507146134282
0.00054296875,32.7044723347065,53.530328508060435,35.02173791782978,-18.508590590230657
0.00054375,32.315910223052,53.507843677132406,36.29578386182502,-17.212059815307384
0.00054453125,32.83172261475979,0.11957095086845687,37.444658080077225,37.32508712920877
0.0005453125,33.39775405015088,6.862283137764093e-06,38.275026626520294,38.27501976423716
0.00054609375,34.021494274818586,3.938325280581516e-10,38.587695471680775,38.58769547128694
0.000546875,34.65288661254725,2.2602398799769085e-14,38.39888373255944,38.39888373255942
0.00054765625,35.27887831759076,1.2971717547626497e-18,37.730886686790235,37.730886686790235
0.0005484375,35.890356983054275,7.44458398535647e-23,36.61118991562718,36.61118991562718
0.00054921875,36.47956259270274,4.2725129121522405e-27,35.0719134957699,35.0719134957699
0.00055,37.039588908379194,2.4520331317927285e-31,33.149220638025916,33.149220638025916
0.00055078125,37.56426196454175,1.4072436065220763e-35,30.88269876079668,30.88269876079668
0.0005515625,38.04810282028199,8.076296125123723e-40,28.314721780378648,28.314721780378648
0.00055234375,38.48628659505207,4.635058123439783e-44,25.489802397388676,25.489802397388676
0.000553125,38.874521436530856,2.6601010506330342e-48,22.453942939819413,22.453942939819413
0.00055390625,39.208628839219664,1.5266556343262443e-52,19.253992911756054,19.253992911756054
0.0005546875,39.48267202369054,8.761612365310058e-57,15.937020404000368,15.937020404000368
0.00055546875,39.673019866415274,5.028367204358632e-61,12.549696839098742,12.549696839098742
0.00055625,39.74958637079575,48.51166191534209,9.30476273568739,-39.2068991796547
0.00055703125,38.98311777332725,53.11303516899605,6.428540974121731,-46.68449419487432
0.0005578125,38.168084823722225,53.08937060875964,4.244769430028519,-48.84460117873112
0.00055859375,37.346460927275174,53.06536066645049,2.7667246897403857,-50.2986359767101
0.000559375,36.5421614167778,43.62124127322052,1.9413929129989498,-41.67984836022157
0.00056015625,35.85743921671061,43.59334949191456,1.7185788422183776,-41.87477064969618
0.0005609375,35.16600429015913,43.63755282093368,2.0356182711146076,-41.60193454981907
0.00056171875,34.48320982867684,43.68169457395708,2.8674198988642416,-40.81427467509284
0.0005625,33.81816391687401,43.72577054337554,4.183568915839103,-39.542201627536436
0.00056328125,33.17871750515385,43.76978066257381,5.948717760040495,-37.82106290253331
0.0005640625,32.57194922212681,43.813724865273414,8.123230198214834,-35.69049466705858
0.00056484375,32.00420028445676,43.85760308529517,10.663853968377722,-33.193749116917445
0.000565625,31.481044068683843,43.901415256559275,13.524412513449228,-30.377002743110047
0.00056640625,31.007246819770337,43.94516131308539,16.65650631071946,-27.288655002365932
0.0005671875,30.586729647539137,43.98884118899278,20.01021453249679,-23.97862665649599
0.00056796875,30.222528999375637,44.0324548185003,23.534788129624516,-20.497666688875782
0.00056875,29.916739654324914,44.07600213592661,27.17932588390826,-16.89667625201835
0.00056953125,29.670386840668442,44.119483075690276,30.8934255036546,-13.226057572035675
0.0005703125,29.483014027111125,44.16289757230973,34.62780236768463,-9.535095204625103
0.00057109375,29.35075487602076,44.20624556040359,38.334868590500854,-5.871376969902733
0.000571875,29.24719119005479,44.24952697469052,41.96925673678947,-2.2802702379010498
0.00057265625,29.764254778417115,1.1369459559871076,45.319280732129876,44.18233477614277
0.0005734375,30.405714707388757,6.525033886151269e-05,48.19237644860556,48.192311198266694
0.00057421875,31.21006275368805,3.744770293103755e-09,50.34397118265196,50.34397117890719
0.000575,32.05027197099845,2.082824854742857e-13,51.77209094602338,51.77209094602318
0.00057578125,32.90673252203187,-5.330276963893242e-15,52.48734711812887,52.48734711812888
0.0005765625,33.759546117358504,-2.1074397102625986e-15,52.50896436903587,52.50896436903587
0.00057734375,34.50379996849434,-5.290678772221868e-15,51.86414166188153,51.86414166188154
0.000578125,35.01273570189879,44.56399122865258,50.88060460657075,6.316613377918164
0.00057890625,35.067319212139246,44.63605147396163,49.709816656424756,5.073765182463129
0.0005796875,35.12800645244334,44.67866526801101,48.52118878592019,3.8425235179091817
0.00058046875,35.173727869868316,44.721210090697795,47.33110825092697,2.6098981602291715
0.00058125,35.20116976662073,44.763687563953624,46.155253486755434,1.3915659228018087
0.00058203125,35.20966389359241,44.80609762390496,45.008500730280026,0.20240310637506553
0.0005828125,35.199395853091936,44.84844020668303,43.90476637622077,-0.9436738304622594
0.00058359375,35.170988334362086,44.89071524852065,42.85686847842587,-2.0338467700947773
0.000584375,35.12535527952843,44.932922685752374,41.87640781539501,-3.0565148703573644
0.00058515625,35.06363041749416,44.975062454814555,40.97366914574402,-4.001393309070539
0.0005859375,34.987119801191334,45.017134492245475,40.157543076396806,-4.859591415848667
0.00058671875,34.89726140990882,45.05913873468541,39.43546870612635,-5.6236700285590615
0.0005875,34.79558314581829,45.10107511887672,38.813396941593616,-6.287678177283107
0.00058828125,34.68364899589756,45.14294358166398,38.295774123828025,-6.847169457835955
0.0005890625,34.562966890459926,45.18474405999404,37.88554534977506,-7.29919871021898
0.00058984375,34.434747922363776,45.22647649091612,37.58417659591531,-7.64229989500081
0.000590625,34.29867558537497,45.26814081158196,37.39169408900374,-7.876446722578215
0.00059140625,34.07778585683295,45.309736959245825,37.30669775908882,-8.003039200157005
0.0005921875,33.91937626127079,51.957446087917695,37.38853559297593,-14.56891049494177
0.00059296875,33.62757015686518,51.9303388460734,37.63234952131928,-14.29798932475412
0.00059375,34.003428846193174,1.3330401124755222,37.84952911634643,36.51648900387091
0.00059453125,34.46862094284732,7.650435678033162e-05,37.8487097602262,37.848633255869416
0.0005953125,35.07365269837511,4.390653028064634e-09,37.37213870095739,37.37213869656674
0.00059609375,35.67655780794828,2.51983479427269e-13,36.44082192278672,36.44082192278647
0.000596875,36.26292431269422,1.446155583199461e-17,35.084609107623486,35.084609107623486
0.00059765625,36.82421469600447,8.299615417536182e-22,33.33755345847509,33.33755345847509
0.0005984375,37.35363238230934,4.763223050081985e-26,31.23731082366651,31.23731082366651
0.00059921875,37.84539694727107,2.7336560410852824e-30,28.824519019111534,28.824519019111534
0.0006,38.29456368069001,1.568869497059021e-34,26.1421642878595,26.1421642878595
0.00060078125,38.696969898269295,9.003881475246057e-39,23.2349432150233,23.2349432150233
0.0006015625,39.04920982827742,5.1674075996921034e-43,20.148628312749516,20.148628312749516
0.00060234375,39.3486019420992,2.965621146254149e-47,16.929445150005808,16.929445150005808
0.000603125,39.59311653309963,1.7019963324808764e-51,13.623468443852136,13.623468443852136
0.00060390625,39.781186759197084,9.767908215239387e-56,10.276043965723424,10.276043965723424
0.0006046875,39.91109966783861,5.605889335981465e-60,6.931242375373369,6.931242375373369
0.00060546875,39.978108963749776,3.217269711670866e-64,3.631349475288646,3.631349475288646
0.00060625,39.94082155426597,1.846419680673654e-68,0.41637990758641125,0.41637990758641125
0.00060703125,39.683203970081564,51.032512947040175,-2.4411463386107073,-53.47365928565088
0.0006078125,38.70041446173722,51.39318890872369,-4.730688505151264,-56.12387741387495
0.00060859375,37.80009180936676,46.340559299819624,-6.238857976306953,-52.57941727612658
0.000609375,36.899514726282746,46.24749747048615,-6.99524907434099,-53.24274654482714
0.00061015625,36.010199607847326,46.2874312735507,-7.046344000041714,-53.333775273592416
0.0006109375,35.12864299749352,46.32730300531496,-6.419375783993473,-52.74667878930843
0.00061171875,34.264449318255764,46.367104969436404,-5.148700175665873,-51.51580514510228
0.0006125,33.42743256121903,46.40683710553573,-3.27546825319056,-49.68230535872629
0.00061328125,32.62690859428664,46.44649935377707,-0.8468354803290339,-47.293334834106105
0.0006140625,31.87145995158935,46.48609165442975,2.084874207980228,-44.40121744644952
0.00061484375,31.168809991591644,46.525613947868514,5.463036698993498,-41.062577248875016
0.000615625,30.525742159926594,46.565066174573474,9.227616049680705,-37.33745012489277
0.00061640625,29.948047738610242,46.60444827513032,13.316060824212464,-33.28838745091786
0.0006171875,29.440498321146528,46.643760190230296,17.66419674197418,-28.979563448256116
0.00061796875,29.006846192290062,46.68300186067038,22.20710447117537,-24.47589738949501
0.00061875,28.64986676873177,46.72217322735334,26.879972041441306,-19.84220118591203
0.00061953125,28.371490526342075,46.76127423128776,31.61891210914692,-15.142362122140836
0.0006203125,28.173210371938673,46.80030481358828,36.361735228866166,-10.438569584722115
0.00062109375,28.0577810345672,46.83926491547554,41.04867171198149,-5.790593203494047
0.000621875,28.043348205211238,46.878154478276315,45.62304197993962,-1.2551124983366948
0.00062265625,28.15385821397236,4.082732675390324,49.88436166057428,45.80162898518395
0.0006234375,29.030543959707604,0.00023431165672543753,53.62269311883915,53.622458807182426
0.00062421875,29.970301590471884,1.3447349645887673e-08,56.54481577689981,56.54481576345246
0.000625,30.940282350568022,7.57155948472975e-13,58.63427942768205,58.63427942768129
0.00062578125,31.936742113956075,-1.3399988941758179e-14,59.897656408682636,59.89765640868265
0.0006265625,32.956949177683676,-1.4607832268649847e-14,60.35173010051648,60.35173010051649
0.00062734375,34.18096977480692,-1.3644119305112827e-14,60.02298919238511,60.022989192385126
0.000628125,34.15594608566097,47.17755183571539,59.316619656256215,12.139067820540824
0.00062890625,34.37966917398306,47.224976129734834,58.34363765453875,11.118661524803919
0.0006296875,34.56297433692275,47.263157624459616,57.26837492436125,10.00521729990163
0.00063046875,34.72194740735815,47.301267415352335,56.10903894731531,8.807771531962977
0.00063125,34.858459286373964,47.33930597136095,54.88414518268123,7.54483921132028
0.00063203125,34.972603101168765,47.3772732352303,53.6123030542552,6.235029819024902
0.0006328125,35.06421307001509,47.415169149782365,52.31197716679015,4.896808017007783
0.00063359375,35.13322054158947,47.4529936579466,51.001259220778486,3.5482655628318867
0.000634375,35.179763524769946,47.49074670275992,49.697653576625704,2.2069068738657847
0.00063515625,35.204222929093326,47.528428227367016,48.41787873678463,0.8894505094176168
0.0006359375,35.20723191616059,47.566038175020104,47.17768665502128,-0.388351519998821
0.00063671875,35.18967479983179,47.60357648907933,45.99170146421534,-1.6118750248639913
0.0006375,35.152684296449635,47.64104311301266,44.87327890082588,-2.7677642121867736
0.00063828125,35.09764669923265,47.67843799039604,43.83438739187062,-3.844050598525419
0.0006390625,35.026234930184586,47.71576106491345,42.88551146398407,-4.830249600929378
0.00063984375,34.9405290698749,47.753012280357034,42.03557784984293,-5.717434430514103
0.000640625,34.843461054559,47.79019158062712,41.291904475183316,-6.498287105443811
0.00064140625,34.74102601072973,47.82729890973236,40.66017296704135,-7.167125942691013
0.0006421875,34.6052478362294,49.39739589778667,40.14923345219624,-9.24816244559043
0.00064296875,34.56866942624651,4.353473305874,39.613426049988576,35.25995274411458
0.00064375,35.2299845943428,0.000249849702127662,38.89199490156302,38.89174505186089
0.00064453125,35.883284708825094,1.433909645639806e-08,37.718857064457765,37.71885705011867
0.0006453125,36.50057115127699,8.229334893536519e-13,36.11421571448496,36.11421571448414
0.00064609375,37.08368420806354,4.722888432747823e-17,34.11553983814809,34.11553983814809
0.000646875,37.62855039590035,2.7105076457275428e-21,31.763802593810993,31.763802593810993
0.00064765625,38.13050032740607,1.5555844272342884e-25,29.10282494875727,29.10282494875727
0.0006484375,38.58521271668229,8.92763727882533e-30,26.178607723748872,26.178607723748872
0.00064921875,38.98899036817065,5.12365037775398e-34,23.03866217229364,23.03866217229364
0.00065,39.338866810511234,2.940508487696158e-38,19.73134790194362,19.73134790194362
0.00065078125,39.63265342322606,1.6875839545483374e-42,16.305226296506724,16.305226296506724
0.0006515625,39.868960344361284,9.685194297399632e-47,12.808437036808506,12.808437036808506
0.00065234375,40.04720603789754,5.558419083421996e-51,9.28810471352927,9.28810471352927
0.000653125,40.16762920097023,3.190026111840116e-55,5.789781866418412,5.789781866418412
0.00065390625,40.231330329527204,1.8307843366061625e-59,2.3569340797744522,2.3569340797744522
0.0006546875,40.24042727622232,1.0507034016812639e-63,-0.9695279567869577,-0.9695279567869577
0.00065546875,40.19868174510318,6.030080202407077e-68,-4.151665133317138,-4.151665133317138
0.00065625,40.114948235684864,3.4607166198641783e-72,-7.1548706326618206,-7.1548706326618206
0.00065703125,40.05482989596547,1.9861360248945547e-76,-9.94814357226518,-9.94814357226518
0.0006578125,39.1381852493978,48.54972022347602,-12.236678287514216,-60.78639851099024
0.00065859375,38.17074297471878,48.62533719247515,-13.844650813371736,-62.469988005846886
0.000659375,37.1395726263525,48.66077628329526,-14.597116040568835,-63.2578923238641
0.00066015625,36.09666342349907,48.696139790224215,-14.517909785564626,-63.21404957578884
0.0006609375,35.06015917622329,48.73142996151461,-13.640596234990952,-62.37202619650556
0.00066171875,34.04420992172867,48.76664674415214,-12.007525547751086,-60.77417229190323
0.0006625,33.06137611754203,48.801790085101,-9.668947009912586,-58.47073709501358
0.00066328125,32.12304069063564,48.83685993143596,-6.6820583374687885,-55.51891826890475
0.0006640625,31.239465873146187,48.87185623034243,-3.110004846116908,-51.98186107645934
0.00066484375,30.41976729687054,48.90677892911665,0.979156982122376,-47.92762194699427
0.000665625,29.671872802330046,48.94162797516564,5.513517022241466,-43.42811095292417
0.00066640625,29.00248794657098,48.97640331600737,10.418375890902453,-38.55802742510492
0.0006671875,28.41707829469814,49.011104899270826,15.61730243542548,-33.39380246384535
0.00066796875,27.919877516155374,49.04573267269603,21.033171203433294,-28.01256146926274
0.00066875,27.513938655632003,49.08028658413421,26.589167549634404,-22.491119034499803
0.00066953125,27.201279525501032,49.11476658154777,32.209748957523765,-16.905017624024005
0.0006703125,26.983317969457048,49.149172613010464,37.82155225257479,-11.327620360435672
0.00067109375,26.862664402932722,49.183504626707446,43.35423802365428,-5.829266603053165
0.000671875,26.857963906943795,49.21776257093528,48.74127140780049,-0.47649116313478573
0.00067265625,26.99381223706086,4.286065797054028,53.765783704998036,49.47971790794401
0.0006734375,27.942720154781036,0.0002459811252873868,58.20170324441588,58.20145726329059
0.00067421875,28.96582468427047,1.4117069039695683e-08,61.73627700977528,61.73627699565821
0.000675,30.027859818523822,8.103399119070783e-13,64.34808340482081,64.34808340482
0.00067578125,31.124052286989436,-1.4009708993220411e-15,66.04065125173653,66.04065125173653
0.0006765625,32.250636717334096,-4.858236528612681e-15,66.82902194464775,66.82902194464775
0.00067734375,33.59554738854032,2.1970788706961155e-16,66.73921962488154,66.73921962488154
0.000678125,33.63399263555355,49.47953203845785,66.19525276769957,16.71572072924172
0.00067890625,33.93604829948207,49.52274191491158,65.31332141927756,15.79057950436598
0.0006796875,34.197468604148156,49.556256897490435,64.26627240536169,14.710015507871256
0.00068046875,34.43417159535499,49.58969669712367,63.074392342205854,13.484695645082182
0.00068125,34.6471893750602,49.62306181553818,61.758961655475744,12.135899839937565
0.00068203125,34.835723248316114,49.656352202518384,60.3419799085851,10.685627706066718
0.0006828125,34.99874534699115,49.68956780792956,58.84585927552251,9.156291467592945
0.00068359375,35.1353789109811,49.72270858174963,57.29312430531642,7.570415723566788
0.000684375,35.2450178237431,49.75577447406918,55.70612204196478,5.950347567895605
0.00068515625,35.32736618498498,49.788765435091555,54.10674585931441,4.317980424222855
0.0006859375,35.38244486711336,49.82168141513297,52.5161759917565,2.6944945766235264
0.00068671875,35.410578719584606,49.85452236462256,50.95463939366118,1.10011702903862
0.0006875,35.41236549315445,49.88728823410244,49.441191203893545,-0.4460970302088981
0.00068828125,35.388615758349054,49.91997897422782,47.99351972043207,-1.926459253795747
0.0006890625,35.34022388305539,49.952594535767005,46.62777639834402,-3.324818137422989
0.00068984375,35.26781534255018,49.98513486960159,45.35843193556843,-4.626702934033154
0.000690625,35.170363932005266,50.01759992672639,44.198158731164085,-5.819441195562309
0.00069140625,35.03497050592576,50.04998965824963,43.15773524915149,-6.892254409098135
0.0006921875,35.982819727692885,16.372488008425908,42.140387544671384,25.76789953624548
0.00069296875,35.76975596049885,0.20234776640733987,40.93699654371207,40.73464877730473
0.00069375,36.41112514149296,1.1612918148563656e-05,39.31725417894246,39.31724256602431
0.00069453125,37.03568515123614,6.664756934047743e-10,37.26407475240968,37.2640747517432
0.0006953125,37.62539817471684,3.824963236775369e-14,34.82009424223652,34.820094242236486
0.00069609375,38.172420405797425,2.1951803955433353e-18,32.03179927341529,32.03179927341529
0.000696875,38.67086250492335,1.2598335384369061e-22,28.9481959333241,28.9481959333241
0.00069765625,39.116037518056984,7.230296643468371e-27,25.62008819224013,25.62008819224013
0.0006984375,39.50425740876271,4.149531502186477e-31,22.09936251155277,22.09936251155277
0.00069921875,39.83276341419199,2.3814530076290478e-35,18.438287205896284,18.438287205896284
0.0007,40.09969130260077,1.3667370459911189e-39,14.688834800416641,14.688834800416641
0.00070078125,40.30404258894299,7.84382537425865e-44,10.902035043223913,10.902035043223913
0.0007015625,40.445651564106925,4.501641093459e-48,7.1273655505303966,7.1273655505303966
0.00070234375,40.52514358191251,2.5835318313972593e-52,3.412186310950176,3.412186310950176
0.000703125,40.54388094800336,1.4827118789059605e-56,-0.19877652729090728,-0.19877652729090728
0.00070390625,40.50389023693473,8.509415247498067e-61,-3.6638930041204847,-3.6638930041204847
0.0007046875,40.407756537428845,4.883629037071005e-65,-6.945034118135486,-6.945034118135486
0.00070546875,40.25845443271904,2.80275810711381e-69,-10.007916194588653,-10.007916194588653
0.00070625,40.0592921185673,1.6085277868901273e-73,-12.822382771587307,-12.822382771587307
0.00070703125,39.72365095020434,2.526850070216396,-15.354710239801873,-17.88156031001827
0.0007078125,39.32580732033321,3.649893181092615,-17.56762269162862,-21.217515872721236
0.00070859375,38.60059780236323,50.712383231845735,-19.11762396041628,-69.83000719226202
0.000709375,37.395927400512875,50.774051086254275,-19.87554289457796,-70.64959398083224
0.00071015625,36.21507911225739,50.80462041231748,-19.707967741593087,-70.51258815391057
0.0007109375,35.051131990361704,50.83511144715668,-18.653291692254,-69.48840313941068
0.00071171875,33.914769285197245,50.86552592513458,-16.75970867507263,-67.62523460020721
0.0007125,32.81827303981793,50.89586380054966,-14.084131949917065,-64.97999575046673
0.00071328125,31.773539790782998,50.926125027713674,-10.691127655354649,-61.61725268306832
0.0007140625,30.79155440274458,50.956309561053715,-6.651792935450274,-57.60810249650399
0.00071484375,29.882167399513175,50.986417355112465,-2.0425956675236847,-53.02901302263615
0.000715625,29.05397225670039,51.01644836454811,3.0558078704490583,-47.96064049409905
0.00071640625,28.314232262260614,51.04640254413448,8.559761504769511,-42.48664103936497
0.0007171875,27.66884312065798,51.076279848761146,14.38378852757129,-36.692491321189856
0.00071796875,27.122331214763758,51.10608023343342,20.44174733096178,-30.66433290247164
0.00071875,26.677901309873494,51.13580365327245,26.647949617866097,-24.48785403540635
0.00071953125,26.3375843378335,51.16545006351532,32.91822853468565,-18.24722152882967
0.0007203125,26.102687168919534,51.19501941951506,39.17094530233258,-12.024074117182478
0.00072109375,25.975653440657766,51.224511676740754,45.32792472186341,-5.896586954877339
0.000721875,25.975505978987872,51.25392679077762,51.315318187500985,0.06139139672336569
0.00072265625,26.12729401753075,4.4629738978173865,56.90315180410777,52.44017790629039
0.0007234375,27.130502567374556,0.00025613403841448924,61.852349321697055,61.85209318765864
0.00072421875,28.214617554561016,1.4699741884110734e-08,65.83406883040574,65.834068815706
0.000725,29.340937351711517,8.464356939335991e-13,68.82333363108059,68.82333363107973
0.00072578125,30.499833100577888,-7.350251696761946e-15,70.82165213691812,70.82165213691813
0.0007265625,31.669286338870126,-1.0166551335437276e-14,71.84302604593259,71.8430260459326
0.00072734375,32.72655454673845,-3.1348642034173417e-15,71.91321969792762,71.91321969792762
0.000728125,33.523009526151036,51.45253062541326,71.40753316473,19.955002539316737
0.00072890625,33.80302886893457,51.51518215518924,70.50006916749247,18.98488701230323
0.0007296875,34.095596762135834,51.54382536754179,69.3879656174986,17.844140249956798
0.00073046875,34.37348703818885,51.57238900850973,68.09388883753344,16.521499829023714
0.00073125,34.63002581783195,51.600874982280075,66.64182316615513,15.040948183875063
0.00073203125,34.861692008802315,51.62928324606523,65.0568038289314,13.427520582866164
0.0007328125,35.06608966307586,51.65761375708287,63.36455684413681,11.706943087053936
0.00073359375,35.24150210540619,51.685866472667755,61.59114529884404,9.90527882617629
0.000734375,35.38675508997949,51.71404135027181,59.76262556165922,8.048584211387405
0.00073515625,35.5011639237596,51.742138347464184,57.90471727481336,6.162578927349171
0.0007359375,35.58450934353607,51.77015742193129,56.042490731664486,4.272333309733199
0.00073671875,35.63702869770291,51.79809853147691,54.20007490480973,2.4019763733328205
0.0007375,35.659427503756994,51.82596163402224,52.40038900925689,0.5744273752346487
0.00073828125,35.65294315413705,51.85374668760596,50.6649000886724,-1.1888465989335657
0.0007390625,35.61958431838888,51.88145365038427,49.01340874125931,-2.8680449091249614
0.00073984375,35.563158556036846,51.90908248063099,47.46386496627036,-4.445217514360633
0.000740625,35.496377199366,51.93663313673761,46.032218589594976,-5.90441454714264
0.00074140625,35.94815655319509,51.96410557721334,44.73258925419085,-7.231516323022487
0.0007421875,35.90592401112064,6.693872528369214,43.15284902788323,36.458976499514016
0.00074296875,36.50939576097929,6.7601981034546075,41.305325935161015,34.54512783170641
0.00074375,37.14761907300255,0.17469640857141236,39.06734175189868,38.89264534332727
0.00074453125,37.75179351880519,1.0025982147506703e-05,36.45831187640917,36.45830185042702
0.0007453125,38.326343484970074,5.754000259314572e-10,33.49126788770995,33.491267887134555
0.00074609375,38.84907269066805,3.30227188689197e-14,30.217512546387898,30.217512546387866
0.000746875,39.31485030025866,1.8952031844809265e-18,26.690712322023536,26.690712322023536
0.00074765625,39.71996748808283,1.0876739509923173e-22,22.96561102283035,22.96561102283035
0.0007484375,40.061696087661986,6.2422574706218476e-27,19.097292926415978,19.097292926415978
0.00074921875,40.33822377614152,3.5824870397957603e-31,15.140471074395123,15.140471074395123
0.00075,40.54862850097551,2.0560211511150724e-35,11.148808548121242,11.148808548121242
0.00075078125,40.69285031883032,1.179968811296396e-39,7.174279996319138,7.174279996319138
0.0007515625,40.771652633484024,6.771945876515468e-44,3.266579904370491,3.266579904370491
0.00075234375,40.78656928727983,3.886479923488035e-48,-0.5274167528432884,-0.5274167528432884
0.000753125,40.739830490678045,2.2304853687708087e-52,-4.16413672285423,-4.16413672285423
0.00075390625,40.634243072656545,1.2800953763413845e-56,-7.603729724358255,-7.603729724358255
0.0007546875,40.472909540657234,7.346581131951678e-61,-10.81042588635346,-10.81042588635346
0.00075546875,40.257834151025094,4.216268203593192e-65,-13.752827978303953,-13.752827978303953
0.00075625,39.90077897493693,2.4197537936817677e-69,-16.40418719664701,-16.40418719664701
0.00075703125,39.58191945745616,7.998598757716854,-18.667900153280918,-26.66649891099777
0.0007578125,39.100001037495474,8.067770324216188,-20.526678878969744,-28.59444920318593
0.00075859375,38.49111039128537,8.13647466461683,-21.94921905383126,-30.08569371844809
0.000759375,37.64569608039462,52.545013373366125,-22.64219193968308,-75.1872053130492
0.00076015625,36.36282229349773,52.599871975279854,-22.500503540695448,-75.1003755159753
0.0007609375,35.117863944664656,52.62537756624068,-21.412621143611027,-74.0379987098517
0.00076171875,33.90513678781764,52.65080222428476,-19.429492578518236,-72.080294802803
0.0007625,32.73545761915196,52.67614759107579,-16.611466766988045,-69.28761435806383
0.00076328125,31.620951427196587,52.70141362854049,-13.02707876595143,-65.72849239449192
0.0007640625,30.57315678816254,52.7266002986287,-8.75185713812855,-61.47845743675725
0.00076484375,29.602526881486018,52.75170756340977,-3.8670893007888054,-56.61879686419857
0.000765625,28.71822607047828,52.776735385072556,1.541437256589191,-51.235298128483365
0.00076640625,27.928027532905872,52.80168372592565,7.384700869876042,-45.41698285604961
0.0007671875,27.238265288053277,52.82655254839729,13.57170236148685,-39.25485018691044
0.00076796875,26.653832728484005,52.85134181503547,20.010696901138694,-32.840644913896774
0.00076875,26.17824419264041,52.876051488508025,26.610386448796607,-26.26566503971142
0.00076953125,25.813831174869392,52.90068153160262,33.281059276484676,-19.619622255117946
0.0007703125,25.562380776427474,52.92523190722685,39.935664419598304,-12.989567487628548
0.00077109375,25.428123239029226,52.949702578408306,46.49081121563548,-6.458891362772825
0.000771875,25.452352099818217,52.97409350829461,52.86770275756164,-0.10639075073297306
0.00077265625,25.752706671059162,0.40140680760723696,58.75056717558413,58.34916036797689
0.0007734375,26.844228314703173,2.3037093439268963e-05,63.89016282667276,63.890139789579315
0.00077421875,27.963630143360646,1.3221244243924585e-09,68.0171258656403,68.01712586431817
0.000775,29.13359291584085,8.641267387130212e-14,71.11820340748412,71.11820340748403
0.00077578125,30.344724603689357,-4.021485428873144e-15,73.19481516503866,73.19481516503866
0.0007765625,31.588271777309913,1.7321907406096456e-15,74.26130973412181,74.26130973412181
0.00077734375,32.91504725873595,6.862648719475644e-15,74.34430628387284,74.34430628387284
0.000778125,33.35766548111126,53.04755243925271,73.77268100761542,20.72512856836271
0.00077890625,33.75186570668715,53.19001068017111,72.76228924299645,19.57227856282534
0.0007796875,34.07776731941262,53.2136090139409,71.5436044506945,18.3299954367536
0.00078046875,34.373522803808434,53.2371203920987,70.14100345405956,16.903883061960848
0.00078125,34.64125654772326,53.26055159572405,68.5798638802475,15.319312284523456
0.00078203125,34.88001877177251,53.28390258992122,66.88656253635244,13.602659946431231
0.0007828125,35.08844459921406,53.307173339524034,65.08810285893688,11.780929519412837
0.00078359375,35.265318439067144,53.330363809487196,63.211748089101725,9.88138427961453
0.000784375,35.409740690926746,53.353473964886234,61.284665505083574,7.931191540197341
0.00078515625,35.521179362863,53.376503770917715,59.33358593299164,5.957082162073923
0.0007859375,35.59947290992293,53.39945319289911,57.38448227985367,3.9850290869545604
0.00078671875,35.64479668015742,53.422322196269064,55.462270413934746,2.039948217665682
0.0007875,35.65757311787916,53.44511074658723,53.59053528305941,0.14542453647217712
0.00078828125,35.63823027380783,53.46781880953448,51.79128468022399,-1.6765341293104883
0.0007890625,35.58634676089821,53.490446350912876,50.08473239122901,-3.4057139596838684
0.00078984375,35.495567638664866,53.51299333664578,48.48911003944399,-5.023883297201786
0.000790625,35.193978970490285,53.53545973277778,47.02041499292356,-6.515044739854216
0.00079140625,35.983640067029675,11.018001529521063,45.35874743285234,34.340745903331275
0.0007921875,36.50334526864821,11.077801569709699,43.45514139999718,32.37733983028748
0.00079296875,37.00515095901812,11.145868664482453,41.21687174671181,30.071003082229357
0.00079375,37.453990070831075,11.213919449189486,38.68641224845298,27.47249279926349
0.00079453125,38.04456574640667,0.025120095773010578,35.846612358626246,35.82149226285323
0.0007953125,38.59262049787404,1.4416646216336497e-06,32.7074884811306,32.70748703946598
0.00079609375,39.096419053895275,8.27384138998051e-11,29.27849527232755,29.27849527224481
0.000796875,39.54279564118276,4.74843110660383e-15,25.61452145465812,25.614521454658117
0.00079765625,39.927289035956306,2.72516681326133e-19,21.77133183499228,21.77133183499228
0.0007984375,40.24714079752772,1.563997453763736e-23,17.804749652484695,17.804749652484695
0.00079921875,40.50071081969353,8.9759203857767e-28,13.769946425319114,13.769946425319114
0.0008,40.68733132350954,5.1513604819444e-32,9.720768486319358,9.720768486319358
0.00080078125,40.80723506648781,2.956411562761672e-36,5.709107091070632,5.709107091070632
0.0008015625,40.86149418642044,1.6967108706653408e-40,1.7843183179708775,1.7843183179708775
0.00080234375,40.85194824009971,9.737574480140176e-45,-2.0073018763486914,-2.0073018763486914
0.000803125,40.78109410591746,5.5884805358201524e-49,-5.622982999393563,-5.622982999393563
0.00080390625,40.65183084455179,3.2072786465394116e-53,-9.023882297988425,-9.023882297988425
0.0008046875,40.466293379831065,1.840685719600173e-57,-12.175421851345055,-12.175421851345055
0.00080546875,40.20344721835792,1.0563858933790249e-61,-15.047571660613478,-15.047571660613478
0.00080625,39.83613404445077,12.292288596635768,-17.534247773419317,-29.826536370055084
0.00080703125,39.31259729220412,12.368114942277607,-19.584258790962046,-31.952373733239654
0.0008078125,38.769162238819554,12.435846552557654,-21.147835907636157,-33.58368246019381
0.00080859375,38.21600864440449,12.503558971182448,-22.22358572005114,-34.72714469123359
0.000809375,37.82954704681256,12.571252559646796,-22.81627326078018,-35.38752582042697
0.00081015625,36.351519645193314,54.06276337906303,-22.611691464266528,-76.67445484332956
0.0008109375,35.11708222590362,54.0911902700886,-21.567315587219696,-75.6585058573083
0.00081171875,33.88928479584333,54.111468819527275,-19.60547262527662,-73.7169414448039
0.0008125,32.69810927258369,54.131665415106326,-16.787155820713053,-70.91882123581938
0.00081328125,31.559695331698766,54.15178048934897,-13.181823634153453,-67.33360412350243
0.0008140625,30.487132366213974,54.17181401198886,-8.866154487224115,-63.03796849921297
0.00081484375,29.4916792137418,54.19176595285582,-3.922787630994854,-58.11455358385067
0.000815625,28.58298663718642,54.21163628190262,1.5609610168559342,-52.65067526504669
0.00081640625,27.769125081886415,54.231424969204895,7.494391221029737,-46.73703374817516
0.0008171875,27.056564894041998,54.25113198496125,13.78470233741276,-40.46642964754849
0.00081796875,26.450138674894085,54.27075729949326,20.3382528592037,-33.93250444028956
0.00081875,25.952970963481775,54.29030088324558,27.061780593333694,-27.228520289911884
0.00081953125,25.566288953514103,54.309762706785904,33.86356951097741,-20.446193195808494
0.0008203125,25.288726845923875,54.32914274080508,40.654550358312456,-13.674592382492627
0.00082109375,25.112554522931184,54.34844095611714,47.34932210020342,-6.999118855913714
0.000821875,24.967077677036073,54.36765732365932,53.86705287587009,-0.5006044477892383
0.00082265625,25.82210361323649,0.1215275813669393,59.83483319369253,59.71330561232559
0.0008234375,26.802215602546358,6.9745759117156815e-06,65.01230696156135,65.01229998698544
0.00082421875,27.90694470944686,4.0027903701567607e-10,69.16066228417108,69.1606622837708
0.000825,29.076240648676908,1.7044059811998325e-14,72.26779642431373,72.26779642431372
0.00082578125,30.286322873755417,2.5249294602654745e-15,74.33565318844255,74.33565318844255
0.0008265625,31.513201186238675,-2.65494664926337e-15,75.37927084289966,75.37927084289966
0.00082734375,32.694645800998565,-1.5998922968234276e-15,75.42604787662115,75.42604787662115
0.000828125,33.68954216334672,54.105494420788226,74.76424383769016,20.658749416901937
0.00082890625,33.94770629445377,54.536893048370516,73.63051377136739,19.093620722996867
0.0008296875,34.23405546583799,54.555313064756675,72.29864533743421,17.74333227267753
0.00083046875,34.50541528802354,54.573627225331386,70.79478980487913,16.221162579547748
0.00083125,34.75307476702122,54.59185919764978,69.14506291592595,14.553203718276164
0.00083203125,34.97321137190027,54.61000895561473,67.37639389104137,12.766384935426641
0.0008328125,35.16346815311183,54.62807647189312,65.5161500878269,10.888073615933784
0.00083359375,35.3222730611185,54.64606171927559,63.59177237902809,8.945710659752498
0.000834375,35.448630156030276,54.66396467067669,61.63042432629008,6.9664596556133915
0.00083515625,35.54202450125751,54.681785299134866,59.658658857319885,4.976873558185021
0.0008359375,35.602348050829306,54.69952357781263,57.70210592553641,3.002582347723779
0.00083671875,35.62979526441554,54.7171794799964,55.785184247879045,1.0680047678826434
0.0008375,35.624627699670135,54.73475297909674,53.93083975608648,-0.8039132230102646
0.00083828125,35.586373646757835,54.75224404864825,52.1603127452004,-2.5919313034478475
0.0008390625,35.509101202245425,54.76965266230974,50.49293342375884,-4.276719238550899
0.00083984375,35.233057185388795,54.786978793864094,48.945860072562695,-5.841118721301395
0.000840625,35.968514041590616,15.270088913936558,47.223950279098005,31.953861365161448
0.00084140625,36.45057410857828,15.329222942242517,45.28377418843107,29.95455124618855
0.0008421875,36.914653801440366,15.396033537302834,43.04108997583517,27.645056438532336
0.00084296875,37.340762398908005,15.46282138810474,40.53714586578428,25.07432447767954
0.00084375,37.71949949191313,15.529585952202474,37.814890955483065,22.28530500328059
0.00084453125,37.98313377318731,15.5963271290244,34.91829919672245,19.321972067698052
0.0008453125,38.60637433764663,0.00303558304263389,31.76917046053855,31.766134877495915
0.00084609375,39.087683144929855,1.742148086592196e-07,28.3890171128277,28.38901693861289
0.000846875,39.51827016384704,9.998342700529112e-12,24.78323003244703,24.783230032437032
0.00084765625,39.88909693637865,5.738137735051459e-16,21.00645434587768,21.00645434587768
0.0008484375,40.196856423476724,3.293168243240855e-20,17.113344625345558,17.113344625345558
0.00084921875,40.439846221032695,1.889978522481877e-24,13.15786091776203,13.15786091776203
0.00085,40.61744859112338,1.0846754710374296e-28,9.192612136445728,9.192612136445728
0.00085078125,40.72998948781927,6.225048927673998e-33,5.268242847033584,5.268242847033584
0.0008515625,40.77867983855603,3.572610904058877e-37,1.432869340440189,1.432869340440189
0.00085234375,40.76560251836143,2.0503531490425586e-41,-2.268429834202152,-2.268429834202152
0.000853125,40.69381041656768,1.1767158945332089e-45,-5.794064539526931,-5.794064539526931
0.00085390625,40.567991017678985,6.753277098111985e-50,-9.106321260270992,-9.106321260270992
0.0008546875,40.40155076594891,3.875765745645474e-54,-12.17168271900131,-12.17168271900131
0.00085546875,39.97734768055876,16.104415358091433,-14.898017057897324,-31.002432415988757
0.00085625,39.48420101538377,16.59454572499369,-17.20351290483136,-33.79805862982505
0.00085703125,38.91167228670327,16.66092337982521,-18.99027235732247,-35.65119573714768
0.0008578125,38.31164319670086,16.727251625496724,-20.254152393100302,-36.981404018597026
0.00085859375,37.696646652232644,16.79355467883395,-20.999045463514648,-37.7926001423486
0.000859375,37.08299568906869,16.859832441381243,-21.235265115203433,-38.095097556584676
0.00086015625,36.63542384136111,16.92608481332558,-20.979070048889447,-37.90515486221503
0.0008609375,35.193790326813,55.21606788420779,-19.95249234447634,-75.16856022868413
0.00086171875,33.99091488023576,55.238519788337825,-18.128291762722228,-73.36681155106005
0.0008625,32.80848316434989,55.25344352122286,-15.446628665500498,-70.70007218672336
0.00086328125,31.674269476948453,55.26828361614632,-11.975308094356308,-67.24359171050263
0.0008640625,30.603067796503566,55.28304047800894,-7.789480807229026,-63.07252128523797
0.00086484375,29.60666706077116,55.29771408461169,-2.970372535966767,-58.26808662057846
0.000865625,28.69498920670389,55.31230441385637,2.395987278628972,-52.916317135227395
0.00086640625,27.876304235153693,55.32681144377021,8.220046674773975,-47.106764768996236
0.0008671875,27.15726034930867,55.34123515250588,14.410006038653727,-40.931229113852154
0.00086796875,26.542856362635543,55.35557551834155,20.873070813954406,-34.482504704387146
0.00086875,26.036356261100924,55.369832519680905,27.516667051197516,-27.85316546848339
0.00086953125,25.63902866574393,55.38400613505311,34.249605791698784,-21.13440034335433
0.0008703125,25.349112332261377,55.398096343113,40.98318318560946,-14.414913157503534
0.00087109375,25.155303686460186,55.41210312264096,47.632202003064,-7.779901119576957
0.000871875,24.82910829526974,55.42602645254303,54.115782510788634,-1.3102439417543943
0.00087265625,26.059973074529626,0.010782387040683275,59.923769569240534,59.91298718219985
0.0008734375,27.06887301247564,6.188107903448649e-07,64.90744970860995,64.90744908979916
0.00087421875,28.1769931365411,3.551975118174075e-11,68.87070171750793,68.87070171747241
0.000875,29.34713671931566,2.7984023072302165e-15,71.80375543463069,71.80375543463069
0.00087578125,30.559740060174683,1.5349863681157264e-15,73.71032593989561,73.71032593989561
0.0008765625,31.800079092392686,-3.7886396620948433e-16,74.60699355900736,74.60699355900736
0.00087734375,33.068625550976,4.1649258784264635e-15,74.52248961212447,74.52248961212447
0.000878125,33.05060399108387,39.15098579169677,73.61949188148964,34.46850608979287
0.00087890625,34.34102436166578,55.54663751115686,72.19097633075653,16.644338819599668
0.0008796875,34.62491486116406,55.56066541740399,70.56043072697881,14.999765309574821
0.00088046875,34.863951106717195,55.573669499144344,68.80450149219853,13.230831993054185
0.00088125,35.068274675716545,55.586589833986636,66.950594346607,11.364004512620376
0.00088203125,35.23908987390807,55.59942645642613,65.02626032932734,9.426833872901213
0.0008828125,35.37635638768426,55.612179347134166,63.05884755861147,7.446668211477301
0.00088359375,35.47996865414598,55.624848486905144,61.07516329825483,5.450314811349685
0.000884375,35.55003991846596,55.637433856659555,59.10115581850805,3.4637219618484902
0.00088515625,35.58696304382055,55.64993543744408,57.16161965318927,1.511684215745191
0.0008859375,35.591365982267114,55.66235321043155,55.27992712074225,-0.38242608968929415
0.00088671875,35.5639174268152,55.674687156921,53.47778843805859,-2.196898718862412
0.0008875,35.50460122174442,55.686937258337764,51.77504209302948,-3.9118951653082874
0.00088828125,35.4083802214657,55.6991034962334,50.18947500036609,-5.509628495867308
0.0008890625,35.12898231586129,55.711185852285766,48.7365934258693,-6.974592426416468
0.00088984375,35.77793512843146,19.430948720315797,47.1449228228687,27.713974102552903
0.000890625,36.19428173528505,19.489063454304908,45.37387546763199,25.88481201332708
0.00089140625,36.59462374553361,19.554218405364274,43.345183095085616,23.790964689721342
0.0008921875,36.9613914845033,19.619344313852874,41.09558278320851,21.47623846935564
0.00089296875,37.288594975512595,19.684440675986792,38.663178983570944,18.978738307584152
0.00089375,37.57169439355422,19.749507393708775,36.086880597371064,16.337373203662292
0.00089453125,37.802170105945514,19.81454436902954,33.40587259523069,13.59132822620115
0.0008953125,38.443562352935295,5.862521248497242,30.615199353046854,24.752678104549613
0.00089609375,38.56114603926255,0.0003364553047052767,27.66592013862537,27.665583683320666
0.000896875,38.978703655645795,1.9309468958144593e-08,24.500163813217004,24.500163793907536
0.00089765625,39.34785747184175,1.1081875845951022e-12,21.149543933686317,21.14954393368521
0.0008984375,39.66175802907472,6.359987036995813e-17,17.66386187276605,17.66386187276605
0.00089921875,39.91775997324855,3.6500530842469026e-21,14.092656844251971,14.092656844251971
0.0009,40.11466123181296,2.0947979045116875e-25,10.484586028666415,10.484586028666415
0.00090078125,40.252272399703486,1.2022231346950257e-29,6.886842667926792,6.886842667926792
0.0009015625,40.33132269615376,6.899665416329757e-34,3.3446159983326513,3.3446159983326513
0.00090234375,40.35352793156491,3.959779302481414e-38,-0.09940188022117412,-0.09940188022117412
0.000903125,40.3221233411967,2.27255253381562e-42,-3.4054576185698155,-3.4054576185698155
0.00090390625,40.246243441224436,1.3042380962281006e-46,-6.537121036584238,-6.537121036584238
0.0009046875,39.64592026515521,14.56529348021307,-9.415988576723963,-23.981282056937033
0.00090546875,39.49542616600069,20.72153468072399,-11.922634444641417,-32.64416912536541
0.00090625,38.94287369492903,20.786463396229436,-13.933712723045794,-34.72017611927523
0.00090703125,38.35544574017203,20.85101122365049,-15.424813721596802,-36.275824945247294
0.0009078125,37.74644776837621,20.915527629762558,-16.396856195223826,-37.312383824986384
0.00090859375,37.12590223175905,20.980012537466827,-16.857304214018697,-37.837316751485524
0.000909375,36.50398341730602,21.044465849651374,-16.819809839828572,-37.864275689479946
0.00091015625,35.89549168974197,21.108887469250668,-16.30379165702587,-37.41267912627654
0.0009109375,35.450395668570295,21.17327729924692,-15.333878174386797,-36.507155473633716
0.00091171875,34.11292009259709,56.01823124897165,-13.666640238343255,-69.68487148731491
0.0009125,33.00488949428662,56.034565385535174,-11.286441677448451,-67.32100706298363
0.00091328125,31.927361448165033,56.04403939585852,-8.14748174398565,-64.19152113984417
0.0009140625,30.905198058338954,56.05342861600569,-4.319515403153133,-60.37294401915882
0.00091484375,29.951338364087846,56.06273342068002,0.12171222489803313,-55.941021195781985
0.000915625,29.07589669420821,56.07195379589102,5.095687941832907,-50.97626585405811
0.00091640625,28.287227538690065,56.081089727752925,10.518340783693702,-45.56274894405922
0.0009171875,27.59216794434916,56.0901412025072,16.30324894011975,-39.78689226238745
0.00091796875,26.99615173934693,56.09910820652251,22.362828487415243,-33.736279719107266
0.00091875,26.50338008689998,56.10799072629468,28.60948969507561,-27.49850103121907
0.00091953125,26.11730419242648,56.11678874844681,34.95674769473888,-21.16004105370793
0.0009203125,25.842646621178297,56.12550225972923,41.320276011747,-14.805226247982237
0.00092109375,25.702291794844513,56.13413124701958,47.61890027116229,-8.515230975857289
0.000921875,25.725626407158117,4.886381614666293,53.5990106594322,48.71262904476591
0.00092265625,26.68041427520511,0.00028043378359897224,58.995731253670435,58.995450819886834
0.0009234375,27.725029769699752,1.6094352477319435e-08,63.444641102396574,63.44464108630222
0.00092421875,28.81947138720079,9.395416386638207e-13,66.91283689439175,66.91283689439081
0.000925,29.956628709403446,7.992308969659327e-16,69.39529224229176,69.39529224229176
0.00092578125,31.121717954876587,1.0769317644067721e-14,70.89967059722522,70.89967059722521
0.0009265625,32.297438870931465,2.083243920469553e-15,71.44572611808093,71.44572611808093
0.00092734375,33.46007515936798,-9.815833559410754e-16,71.06457073810937,71.06457073810937
0.000928125,34.47740839599411,1.225627929166146e-14,69.79776434937526,69.79776434937524
0.00092890625,35.18970766442961,56.178706097743856,68.06607082669086,11.887364728946999
0.0009296875,35.320559796229055,56.223465771086865,66.06788530459158,9.84441953350472
0.00093046875,35.450634693588796,56.231081620258706,64.02416236575176,7.793080745493056
0.00093125,35.55312517066303,56.23861065958015,61.96280222561926,5.724191566039109
0.00093203125,35.62370201216738,56.24605500444821,59.910724340275145,3.6646693358269355
0.0009328125,35.661459247733255,56.253414643773915,57.89366253539576,1.6402478916218435
0.00093359375,35.66664666581581,56.26068956647381,55.9358847214355,-0.32480484503830453
0.000934375,35.640119907761935,56.26787976159194,54.059943215166705,-2.207936546425237
0.00093515625,35.583095619195454,56.27498521830005,52.286456877624964,-3.988528340675086
0.0009359375,35.49688852406771,56.28200592589744,50.63392638706692,-5.648079538830512
0.00093671875,35.38221054335698,56.28894187381103,49.118583415988766,-7.170358457822257
0.0009375,35.235221154643156,56.29579305159541,47.75427251720428,-8.54152053439113
0.00093828125,34.9242549913971,56.30255944893284,46.552293421918364,-9.750266027014478
0.0009390625,35.4556701038459,23.4757228640187,45.26386825855266,21.78814539453396
0.00093984375,35.77954392718318,23.53247111079248,43.84880775279608,20.316336642003595
0.000940625,36.09241303224147,23.59558116482065,42.23254322651708,18.636962061696433
0.00094140625,36.37893416352112,23.658656051473695,40.44432096535993,16.785664913886233
0.0009421875,36.634310942302584,23.72169530863936,38.51442907316273,14.79273376452337
0.00094296875,36.855548439915445,23.784698841360612,36.47374924572368,12.689050404363066
0.00094375,37.04007892257934,23.84766655475523,34.353341037711225,10.505674482955994
0.00094453125,37.18382387859457,23.91059835399499,32.18403995158233,8.273441597587341
0.0009453125,37.25609184569752,23.973494144305747,29.99605964303411,6.022565498728361
0.00094609375,37.68701071352421,0.05363336873136524,27.687197178646606,27.63356380991524
0.000946875,38.09303821157993,3.078066697584685e-06,25.209445340640897,25.2094422625742
0.00094765625,38.4778877747152,1.7665298337374667e-10,22.510694051373072,22.51069405119642
0.0009484375,38.81968826583871,1.013827171429792e-14,19.63375576955163,19.63375576955162
0.00094921875,39.1137535991034,5.818444239657751e-19,16.62216531619159,16.62216531619159
0.00095,39.35773013733567,3.339256859950009e-23,13.51943701604101,13.51943701604101
0.00095078125,39.55043100565987,1.9164291892189876e-27,10.368513376816491,10.368513376816491
0.0009515625,39.69166481562225,1.0998557437553725e-31,7.211243442426909,7.211243442426909
0.00095234375,39.78246920734377,6.312169861933024e-36,4.087895952901726,4.087895952901726
0.000953125,39.82678809134856,3.622610382508261e-40,1.0367127613614155,1.0367127613614155
0.00095390625,39.857155252462945,2.0790482940897594e-44,-1.906479133909529,-1.906479133909529
0.0009546875,39.43318791464253,24.670226558863465,-4.573419872264356,-29.24364643112782
0.00095546875,38.95256651366923,24.78781641640363,-6.856044634759897,-31.643861051163526
0.00095625,38.415552159683024,24.85020132734996,-8.647074434436629,-33.49727576178659
0.00095703125,37.849590570830294,24.91254564822364,-9.942361817952857,-34.8549074661765
0.0009578125,37.265257611676276,24.974852451072106,-10.744375568069376,-35.71922801914148
0.00095859375,36.671507065024315,25.037121642244102,-11.061739681312034,-36.098861323556136
0.000959375,36.076960726018555,25.099353127963383,-10.908878991533385,-36.00823211949677
0.00096015625,35.4906801001199,25.16154681451045,-10.305605579437426,-35.46715239394788
0.0009609375,34.92585455306903,25.223702608222737,-9.276651478947358,-34.500354087170095
0.00096171875,34.51654640258165,25.28582041549474,-7.8510869570248545,-33.136907372519595
0.0009625,33.31786920386953,56.464152194515506,-5.817746739758277,-62.281898934273784
0.00096328125,32.333367610938026,56.47426468818132,-3.168874161781744,-59.643138849963066
0.0009640625,31.384638509355838,56.478228726908284,0.13077791373174819,-56.347450813176536
0.00096484375,30.493432068433886,56.48210736245922,4.013631309721077,-52.46847605273814
0.000965625,29.670764848191126,56.485900936957265,8.407374945141385,-48.07852599181588
0.00096640625,28.92508372345865,56.4896094447093,13.236090937966175,-43.25351850674313
0.0009671875,28.26325647208955,56.4932328801304,18.421360535016596,-38.0718723451138
0.00096796875,27.690867609595557,56.496771237763745,23.883357468843727,-32.61341376892002
0.00096875,27.212534660763687,56.50022451228061,29.541915772455834,-26.958308739824776
0.00096953125,26.832854371508645,56.50359269848046,35.31755990247003,-21.18603279601043
0.0009703125,26.56155832692778,56.50687579129084,41.1324878501555,-15.374387941135337
0.00097109375,26.516643052250817,56.510073785767474,46.91155597904905,-9.598517806718425
0.000971875,26.84322755819654,0.03726182562278937,52.21146612169887,52.17420429607608
0.00097265625,27.803523911358095,2.1384893021389933e-06,56.82530188723087,56.82529974874157
0.0009734375,28.798083306041423,1.2274503897804366e-10,60.535870503716694,60.53587050359395
0.00097421875,29.83844176892974,1.4753005074837822e-14,63.33190171777214,63.331901717772126
0.000975,30.914033299815607,1.2592271872664693e-14,65.21426017604819,65.21426017604817
0.00097578125,32.01168755469181,8.716463659040328e-15,66.19535499980432,66.19535499980431
0.0009765625,33.11860466799262,9.151256359298028e-15,66.2985258069382,66.29852580693819
0.00097734375,34.225519640833554,1.2540478614670426e-14,65.55731486823545,65.55731486823544
0.000978125,35.35149325579475,7.106713715181435e-15,64.01465252044831,64.0146525204483
0.00097890625,35.726138675337154,55.0856116018426,61.93769779205599,6.852086190213392
0.0009796875,35.96833788116304,56.5395506313803,59.58039017703421,3.0408395456539115
0.00098046875,36.01440996258322,56.54181041991069,57.27383975021605,0.7320293303053603
0.00098125,36.01163562011132,56.543901749221305,55.04956009259622,-1.4943416566250889
0.00098203125,35.96936453686734,56.545907919656614,52.932507724934645,-3.6134001947219705
0.0009828125,35.891523139468624,56.54782893297623,50.94528515825759,-5.602543774718638
0.00098359375,35.78110775997927,56.549664786287416,49.107950477354905,-7.441714308932514
0.000984375,35.64092867853551,56.5514154768254,47.43786452787177,-9.113550948953629
0.00098515625,35.473650641749934,56.553081001953686,45.9495779713308,-10.603503030622893
0.0009859375,35.28126387287059,56.554661359164015,44.65475809863228,-11.899903260531737
0.00098671875,35.061607644668946,56.5561565460764,43.56215325103014,-12.994003295046262
0.0009875,34.69880647169045,56.55756656043912,42.67752938598971,-13.880037174449411
0.00098828125,35.08838524356862,27.38024678707095,41.77486671038689,14.394619923315942
0.0009890625,35.29803737653909,27.435289517489473,40.81304912837115,13.377759610881677
0.00098984375,35.50333233365092,27.495977638215678,39.71997257904668,12.223994940831005
0.000990625,35.69147065250893,27.55662467686164,38.515448139626244,10.958823462764599
0.00099140625,35.858997971483156,27.617230215747604,37.219933633270216,9.60270341752261
0.0009921875,36.00413382451982,27.67779416358394,35.85422829779578,8.176434134211837
0.00099296875,36.125892398797525,27.73831642916247,34.439195152356604,6.700878723194134
0.00099375,36.22402716151472,27.798796921337768,32.99549402588495,5.196697104547181
0.00099453125,36.299612233405114,27.859235549027265,31.54332814479845,3.684092595771185
0.0009953125,36.359424151005605,27.9196322212115,30.102208949411466,2.182576728199965
0.00099609375,36.72917251617776,27.979986846934185,28.69091701248679,0.7109301655526026
0.000996875,36.78433821228115,0.0016057963120641996,27.06495080541629,27.06334500910423
0.00099765625,37.23045740042011,9.215807748392572e-08,25.241661566876317,25.24166147471824
0.0009984375,37.63372201257578,5.289033971323323e-12,23.17082031535346,23.17082031534817
0.00099921875,37.998140606384105,3.0354236018748745e-16,20.888498960720753,20.888498960720753
0.001,38.32222202019014,1.742056582123584e-20,18.43201947773049,18.43201947773049
0.00100078125,38.604195899920086,9.997817548251386e-25,15.839429318688051,15.839429318688051
0.0010015625,38.84295087427752,5.737836345492036e-29,13.148990905543485,13.148990905543485
0.00100234375,39.03903526043621,3.292995273094135e-33,10.398688757118673,10.398688757118673
0.001003125,39.200847745983566,1.88987925337742e-37,7.625762978671062,7.625762978671062
0.00100390625,38.659914710622644,20.151308234990058,4.929391634239405,-15.221916600750653
0.0010046875,38.759823003798886,28.640602914564397,2.4691806152609495,-26.171422299303448
0.00100546875,38.31734133111651,28.700929682591223,0.4138280766960527,-28.28710160589517
0.00100625,37.835739442521955,28.760729484052398,-1.2013344059242428,-29.96206388997664
0.00100703125,37.32850738435996,28.82048594461228,-2.3725453293346277,-31.193031273946907
0.0010078125,36.80428218925572,28.880199002039607,-3.101823784150586,-31.982022786190193
0.00100859375,36.270700558181034,28.939868566409146,-3.396710971267403,-32.33657953767655
0.001009375,35.73488281618631,28.999494547859626,-3.2699551371467734,-32.2694496850064
0.00101015625,35.203388810847535,29.059076856595404,-2.739143310132171,-31.798220166727575
0.0010109375,34.68175713637577,29.11861540288659,-1.8262865808435755,-30.944901983730166
0.00101171875,34.17198657307695,29.178110097069222,-0.5573670617063549,-29.735477158775577
0.0010125,33.622693713516256,29.237560849545346,1.038117565347683,-28.199443284197663
0.00101328125,32.96881551910501,56.538303862401364,3.107023984463595,-53.43127987793777
0.0010140625,32.087319719255916,56.554820743555965,5.68130932157807,-50.873511421977895
0.00101484375,31.270342712262362,56.55325033008292,8.798158373566316,-47.7550919565166
0.001015625,30.51355685650121,56.551593715279026,12.396556941538158,-44.15503677374087
0.00101640625,29.822342311623306,56.54985193473771,16.411761708953456,-40.138090225784254
0.0010171875,29.202549385876758,56.54802499114136,20.776316185289794,-35.77170880585157
0.00101796875,28.659524654208525,56.54611288724131,25.421012886403386,-31.12510000083792
0.00101875,28.19831024877063,56.54411562591716,30.275840155530492,-26.268275470386666
0.00101953125,27.82556553124334,56.54203321017675,35.27090264704203,-21.27113056313472
0.0010203125,27.566512660523458,56.53986564315616,40.337313241847966,-16.202552401308193
0.00102109375,27.453105684688076,4.920991253381661,45.23029384460088,40.309302591219215
0.001021875,28.26107772913723,0.00028242006152434884,49.69149348124375,49.69121106118222
0.00102265625,29.145555363306546,1.6208346922770117e-08,53.36004109563564,53.36004107942729
0.0010234375,30.069210880716607,9.442548994149666e-13,56.20666540412399,56.206665404123044
0.00102421875,31.028096905294987,7.740274825139097e-15,58.22791561206078,58.22791561206077
0.001025,32.01104812902325,1.2258728717170823e-14,59.430935985353855,59.43093598535384
0.00102578125,33.00585175427229,8.625765535873635e-15,59.83295709412781,59.832957094127806
0.0010265625,34.00070612726392,1.4209559746811865e-14,59.46067779969998,59.460677799699965
0.00102734375,34.98573919621598,9.059538586090062e-15,58.34955187975038,58.34955187975037
0.001028125,35.95993930392242,1.877253934356932e-14,56.54299542141812,56.5429954214181
0.00102890625,37.1430891761344,1.7267552738784902e-14,54.09165282088813,54.091652820888115
0.0010296875,36.79943039798527,56.49622143829865,51.495317584963466,-5.000903853335181
0.00103046875,36.72894736850365,56.503939534782525,48.8965918960269,-7.607347638755627
0.00103125,36.590581105624345,56.5005808817875,46.49738230703833,-10.003198574749172
0.00103203125,36.40895067317683,56.497136509117865,44.32017803932672,-12.176958469791145
0.0010328125,36.19166262087626,56.49360705274546,42.383720101690855,-14.109886951054609
0.00103359375,35.944180189455025,56.48999251802181,40.70295196399136,-15.787040554030447
0.001034375,35.671689381324114,56.48629291039031,39.28898192968807,-17.19731098070224
0.00103515625,35.379873693251874,56.4825082354225,38.14909505906303,-18.333413176359468
0.0010359375,35.07729024414551,56.47863849881808,37.28681410466631,-19.191824394151766
0.00103671875,34.82168254870256,56.47468370640475,36.70203350967223,-19.77265019673251
0.0010375,34.68292513832616,31.132999786697955,36.224334628090745,5.091334841392791
0.00103828125,34.78421823634716,31.17420287535608,35.78461268724448,4.610409811888405
0.0010390625,34.86185468508996,31.23210581826826,35.30404150997263,4.071935691704368
0.00103984375,34.92718534765117,31.289962687307344,34.79102502622234,3.5010623389149993
0.001040625,34.98175077828977,31.34777243428328,34.25408751718472,2.9063150829014406
0.00104140625,35.0258900548741,31.40553497208044,33.70171679273449,2.296181820654047
0.0010421875,35.05976726616321,31.4632502137095,33.14225860483475,1.679008391125251
0.00104296875,35.08363470728767,31.520918072252357,32.583816655410416,1.0628985831580622
0.00104375,35.09800652471821,31.578538460862234,32.03415960016053,0.45562113929829595
0.00104453125,35.104040440561846,31.636111292763886,31.500636124927574,-0.1354751678363101
0.0010453125,35.10530072739254,31.69363648125365,30.990099581542605,-0.7035368997110454
0.00104609375,35.128478465941065,31.751113939699657,30.508853874541504,-1.242260065158152
0.001046875,35.247145300192294,0.24075377724563696,29.917135023983796,29.67638124673816
0.00104765625,35.77395852236466,1.3817073243511191e-05,29.110520005227,29.110506188153757
0.0010484375,36.25542363492642,7.929741132234417e-10,27.967645459066826,27.967645458273854
0.00104921875,36.70971949670304,4.5509489105285444e-14,26.51565959108842,26.515659591088372
0.00105,37.13575983229419,2.6118300258315025e-18,24.785236687155674,24.785236687155674
0.00105078125,37.53061100664067,1.498952464188996e-22,22.80936131422446,22.80936131422446
0.0010515625,37.89195838725873,8.60262140980232e-27,20.622819848199573,20.622819848199573
0.00105234375,38.220796992771135,4.937120881977368e-31,18.26168969432888,18.26168969432888
0.001053125,38.55521618132685,2.8334575523087105e-35,15.762852135155228,15.762852135155228
0.00105390625,38.314821761384465,32.25108162945871,13.34026429651681,-18.9108173329419
0.0010546875,38.015067324247916,32.38018695372484,11.132880148974486,-21.24730680475035
0.00105546875,37.65163821427491,32.43708906189846,9.282273218807102,-23.15481584309136
0.00105625,37.255662947179545,32.493938179394036,7.798679812581497,-24.69525836681254
0.00105703125,36.83624911133303,32.5507383613683,6.687057978693172,-25.86368038267513
0.0010578125,36.40040409477347,32.60748952251882,5.947452702350404,-26.660036820168415
0.00105859375,35.95455564317583,32.66419157737943,5.57519120200536,-27.089000375374066
0.001059375,35.50480050868909,32.72084444055781,5.561129584062915,-27.159714856494897
0.00106015625,35.056899832688124,32.77744802673581,5.891946235820484,-26.885501790915328
0.0010609375,34.616148929926496,32.83400225066945,6.550476446426938,-26.28352580424251
0.00106171875,34.186960367850396,32.890507027189074,7.5160822737016275,-25.374424753487446
0.0010625,33.77071289672486,32.946962271199524,8.765050662065704,-24.18191160913382
0.00106328125,33.32327875464162,33.00336789768019,10.27098922602475,-22.732378671655443
0.0010640625,32.78896040807744,56.26739158249301,12.15808173790375,-44.10930984458926
0.00106484375,32.06260485468081,56.27572282307223,14.452857518359181,-41.82286530471305
0.001065625,31.392886634538026,56.26862711298237,17.18657802660986,-39.082049086372514
0.00106640625,30.77583180369605,56.26144578285448,20.30712116223463,-35.95432462061985
0.0010671875,30.215857812938438,56.254179723955446,23.759490312679844,-32.4946894112756
0.00106796875,29.718107803610703,56.24682894727839,27.48666597384658,-28.760162973431807
0.00106875,29.28840572171889,56.23939346389345,31.43040880859901,-24.808984655294438
0.00106953125,28.93812982304091,56.2318732849983,35.53204928880193,-20.69982399619637
0.0010703125,28.786703012650904,56.22426842191821,39.73331316766793,-16.49095525425028
0.00107109375,28.9807039036132,0.03707159208717794,43.60732049361589,43.57024890152871
0.001071875,29.78345713564484,2.1275716341475756e-06,46.95996041817557,46.959958290603936
0.00107265625,30.60117604997264,1.2210917940529534e-10,49.58442892023372,49.58442892011161
0.0010734375,31.448032053967367,1.5271203412403426e-14,51.47627175925937,51.476271759259355
0.00107421875,32.316148158455,1.5422905746472916e-14,52.64059284926364,52.640592849263626
0.001075,33.19476348890741,1.5635035934107393e-14,53.09151275736452,53.091512757364505
0.00107578125,34.072556738601016,1.1049903360443861e-14,52.85163298637629,52.85163298637627
0.0010765625,34.93813525654755,1.762701112775472e-14,51.95141306445257,51.95141306445255
0.00107734375,35.77985719756206,1.584191869906866e-14,50.42847238457613,50.42847238457612
0.001078125,36.58401677198238,5.0299502784045876e-15,48.32682800183671,48.3268280018367
0.00107890625,37.31813009622842,8.710427252437172e-15,45.69607223212704,45.69607223212703
0.0010796875,37.942818834125625,51.24106971306395,42.766962128477886,-8.474107584586065
0.00108046875,37.680204665386704,56.11742395210793,39.79014138136999,-16.327282570737932
0.00108125,37.36126550499541,56.10891512884878,37.12427723644471,-18.984637892404066
0.00108203125,37.0153679111178,56.10004146479515,34.80483760858578,-21.29520385620937
0.0010828125,36.639006865882095,56.091083299003856,32.847352780042286,-23.243730518961573
0.00108359375,36.23633866921096,56.08204066105387,31.262151114903347,-24.81988954615052
0.001084375,35.8135841312236,56.07291356456416,30.05443259226936,-26.0184809722948
0.00108515625,35.37988565532684,56.063702023280015,29.22440713803157,-26.839294885248446
0.0010859375,34.98601543821582,56.054406051073784,28.76751457767533,-27.286891473398455
0.00108671875,34.69288480417884,34.68617050626635,28.534022658601096,-6.152147847665255
0.0010875,34.60636573558465,34.726872462976466,28.458246705707218,-6.268625757269247
0.00108828125,34.505944933838144,34.78164508010863,28.465049176895054,-6.316595903213579
0.0010890625,34.40296221683008,34.83636612724099,28.55172460923826,-6.284641518002732
0.00108984375,34.300308302462554,34.891034711482064,28.714698430794,-6.17633628068806
0.001090625,34.19965505708896,34.945650750455414,28.94956964190299,-5.996081108552426
0.00109140625,34.10228534416634,35.00021416191028,29.251199840098554,-5.749014321811726
0.0010921875,34.009256601278615,35.054724863675155,29.613807706411112,-5.4409171572640425
0.00109296875,33.921417807303044,35.10918277365788,30.03106780872146,-5.078114964936418
0.00109375,33.83934269165603,35.16358780984586,30.496212329133492,-4.667375480712366
0.00109453125,33.7630860017343,35.21793989030607,31.002134249651156,-4.215805640654913
0.0010953125,33.69116615790442,35.27223893318528,31.54149025722002,-3.730748675965259
0.00109609375,33.61296164726429,35.326484856710096,32.10679842019229,-3.2196864365178017
0.001096875,34.35628743371915,10.436103825718675,32.61239859512743,22.176294769408756
0.00109765625,34.25869106316289,0.0005989372735353647,32.89601868369131,32.89541974641777
0.0010984375,34.78622516105437,3.437354242738889e-08,32.78189788613094,32.7818978517574
0.00109921875,35.31774858987901,1.9727281490316845e-12,32.25682435600931,32.256824356007336
0.0011,35.838780682428066,1.1321662171429556e-16,31.34375877141234,31.34375877141234
0.00110078125,36.34090456316526,6.497602540263659e-21,30.069672643043102,30.069672643043102
0.0011015625,36.81608039637695,3.7290318446156127e-25,28.46504245756145,28.46504245756145
0.00110234375,37.25028177950052,2.1401245170027065e-29,26.563320334138236,26.563320334138236
0.001103125,37.22243720840927,1.2282364804391165e-33,24.400160484428827,24.400160484428827
0.00110390625,37.52892136175842,35.863949295279454,22.348520628466012,-13.515428666813444
0.0011046875,37.264678410198684,35.91966071327475,20.44583356347291,-15.473827149801842
0.00110546875,36.98387428864474,35.9732629734139,18.81487413874508,-17.158388834668823
0.00110625,36.681256497580165,36.02681094052721,17.46620828364691,-18.560602656880302
0.00110703125,36.35959681745452,36.08030465190756,16.406402133784347,-19.673902518123214
0.0011078125,36.02304291591209,36.13374402700114,15.638100099431067,-20.495643927570075
0.00110859375,35.67611229975916,36.18712898532924,15.160146508509122,-21.026982476820116
0.001109375,35.3233914599282,36.24045944649505,14.967750956998302,-21.27270848949675
0.00111015625,34.969386974078155,36.2937353301839,15.052693243267935,-21.241042086915964
0.0011109375,34.6184090175363,36.34695655616323,15.403563652405744,-20.943392903757484
0.00111171875,34.274420647310784,36.400123044282864,16.006034102513304,-20.39408894176956
0.0011125,33.94067560990701,36.45323471447501,16.843155381248444,-19.610079333226565
0.00111328125,33.617941947903994,36.50629148675446,17.8956749165778,-18.610616570176663
0.0011140625,33.26965488670735,36.5592932812187,19.14235020726366,-17.41694307395504
0.00111484375,32.84984757496166,55.638652372786446,20.685597953535783,-34.95305441925066
0.001115625,32.2718652941533,55.638744991087144,22.54785103417946,-33.090893956907685
0.00111640625,31.73913508753374,55.62616910884929,24.755542029589183,-30.870627079260107
0.0011171875,31.247474353054777,55.613508732358355,27.266850529396077,-28.346658202962278
0.00111796875,30.79865095722858,55.60076460288689,30.037733803920347,-25.563030798966544
0.00111875,30.39144737837349,55.58793673966875,33.0226047698689,-22.56533196979985
0.00111953125,29.996830271894613,55.575025162022456,36.174955520284115,-19.400069641738337
0.0011203125,30.36162252551326,1.426863327513459,39.235946675609455,37.809083348095996
0.00112109375,30.867399634273244,8.188895449146538e-05,41.967482826959085,41.967400938004594
0.001121875,31.56681341736838,4.699693196406186e-09,44.062887311740695,44.062887307041
0.00112265625,32.30565848888766,2.8296726431810526e-13,45.5166581557189,45.516658155718616
0.0011234375,33.06577736304503,2.2332933904078395e-14,46.335833370956514,46.33583337095649
0.00112421875,33.83492031873388,1.1087261144220583e-14,46.535217962128414,46.5352179621284
0.001125,34.602407933805075,9.560629639183598e-15,46.1368854153485,46.136885415348495
0.00112578125,35.358453928649254,1.4377162456716585e-14,45.16960900839804,45.16960900839803
0.0011265625,36.09411543164968,3.0196426992251555e-14,43.66823112246028,43.66823112246025
0.00112734375,36.801518209309165,9.479914335996615e-15,41.67298083153238,41.67298083153237
0.001128125,37.47465071564283,2.055083393308642e-14,39.22875066435553,39.22875066435551
0.00112890625,38.11331313183124,1.8938419415240774e-14,36.384344947104424,36.3843449471044
0.0011296875,38.78089021079002,9.656063882677172e-15,33.191742481026274,33.19174248102627
0.00113046875,38.480634932739996,55.26167812409118,30.008288975631242,-25.25338914845994
0.00113125,38.0950650211291,55.37131218274001,27.063995548207203,-28.30731663453281
0.00113203125,37.615179095916794,55.3570710092792,24.594938673168446,-30.762132336110756
0.0011328125,37.092270890355444,55.34273936454591,22.613747903814442,-32.72899146073147
0.00113359375,36.54022409159241,55.32832437423959,21.125990435859933,-34.20233393837966
0.001134375,35.97128671354619,55.31382606047663,20.130756770473383,-35.183069290003246
0.00113515625,35.43028719163201,55.299244445091254,19.6209507491321,-35.678293695959155
0.0011359375,34.96968634473114,38.032116805304284,19.46999767048326,-18.562119134821025
0.00113671875,34.678079993667914,38.07207446573692,19.617279876919056,-18.45479458881786
0.0011375,34.3800652205368,38.12338953088677,19.992726687213345,-18.130662843673424
0.00113828125,34.08746773238555,38.174647838003054,20.583144734660355,-17.5915031033427
0.0011390625,33.80507207675904,38.225848654827196,21.373168477153285,-16.85268017767391
0.00113984375,33.53645742896801,38.276991904214086,22.345511169842265,-15.93148073437182
0.001140625,33.28466451719323,38.328077509142915,23.481260586992903,-14.84681692215001
0.00114140625,33.05233438011973,38.379105392679705,24.76018332857597,-13.618922064103737
0.0011421875,32.841751368437286,38.430075477977326,26.16103373991252,-12.269041738064807
0.00114296875,32.65487477469278,38.480987688275825,27.66186339172622,-10.819124296549601
0.00114375,32.49340083944957,38.531841946902276,29.240327200394532,-9.291514746507744
0.00114453125,32.35893730439867,38.582638177271114,30.873982492817063,-7.708655684454053
0.0011453125,32.2536331713034,38.63337630288415,32.54057771930879,-6.092798583575361
0.00114609375,32.18369948540907,38.68405624733062,34.2183290916994,-4.465727155631223
0.001146875,32.23011794925783,38.73467793428752,35.886222805979614,-2.8484551283079074
0.00114765625,32.493386832856544,0.025549001371937833,37.26924524746153,37.24369624608959
0.0011484375,33.15456303645734,1.4662798951414192e-06,38.25253306011218,38.25253159383228
0.00114921875,33.80433066310382,8.41511063229811e-11,38.71202800148563,38.71202800140148
0.00115,34.452703193498316,4.829506780285415e-15,38.66263259750344,38.66263259750343
0.00115078125,35.09538047794148,2.7716968629387027e-19,38.12517411334471,38.12517411334471
0.0011515625,35.72868517913562,1.590701462804497e-23,37.12583935960054,37.12583935960054
0.00115234375,36.368123694444925,9.129177066952308e-28,35.69564154365719,35.69564154365719
0.001153125,36.482507780805236,38.13304254604656,34.0191879355724,-4.113854610474166
0.00115390625,36.50197803036963,39.18758133078818,32.270660054041834,-6.916921276746345
0.0011546875,36.38417965759834,39.23767391041973,30.676325020962576,-8.561348889457154
0.00115546875,36.232993641337025,39.28764975615006,29.253856093129464,-10.033793663020594
0.00115625,36.05677551344447,39.3375664320817,28.015096747341584,-11.322469684740117
0.00115703125,35.86003610883569,39.387423866349025,26.969088930085906,-12.418334936263118
0.0011578125,35.646548617683266,39.437221983867815,26.122071477803118,-13.315150506064695
0.00115859375,35.41988350932464,39.48696070964301,25.477512615417737,-14.00944809422527
0.001159375,35.183525837491636,39.536639968768995,25.036176057337553,-14.500463911431442
0.00116015625,34.94088676133267,39.58625968642969,24.79621870478853,-14.790040981641164
0.0011609375,34.695278072324925,39.63581978789872,24.753317483495948,-14.882502304402772
0.00116171875,34.44986305716485,39.685320198539436,24.90082256371808,-14.784497634821356
0.0011625,34.207563150702896,39.734760843805134,25.229933959781093,-14.50482688402404
0.00116328125,33.97079509495158,39.78414164923912,25.729898264202397,-14.054243385036722
0.0011640625,33.74011432300906,39.833462540474734,26.388221644630878,-13.445240895843856
0.00116484375,33.48725783480972,39.882723443235655,27.190880250777347,-12.691843192458306
0.001165625,33.17696827234889,54.6560846383032,28.219549090234104,-26.436535548069095
0.00116640625,32.74267895239121,54.64793804532845,29.493830702294467,-25.154107343033985
0.0011671875,32.34313171807862,54.6299619660259,31.03629460583398,-23.593667360191922
0.00116796875,31.978278891384903,54.611903055588165,32.81654466963845,-21.79535838594971
0.00116875,31.66376869854493,54.59376190057928,34.80235776900534,-19.79140413157394
0.00116953125,32.036702540391474,54.57553852835159,36.960542779453206,-17.614995748898387
0.0011703125,31.878857059291022,0.0031321386596025506,38.746492531260174,38.74336039260057
0.00117109375,32.56580270856594,1.7975623655498225e-07,40.12878993075543,40.128789750999196
0.001171875,33.250133783140406,1.0345684265203958e-11,40.94761285180665,40.94761285179631
0.00117265625,33.93762102641971,1.5885511529247443e-14,41.21494762677661,41.2149476267766
0.0011734375,34.622299056051666,9.488027333769174e-15,40.94929738596409,40.94929738596408
0.00117421875,35.296595264531724,1.4438444153258627e-14,40.17518501717307,40.17518501717306
0.001175,35.95286058533144,1.5787633757826365e-14,38.922604181814805,38.92260418181479
0.00117578125,36.583825971019415,1.5647226768165306e-14,37.22642221964248,37.226422219642465
0.0011765625,37.182833617600544,7.751976922211599e-15,35.125744869605285,35.12574486960528
0.00117734375,37.74404424927196,1.2073102631043014e-14,32.66325248553541,32.663252485535395
0.001178125,38.262791307302635,1.9399616292233164e-14,29.884517394317342,29.884517394317324
0.00117890625,38.736687710371285,1.3703885923540665e-14,26.837312174086218,26.837312174086204
0.0011796875,39.17210191775612,9.89587792405114e-15,23.570920873991973,23.570920873991962
0.00118046875,39.78770316845277,2.2509530566620657e-14,20.135581517787408,20.135581517787386
0.00118125,38.923032582648155,54.28177600963477,17.007339828264115,-37.27443618137065
0.00118203125,38.31539990904291,54.272805197384365,14.313409768189779,-39.959395429194586
0.0011828125,37.644641980746265,54.25318903854249,12.232792907298688,-42.0203961312438
0.00118359375,36.94313763387758,54.23349056912326,10.767309471136727,-43.466181097986535
0.001184375,36.25189154228535,54.21371042501256,9.910886870191398,-44.30282355482116
0.00118515625,35.61532954223577,41.15084910949945,9.564060325720739,-31.586788783778708
0.0011859375,35.104661255661874,41.1898237559493,9.674489494075189,-31.51533426187411
0.00118671875,34.5910066880557,41.237374699250964,10.180067151050608,-31.057307548200356
0.0011875,34.08697474951449,41.284864035572895,11.059281967261704,-30.22558206831119
0.00118828125,33.59959553406571,41.332291197664155,12.286762353088484,-29.04552884457567
0.0011890625,33.134719360917565,41.37965611407182,13.833728559960292,-27.54592755411153
0.00118984375,32.69749957335824,41.4269587134652,15.668493004115444,-25.758465709349753
0.001190625,32.29247550195266,41.474198924607435,17.75697737223283,-23.717221552374607
0.00119140625,31.923583929724078,41.521376676355615,20.06323946027915,-21.458137216076466
0.0011921875,31.594160767127086,41.568491897660905,22.550002715097623,-19.018489182563282
0.00119296875,31.306954802405627,41.61554451756863,25.17918167228335,-16.43636284528528
0.00119375,31.064176583349134,41.66253446521838,27.912396807809316,-13.750137657409065
0.00119453125,30.867643278240685,41.70946166984416,30.71147273628384,-10.997988933560318
0.0011953125,30.71926481018013,41.75632606077445,33.53891425581386,-8.217411804960593
0.00119609375,30.623379657881824,41.80312756743233,36.35835602863327,-5.444771538799059
0.001196875,30.614085065572414,41.849866119335545,39.13499588353684,-2.7148702357987062
0.00119765625,30.786408799269147,0.31721794588875746,41.64437157281377,41.32715362692501
0.0011984375,31.5498119519781,1.8205419838664505e-05,43.71188909855138,43.71187089313154
0.00119921875,32.303831216409684,1.044825224416112e-09,45.1442200054713,45.14422000442647
0.0012,33.069308924125,5.996344820665556e-14,45.94752155333098,45.94752155333092
0.00120078125,33.841988030365776,3.441355584463067e-18,46.136583310256746,46.136583310256746
0.0012015625,34.61832908884284,1.9750245546086932e-22,45.733393542279885,45.733393542279885
0.00120234375,35.44222936561179,1.1334841447126633e-26,44.76660394404531,44.76660394404531
0.001203125,35.54915999593751,42.127199397610894,43.501826409057486,1.3746270114465888
0.00120390625,35.60617428901967,42.26766312797254,42.112107926361034,-0.15555520161150654
0.0012046875,35.601054517286876,42.313773688387,40.779301678833264,-1.5344720095537412
0.00120546875,35.567744439620526,42.35981511366388,39.51891458661038,-2.8409005270534977
0.00120625,35.51149774188797,42.40579274551416,38.344632324354734,-4.061160421159431
0.00120703125,35.43499819513868,42.45170651500692,37.26850372651647,-5.183202788490448
0.0012078125,35.34043358683201,42.49755635299685,36.30085417222695,-6.196702180769908
0.00120859375,35.22991108730552,42.543342190434956,35.45022336338885,-7.093118827046104
0.001209375,35.105562084785966,42.589063958368556,34.723328039118755,-7.865735919249804
0.00121015625,34.96956215736062,42.63472158794152,34.125049229431035,-8.509672358510484
0.0012109375,34.82412143743968,42.680315010394246,33.65844326513723,-9.021871745257016
0.00121171875,34.67146138453375,42.72584415706392,33.32477546979152,-9.401068687272398
0.0012125,34.51377961126073,42.77130895938443,33.123575206638876,-9.647733752745552
0.00121328125,34.35318726189043,42.81670934888661,33.052710725167266,-9.763998623719345
0.0012140625,34.19153356428482,42.86204525719832,33.108482019215174,-9.753563237983144
0.00121484375,34.0294770878828,42.90731661604446,33.2857294035437,-9.62158721250076
0.001215625,33.847618263420024,42.9525233572472,33.57794493380678,-9.37457842344042
0.00121640625,33.622207001160966,53.32593692168693,34.045471582644424,-19.280465339042504
0.0012171875,33.30855923764665,53.3096029248916,34.70461929517148,-18.60498362972012
0.00121796875,33.025997667496135,53.28634096562858,35.57336418366837,-17.712976781960215
0.00121875,32.88420533954039,53.26299836510468,36.632168694319375,-16.630829670785307
0.00121953125,33.02306883316847,0.03511641202477542,37.50974155828387,37.47462514625909
0.0012203125,33.6942063640655,2.0153621103507887e-06,38.052414839107406,38.05241282374529
0.00122109375,34.337963835425796,1.1568341196258078e-10,38.09134345225024,38.09134345213456
0.001221875,34.97110900324692,2.0255329097477468e-14,37.64594016576674,37.64594016576672
0.00122265625,35.589929668227136,1.547138964149089e-14,36.741076582680286,36.74107658268027
0.0012234375,36.18834132246618,2.536509624764243e-14,35.40645895722124,35.40645895722121
0.00122421875,36.76007785613211,3.3724888747538804e-14,33.67606090548639,33.67606090548635
0.001225,37.29923317628913,1.4551819459589776e-14,31.587523687528574,31.58752368752856
0.00122578125,37.80047282984211,2.9776234218550137e-14,29.181533637877962,29.181533637877934
0.0012265625,38.2591550135509,2.7344015604661464e-14,26.5011856707374,26.50118567073737
0.00122734375,38.67143540164598,3.172510614767759e-14,23.59134152127512,23.591341521275087
0.001228125,39.034421061436305,1.3433891627181394e-14,20.497991105142294,20.49799110514228
0.00122890625,39.34655478074347,2.3226897461466113e-14,17.267625079435597,17.26762507943557
0.0012296875,39.60913421167556,1.0898665317182262e-14,13.946626677235248,13.946626677235237
0.00123046875,39.83765414332521,1.6035062447416075e-14,10.580695221058136,10.58069522105812
0.00123125,38.79524170757114,37.277328285003605,7.331066893553658,-29.946261391449948
0.00123203125,38.96772703529192,52.85303532972364,4.471236823005441,-48.3817985067182
0.0012328125,38.16464771920835,52.82914970978348,2.2925743297828305,-50.53657538000065
0.00123359375,37.30498310420308,52.804289260179665,0.840848184719647,-51.96344107546002
0.001234375,36.56907670253338,44.03760185572046,0.057307962714162386,-43.9802938930063
0.00123515625,35.82996678105933,44.0614948648225,-0.1046302134355912,-44.16612507825809
0.0012359375,35.100376334429235,44.10499680850717,0.29976488335356066,-43.805231925153606
0.00123671875,34.382952716361416,44.1484334600461,1.243379900868426,-42.905053559177674
0.0012375,33.68567886984812,44.19180362490691,2.6934023651733057,-41.498401259733605
0.00123828125,33.016433649091276,44.235107237710096,4.61190323419838,-39.62320400351172
0.0012390625,32.38251599295179,44.278344233241214,6.956520498035758,-37.321823735205456
0.00123984375,31.7905031383589,44.321514546386126,9.681172003177146,-34.64034254320898
0.001240625,31.246174597674116,44.3646181121311,12.736787162050192,-31.627830950080906
0.00124140625,30.754458941681833,44.407654865562975,16.072047501202146,-28.33560736436083
0.0012421875,30.319391441933575,44.45062474186915,19.63412630463185,-24.8164984372373
0.00124296875,29.94407360263389,44.493527676337784,23.36941800830533,-21.124109668032453
0.00124375,29.630616506355512,44.536363604357845,27.22424849689002,-17.312115107467825
0.00124453125,29.380013326644765,44.57913246141917,31.145558024214857,-13.433574437204312
0.0012453125,29.19172507658753,44.62183418311265,35.081549053988105,-9.540285129124541
0.00124609375,29.06173524395573,44.664468705130275,38.98229142497501,-5.6821772801552655
0.001246875,28.963213072012636,44.707035963265184,42.80026885470449,-1.9067671085606919
0.00124765625,29.494026827568078,1.1486825342339062,46.32011613157239,45.171433597338485
0.0012484375,30.152629247198714,6.592391151918913e-05,49.34599054967749,49.34592462576597
0.00124921875,30.977692378751296,3.783431871268366e-09,51.62971298117345,51.629712977390014
0.00125,31.84065296624594,2.171345175773229e-13,53.16841999517638,53.16841999517616
0.00125078125,32.72146128185835,1.2461542939778362e-17,53.97217629562372,53.97217629562372
0.0012515625,33.59976819031918,7.151790243789326e-22,54.05996151012735,54.05996151012735
0.00125234375,34.36934236431045,4.104475981693314e-26,53.45902178292396,53.45902178292396
0.001253125,34.90189326989929,45.01546401229734,52.500382023285056,7.48491801098771
0.00125390625,34.97591439299852,45.08710216444219,51.337208634458335,6.250106470016141
0.0012546875,35.05628973402579,45.128994978020735,50.14098179310411,5.011986815083373
0.00125546875,35.12149440352756,45.170818124933874,48.92878054326415,3.757962418330277
0.00125625,35.16795025985027,45.21257324531349,47.71713092447431,2.504557679160817
0.00125703125,35.194764891702405,45.254260276374886,46.5218964501541,1.267636173779218
0.0012578125,35.20192437862556,45.295879155338156,45.358102397575976,0.062223242237820386
0.00125859375,35.18987469174052,45.337429819525994,44.23977842607558,-1.0976513934504142
0.001259375,35.15937672468461,45.37891220636388,43.17982020871671,-2.1990919976471672
0.00126015625,35.11143660375034,45.42032625338007,42.18987097035772,-3.2304552830223545
0.0012609375,35.04726085788222,45.46167189820576,41.28022361608432,-4.181448282121434
0.00126171875,34.968220413793404,45.50294907857517,40.459743864295845,-5.043205214279323
0.0012625,34.87581745816118,45.5441577323256,39.73581452148985,-5.8083432108357504
0.00126328125,34.77165322181298,45.585297797397565,39.11430076459479,-6.47099703280278
0.0012640625,34.6574005116375,45.62636921183487,38.599536039232405,-7.026833172602463
0.00126484375,34.53481954765384,45.6673719137847,38.194327958126536,-7.473043955658162
0.001265625,34.406234329387836,45.708305841497754,37.89998359253751,-7.808322248960244
0.00126640625,34.296003114388576,45.749170933328244,37.71636589100879,-8.03280504231945
0.0012671875,34.01947404201328,51.659419474675396,37.68811290625807,-13.971306568417328
0.00126796875,33.70341251917427,51.63225079793891,37.8202237114583,-13.812027086480612
0.00126875,34.23875615126992,0.11537411656961077,37.83967337145517,37.72429925488556
0.00126953125,34.80399033213521,6.621423116892866e-06,37.57336823577359,37.573361614350475
0.0012703125,35.40727199035814,3.800367600440192e-10,36.841772774191476,36.84177277381144
0.00127109375,36.00116744465164,3.7548621530414356e-14,35.67227421188585,35.672274211885814
0.001271875,36.57404860756534,1.6229511950855373e-14,34.0970740238936,34.09707402389358
0.00127265625,37.1182287380746,2.9573564598101776e-14,32.152239352243654,32.152239352243626
0.0012734375,37.62746878454263,2.0849072121504702e-14,29.877091073324618,29.877091073324596
0.00127421875,38.09649105755076,1.4483953554190872e-14,27.313575996854297,27.313575996854283
0.001275,38.52085851260817,1.3903507618539526e-14,24.50563090297523,24.505630902975216
0.00127578125,38.896947304367565,1.4085521746651842e-14,21.498546656830207,21.498546656830193
0.0012765625,39.22194867007569,1.3736910130119455e-14,18.338340422860867,18.338340422860853
0.00127734375,39.49388664157678,1.3168999833006626e-14,15.071143607358982,15.07114360735897
0.001278125,39.7116633933255,1.6159246651562303e-14,11.74261267030189,11.742612670301874
0.00127890625,39.87519024250277,1.9179855538631608e-14,8.397369402638313,8.397369402638294
0.0012796875,39.98584681878773,1.4650432378432218e-14,5.078476744803363,5.078476744803349
0.00128046875,40.04868109818409,1.464589507929043e-14,1.8269562618786628,1.8269562618786481
0.00128125,40.094437335667244,8.289487931758705e-15,-1.3186368469266327,-1.318636846926641
0.00128203125,39.43979042988041,49.79651045636194,-4.127559591434583,-53.924070047796526
0.0012828125,38.6522071977425,51.07932587196061,-6.391166805640239,-57.47049267760085
0.00128359375,37.766487781829824,46.640636842268854,-7.864667872194694,-54.50530471446355
0.001284375,36.85654658925251,46.66992968481848,-8.572037776411229,-55.241967461229706
0.00128515625,35.942620183281434,46.70912392033071,-8.55108372887122,-55.26020764920193
0.0012859375,35.03481026796023,46.74824838502986,-7.830513077469099,-54.57876146249896
0.00128671875,34.14460391380473,46.78730244774462,-6.446732035272156,-53.23403448301678
0.0012875,33.2827515403538,46.826286049627456,-4.44310846313676,-51.269394512764215
0.00128828125,32.45915259373667,46.86519913196974,-1.8691458901551528,-48.73434502212489
0.0012890625,31.68279360994258,46.90404163616909,1.2203874668252652,-45.683654169343825
0.00128984375,30.961690050956395,46.94281350372939,4.7663618329725,-42.17645167075689
0.001290625,30.302836480614843,46.981514676260915,8.706208434334087,-38.27530624192683
0.00129140625,29.712170234729868,47.02014509548039,12.974849024606776,-34.04529607087361
0.0012921875,29.19455313615269,47.05870470321109,17.505620324817325,-29.553084378393766
0.00129296875,28.75377804166075,47.09719344138299,22.231181865505093,-24.8660115758779
0.00129375,28.39261617157631,47.135611252032696,27.084396394146555,-20.05121485788614
0.00129453125,28.112953889358224,47.173958077303695,31.999172809017864,-15.174785268285829
0.0012953125,27.916206938373108,47.21223385944637,36.911262541145184,-10.300971318301187
0.00129609375,27.805037810826278,47.25043854081808,41.759001779704654,-5.491436761113427
0.001296875,27.79761137146768,47.288572063883265,46.483999360489875,-0.80457270339339
0.00129765625,27.917919379439596,4.118405363441035,50.88296853054905,46.764563167108015
0.0012984375,28.812614506492043,0.00023635894399727585,54.74326448288966,54.74302812394566
0.00129921875,29.77225343557099,1.3564849857525984e-08,57.76841108100412,57.76841106743927
0.0013,30.763499691022776,7.784987889408724e-13,59.94130094752903,59.94130094752825
0.00130078125,31.78236824337789,4.4678737379916775e-17,61.26822696535936,61.26822696535936
0.0013015625,32.82588964558258,2.5641524459907475e-21,61.765956097407674,61.765956097407674
0.00130234375,34.07545992200797,1.4715898773889168e-25,61.46121438393568,61.46121438393568
0.001303125,34.06554207739773,47.58182016098543,60.76283638309163,13.181016222106201
0.00130390625,34.30657807059108,47.62856167647001,59.78311109382575,12.154549417355742
0.0013046875,34.506717692211346,47.665981006555185,58.688241823356286,11.0222608168011
0.00130546875,34.681985192107334,47.70332802164238,57.49718576306507,9.793857741422691
0.00130625,34.834076672740785,47.7406031963492,56.22933155408882,8.488728357739623
0.00130703125,34.962905168756905,47.77780647457041,54.904269588129125,7.126463113558713
0.0013078125,35.068133079668875,47.8149378002785,53.54153651863466,5.726598718356157
0.00130859375,35.14953096946572,47.851997117554376,52.160369973325544,4.308372855771165
0.001309375,35.20708653745617,47.88898437058739,50.779476660777476,2.8904922901900907
0.00131015625,35.24103778312105,47.92589950367539,49.416816371379774,1.490916867704388
0.0013109375,35.251875854414436,47.96274246122486,48.08940400369607,0.12666154247120573
0.00131171875,35.24033148842657,47.99951318775098,46.81313141716077,-1.186381770590208
0.0013125,35.20734804972905,48.036211627877705,45.60261058321568,-2.4336010446620295
0.00131328125,35.154036658877935,48.072837726337816,44.47103917415688,-3.601798552180941
0.0013140625,35.081595052490556,48.10939142797309,43.43008939076556,-4.679302037207527
0.00131484375,34.99112746972667,48.14587267773432,42.48982047579087,-5.656052201943445
0.001315625,34.88310824380478,48.1822814206814,41.65861492101871,-6.523666499662688
0.00131640625,34.7549427685069,48.2186176019834,40.94313726894532,-7.275480333038079
0.0013171875,34.56345848965731,48.25488116691871,40.348295062565384,-7.906586104353323
0.00131796875,35.00891086295047,1.2754170139919905,39.700791225211276,38.425374211219285
0.00131875,35.503238919756456,7.319731596013766e-05,38.83031838775343,38.830245190437466
0.00131953125,36.11722806375709,4.200873638875277e-09,37.506001517528645,37.506001513327774
0.0013203125,36.71490379370284,2.555209315847584e-13,35.75889088540247,35.75889088540222
0.00132109375,37.282764246044245,1.9365798738091587e-14,33.627907757153345,33.627907757153324
0.001321875,37.81312183849597,1.4648114568673435e-14,31.155296785197894,31.15529678519788
0.00132265625,38.30011287570115,1.9211178129610112e-14,28.385956338870486,28.385956338870468
0.0013234375,38.73898772444437,1.8061047976807516e-14,25.366763714489316,25.3667637144893
0.00132421875,39.12592493559283,1.9269384273974838e-14,22.145902333072915,22.145902333072897
0.001325,39.457968474141126,1.9390187872443332e-14,18.772199160902005,18.772199160901987
0.00132578125,39.73299638865665,1.478696380151038e-14,15.294480295513262,15.294480295513248
0.0013265625,39.94969291239911,1.2372002159609354e-14,11.760952148160827,11.760952148160815
0.00132734375,40.10751184270731,1.564731569842743e-14,8.21861504271739,8.218615042717374
0.001328125,40.20662031996585,1.6211835088127832e-14,4.712715369655876,4.71271536965586
0.00132890625,40.24780084579052,1.464928760594232e-14,1.2862416941217225,1.2862416941217079
0.0013296875,40.23224254555111,1.561349096837112e-14,-2.020530583662465,-2.0205305836624805
0.00133046875,40.160936346093564,1.4377509835807682e-14,-5.170442350318954,-5.170442350318968
0.00133125,40.03191232483604,1.5609198019282204e-14,-8.12979974900115,-8.129799749001165
0.00133203125,39.80826776743294,2.1273729366037933e-14,-10.86868383350528,-10.868683833505301
0.0013328125,39.3818314141716,48.594009794712086,-13.137246287158838,-61.731256081870924
0.00133359375,38.27670904492375,48.99952462225271,-14.745545968595515,-63.74507059084822
0.001334375,37.19739969460739,49.034198284647445,-15.483075504675924,-64.51727378932337
0.00133515625,36.12210476161703,49.06877682375668,-15.373557481111831,-64.44233430486851
0.0013359375,35.059068822061896,49.10328146495359,-14.451565891071873,-63.55484735602546
0.00133671875,34.01986107237166,49.137712157495955,-12.760598872378992,-61.89831102987495
0.0013375,33.01616009408594,49.17206884953182,-10.352174737969314,-59.52424358750113
0.00133828125,32.059022549826636,49.20635148932065,-7.284861002095525,-56.49121249141618
0.0013390625,31.158600040810583,49.24056002523341,-3.623252372022023,-52.86381239725543
0.00133984375,30.323986731274097,49.27469440575264,0.5630871464861542,-48.711607259266486
0.001340625,29.563123495543195,49.3087545794726,5.200703157296708,-44.10805142217589
0.00134140625,28.882737200641657,49.34274049509927,10.21333627559251,-39.12940421950676
0.0013421875,28.28830954061602,49.376652101450496,15.523000005842867,-33.85365209560763
0.00134296875,27.784078068403517,49.41048934745599,21.051037735439316,-28.359451612016677
0.00134375,27.37308401940396,49.44425218215747,26.719146285861417,-22.725105896296053
0.00134453125,27.057316830228576,49.47794055470875,32.45035440770099,-17.02758614700776
0.0013453125,26.83815179422415,49.511554414375716,38.16994572940899,-11.34160868496673
0.00134609375,26.71815565362075,49.545093710536506,43.80631733879072,-5.738776371745784
0.001346875,26.716037657058294,49.578558392681565,49.29177308918444,-0.286785303497129
0.00134765625,26.85648837528288,4.317417062217027,54.407264205502685,50.08984714328566
0.0013484375,27.816842918109714,0.0002477804022595814,58.92456191449131,58.92431413408905
0.00134921875,28.852733126423647,1.4220337497900448e-08,62.52821273835486,62.52821272413452
0.00135,29.928535239503702,8.161178071797e-13,65.19631713257158,65.19631713257077
0.00135078125,31.03933789487207,4.6837726270149384e-17,66.9321976454382,66.9321976454382
0.0013515625,32.18124201443617,2.6880587371798358e-21,67.7508621794047,67.7508621794047
0.00135234375,33.54342341029804,1.5427007991064485e-25,67.67846857832346,67.67846857832346
0.001353125,33.59005050308478,49.83389322014955,67.14209731821893,17.308204098069385
0.00135390625,33.9023670052536,49.87637406673428,66.25888834790757,16.3825142811733
0.0013546875,34.173847736847115,49.90909041156813,65.20310857908183,15.294018167513698
0.00135546875,34.42043080629726,49.94173103813117,63.99544126908144,14.053710230950276
0.00135625,34.643068898530224,49.97429645331791,62.65763691692071,12.683340463602796
0.00135703125,34.840880069246346,50.006786608117324,61.212229967379635,11.205443359262313
0.0013578125,35.0127631595614,50.039201453599844,59.68222293927954,9.643021485679697
0.00135859375,35.157783754580805,50.071540940949276,58.09077650923618,8.019235568286906
0.001359375,35.275298722482674,50.10380502146296,56.46090975476925,6.357104733306284
0.00136015625,35.36500246025088,50.13599364655176,54.815214050596836,4.679220404045075
0.0013609375,35.42694425033589,50.16810676774019,53.17558372895121,3.0074769612110206
0.00136171875,35.46153510098824,50.20014433666648,51.56296626223663,1.3628219255701453
0.0013625,35.46955609195081,50.23210630508262,49.99713436628564,-0.2349719387969742
0.00136328125,35.45218648739438,50.26399262485446,48.49648205363794,-1.767510571216519
0.0013640625,35.41110111152718,50.2958032479618,47.07784630177871,-3.2179569461830853
0.00136484375,35.34882382106564,50.32753812649839,45.75635569624014,-4.5711824302582444
0.001365625,35.27035546705611,50.359197212672086,44.54530753205721,-5.813889680614881
0.00136640625,35.197282931825576,50.39078045880488,43.45608086027809,-6.93469959852679
0.0013671875,35.15700528414978,7.131265186771926,42.3490023648805,35.21773717810857
0.00136796875,35.87479002571343,0.9041312267140034,41.062201061636166,40.158069834922166
0.00136875,36.50146026560301,5.188889465435548e-05,39.33606875406523,39.33601686517058
0.00136953125,37.13790398199054,2.977965632024666e-09,37.18252329981854,37.18252329684058
0.0013703125,37.7322868607958,1.9217303524730842e-13,34.643191122878434,34.64319112287824
0.00137109375,38.27993364032157,1.4659006564715757e-14,31.76556990041341,31.765569900413396
0.001371875,38.77628152574831,1.9625980041690114e-14,28.599559383199242,28.59955938319922
0.00137265625,39.217331444505476,1.966849027285143e-14,25.196733684593056,25.196733684593035
0.0013734375,39.59983144996949,1.4821312395199564e-14,21.60962124104283,21.609621241042817
0.00137421875,39.92134883514284,1.5704179821855228e-14,17.891001203381467,17.891001203381453
0.001375,40.180295607958755,2.1607849940958792e-14,14.093224559245192,14.09322455924517
0.00137578125,40.375929489053235,1.3827735867653333e-14,10.267567621071604,10.26756762107159
0.0013765625,40.508339443908056,2.619541636718293e-14,6.463624793754082,6.4636247937540565
0.00137734375,40.57842065797166,1.5742780412408778e-14,2.7287467615154455,2.72874676151543
0.001378125,40.587843115411786,1.5692062803730484e-14,-0.8924705861519797,-0.8924705861519954
0.00137890625,40.539019165094864,1.9345428913441464e-14,-4.358642023076581,-4.358642023076601
0.0013796875,40.43507738485374,1.4212123828136983e-14,-7.6319900588674585,-7.631990058867473
0.00138046875,40.27982780056778,1.4301533768866088e-14,-10.67868052623795,-10.678680526237963
0.00138125,40.07702895719882,1.9705158083607328e-14,-13.469095307137804,-13.469095307137824
0.00138203125,39.8342156602138,3.944900821704485,-15.964456733838668,-19.909357555543153
0.0013828125,39.55527209340241,4.388535870571769,-18.12889524046865,-22.51743111104042
0.00138359375,38.47468951066669,50.96210439102753,-19.66790514170203,-70.63000953272956
0.001384375,37.34711161492268,51.09614933975059,-20.42509018736626,-71.52123952711685
0.00138515625,36.173458655114096,51.12590440072981,-20.246011790545325,-71.37191619127513
0.0013859375,35.004933127660934,51.15557648614784,-19.169405644444083,-70.32498213059192
0.00138671875,33.860148785664386,51.18517153184892,-17.244163707631344,-68.42933523948027
0.0013875,32.75378743165074,51.21468949360668,-14.527995824156953,-65.74268531776363
0.00138828125,31.69876107310883,51.24413032696761,-11.086347055696692,-62.3304773826643
0.0013890625,30.706575736280072,51.27349398759438,-6.991260922268687,-58.264754909863065
0.00138984375,29.787376639732738,51.3027804312658,-2.3202043130694108,-53.62298474433521
0.001390625,28.949920673896596,51.331989613877056,2.8451296484683724,-48.486859965408684
0.00139140625,28.201535157907145,51.36112149143965,8.420024768872182,-42.941096722567465
0.0013921875,27.54807838274818,51.390176020081455,14.31793549754154,-37.072240522539914
0.00139296875,26.993901135259293,51.4191531560469,20.45165643303258,-30.967496723014325
0.00139375,26.541791810114336,51.44805285569697,26.734453749930214,-24.713599105766757
0.00139453125,26.19284335803191,51.476875075509206,33.081145679335194,-18.395729396174016
0.0013953125,25.945993461797826,51.505619772077864,39.40912021603848,-12.096499556039383
0.00139609375,25.795803149849235,51.534286902113976,45.63927874925568,-5.895008152858292
0.001396875,25.71018665385991,51.56287642244534,51.696885056087886,0.13400863364254292
0.00139765625,26.37692851171769,1.3245043341603169,57.31545911233173,55.990954778171414
0.0013984375,27.2158956442817,7.60144808767389e-05,62.25307596111612,62.25299994663524
0.00139921875,28.269552005305822,4.362538614585397e-09,66.20958790826121,66.20958790389868
0.0014,29.387461668233893,2.5036996825130673e-13,69.16989776841389,69.16989776841363
0.00140078125,30.544138576745656,1.4368954991615065e-17,71.13602182034752,71.13602182034752
0.0014015625,31.713630547937637,8.246470972262143e-22,72.12249628045547,72.12249628045547
0.00140234375,32.77112686289435,4.7327229806235546e-26,72.15563401644886,72.15563401644886
0.001403125,33.56656069437678,51.75465910451812,71.61327865280353,19.858619548285407
0.00140390625,33.842544770450395,51.81668064420795,70.67082647873343,18.854145834525482
0.0014046875,34.131058469187636,51.84449367765782,69.52677897512744,17.682285297469615
0.00140546875,34.40466625007644,51.87222667545909,68.20407640940294,16.331849733943862
0.00140625,34.656644686168534,51.89988155451199,66.7269236337915,14.827042079279515
0.00140703125,34.8834620211254,51.92745827328122,65.12052279753985,13.19306452425863
0.0014078125,35.08272677914169,51.95495679023673,63.410713251418784,11.455756461182059
0.00140859375,35.25273010336057,51.98237706396624,61.62361850810111,9.64124144413487
0.001409375,35.3922989625267,52.00971905317533,59.78530378332897,7.775584730153643
0.00141015625,35.500731136467294,52.036982716687454,57.92144791580055,5.884465199113097
0.0014109375,35.57775202214585,52.06416801344404,56.05703322063479,3.9928652071907553
0.00141171875,35.6234701786167,52.09127490250448,54.21605648237592,2.1247815798714416
0.0014125,35.63831221684486,52.11830334304632,52.42126389957049,0.3029605565241667
0.00141328125,35.622895267719386,52.14525329436524,50.69391236341046,-1.4513409309547811
0.0014140625,35.577688636820604,52.17212471587505,49.05355895793329,-3.1185657579417576
0.00141484375,35.50170047509471,52.19891756710792,47.517879752120024,-4.681037814987898
0.001415625,35.38281856889104,52.225631807714265,46.10251438332239,-6.1231174243918804
0.00141640625,36.273086130576296,20.603772277591126,44.721808400462244,24.118036122871118
0.0014171875,36.064810969585764,7.4267182905167815,43.191188513880846,35.764470223364064
0.00141796875,36.62332016667919,7.494771785111061,41.30678540683408,33.81201362172302
0.00141875,37.16758394471332,0.6568241273941426,39.04497615918453,38.38815203179038
0.00141953125,37.786533179201555,3.7695720431503e-05,36.422697914459384,36.422660218738955
0.0014203125,38.3612212779091,2.1634060284000796e-09,33.44476984712782,33.44476984496442
0.00142109375,38.8823633474316,1.3380093543353335e-13,30.161151171004754,30.16115117100462
0.001421875,39.346410657494964,2.2187769695382518e-14,26.625593589226618,26.625593589226597
0.00142265625,39.74989158071354,2.0747438363790386e-14,22.892908121197603,22.892908121197582
0.0014234375,40.09012514742861,2.1225855401923574e-14,19.018228619117455,19.018228619117433
0.00142421875,40.36532002750258,2.0869091844807138e-14,15.056300221599491,15.05630022159947
0.001425,40.5745833780307,2.118665517155339e-14,11.06080093527561,11.060800935275589
0.00142578125,40.71790434064988,2.1289522279616703e-14,7.083703661982118,7.0837036619820966
0.0014265625,40.79612621800705,1.9811710929662922e-14,3.174685159279776,3.174685159279756
0.00142734375,40.810914185789336,1.774689985179148e-14,-0.6194124339942526,-0.6194124339942704
0.001428125,40.764729263117786,1.5730125642544233e-14,-4.255062762645274,-4.25506276264529
0.00142890625,40.66084151007419,1.9367509748982908e-14,-7.692475266793471,-7.69247526679349
0.0014296875,40.50353919548421,1.9270433688135498e-14,-10.895951046939283,-10.895951046939302
0.00143046875,40.29998061723086,2.0148009658088236e-14,-13.834171709286162,-13.834171709286181
0.00143125,39.85263417501726,6.109602708324018,-16.461283774114165,-22.570886482438183
0.00143203125,39.57466874598497,8.731241173767732,-18.717116766104088,-27.44835793987182
0.0014328125,39.11760732466655,8.799969228780695,-20.54285614009563,-29.342825368876323
0.00143359375,38.69416406037742,8.868537518156348,-21.9240806940019,-30.79261821215825
0.001434375,37.52750393538734,52.74489670802426,-22.619786958582736,-75.364683666607
0.00143515625,36.32876085055351,52.86781814140771,-22.49704539813733,-75.36486353954504
0.0014359375,35.10089076951113,52.892480367026224,-21.424240548219686,-74.31672091524591
0.00143671875,33.89335011578804,52.91705730291129,-19.452066167301837,-72.36912347021313
0.0014375,32.72452670668287,52.941554546340996,-16.640902717914685,-69.58245726425568
0.00143828125,31.608827336592938,52.9659720607463,-13.0593702370927,-66.025342297839
0.0014390625,30.55874629961374,52.9903098093549,-8.783130398594047,-61.773440207948944
0.00143984375,29.585227650793993,53.01456775551456,-3.8936478011404603,-56.90821555665502
0.001440625,28.697726932269802,53.03874586269329,1.5230729527849718,-51.51567290990832
0.00144140625,27.904209375549517,53.062844094479246,7.3777575463845295,-45.685086548094716
0.0014421875,27.21114587652112,53.08686241458096,13.579123247004617,-39.50773916757635
0.00144296875,26.623532867628445,53.110800786827284,20.035115599410567,-33.07568518741672
0.00144375,26.144965280563483,53.13465917516744,26.65410583438261,-26.480553340784834
0.00144453125,25.777839772375128,53.158437543671134,33.34603542415517,-19.812402119515966
0.0014453125,25.523999684992642,53.18213585652858,40.02349557106806,-13.15864028546052
0.00144609375,25.38773891877451,53.20575407805053,46.60273172973151,-6.603022348319022
0.001446875,25.41058960779011,53.229292172668394,53.004582018248286,-0.22471015442011133
0.00144765625,25.710788308409146,0.40333687887784686,58.911749615367036,58.50841273648919
0.0014484375,26.80588255895536,2.314786194020309e-05,64.07377165274546,64.07374850488353
0.00144921875,27.928944844124715,1.328476369166779e-09,68.21994923992379,68.21994923859532
0.00145,29.10279650243389,7.624243949586403e-14,71.33690796837283,71.33690796837276
0.00145078125,30.318029911492665,4.375621362332811e-18,73.42599859987263,73.42599859987263
0.0014515625,31.56587651035257,2.5112079877168503e-22,74.50154664118519,74.50154664118519
0.00145234375,32.89741059879501,1.44120458224723e-26,74.59019267886906,74.59019267886906
0.001453125,33.340746984316915,53.295358409390936,74.0222359991264,20.726877589735455
0.00145390625,33.73556018614697,53.43751665491007,73.01441163006425,19.576894975154175
0.0014546875,34.06189803504468,53.460258399980304,71.79813075058894,18.337872350608627
0.00145546875,34.35810582654951,53.48291278606703,70.39773705632015,16.914824270253124
0.00145625,34.62632960524146,53.5054866274606,68.83857715543459,15.333090527973992
0.00145703125,34.8656243701859,53.52797989055823,67.14700093888165,13.619021048323418
0.0014578125,35.07462560157981,53.5503925414855,65.34998921488074,11.799596673395243
0.00145859375,35.25211624933987,53.57272454648939,63.47478700198406,9.90206245549467
0.001459375,35.39719402733696,53.59497587193829,61.54854781804743,7.9535719461091405
0.00146015625,35.509322648162986,53.61714648432209,59.59799318798387,5.980846703661778
0.0014609375,35.588332838462335,53.639236350252254,57.64909111654169,4.009854766289435
0.00146171875,35.63438316610579,53.66124543646186,55.72675685262871,2.0655114161668457
0.0014625,35.64785202407826,53.683173709805615,53.8545788341011,0.1714051242954817
0.00146328125,35.62902564300371,53.70502113725993,52.054572202055354,-1.650448935204581
0.0014640625,35.576866053473275,53.726787685922986,50.346961466810065,-3.3798262191129194
0.00146484375,35.47994220662342,53.748473323014736,48.7499895738938,-4.99848374912094
0.001465625,36.32477142387798,24.09018068657997,47.186791761155234,23.096611074575268
0.00146640625,36.13440093743482,11.73578648360814,45.48761989450389,33.75183341089575
0.0014671875,36.65560157605023,11.802974576473613,43.46445750551174,31.661482929038126
0.00146796875,37.15307170277954,11.870857780934521,41.12042628453279,29.24956850359827
0.00146875,37.622729041772956,11.938723149011313,38.49883106570618,26.560107916694864
0.00146953125,38.08625757845052,0.09070092771315158,35.58989605347294,35.49919512575979
0.0014703125,38.657408194242066,5.205406870747097e-06,32.39831715438488,32.398311948978005
0.00147109375,39.16232506219725,2.9876381682732065e-10,28.923048243007052,28.923048242708287
0.001471875,39.605534678846645,3.192525383699774e-14,25.219138663903408,25.219138663903376
0.00147265625,39.98507689802082,1.9751697613066763e-14,21.342609009014854,21.342609009014833
0.0014734375,40.298980473939,1.982387664312437e-14,17.349443653990306,17.349443653990285
0.00147421875,40.54599491535692,2.1270356051239005e-14,13.294883004541889,13.294883004541868
0.001475,40.72571555308397,2.1305083970233064e-14,9.232752967251693,9.232752967251672
0.00147578125,40.83859829464242,1.7242792007736908e-14,5.214838910161882,5.214838910161865
0.0014765625,40.88594417938971,1.9789087750546632e-14,1.2903103244199088,1.290310324419889
0.00147734375,40.86988111202898,2.134294677954681e-14,-2.494798518384107,-2.4947985183841284
0.001478125,40.79337965225436,1.6178491496360673e-14,-6.09804753142585,-6.098047531425866
0.00147890625,40.66044802671954,1.765601235727065e-14,-9.480985889977562,-9.48098588997758
0.0014796875,40.47761217766006,1.9670705695859492e-14,-12.609480056783571,-12.60948005678359
0.00148046875,40.30247992736176,2.087922362505969e-14,-15.453944655556853,-15.453944655556874
0.00148125,39.74342426666337,13.01953272588193,-17.887635775384464,-30.907168501266394
0.00148203125,39.22137023473343,13.089600106194888,-19.87159522344797,-32.961195329642855
0.0014828125,38.66653302241985,13.157126377582669,-21.358948060244735,-34.516074437827406
0.00148359375,38.09698431151373,13.22463268987075,-22.34968570615309,-35.57431839602384
0.001484375,37.57310966901943,13.292119086092685,-22.85007448715632,-36.142193573249
0.00148515625,36.37046274877958,54.19226305288789,-22.648421476674123,-76.84068452956201
0.0014859375,35.15260869994001,54.30327926542725,-21.634099142860833,-75.93737840828808
0.00148671875,33.92294060109517,54.322691818692576,-19.69783379108071,-74.02052560977329
0.0014875,32.72798565701483,54.34201731044375,-16.900233810883122,-71.24225112132687
0.00148828125,31.585101372671062,54.36126096379749,-13.310698446679169,-67.67195941047666
0.0014890625,30.507719255173363,54.38042275007463,-9.005912090684639,-63.38633484075927
0.00148984375,29.507273714888363,54.399502640417865,-4.068582102224781,-58.468084742642645
0.001490625,28.593542154557117,54.41850060609324,1.4138487481450426,-53.0046518579482
0.00149140625,27.774702682990974,54.437416618490175,7.350498583919013,-47.08691803457116
0.0014921875,27.057324384791094,54.45625064912147,13.64833481442298,-40.80791583469849
0.00149296875,26.44633406531176,54.475002669623436,20.21343862052437,-34.261564049099064
0.00149375,25.944948679407204,54.49367265175586,26.952230448692024,-27.541442203063834
0.00149453125,25.55448852155841,54.51226056740208,33.77264247556583,-20.739618091836252
0.0014953125,25.2736836097199,54.53076638856904,40.58522504615211,-13.94554134241693
0.00149609375,25.094896207189745,54.549190087387316,47.30417407116832,-7.245016016218994
0.001496875,24.947327261374042,54.56753163611113,53.84823786853631,-0.7192937675748152
0.00149765625,25.804549537554408,0.12197356637212392,59.84298716675376,59.72101360038163
0.0014984375,26.788263110921392,7.0001713768187715e-06,65.04700991793624,65.04700291776486
0.00149921875,27.898570733593957,4.017460566442199e-10,69.22042303263206,69.22042303223031
0.0015,29.076372040155622,2.3056563238388738e-14,72.35086475218304,72.35086475218301
0.00150078125,30.30070594950716,1.3232366555288936e-18,74.4400547818659,74.4400547818659
0.0015015625,31.55757008875537,7.594172767344548e-23,75.50284570377072,75.50284570377072
0.00150234375,32.86109852660085,4.3583632435897454e-27,75.56652692330586,75.56652692330586
0.001503125,33.461608923986766,53.306580629421134,74.87877223040854,21.572191600987402
0.00150390625,33.953732595682325,54.728823685313216,73.6779532862756,18.94912960096238
0.0015046875,34.27159971954338,54.74642284797162,72.28052330619488,17.53410045822325
0.00150546875,34.55359251530904,54.76385895447541,70.71634814329585,15.952489188820444
0.00150625,34.804689464320724,54.781212582971094,69.01209627147753,14.230883688506436
0.00150703125,35.02473397292019,54.79848371195036,67.19514878991149,12.396665077961117
0.0015078125,35.212847269378656,54.815672315403496,65.2932266460846,10.477554330681112
0.00150859375,35.368243626184,54.83277836744476,63.334026236773404,8.501247869328646
0.001509375,35.49046085742783,54.84980184231274,61.34486947570788,6.495067633395134
0.00151015625,35.57944631794035,54.8667427143704,59.35237242319698,4.485629708826583
0.0015109375,35.635607758544445,54.88360095810509,57.38213600031205,2.4985350422069588
0.00151171875,35.65988842055908,54.90037654812861,55.458461865505576,0.558085317376964
0.0015125,35.653985134317644,54.91706945917721,53.60409612910155,-1.3129733300756605
0.00151328125,35.62124421837992,54.93367966611167,51.840003382230506,-3.093676283881168
0.0015140625,35.572800949793496,54.950207143917325,50.185175566737314,-4.765031577180014
0.00151484375,35.96462315660248,54.96665186770409,48.65672177839828,-6.309930089305809
0.001515625,35.92512444097067,15.976322162476691,46.904292913286994,30.927970750810307
0.00151640625,36.439846473751224,16.04066334493337,44.942815872369636,28.90215252743626
0.0015171875,36.904165651749096,16.107221754093448,42.69298156535187,26.58575981125842
0.00151796875,37.325052348167915,16.173756034703665,40.19559382784742,24.021837793143757
0.00151875,37.70343181395125,16.240265957936955,37.49297734071921,21.252711382782252
0.00151953125,38.071168815589125,16.306751423623236,34.628396895851694,18.321645472228454
0.0015203125,38.46918340820721,0.01076321485435458,31.537883121294076,31.527119906439722
0.00152109375,38.9728124303808,6.177104895081087e-07,28.224006891193937,28.224006273483447
0.001521875,39.409357026808294,3.5470742074734046e-11,24.683970685039196,24.683970685003725
0.00152265625,39.78331454809622,2.3339560657512935e-14,20.971591862609664,20.97159186260964
0.0015234375,40.09365113254114,1.4192206533849685e-14,17.140763788281237,17.140763788281223
0.00152421875,40.33933095380517,2.0838632907301586e-14,13.244741472643213,13.244741472643192
0.001525,40.51994843952706,2.127500392311221e-14,9.335492279306404,9.335492279306383
0.00152578125,40.63583951328937,2.292039527764414e-14,5.4630884553070524,5.463088455307029
0.0015265625,40.688070386358014,2.2319279560603466e-14,1.6751477311112948,1.6751477311112724
0.00152734375,40.67835297111397,2.1574559118315062e-14,-1.9836728042005516,-1.9836728042005731
0.001528125,40.608806168028615,2.1224643479565177e-14,-5.472125304953471,-5.472125304953492
0.00152890625,40.48095090232016,2.623476313806113e-14,-8.752759229415755,-8.752759229415782
0.0015296875,40.28443239616399,1.4690733956784198e-14,-11.792252357023653,-11.792252357023667
0.00153046875,39.983891681650015,17.104608148975316,-14.482865583906062,-31.587473732881378
0.00153125,39.41510004078629,17.30102302767004,-16.740733206969338,-34.04175623463938
0.00153203125,38.82910580120677,17.367111059494547,-18.47778829480341,-35.84489935429796
0.0015328125,38.22237764203512,17.433165458685416,-19.691479005177086,-37.1246444638625
0.00153359375,37.60284782569173,17.499193603414966,-20.38635916279437,-37.88555276620934
0.001534375,36.98311495178148,17.565195394675193,-20.573374907031635,-38.13857030170683
0.00153515625,36.41855394430254,17.6311707330686,-20.269447925757646,-37.90061865882625
0.0015359375,35.24231105535437,55.29499904326632,-19.290858903260222,-74.58585794652654
0.00153671875,34.065698668421966,55.393404038302165,-17.546910301444058,-72.94031433974622
0.0015375,32.8919902451947,55.40744346699556,-14.947950835124843,-70.3553943021204
0.00153828125,31.764003064980443,55.42139461605322,-11.560421732699766,-66.98181634875299
0.0015390625,30.69754705040904,55.435262301214564,-7.458379272398062,-62.893641573612626
0.00153984375,29.704677434326328,55.4490465018727,-2.721998648287709,-58.17104515016041
0.001540625,28.795485959388415,55.4627471972689,2.56368608073646,-52.89906111653244
0.00154140625,27.978438650952384,55.47636436677014,8.310052820899969,-47.16631154587017
0.0015421875,27.260469269575932,55.48989798986923,14.426157166653688,-41.06374082321554
0.00154296875,26.647043555749704,55.503348046184755,20.819977293652563,-34.68337075253219
0.00154375,26.142285519591265,55.516714515461196,27.39962312333919,-28.117091392122006
0.00154453125,25.749334099970856,55.52999737756888,34.07449595627143,-21.455501421297456
0.0015453125,25.471689232739692,55.54319661250406,40.75638631663786,-14.786810295866207
0.00154609375,25.322041903886788,55.55631220038892,47.3605026235957,-8.195809576793222
0.001546875,25.94430828547776,55.56934412147164,53.806769110422366,-1.7625750110492708
0.00154765625,26.092618811026554,0.003189174045800631,59.50025806261821,59.49706888857241
0.0015484375,27.161370109748585,1.8302953283334544e-07,64.37483813870921,64.37483795567968
0.00154921875,28.280976095534125,1.0504227554875472e-11,68.24002438022008,68.24002438020958
0.00155,29.45032214960568,6.028469548959202e-16,71.08689223909376,71.08689223909376
0.00155078125,30.65665710174128,3.4597922515359305e-20,72.91978116760296,72.91978116760296
0.0015515625,31.887613720670704,1.9856055216957466e-24,73.75571021123278,73.75571021123278
0.00155234375,33.14482703361216,1.1395566557611543e-28,73.62366730666804,73.62366730666804
0.001553125,33.111009975161465,39.24695578011569,72.68670977639754,33.439753996281844
0.00155390625,34.38805341730056,55.68192064177317,71.23831066790159,15.556390026128415
0.0015546875,34.65572377119758,55.695057348809385,69.60234084745979,13.907283498650399
0.00155546875,34.878408993673986,55.7071677215958,67.85504760976882,12.147879888173017
0.00155625,35.06659311686185,55.71919414630585,66.02315789185016,10.303963745544316
0.00155703125,35.22177943304275,55.731136658913385,64.13340126698759,8.402264608074208
0.0015578125,35.34421360889913,55.742995241436276,62.21217780490366,6.4691825634673865
0.00155859375,35.43408097341969,55.75476987601574,60.285237190839496,4.530467314823755
0.001559375,35.4918177090422,55.76646054491937,58.377378356613995,2.610917811694629
0.00156015625,35.51822766740287,55.778067230541254,56.51217298385689,0.7341057533156367
0.0015609375,35.51457460128358,55.7895899154019,54.71171552952907,-1.0778743858728268
0.00156171875,35.482788853055666,55.801028582148376,52.99640197246744,-2.804626609680936
0.0015625,35.42628784999489,55.812383213554256,51.384739255529,-4.427643958025257
0.00156328125,35.355595910483636,55.823653792519664,49.893189246867365,-5.930464545652302
0.0015640625,35.68869793896657,55.8348403020713,48.53627231318121,-7.298567988890092
0.00156484375,35.62730166539032,20.11970768210652,46.99173275189106,26.872025069784538
0.001565625,36.074372895633495,20.18252082072285,45.271792440604386,25.08927161988154
0.00156640625,36.475976888631656,20.247356894670858,43.30223035589418,23.054873461223327
0.0015671875,36.83800996343961,20.312162594307726,41.11873830505142,20.806575710743694
0.00156796875,37.15886788969089,20.376937704201563,38.758304133588084,18.381366429386524
0.00156875,37.435443026179165,20.441682126795484,36.25868858311493,15.81700645631945
0.00156953125,37.65964961398532,20.506395764585548,33.6579137424572,13.151517977871647
0.0015703125,38.311534112832376,6.06654936482243,30.948334868397758,24.88178550357533
0.00157109375,38.42405188523547,0.00034816465965389903,28.076846806121733,28.076498641462077
0.001571875,38.84973631156393,1.998150052232282e-08,24.981180780161484,24.981180760179985
0.00157265625,39.228121722319464,1.1633693295014367e-12,21.691772484688784,21.691772484687622
0.0015734375,39.552097959310956,2.7262940961156744e-14,18.257999803530833,18.257999803530804
0.00157421875,39.81885810985177,2.3222537631452236e-14,14.729113258193497,14.729113258193474
0.001575,40.02704869241569,2.6156653676541895e-14,11.153614361034407,11.15361436103438
0.00157578125,40.1763295613938,2.1313256949668475e-14,7.578670396817024,7.578670396817003
0.0015765625,40.26728125060484,2.1313953417984247e-14,4.049569535964534,4.049569535964513
0.00157734375,40.301479372594514,1.9720058915800653e-14,0.6092214954580902,0.6092214954580705
0.001578125,40.28204908464885,3.268138304568913e-14,-2.7022915320894314,-2.7022915320894643
0.00157890625,40.21819434630433,1.6744733027394006e-14,-5.848107786750039,-5.848107786750056
0.0015796875,39.61372963340599,15.049990591866333,-8.747780608076354,-23.797771199942687
0.00158046875,39.4751134745219,21.408738532011093,-11.27827594641731,-32.6870144784284
0.00158125,38.92184811774786,21.473339974689395,-13.312306516445055,-34.78564649113445
0.00158203125,38.333059205485405,21.537547854094782,-14.824619849740337,-36.36216770383512
0.0015828125,37.722186843372775,21.601723277611313,-15.815939139968854,-37.41766241758017
0.00158359375,37.09920319234844,21.66586616932178,-16.29356534269808,-37.95943151201986
0.001584375,36.47392741393981,21.729976432629375,-16.27102068242858,-38.000997115057956
0.00158515625,35.85879189405542,21.794053970985125,-15.767628581159315,-37.56168255214444
0.0015859375,35.30453655869476,21.858098687889495,-14.808015859916686,-36.66611454780618
0.00158671875,34.20609798665216,56.04609193833902,-13.234467778340658,-69.28055971667968
0.0015875,33.11839398886594,56.131259919006425,-10.973412597993033,-67.10467251699946
0.00158828125,32.04424365196039,56.13983694076513,-7.951819441047384,-64.09165638181251
0.0015890625,31.022160385526412,56.14832502617219,-4.237829399104868,-60.386154425277056
0.00158984375,30.06599307690422,56.156728552964466,0.09411142616172441,-56.06261712680274
0.001590625,29.186036966913566,56.16504750873841,4.964677444313338,-51.20037006442507
0.00159140625,28.39065442155,56.17328188096583,10.290863558885306,-45.882418322080525
0.0015921875,27.68655782259723,56.18143165724591,15.987183426169146,-40.19424823107676
0.00159296875,27.07882593466963,56.18949682530523,21.96685144399263,-34.222645381312596
0.00159375,26.570768375175334,56.19747737299779,28.14293419036732,-28.054543182630468
0.00159453125,26.163412150209503,56.205373288305026,34.4294577862058,-21.775915502099227
0.0015953125,25.853061010315805,56.213184559335865,40.74245792766273,-15.47072663167314
0.00159609375,25.6070014552342,56.220911174326645,47.00094897897602,-9.219962195350627
0.001596875,26.17707685917874,1.4437797844194893,52.91325380940626,51.469474024986766
0.00159765625,26.93311858732869,8.285980497191309e-05,58.21296461803798,58.21288175823301
0.0015984375,27.923613214645982,4.755397848117144e-09,62.568755379912304,62.568755375156904
0.00159921875,28.987196057564887,2.7291650881320014e-13,65.95864214368564,65.95864214368537
0.0016,30.099757167195776,1.5662920992462616e-17,68.37799461795724,68.37799461795724
0.00160078125,31.242576069039288,8.989089560135117e-22,69.83467020801055,69.83467020801055
0.0016015625,32.39708720931698,5.1589183881483476e-26,70.34841557690883,70.34841557690883
0.00160234375,33.53913674367877,2.9607491123022138e-30,69.95014081838887,69.95014081838887
0.001603125,34.53624568077021,1.6992002288961728e-34,68.68101955072699,68.68101955072699
0.00160390625,35.22853894578366,56.256403625735075,66.96176961931725,10.705365993582172
0.0016046875,35.339363237884264,56.300311273765296,64.99025551182878,8.689944238063479
0.00160546875,35.450378729035684,56.30702327508318,62.986776263768235,6.679752988685052
0.00160625,35.53493717559283,56.31364834921639,60.97817198302992,4.664523633813521
0.00160703125,35.588913278770626,56.32018861589066,58.99018539868897,2.6699967827983144
0.0016078125,35.6116277706034,56.326644065378694,57.04727667365001,0.7206326082713134
0.00160859375,35.6035951665897,56.33301468795871,55.17236312189485,-1.1606515660638592
0.001609375,35.56602027983231,56.33930047403666,53.38658973252186,-2.9527107415148026
0.00161015625,35.50067480517799,56.34550141414627,51.70913147438636,-4.636369939759912
0.0016109375,35.409995814750694,56.35161749894903,50.15702854896437,-6.194588949984662
0.00161171875,35.297781792534636,56.357648719234234,48.745055611333,-7.612593107901237
0.0016125,35.17423882942094,56.36359506591897,47.48562762567108,-8.877967440247893
0.00161328125,35.417247251334075,56.369456530048154,46.388944666490374,-9.980511863557783
0.0016140625,35.30698390946911,24.14289270958594,45.16092836778036,21.01803565819442
0.00161484375,35.658918690745246,24.203802541942864,43.80901593282594,19.605213390883076
0.001615625,35.97376908865018,24.26652893270532,42.26237792620377,17.99584899349845
0.00161640625,36.25752168304242,24.329218884859586,40.54914038161239,16.2199214967528
0.0016171875,36.50959052541266,24.391872197655992,38.69842571901629,14.306553521360298
0.00161796875,36.728842301726196,24.454488776733687,36.73994185442057,12.285453077686885
0.00161875,36.91472645725293,24.51706852779322,34.703583055337184,10.186514527543961
0.00161953125,37.06884814543586,24.579611356590647,32.619044618847404,8.039433262256756
0.0016203125,37.21111948811741,24.642117168937563,30.515464595897182,5.873347426959619
0.00162109375,37.39832570739601,0.18691738776979347,28.308108541647986,28.121191153878193
0.001621875,37.87323123264394,1.072735502761709e-05,25.938865723015933,25.938854995660904
0.00162265625,38.28408344984575,6.156730809591981e-10,23.33543377538438,23.335433774768706
0.0016234375,38.64556270644795,5.818109224781139e-14,20.539573990063673,20.539573990063616
0.00162421875,38.957633368412885,1.97772907054858e-14,17.59436139696774,17.59436139696772
0.001625,39.21892996718268,2.57070534057494e-14,14.543053174564784,14.54305317456476
0.00162578125,39.4282667283513,1.8697188003442845e-14,11.428533924837495,11.428533924837476
0.0016265625,39.584820750253016,2.3947689756585372e-14,8.292787020622052,8.292787020622029
0.00162734375,39.687793886088706,2.0099498319288652e-14,5.176398058074166,5.176398058074145
0.001628125,39.73412204708346,2.3006822582086123e-14,2.1180945215662352,2.118094521566212
0.00162890625,39.67221168484619,1.6692757632088317e-14,-0.8457005357660227,-0.8457005357660393
0.0016296875,39.43782295711265,25.37255507461997,-3.5143486102840775,-28.88690368490405
0.00163046875,38.914508166517365,25.451280519798473,-5.794026673079699,-31.245307192878172
0.00163125,38.372336900484896,25.513259202501928,-7.587148364127501,-33.10040756662943
0.00163203125,37.807601591798544,25.575198503786247,-8.889471876340252,-34.4646703801265
0.0016328125,37.22657653707457,25.637099289228804,-9.703187971111742,-35.340287260340546
0.00163359375,36.63687433797803,25.698961465663153,-10.0365929543702,-35.73555442003335
0.001634375,36.04645868142031,25.760784939925934,-9.90374164128768,-35.664526581213615
0.00163515625,35.46373930558034,25.822569618912187,-9.324040516361212,-35.1466101352734
0.0016359375,34.89956454407203,25.88431540957524,-8.321788044233532,-34.20610345380877
0.00163671875,34.39893311041819,25.946022218927073,-6.92565241986151,-32.87167463878858
0.0016375,33.42189078980649,56.44076523688426,-5.001245164851355,-61.442010401735615
0.00163828125,32.46306300793097,56.51215458580623,-2.4887864122096985,-59.00094099801593
0.0016390625,31.52455488622609,56.51521465590593,0.6715392053573268,-55.8436754505486
0.00163984375,30.640209048810675,56.518185698519986,4.414209203576959,-52.103976494943026
0.001640625,29.82183187481469,56.52107162554302,8.668712166972263,-47.85235945857076
0.00164140625,29.078056837666146,56.52387243285362,13.360846154138272,-43.16302627871535
0.0016421875,28.41584941343553,56.52658811623384,18.4138064826384,-38.11278163359544
0.00164296875,27.840883846320352,56.529218671593924,23.74926271598474,-32.77995595560918
0.00164375,27.357876690126446,56.53176409497229,29.288412223075316,-27.243351871896973
0.00164453125,26.97153572114687,56.534224382535584,34.95299828340784,-21.581226099127747
0.0016453125,26.691715156777178,56.53659953057864,40.66628348727776,-15.870316043300882
0.00164609375,26.636591469092014,56.53888953552455,46.35402723199202,-10.184862303532523
0.001646875,26.951462409787226,0.03728067631539339,51.573483003676216,51.536202327360826
0.00164765625,27.898758789050273,2.13957114654889e-06,56.11823822151884,56.11823608194769
0.0016484375,28.878763903353832,1.2279188962176493e-10,59.77142937336183,59.771429373239044
0.00164921875,29.902950479342344,7.04713567539184e-15,62.522048666871775,62.52204866687177
0.00165,30.960448126325357,4.0444137947835413e-19,64.37106103325435,64.37106103325435
0.00165078125,32.037235000042365,2.3211250211279488e-23,65.33081861994299,65.33081861994299
0.0016515625,33.11810856673775,1.332114278379512e-27,65.42445314718891,65.42445314718891
0.00165234375,34.18535920658851,7.645122233873628e-32,64.68515388103769,64.68515388103769
0.001653125,35.20211816956725,4.3876035952388016e-36,63.155337187571206,63.155337187571206
0.00165390625,36.12439653566877,51.634498436229414,61.06353645195466,9.429038015725244
0.0016546875,36.16399435888007,56.55817673805309,58.66185209354871,2.10367535549562
0.00165546875,36.15385165390279,56.55972729012137,56.31460329672522,-0.24512399339615742
0.00165625,36.119290742282324,56.56091018386476,54.06363689503691,-2.497273288827853
0.00165703125,36.05259143305486,56.562007881687784,51.93367139091258,-4.628336490775204
0.0016578125,35.95379326602204,56.56302039814821,49.94691253094673,-6.6161078672014755
0.00165859375,35.82477488666892,56.56394773172212,48.12286934367738,-8.441078388044744
0.001659375,35.668259243509034,56.564789881012985,46.47821341293527,-10.086576468077716
0.00166015625,35.48766429876427,56.56554684475254,45.026680161591266,-11.538866683161274
0.0016609375,35.28763104962355,56.5662186218008,43.77901167608473,-12.787206945716072
0.00166171875,35.07844976935808,56.5668052111461,42.74294218018124,-13.823863030964857
0.0016625,35.19606978422627,56.56730661190501,41.92340408786562,-14.643902524039394
0.00166328125,35.00382314161454,28.021841666070735,41.05506427710124,13.033222611030503
0.0016640625,35.22513192868839,28.080484300607704,40.139066354198214,12.058582053590507
0.00166484375,35.418565760846505,28.140726264020373,39.106685114149876,10.965958850129503
0.001665625,35.590198629459245,28.20092594222173,37.97638764753064,9.775461705308917
0.00166640625,35.74009815768442,28.261083150343673,36.76714998437227,8.506066834028594
0.0016671875,35.86756307429986,28.321197797785125,35.498194345028715,7.176996547243592
0.00166796875,35.9718219101759,28.38126979401453,34.188736103487386,5.807466309472855
0.00166875,36.05206794019485,28.441299048564545,32.857740522029765,4.41644147346522
0.00166953125,36.10695814679349,28.501285471032162,31.523691990059923,3.0224065190277614
0.0016703125,36.131232512345996,28.561228971078936,30.20437671802509,1.6431477469461555
0.00167109375,36.00839306264044,28.621129458431078,28.91661798535987,0.2954885269287928
0.001671875,36.61424208245264,0.00556913703376537,27.451464952315842,27.445895815282075
0.00167265625,37.03309870426345,3.196177435944741e-07,25.782113412488766,25.782113092871022
0.0016734375,37.43509362128606,1.8369184818564122e-11,23.852273628718436,23.85227362870007
0.00167421875,37.80554748736775,2.2003214339165874e-14,21.696722770375203,21.69672277037518
0.001675,38.1391210797079,2.2165365954238964e-14,19.35173896416483,19.35173896416481
0.00167578125,38.43221419367583,2.4190436450484822e-14,16.854561905580375,16.85456190558035
0.0016765625,38.68181879065416,2.514513800965959e-14,14.242882063711809,14.242882063711784
0.00167734375,38.884271142785764,2.1231080105183595e-14,11.554344323216768,11.554344323216746
0.001678125,39.02641312539725,1.9549438916525e-14,8.826067119572457,8.826067119572437
0.00167890625,39.09142583691463,26.67597724041836,6.186044958784468,-20.48993228163389
0.0016796875,38.678240726461766,29.277024353724432,3.7695849835825683,-25.507439370141864
0.00168046875,38.22294211042267,29.336547537254397,1.7650747313760107,-27.571472805878386
0.00168125,37.74489735024375,29.395880682687277,0.18967500659546488,-29.206205676091813
0.00168203125,37.24631675219118,29.45516955008418,-0.9529296256070978,-30.408099175691277
0.0016828125,36.73323361259813,29.51441405852758,-1.6646852194353094,-31.17909927796289
0.00168359375,36.2123808204529,29.5736141187968,-1.9529214556974956,-31.526535574494297
0.001684375,35.69062188671193,29.632769641737625,-1.830045309728181,-31.462814951465806
0.00168515625,35.17483282468986,29.69188053826288,-1.3131822835167242,-31.005062821779603
0.0016859375,34.672138073486046,29.750946719352626,-0.42377186449368054,-30.174718583846307
0.00168671875,34.19169672330415,29.809968096054313,0.8128765985848787,-28.997091497469434
0.0016875,33.77239354761039,29.868944579482758,2.3680758322041804,-27.500868747278577
0.00168828125,32.942739003968754,56.47650905296776,4.355853911117869,-52.12065514184989
0.0016890625,32.133874277616876,56.53366577661755,6.825572025869121,-49.70809375074843
0.00168984375,31.347172685066585,56.53118943484411,9.827090972200565,-46.70409846264354
0.001690625,30.611632471207294,56.52862454061257,13.301411154207862,-43.227213386404706
0.00169140625,29.93703403706726,56.52597451509794,17.185700021254483,-39.34027449384346
0.0016921875,29.33044909805119,56.52323936248723,21.414420952496933,-35.1088184099903
0.00169296875,28.79767604041451,56.52041908689952,25.92027202490219,-30.600147061997333
0.00169375,28.343959499480007,56.51751369258212,30.63510952985249,-25.88240416272963
0.00169453125,27.97606880322929,56.51452318391049,35.490846359757114,-21.023676824153373
0.0016953125,27.71929188452863,56.51144756538828,40.42032340109249,-16.09112416429579
0.00169609375,27.60562812798277,4.918458516228489,45.18048385931068,40.262025343082186
0.001696875,28.410463151978846,0.0002822747054745617,49.514595915625954,49.51431364092048
0.00169765625,29.289397039452936,1.6199996215856882e-08,53.063334706356855,53.06333469015686
0.0016984375,30.205134427992018,9.297321804040573e-13,55.7986657782961,55.79866577829517
0.00169921875,31.153676068498687,5.3358156123072945e-17,57.71821075783594,57.71821075783594
0.0017,32.12366163403179,3.062272001402483e-21,58.83002213736923,58.83002213736923
0.00170078125,33.102345468792436,1.7574651172248023e-25,59.15206940336899,59.15206940336899
0.0017015625,34.076509683979225,1.0086248500614606e-29,58.71161803596372,58.71161803596372
0.00170234375,35.03197403909161,5.788587654974066e-34,57.54451453459933,57.54451453459933
0.001703125,35.94871038787991,3.322121900652789e-38,55.69438833542927,55.69438833542927
0.00170390625,36.69799376100976,1.906595283793167e-42,53.21172481491314,53.21172481491314
0.0017046875,37.12373127672529,56.43066785678617,50.52432512646996,-5.906342730316208
0.00170546875,36.952636437775865,56.46371967362292,47.833007140650544,-8.630712532972373
0.00170625,36.77249121725423,56.45945519869758,45.357805234903054,-11.101649963794532
0.00170703125,36.560710668645825,56.45510356011805,43.12155262843891,-13.333550931679135
0.0017078125,36.31722789195236,56.45066690105019,41.143050418433525,-15.307616482616664
0.00170859375,36.045356750296655,56.446145228298164,39.43708720665117,-17.009058021646993
0.001709375,35.749627852218985,56.44153854867152,38.01440983769858,-18.427128710972934
0.00171015625,35.435801837645776,56.43684686910783,36.881747710968945,-19.555099158138887
0.0017109375,35.11455402736385,56.4320701966727,36.04188931717546,-20.390180879497237
0.00171171875,35.07828257019559,56.42720853855971,35.49396309064022,-20.933245447919493
0.0017125,34.77767746362404,31.733380677419085,35.002189261631415,3.2688085842123296
0.00171328125,34.840200255834006,31.78940576741916,34.56038431018571,2.7709785427665476
0.0017140625,34.88533586654534,31.846803401948424,34.101084441317326,2.2542810393689003
0.00171484375,34.91967287396741,31.904153157286387,33.631532266712775,1.727379109426385
0.001715625,34.944483799430024,31.96145486555095,33.158813533648896,1.1973586680979467
0.00171640625,34.960273873134945,32.0187084404421,32.68977179609512,0.6710633556530283
0.0017171875,34.96744053423136,32.07591379573698,32.23093164462255,0.15501784888556785
0.00171796875,34.96646776919729,32.13307084528536,31.788428782630522,-0.3446420626548388
0.00171875,34.958080782157474,32.19017950300978,31.367947792499272,-0.8222317105105064
0.00171953125,34.9436254440539,32.24723968290559,30.974668233515807,-1.2725714493897784
0.0017203125,34.92685928877425,32.30425129904125,30.613220164234427,-1.6910311348068205
0.00172109375,34.935064233180945,32.36121426555822,30.287660606105668,-2.0735536594525485
0.001721875,35.04324032907943,0.24537374909997958,29.85319635283931,29.60782260373933
0.00172265625,35.569999757955706,1.4082217557749138e-05,29.20110868247236,29.2010946002548
0.0017234375,36.05302312845151,8.082122881995651e-10,28.205492598030325,28.20549259722211
0.00172421875,36.51060198208756,6.606758158375061e-14,26.89190515348566,26.89190515348559
0.001725,36.9411765506817,2.3696457699042487e-14,25.289617977713416,25.28961797771339
0.00172578125,37.340815848877604,1.959311229767502e-14,23.430398413668883,23.43039841366886
0.0017265625,37.70476048552798,2.4564799473504594e-14,21.34800852788986,21.348008527889835
0.00172734375,38.024874041688825,2.5079236670077863e-14,19.077696373128955,19.07769637312893
0.001728125,38.22977879091315,2.2097787972339128e-14,16.65565239133085,16.65565239133083
0.00172890625,38.231714915083295,32.90646530409235,14.33499115772138,-18.57147414637097
0.0017296875,37.874964057536424,32.98457029602308,12.233963654777128,-20.750606641245952
0.00173046875,37.505300775032836,33.04094404134996,10.479366916451983,-22.561577124897976
0.00173125,37.113172482171805,33.097266783287516,9.08045782925793,-24.016808954029585
0.00173203125,36.702027791076794,33.153539681268036,8.041561067638686,-25.11197861362935
0.0017328125,36.2771036950109,33.20976265061692,7.362267030946413,-25.84749561967051
0.00173359375,35.84404790765157,33.26593560666345,7.037624262444165,-26.228311344219282
0.001734375,35.408567076756036,33.322058464812145,7.058382332789087,-26.263676132023058
0.00173515625,34.976298614069705,33.378131140542976,7.411279688723187,-25.96685145181979
0.0017359375,34.55279942467548,33.43415354941154,8.07937097998925,-25.35478256942229
0.00173671875,34.14377632299831,33.49012560704907,9.04238822953129,-24.447737377517782
0.0017375,33.75661305797333,33.54604722916266,10.277130586814444,-23.268916642348216
0.00173828125,33.42384568987048,33.601918331535416,11.75788967265862,-21.844028658876795
0.0017390625,32.74548528637334,56.153096077314856,13.58025063439191,-42.57284544292295
0.00173984375,32.08648965102796,56.19565669314305,15.785285151216712,-40.41037154192634
0.001740625,31.447506117609244,56.18765968754785,18.414802818409328,-37.77285686913852
0.00174140625,30.852426010990143,56.17957516766273,21.418680623629882,-34.76089454403285
0.0017421875,30.30862570673138,56.17140604218645,24.743885426584278,-31.42752061560217
0.00174296875,29.820628063474246,56.16315232358781,28.335414310323074,-27.827738013264735
0.00174375,29.390112042380885,56.15481402429674,32.137069813058574,-24.01774421123817
0.00174453125,29.00948424554057,56.14639115687059,36.09221556723766,-20.054175589632937
0.0017453125,28.45158220555291,56.13788373399406,40.14438017460055,-15.99350355939351
0.00174609375,29.431722405251065,0.010920319506926752,43.7980664490859,43.78714612957897
0.001746875,30.15298642250447,6.267268418214836e-07,46.91946558497567,46.919464958248824
0.00174765625,30.945525670459034,3.59684104490154e-11,49.32234105783405,49.322341057798084
0.0017484375,31.776577756716872,2.0642590422149884e-15,51.00471541881121,51.00471541881121
0.00174921875,32.63072984475984,1.1846966102120273e-19,51.973862077212495,51.973862077212495
0.00175,33.49529872284931,6.799079134670425e-24,52.245806800606886,52.245806800606886
0.00175078125,34.3587181539154,3.9020519414871385e-28,51.84477627053619,51.84477627053619
0.0017515625,35.21037122425192,2.2394222882951646e-32,50.80256536477564,50.80256536477564
0.00175234375,36.040962530480535,1.285224353882343e-36,49.157833950719464,49.157833950719464
0.001753125,36.84418088771043,7.376016789891718e-41,46.95534538830668,46.95534538830668
0.00175390625,37.62880686487511,4.233161589291292e-45,44.24516446863902,44.24516446863902
0.0017546875,37.07676835214352,39.498967023696345,41.20554466933993,1.7065776456435822
0.00175546875,37.81480477434559,56.01865000881785,38.13922122025915,-17.879428788558698
0.00175625,37.515907795599446,56.00990884335414,35.3729785583853,-20.636930284968845
0.00175703125,37.15877710971396,56.00013475187012,32.97806712109042,-23.022067630779702
0.0017578125,36.76196659521278,55.99027627075559,30.96998709344562,-25.020289177309966
0.00175859375,36.33495078857796,55.980333469293726,29.35871194070013,-26.621621528593597
0.001759375,35.88629066656477,55.97030636246134,28.148788458688077,-27.821517903773266
0.00176015625,35.428024826495545,55.96019496535908,27.339497239853998,-28.62069772550508
0.0017609375,35.208027543968875,55.94999929321453,26.925204938417757,-29.024794354796775
0.00176171875,34.76827519069063,35.25533602108745,26.701716747358788,-8.553619273728662
0.0017625,34.63709248991172,35.308408857741895,26.655776536775154,-8.652632320966742
0.00176328125,34.49766843312813,35.362619254632435,26.721410464811,-8.641208789821434
0.0017640625,34.357523899492506,35.41677646439472,26.894044589011436,-8.522731875383284
0.00176484375,34.219509719437426,35.470880337135625,27.16793073741303,-8.302949599722593
0.001765625,34.08559783485927,35.52493079137181,27.536264500542543,-7.988666290829265
0.00176640625,33.95740295294102,35.578927745704206,27.991313681716644,-7.587614063987562
0.0017671875,33.83628999281246,35.63287111881441,28.524553186444813,-7.108317932369596
0.00176796875,33.723375733441245,35.68676082946466,29.12680454748421,-6.559956281980452
0.00176875,33.619456318728,35.74059679649805,29.78837814714837,-5.952218649349681
0.00176953125,33.524759084516994,35.79437893883859,30.499216162300534,-5.295162776538058
0.0017703125,33.437910783001755,35.84810717549129,31.249034011522454,-4.599073163968839
0.00177109375,33.34821524276292,35.90178142554247,32.02745485712378,-3.87432656841869
0.001771875,34.097003158871665,10.605681563311837,32.74473572931054,22.139054165998704
0.00177265625,33.99486885030926,0.0006086694906326172,33.233397902180045,33.23278923268941
0.0017734375,34.53175451443146,3.493210256869326e-08,33.312399744272476,33.312399709340376
0.00177421875,35.07659531439824,2.0237023530831224e-12,32.966060295834794,32.96606029583277
0.001775,35.61508867452265,2.2209708694611423e-14,32.21564628934001,32.215646289339986
0.00177578125,36.139813526186884,2.2063610536457326e-14,31.086706914838466,31.086706914838445
0.0017765625,36.646355768561,2.4633030292598833e-14,29.608576320919124,29.6085763209191
0.00177734375,37.14040882393862,2.7940645872683608e-14,27.813856085576028,27.813856085576
0.001778125,36.76605037379061,25.650733081134067,25.818224208944233,0.16749112781016465
0.00177890625,37.22866364049478,36.434921019928815,23.81835451813769,-12.616566501791125
0.0017796875,37.01705545908691,36.48861196534964,22.026546767179873,-14.462065198169768
0.00178046875,36.7668042126892,36.54163212997026,20.48923278043304,-16.05239934953722
0.00178125,36.49007725650238,36.594597228210276,19.21647341730047,-17.378123810909806
0.00178203125,36.19302281324453,36.64750721564617,18.214571446343193,-18.43293576930298
0.0017828125,35.88075296270564,36.700362012598504,17.48614523294096,-19.214216779657544
0.00178359375,35.55806803301813,36.753161539468906,17.03024221336925,-19.722919326099657
0.001784375,35.22960684229355,36.80590571674223,16.842492817889273,-19.963412898852958
0.00178515625,34.89987220139436,36.85859446498672,16.915301524674724,-19.943292940312
0.0017859375,34.57323417913938,36.91122770485405,17.23807120474951,-19.67315650010454
0.00178671875,34.25396816791804,36.9638053570795,17.79745662625741,-19.16634873082209
0.0017875,33.94646844190143,37.01632734248214,18.577642834507134,-18.438684507975008
0.00178828125,33.65650951489675,37.068793581964734,19.56064443745684,-17.508149144507893
0.0017890625,33.41036786926772,37.12120399651412,20.726631823900767,-16.39457217261335
0.00178984375,32.88250127524504,55.47258302286138,22.154626889096875,-33.317956133764504
0.001790625,32.36992066646416,55.50027687082736,23.879367689164283,-31.62090918166308
0.00179140625,31.873364843100685,55.48681005757912,25.936276062918665,-29.550533994660455
0.0017921875,31.412827845186698,55.473257324747635,28.286053057828262,-27.187204266919373
0.00179296875,30.995983565012963,55.45962105005785,30.88712214844883,-24.572498901609016
0.00179375,30.632604335340467,55.445901254181024,33.69637291815741,-21.749528336023612
0.00179453125,30.371585020934795,55.43209795777895,36.66979164312581,-18.762306314653138
0.0017953125,30.341878016692718,0.41988317236043127,39.50959017288828,39.08970700052785
0.00179609375,31.08850399483711,2.4097468428512694e-05,41.9816434742488,41.98161937678037
0.001796875,31.819589559103857,1.3829751294836333e-09,43.8246728583698,43.82467285698683
0.00179765625,32.56546346765075,7.93701717856476e-14,45.03909362059198,45.0390936205919
0.0017984375,33.32195352557512,4.555124698182623e-18,45.63446785586487,45.63446785586487
0.00179921875,34.08058487786255,2.6142265474780515e-22,45.627821797190386,45.627821797190386
0.0018,34.832169315050564,1.5003278492607837e-26,45.04313550870057,45.04313550870057
0.00180078125,35.56757500232825,8.61051486696521e-31,43.91076329112175,43.91076329112175
0.0018015625,36.27795813542135,4.941651007195418e-35,42.26679601743611,42.26679601743611
0.00180234375,36.9547384019945,2.83605743143236e-39,40.15237592889007,40.15237592889007
0.001803125,37.58908028494792,1.6276385650607808e-43,37.612974307231575,37.612974307231575
0.00180390625,38.168916589221794,9.341162379547185e-48,34.69764142205648,34.69764142205648
0.0018046875,38.642997643721856,5.3609761082190365e-52,31.458220058299787,31.458220058299787
0.00180546875,38.88032158532589,54.81163394627174,28.20118251882794,-26.6104514274438
0.00180625,38.33532771285174,55.215018867323934,25.171072487417717,-30.043946379906217
0.00180703125,37.794940227995966,55.19990648957036,22.640814191583083,-32.55909229798728
0.0018078125,37.226718588872494,55.184686968595486,20.623633479571573,-34.56105348902391
0.00180859375,36.63236109050867,55.169384339101214,19.124534925024356,-36.04484941407686
0.001809375,36.01564849139566,55.15399862551107,18.141757836995083,-37.01224078851599
0.00181015625,35.316631290681926,55.13852985099575,17.667026468337355,-37.4715033826584
0.0018109375,35.04978321270853,38.56894474195573,17.556006217313946,-21.012938524641786
0.00181171875,34.69115104453048,38.616470240647175,17.765459178063992,-20.851011062583183
0.0018125,34.345892070436385,38.66716940181297,18.230964584645026,-20.436204817167944
0.00181328125,34.011877412151904,38.71781051639733,18.937089075869842,-19.780721440527486
0.0018140625,33.691828230341585,38.768393322669425,19.865973434195013,-18.902419888474412
0.00181484375,33.388896549578796,38.818917744441805,20.99764363930575,-17.821274105136055
0.001815625,33.10609932461082,38.8693837056256,22.310347682264176,-16.559036023361426
0.00181640625,32.84617047631838,38.91979113021999,23.78090176478014,-15.138889365439852
0.0018171875,32.61151105326129,38.970139942312294,25.385040954242164,-13.585098988070127
0.00181796875,32.40418435516043,39.02043006607813,27.097769645660353,-11.922660420417774
0.00181875,32.22596231392768,39.07066142578146,28.89370740175335,-10.17695402402811
0.00181953125,32.07849475068925,39.12083394577476,30.74742601666047,-8.373407929114293
0.0018203125,31.96394446096183,39.170947550499164,32.63377409394424,-6.537173456554928
0.00182109375,31.888555725400508,39.221002164484446,34.52818706626697,-4.692815098217472
0.001821875,31.93434154063762,39.27099771234926,36.40702055389578,-2.8639771584534888
0.00182265625,32.2030555577811,0.02590253371207587,37.989284060294864,37.963381526582786
0.0018234375,32.87809841801637,1.4865694535565292e-06,39.15654409407819,39.15654260750874
0.00182421875,33.54430075277513,8.534045176419675e-11,39.78125203499038,39.78125203490504
0.001825,34.21160279078867,3.2396663996559153e-14,39.87696014250529,39.876960142505254
0.00182578125,34.87541018722171,2.86300281844453e-14,39.463454804372674,39.463454804372645
0.0018265625,35.531740347844014,1.6250210442100235e-14,38.5661913404324,38.56619134043238
0.00182734375,36.19603970836337,3.2103928056853505e-14,37.21575800104252,37.21575800104249
0.001828125,36.32962930004651,38.65067571541528,35.59866438248801,-3.0520113329272753
0.00182890625,36.36820971908485,39.718228841321974,33.89108546253407,-5.8271433787879
0.0018296875,36.26856692617908,39.76768803087022,32.3222205549481,-7.445467475922115
0.00183046875,36.135700915816244,39.81702890511598,30.9100665594976,-8.90696234561838
0.00183125,35.97779282625596,39.86630981228268,29.666929750105407,-10.199380062177273
0.00183203125,35.79913516700174,39.91553068150708,28.60248267707304,-11.313048004434037
0.0018328125,35.60328521884338,39.964691438663635,27.72374795955559,-12.240943479108049
0.00183359375,35.39361190750145,40.01379200971712,27.035114775443624,-12.978677234273498
0.001834375,35.17342074996116,40.06283232072299,26.53838784861533,-13.52444447210766
0.00183515625,34.94597491482181,40.111812297827385,26.23286719170583,-13.878945106121556
0.0018359375,34.7144872310082,40.16073186726738,26.115456413069843,-14.045275454197535
0.00183671875,34.482111557029775,40.209590955370984,26.180797097120756,-14.028793858250229
0.0018375,34.25196413503836,40.25838948855726,26.421426538217574,-13.83696295033969
0.00183828125,34.02727739416075,40.307127393336536,26.827955965443202,-13.479171427893332
0.0018390625,33.81234895691909,40.35580459631038,27.389266600415688,-12.96653799589469
0.00183984375,33.6271361017775,40.404421024171825,28.092728495663657,-12.31169252850817
0.001840625,33.2225674203447,54.439297545290586,29.001148941457814,-25.438148603832772
0.00184140625,32.82541761777062,54.45194850909833,30.143221750118396,-24.308726758979933
0.0018421875,32.435214595353536,54.43309752906832,31.547931871401637,-22.885165657666683
0.00184296875,32.06375160031668,54.414162770558846,33.1869060871864,-21.22725668337245
0.00184375,31.698856575146394,54.39514606520015,35.02982284144561,-19.365323223754547
0.00184453125,32.61546685754269,16.04287158573732,36.9248886986699,20.88201711293258
0.0018453125,32.26022286710707,0.0009207146582386351,38.602104097843835,38.6011833831856
0.00184609375,32.88772930803994,5.284063251177151e-08,39.770303344410145,39.77030329156951
0.001846875,33.54490555209031,3.032570861406234e-12,40.3880821984812,40.388082198478166
0.00184765625,34.211031756812325,1.7404193690152006e-16,40.46944928712256,40.46944928712256
0.0018484375,34.874869363645274,9.988421436716779e-21,40.034663342129456,40.034663342129456
0.00184921875,35.52721810914862,5.732443833575373e-25,39.109721767176985,39.109721767176985
0.00185,36.15982903732318,3.289900462579781e-29,37.725802727736536,37.725802727736536
0.00185078125,36.765164942291655,1.8881031141184303e-33,35.91866417765953,35.91866417765953
0.0018515625,37.336331103154514,1.0835991575101532e-37,33.72800878896803,33.72800878896803
0.00185234375,37.86700636066376,6.218871868684729e-42,31.196824093667978,31.196824093667978
0.001853125,38.35122948110315,3.5690658350069744e-46,28.370707097545477,28.370707097545477
0.00185390625,38.78255224578961,2.048318602407244e-50,25.297182238565416,25.297182238565416
0.0018546875,39.14915494808491,1.1755482501373826e-54,22.02501946688159,22.02501946688159
0.00185546875,39.335176808621455,6.746575883151171e-59,18.603504293651977,18.603504293651977
0.00185625,39.198617164535335,54.0440888940465,15.43748077703573,-38.60660811701077
0.00185703125,38.48490454736655,54.05935040360739,12.708756281843698,-41.35059412176369
0.0018578125,37.76371492482547,54.038865720386106,10.612313844409648,-43.42655187597646
0.00185859375,37.017852372720235,54.018297608776194,9.14945654178937,-44.868841066986825
0.001859375,36.20306599577759,53.997648146468855,8.313282106773656,-45.6843660396952
0.00186015625,35.705758628457254,41.649288216098626,7.992408248632046,-33.65687996746658
0.0018609375,35.13885993315663,41.69382638243145,8.147960637971941,-33.54586574445951
0.00186171875,34.58435924570406,41.74071158079703,8.722594740795557,-33.018116840001476
0.0018625,34.04424164142458,41.78753405670712,9.692977859788762,-32.09455619691836
0.00186328125,33.52392880319207,41.83429360135407,11.031695725431689,-30.80259787592238
0.0018640625,33.02892941593628,41.8809901443109,12.707753309352654,-29.173236834958246
0.00186484375,32.56437700933742,41.92762361525344,14.68710957661989,-27.24051403863355
0.001865625,32.134887973620344,41.97419394395252,16.9332297840669,-25.040964159885622
0.00186640625,31.744497945399473,42.0207010602741,19.40764750020522,-22.61305356006888
0.0018671875,31.39663281840817,42.067144894179286,22.07052881445674,-19.996616079722546
0.00186796875,31.0941084847627,42.11352537572451,24.881231495300376,-17.23229388042413
0.00186875,30.839173367651696,42.159842435061584,27.79885222017605,-14.36099021488553
0.00186953125,30.633651709271067,42.20609600243788,30.782755451421934,-11.423340551015949
0.0018703125,30.47943421610557,42.25228600819634,33.79307813785737,-8.45920787033897
0.00187109375,30.38084147793054,42.298412382775666,36.791205758905065,-5.5072066238706014
0.001871875,30.372277597700293,42.34447505671038,39.740229626707986,-2.6042454300023907
0.00187265625,30.54976408396196,0.32096238142606737,42.41148540987257,42.0905230284465
0.0018734375,31.32744487477953,1.8420316346408602e-05,44.6269272319085,44.62690881159216
0.00187421875,32.097600121335056,1.0571807219508285e-09,46.1897240809339,46.18972407987672
0.001875,32.88113673703328,8.56020047962875e-14,47.10506196570444,47.10506196570435
0.00187578125,33.673550957467555,2.3914853055209774e-14,47.387042010813246,47.387042010813225
0.0018765625,34.47105222362373,2.3866024734962634e-14,47.057233680778424,47.0572336807784
0.00187734375,35.3178277328612,2.693841744433834e-14,46.144134454402476,46.14413445440245
0.001878125,35.44026289400602,42.61528032416881,44.91613441157346,2.3008540874046535
0.00187890625,35.512925881017374,42.75615570409754,43.54816085029732,0.7920051461997819
0.0018796875,35.52323397699667,42.80158304660735,42.22422220469519,-0.5773608419121598
0.00188046875,35.505297615048015,42.84694045655431,40.960218820883924,-1.886721635670385
0.00188125,35.46420909203985,42.89223333946911,39.770369068020464,-3.121864271448642
0.00188203125,35.40246820092354,42.93746162745563,38.667384777782836,-4.270076849672795
0.0018828125,35.32208249852637,42.982625252400915,37.662371067185774,-5.320254185215138
0.00188359375,35.22498964269237,43.02772414628937,36.7647496030348,-6.262974543254569
0.001884375,35.11316560733756,43.07275824120285,35.982206081375885,-7.090552159826962
0.00188515625,34.988647434857036,43.117727469320826,35.320661748189785,-7.797065721131043
0.0018859375,34.85352742480506,43.1626317629205,34.78426839845287,-8.378363364467623
0.00188671875,34.709937802096384,43.207471054376754,34.37542599522805,-8.832045059148703
0.0018875,34.56003643754246,43.25224527616245,34.09482179348553,-9.157423482676917
0.00188828125,34.406010541656734,43.29695436084842,33.94148962934026,-9.355464731508158
0.0018890625,34.25016395371467,43.3415982411036,33.91288786345562,-9.428710377647972
0.00188984375,34.095532281109854,43.3861768496951,34.00499452797641,-9.381182321718688
0.001890625,33.95581131601587,43.43069011948834,34.21242335368924,-9.2182667657991
0.00189140625,33.65994729367079,53.0598107217334,34.58114364386438,-18.478667077869023
0.0018921875,33.36202353930242,53.05733834882573,35.13322068502474,-17.924117663800995
0.00189296875,33.0529102678688,53.03322308296307,35.890447297449846,-17.142775785513223
0.00189375,32.52690794121454,53.00902671250573,36.8347083485216,-16.174318363984124
0.00189453125,33.40619271914399,0.010311280123726582,37.530749932972256,37.52043865284853
0.0018953125,33.99672429175155,5.917735303422878e-07,37.88197856242675,37.881977970653224
0.00189609375,34.61310346368768,3.396240883883688e-11,37.739179335492366,37.7391793354584
0.001896875,35.227675935522086,1.9491328269940377e-15,37.12373118959834,37.12373118959834
0.00189765625,35.829469119611595,1.11862465212461e-19,36.06219319647624,36.06219319647624
0.0018984375,36.41031508803405,6.419886295131046e-24,34.585725377815855,34.585725377815855
0.00189921875,36.963220095570684,3.6844298008390615e-28,32.72951024404007,32.72951024404007
0.0019,37.48202030330048,2.1145270076833758e-32,30.532146998484293,30.532146998484293
0.00190078125,37.96129393551089,1.2135458423455842e-36,28.03502662501384,28.03502662501384
0.0019015625,38.39633138243319,6.964647441830032e-41,25.28169643171081,25.28169643171081
0.00190234375,38.78309895986993,3.99707306443693e-45,22.317222487307994,22.317222487307994
0.001903125,39.11813959133173,2.293955755246273e-49,19.18755808049313,19.18755808049313
0.00190390625,39.39825830171965,1.3165215952260288e-53,15.938925872703301,15.938925872703301
0.0019046875,39.61927451068314,7.555634439472494e-58,12.617220583426239,12.617220583426239
0.00190546875,39.76768839897457,4.336245754718644e-62,9.267435101013103,9.267435101013103
0.00190625,39.231830936912274,2.488609976560515e-66,5.932786237978933,5.932786237978933
0.00190703125,39.188759683760125,52.58248513089853,3.1467074341726615,-49.43577769672587
0.0019078125,38.31407368481153,52.5598767222126,0.9451537130656789,-51.61472300914692
0.00190859375,37.39494598523269,52.534170110776415,-0.5148930559107754,-53.04906316668719
0.001909375,36.67517299437988,44.480807750033776,-1.3078029077646534,-45.78861065779843
0.00191015625,35.9049465704544,44.52209250114051,-1.4646401362283328,-45.986732637368846
0.0019109375,35.14217843928035,44.56488363204396,-1.0323259263657505,-45.59720955840971
0.00191171875,34.392935952464256,44.60760773933853,-0.03918842414731216,-44.646796163485845
0.0019125,33.665442486598465,44.650264668387194,1.4804656461844559,-43.16979902220274
0.00191328125,32.96774128304305,44.6928543549442,3.487017398722159,-41.20583695622204
0.0019140625,32.30730856679012,44.73537673487022,5.936248616857441,-38.79912811801278
0.00191484375,31.6909010799649,44.77783174412736,8.780084702090328,-35.997747042037034
0.001915625,31.12446657302836,44.820219318779124,11.967357037648448,-32.852862281130676
0.00191640625,30.61308121474997,44.86253939499058,15.444574314265846,-29.41796508072473
0.0019171875,30.160901197761042,44.90479190902847,19.156692679173357,-25.74809922985511
0.00191796875,29.771118442263237,44.94697679726127,23.04787498786324,-21.899101809398033
0.00191875,29.445901432936854,44.98909399615932,27.06222995648148,-17.926864039677838
0.00191953125,29.186265554539297,45.03114344229483,31.144522609807595,-13.886620832487234
0.0019203125,28.99165455331324,45.07312507234214,35.24084802368594,-9.832277048656191
0.00192109375,28.8579761008865,45.11503882307767,39.29926049446252,-5.815778328615147
0.001921875,28.75807181735811,45.156884631380045,43.270341819994066,-1.8865428113859766
0.00192265625,29.295729234591647,1.1602222916419136,46.9352440713226,45.775021779680685
0.0019234375,29.964259222572792,6.658618847756453e-05,50.09496089592073,50.094894309732254
0.00192421875,30.80259775531438,3.821457765478739e-09,52.497754567363245,52.49775456354179
0.001925,31.68075792040317,2.4208961849044074e-13,54.139804883225786,54.139804883225544
0.00192578125,32.57834319894345,1.5344624671252127e-14,55.03049096870373,55.03049096870372
0.0019265625,33.47464460852026,2.8373454081706224e-14,55.18834211057856,55.18834211057853
0.00192734375,34.26221477172685,2.4366193330380604e-14,54.640385187326864,54.64038518732684
0.001928125,34.811333089724194,45.459223627923855,53.720571866508735,8.261348238584876
0.00192890625,34.89813372158537,45.53042741207595,52.58338154002722,7.052954127951264
0.0019296875,34.991918534216374,45.57159206706572,51.40192910315634,5.830337036090616
0.00193046875,35.07077430266332,45.61268637202427,50.19354275317452,4.580856381150246
0.00193125,35.130915871104285,45.65371198500276,48.97512593325092,3.3214139482481615
0.00193203125,35.17127700095856,45.69466884431605,47.76303870756402,2.0683698632479746
0.0019328125,35.191687884856705,45.73555688828385,46.57291101971775,0.8373541314338979
0.00193359375,35.19245513283108,45.77637605532952,45.419473354379505,-0.35690270095001325
0.001934375,35.17421835032205,45.81712628398013,44.31640566997078,-1.5007206140093559
0.00193515625,35.137883242696326,45.857807512866586,43.27620568490326,-2.5816018279633286
0.0019359375,35.084580748548966,45.89841968072365,42.31007739124585,-3.5883422894777994
0.00193671875,35.01563670926489,45.938962726390166,41.42784039745823,-4.51112232893193
0.0019375,34.932547115994794,45.97943658880904,40.63786041966636,-5.341576169142678
0.00193828125,34.836957857777534,46.01984120702734,39.94700096237755,-6.072840244649791
0.0019390625,34.73064824455607,46.060176520196464,39.3605959594883,-6.699580560708165
0.00193984375,34.61550191013831,46.10044246757216,38.882442880103724,-7.21799958746843
0.001940625,34.493240337954404,46.14063898851464,38.51481543324047,-7.625823555274167
0.00194140625,34.35678191423359,46.18076602248865,38.25848977938214,-7.922276243106507
0.0019421875,34.20288808856037,51.35104632150437,38.14665329488448,-13.204393026619892
0.00194296875,34.116585518240356,51.32531574363639,38.189564598881,-13.135751144755389
0.00194375,34.28718888597605,0.033837796501762635,38.06001772568029,38.026179929178525
0.00194453125,34.95507872470135,1.941981214221445e-06,37.62219231022847,37.62219036824725
0.0019453125,35.580997563212115,1.114520277995214e-10,36.724990215340235,36.724990215228786
0.00194609375,36.181552351146486,6.3963309272305115e-15,35.39793116812194,35.397931168121936
0.001946875,36.75383202072301,3.670911165855094e-19,33.67489884620681,33.67489884620681
0.00194765625,37.292801741419474,2.106768542920633e-23,31.593449269186436,31.593449269186436
0.0019484375,37.793382766340336,1.2090931904657076e-27,29.194190104390646,29.194190104390646
0.00194921875,38.25094565020383,6.939093276966672e-32,26.520145105042538,26.520145105042538
0.00195,38.66148073766604,3.982407302111899e-36,23.61611298567344,23.61611298567344
0.00195078125,39.02166881391261,2.2855389439075193e-40,20.528029200297755,20.528029200297755
0.0019515625,39.32890621329234,1.3116911123951937e-44,17.30233862605567,17.30233862605567
0.00195234375,39.581296437772714,7.527911869202258e-49,13.98538667608616,13.98538667608616
0.001953125,39.77759879170253,4.32033552525913e-53,10.622835820580077,10.622835820580077
0.00195390625,39.91708575473812,2.4794789544732107e-57,7.2591138719302855,7.2591138719302855
0.0019546875,39.99911114695212,1.4229950080802632e-61,3.936899641723062,3.936899641723062
0.00195546875,40.02129689859215,8.166694818555385e-66,0.6966503224670562,0.6966503224670562
0.00195625,39.9643143594338,4.686938737009081e-70,-2.4238326461762782,-2.4238326461762782
0.00195703125,39.80293139563386,46.36632774674838,-5.2301224003882325,-51.596450147136615
0.0019578125,38.85054657719195,50.75658521939428,-7.516753603209985,-58.273338822604266
0.00195859375,37.87738078527305,47.048320305663125,-9.0111597216371,-56.059480027300225
0.001959375,36.93567724863556,47.084371881203154,-9.723360224883187,-56.80773210608634
0.00196015625,35.990517259585054,47.12281319956696,-9.687222376987279,-56.81003557655424
0.0019609375,35.0537331117985,47.16118369304467,-8.932427626511334,-56.093611319556004
0.00196171875,34.13643155963793,47.19948316264014,-7.496581647218122,-54.696064809858264
0.0019625,33.249227840936946,47.23771155066697,-5.424430131374379,-52.66214168204135
0.00196328125,32.40204011731165,47.27586879955388,-2.7670083175707774,-50.04287711712466
0.0019640625,31.603943132015516,47.31395485183677,0.41925546585065376,-46.894699385986115
0.00196484375,30.863065246774227,47.35196965015869,4.073469044406821,-43.27850060575187
0.001965625,30.18651492944471,47.38991313727009,8.13122534140728,-39.25868779586281
0.00196640625,29.58033140477714,47.427785256028734,12.525558210143593,-34.90222704588514
0.0019671875,29.049459036873344,47.46558594939992,17.187892766381115,-30.27769318301881
0.00196796875,28.597749846488632,47.50331516045645,22.048978397653173,-25.45433676280328
0.00196875,28.22800900655965,47.540972832378834,27.039793321335846,-20.501179511042988
0.00196953125,27.9421317294466,47.57855890845531,32.09241038685503,-15.48614852160028
0.0019703125,27.741520770961785,47.61607333208191,37.14081480553247,-10.47525852654944
0.00197109375,27.628818704844733,47.65351604676261,42.121665998539996,-5.531850048222616
0.001971875,27.622285303709795,47.690886996109334,46.97500326235984,-0.7158837337494959
0.00197265625,27.74603662445735,4.153372383934349,51.49483088253624,47.341458498601895
0.0019734375,28.652119743362142,0.0002383657324056726,55.465820621430346,55.46558225569794
0.00197421875,29.624959851403446,1.3680046054763854e-08,58.58821059783593,58.58821058415589
0.001975,30.63082457181795,8.049310264906087e-13,60.844093655275664,60.84409365527486
0.00197578125,31.665573337945478,2.1658309801670155e-14,62.23927645621961,62.23927645621959
0.0019765625,32.72608178238618,2.3328943579419175e-14,62.79024583228149,62.79024583228147
0.00197734375,33.99512382077244,2.8391518133034125e-14,62.52365009690389,62.523650096903864
0.001978125,33.99480987344047,47.9779355863228,61.851548092948626,13.873612506625825
0.00197890625,34.24804541992841,48.023986314354474,60.88709064148442,12.86310432712995
0.0019796875,34.46041205692395,48.060637068190424,59.79790129826069,11.737264230070265
0.00198046875,34.64793313271363,48.097214908253335,58.60323639658981,10.506021488336472
0.00198125,34.812189881702686,48.1337203147491,57.322889283301045,9.189168968551945
0.00198203125,34.952973526524936,48.170153232731934,55.976951577425524,7.806798344693589
0.0019828125,35.06983309541355,48.20651360733456,54.585547505121404,6.379033897786847
0.00198359375,35.16244025416132,48.24280138379886,53.16857774071164,4.925776356912781
0.001984375,35.23070303324954,48.27901650747613,51.74547611626774,3.4664596087916095
0.00198515625,35.27480461461842,48.315158923827056,50.33498186659749,2.019822942770435
0.0019859375,35.29521439046579,48.3512285784218,48.95492970499608,0.6037011265742876
0.00198671875,35.29268808798674,48.38722541694012,47.62205969173527,-0.7651657252048495
0.0019875,35.268266128643006,48.42314938517141,46.35184852455791,-2.071300860613502
0.00198828125,35.22328060666174,48.459000429014836,45.158363545310706,-3.3006368837041293
0.0019890625,35.15939334122829,48.49477849447938,44.05414042523376,-4.440638069245614
0.00198984375,35.07873412329399,48.53048352768391,43.05008518230054,-5.480398345383373
0.001990625,34.984421840135774,48.566115474857305,42.15540098290257,-6.4107144919547325
0.00199140625,34.883202306519415,48.601674282338486,41.377540755677735,-7.224133526660748
0.0019921875,34.81634195691944,48.637159896576534,40.722201725520904,-7.9149581710556305
0.00199296875,34.89728005751065,0.3731684446893552,39.972056593200584,39.59888814851123
0.00199375,35.60868190620757,2.141646869024739e-05,38.96146467424696,38.96144325777827
0.00199453125,36.254625474486005,1.229110171794304e-09,37.49822988156234,37.49822988033323
0.0019953125,36.86392567906212,7.053972511799624e-14,35.6178039084436,35.61780390844353
0.00199609375,37.435529702780194,4.048337515959632e-18,33.36058205234822,33.36058205234822
0.001996875,37.96510737393938,2.3233768795825657e-22,30.770129830057364,30.770129830057364
0.00199765625,38.44817044221572,1.3334066399597715e-26,27.89250653800885,27.89250653800885
0.0019984375,38.88071534342564,7.652539211840012e-31,24.775582822850147,24.775582822850147
0.00199921875,39.259424982073995,4.3918602648113213e-35,21.468362152027314,21.468362152027314
0.002,39.581747818791165,2.5205276381708032e-39,18.020314798967316,18.020314798967316
0.00200078125,39.84593028357829,1.4465532124701657e-43,14.480732328181944,14.480732328181944
0.0020015625,40.05102696038609,8.301897447259641e-48,10.898109961208764,10.898109961208764
0.00200234375,40.1969000798836,4.7645327272215776e-52,7.319563551096849,7.319563551096849
0.002003125,40.28421915471676,2.7344076764353123e-56,3.790287187393891,3.790287187393891
0.00200390625,40.31448167313272,1.569300867266483e-60,0.3530567060223291,0.3530567060223291
0.0020046875,40.29011593647837,9.006357147204255e-65,-2.9522163876189,-2.9522163876189
0.00200546875,40.21490567749281,5.168828409831187e-69,-6.088876780529486,-6.088876780529486
0.00200625,40.0961201318396,2.966436561820269e-73,-9.023859320162343,-9.023859320162343
0.00200703125,39.96619509569908,1.702464306721193e-77,-11.727951889761128,-11.727951889761128
0.0020078125,39.16518536027834,48.08061820856387,-13.986660091059967,-62.06727829962384
0.00200859375,38.25062827988279,49.36528470777493,-15.608896898984511,-64.97418160675944
0.002009375,37.18161698236536,49.3992185267429,-16.346865548588227,-65.74608407533113
0.00201015625,36.09885178560719,49.43300617498706,-16.22220596861898,-65.65521214360604
0.0020109375,35.02301557958281,49.46671937389797,-15.270305882624442,-64.73702525652241
0.00201171875,33.96909008050085,49.50035807682322,-13.535636938891948,-63.035995015715166
0.0020125,32.95016646654623,49.533922233103794,-11.070828216734185,-60.60475044983798
0.00201328125,31.978049687593217,49.56741179219267,-7.935675009961898,-57.50308680215457
0.0020140625,31.063356854029042,49.60082670365517,-4.19609640561837,-53.79692310927354
0.00201484375,30.215502341183754,49.63416691716907,0.07694330601563593,-49.55722361115343
0.002015625,29.44265973189402,49.66743238252456,4.8085343322958565,-44.8588980502287
0.00201640625,28.751728326451953,49.7006230496245,9.920927429020225,-39.77969562060427
0.0020171875,28.148316096797647,49.733738868484295,15.33463203736455,-34.399106831119745
0.00201796875,27.636748803186805,49.76677978923215,20.969492908897525,-28.797286880334628
0.00201875,27.220123101887488,49.799745762109076,26.745732438419058,-23.054013323690018
0.00201953125,26.9004553993641,49.83263673746884,32.58494688768329,-17.247689849785548
0.0020203125,26.67912504695882,49.86545266577826,38.41104582826506,-11.454406837513199
0.00202109375,26.558694696393886,49.89819349761714,44.15112582753941,-5.747067670077733
0.002021875,26.557969038299042,49.930859183678386,49.73627738614135,-0.19458179753703464
0.00202265625,26.70175897298167,4.348028560192564,54.945232516506024,50.597203956313464
0.0020234375,27.672133409357976,0.00024953722335735505,59.547556264821075,59.54730672759772
0.00202421875,28.719368111807228,1.432118440576027e-08,63.22505062040556,63.22505060608437
0.002025,29.807505431873825,8.45177295835625e-13,65.95523541969298,65.95523541969214
0.00202578125,30.931510752033855,2.5993391758474867e-14,67.74111332255445,67.74111332255443
0.0020265625,32.087362127648206,2.36244146970874e-14,68.59753819651854,68.59753819651851
0.00202734375,33.46545069048971,2.2654873581302662e-14,68.55067589840577,68.55067589840574
0.002028125,33.5191700889739,50.1797156207836,68.03048294806334,17.85076732727974
0.00202890625,33.84065836714372,50.221460158624936,67.15489639357654,16.933436234951603
0.0020296875,34.121155727751436,50.25337225993654,66.0994522408934,15.846079980956862
0.00203046875,34.37660394142897,50.28520812062606,64.8851087837132,14.599900663087148
0.00203125,34.607855321333965,50.316968252668765,63.53396925149499,13.217000998826222
0.00203203125,34.81391512177271,50.34865260826663,62.06899120004843,11.720338591781795
0.0020328125,34.993567710691856,50.38026113970357,60.51366248846792,10.13340134876435
0.00203359375,35.14576378070148,50.411793799377705,58.89168274127469,8.479888941896988
0.002034375,35.269742752466456,50.44325053980143,57.22665463074584,6.783404090944405
0.00203515625,35.365073597672016,50.47463131360146,55.54178860021276,5.067157286611297
0.0020359375,35.431661449802455,50.505936073518924,53.85962426249976,3.3536881889808345
0.00203671875,35.46973329971268,50.53716477240939,52.20177134947936,1.6646065770699694
0.0020375,35.47980241356757,50.56831736324304,50.58867271901379,0.02035535577075507
0.00203828125,35.46259629570915,50.599393799104625,49.03939153748523,-1.560002261619394
0.0020390625,35.41889241329206,50.630394033193575,47.57142434034351,-3.0589696928500647
0.00203984375,35.34903430265403,50.661318018824105,46.200541170528105,-4.4607768482960015
0.002040625,35.250813621122745,50.69216570942527,44.94065292439462,-5.75151278503065
0.00204140625,35.099010448435024,50.722937058540985,43.80369596143257,-6.919241097108415
0.0020421875,35.52501536957704,4.949857822558342,42.6201513181502,37.67029349559186
0.00204296875,35.990751406613334,3.811650357193269,41.23584719541009,37.42419683821682
0.00204375,36.65999015916015,0.0007431567321267223,39.405535604536134,39.404792447804006
0.00204453125,37.282265197017004,4.265042532947191e-08,37.15983599106005,37.15983594840962
0.0020453125,37.86811827399264,2.4477458147747426e-12,34.532300921480825,34.53230092147838
0.00204609375,38.40866264079068,1.4047830771823753e-16,31.571384855307283,31.571384855307283
0.002046875,38.898042322084436,8.062174928566226e-21,28.327847682313745,28.327847682313745
0.00204765625,39.33175718825965,4.626953843234787e-25,24.85401682814595,24.85401682814595
0.0020484375,39.70636283083724,2.65544993219745e-29,21.20306164775481,21.20306164775481
0.00204921875,40.019378921466966,1.5239863161197373e-33,17.42828606679789,17.42828606679789
0.00205,40.269247141687444,8.746292910890072e-38,13.582447627112295,13.582447627112295
0.00205078125,40.455300493774466,5.019575233316963e-42,9.717110498113579,9.717110498113579
0.0020515625,40.57773297331721,2.880778837346867e-46,5.882039299892506,5.882039299892506
0.00205234375,40.63756751095874,1.653304577371902e-50,2.1246397996534543,2.1246397996534543
0.002053125,40.636625562605985,9.488461905240526e-55,-1.5105482883972685,-1.5105482883972685
0.00205390625,40.57751080182324,5.445512615123467e-59,-4.982302032021258,-4.982302032021258
0.0020546875,40.463649078852235,3.125228086239245e-63,-8.253106041685687,-8.253106041685687
0.00205546875,40.29958095511466,1.793596173828194e-67,-11.289480568553483,-11.289480568553483
0.00205625,40.09351615348314,1.0293607845571074e-71,-14.0622440024597,-14.0622440024597
0.00205703125,39.786042601966976,4.928074596524483,-16.52741728078628,-21.455491877310763
0.0020578125,39.464579113706726,5.12640168783829,-18.64709475696045,-23.773496444798738
0.00205859375,38.51034420059988,50.19416308710998,-20.20528974658705,-70.39945283369703
0.002059375,37.458341447331215,51.409434627690715,-21.034907995588497,-72.44434262327921
0.00206015625,36.272846803701576,51.43842822529686,-20.916857490805555,-72.35528571610241
0.0020609375,35.08878357996597,51.46727628045755,-19.88639630808874,-71.35367258854629
0.00206171875,33.92717528627378,51.49604682292329,-17.992431414006816,-69.4884782369301
0.0020625,32.8033764319925,51.52473981327293,-15.292876598146776,-66.8176164114197
0.00206328125,31.73067533923266,51.553355208295564,-11.85355879070125,-63.406913998996814
0.0020640625,30.72086601527302,51.581892964896944,-7.747069288788943,-59.32896225368589
0.00206484375,29.78434187266105,51.61035304009971,-3.051575111738771,-54.66192815183848
0.002065625,28.930082343097748,51.63873539104352,2.150393063745412,-49.488342327298106
0.00206640625,28.165615925207902,51.66703997498504,7.773160141367299,-43.89387983361774
0.0020671875,27.496981688214465,51.69526674929809,13.729117289806965,-37.96614945949113
0.00206796875,26.928690512135006,51.72341567147365,19.92990906910024,-31.793506602373412
0.00206875,26.463669362271446,51.75148669911998,26.287582877342743,-25.463903821777237
0.00206953125,26.10312682464325,51.77947978996259,32.71568760644638,-19.06379218351621
0.0020703125,25.846090007601493,51.80739490184442,39.130309442675525,-12.67708545916889
0.00207109375,25.687169767393023,51.83523199272578,45.45103327760478,-6.384198715121001
0.002071875,25.594160932575857,51.86299102068453,51.60180888875786,-0.26118213192667245
0.00207265625,26.258888640259784,1.332197429560927,57.313719109614205,55.98152168005328
0.0020734375,27.097884289505103,7.645599448111646e-05,62.34255099346545,62.34247453747097
0.00207421875,28.15387508647645,4.387901770594859e-09,66.38554605795392,66.38554605356602
0.002075,29.275561014668565,2.6974734308752306e-13,69.42667620968592,69.42667620968565
0.00207578125,30.437304381290033,2.3322883484615805e-14,71.46715812490812,71.4671581249081
0.0020765625,31.61298685467625,2.60095796202472e-14,72.5208420595156,72.52084205951557
0.00207734375,32.67705877455264,2.533526462592788e-14,72.61347239332429,72.61347239332426
0.002078125,33.47856888865985,52.04791968921918,72.12437534445016,20.07645565523098
0.00207890625,33.75862210125854,52.10930061175131,71.22933904930936,19.120038437558048
0.0020796875,34.0521651953407,52.13627870067841,70.12745362179015,17.991174921111746
0.00208046875,34.331542972850656,52.16317630340659,68.84132340124322,16.678147097836625
0.00208125,34.58992595223971,52.18999534922091,67.39490098743195,15.20490563821104
0.00208203125,34.823692994502274,52.216735797845395,65.8132203390448,13.596484541199409
0.0020828125,35.03037156050626,52.24339760900945,64.12203546854121,11.878637859531768
0.00208359375,35.208181979365676,52.26998074256085,62.34746519637389,10.077484453813046
0.002084375,35.35589654897201,52.29648515846588,60.51564755386143,8.219162395395548
0.00208515625,35.47278505630303,52.32291081680938,58.65240771000915,6.329496893199769
0.0020859375,35.55859074546549,52.349257677794775,56.78294306426978,4.433685386475008
0.00208671875,35.61352383050925,52.37552570174416,54.9315288084971,2.5560031067529394
0.0020875,35.63828050274205,52.40171484909839,53.12124688282211,0.7195320337237207
0.00208828125,35.634130282614215,52.427825080417044,51.37374085904303,-1.054084221374012
0.0020890625,35.60324660241849,52.453856356378644,49.7089989381538,-2.744857418224848
0.00208984375,35.55024128224235,52.47980863778049,48.145167296278025,-4.33464134150247
0.002090625,35.495447217105365,52.50568188553896,46.698401581358716,-5.807280304180248
0.00209140625,35.46534664482417,11.959662516724872,45.243038443337696,33.28337592661282
0.0020921875,36.071833369068166,8.159595429585748,43.63870877776088,35.47911334817513
0.00209296875,36.651531283911645,8.228061351037724,41.65967466111125,33.43161331007352
0.00209375,37.373863200384726,2.445192953066676,39.31723592247843,36.87204296941176
0.00209453125,37.85162416348674,0.00014033179671598265,36.61879905633816,36.61865872454145
0.0020953125,38.42613584974464,8.053766531936708e-09,33.57048385832867,33.570483850274904
0.00209609375,38.94873001552725,4.622128189680367e-13,30.217680154634397,30.217680154633936
0.002096875,39.41339888620551,2.6526804467350808e-17,26.614967212170168,26.614967212170168
0.00209765625,39.816314635142845,1.522396883799373e-21,22.817926426274404,22.817926426274404
0.0020984375,40.15476226011589,8.737171017544379e-26,18.882396121575617,18.882396121575617
0.00209921875,40.426987882744925,5.014340097656005e-30,14.863753559928297,14.863753559928297
0.0021,40.632150369617214,2.8777743464643275e-34,10.816231351529837,10.816231351529837
0.00210078125,40.7702841170699,1.6515802733523165e-38,6.7922755185724215,6.7922755185724215
0.0021015625,40.84225486258842,9.47856597122642e-43,2.8419516840327734,2.8419516840327734
0.00210234375,40.84970139112602,5.439833250643702e-47,-0.9875950030683271,-0.9875950030683271
0.002103125,40.79495194009029,3.1219686484895533e-51,-4.6526215012791345,-4.6526215012791345
0.00210390625,40.68087583330302,1.7917255535357358e-55,-8.11320630975744,-8.11320630975744
0.0021046875,40.51046108048353,1.0282872189463248e-59,-11.333603985006006,-11.333603985006006
0.00210546875,40.28387213952568,5.901431737476629e-64,-14.282534239942507,-14.282534239942507
0.00210625,39.99991389703663,8.577646999429922,-16.903867649974643,-25.481514649404566
0.00210703125,39.533367147509104,9.462178604397664,-19.14323363119611,-28.605412235593775
0.0021078125,39.024824575007976,9.530660291929411,-20.93341540175689,-30.4640756936863
0.00210859375,38.4499441013636,9.599080793446792,-22.266346806284186,-31.865427599730978
0.002109375,37.71566079452661,52.77360966623755,-22.943788844003862,-75.71739851024141
0.00211015625,36.40321389219741,53.126696374115284,-22.823186306789182,-75.94988268090447
0.0021109375,35.14150386501307,53.15052031305814,-21.745648814486756,-74.8961691275449
0.00211171875,33.91388162774618,53.17424531618671,-19.761579504358522,-72.93582482054524
0.0021125,32.72990015837169,53.197890238778584,-16.931809428182817,-70.1296996669614
0.00211328125,31.601574892027095,53.2214550463091,-13.325473014209848,-66.54692806051895
0.0021140625,30.54052197006705,53.244939703290136,-9.018803641167175,-62.26374334445731
0.00211484375,29.557312107412457,53.268344174354226,-4.093885946018183,-57.36223012037241
0.002115625,28.661231270610386,53.29166842425466,1.3626167118302206,-51.92905171242444
0.00211640625,27.860166544624857,53.31491241786554,7.260742365291584,-46.05417005257396
0.0021171875,27.160553439669854,53.33807612018185,13.508501574011362,-39.82957454617049
0.00211796875,26.567372375055562,53.361159496319445,20.013123818406534,-33.34803567791291
0.00211875,26.084209693821546,53.384162511515186,26.682264348756366,-26.70189816275882
0.00211953125,25.713455002478426,53.40708513112695,33.4251578086477,-19.981927322479255
0.0021203125,25.456945153751146,53.429927320633695,40.15370631848444,-13.276221002149256
0.00212109375,25.318979632900664,53.45268904563548,46.78349203405018,-6.669197011585304
0.002121875,25.3412672753759,53.47537027185358,53.234723041449186,-0.24064723040439306
0.00212265625,25.642567983431924,0.405197840450673,59.18839059492513,58.783192754474456
0.0021234375,26.74279357318329,2.325466419806603e-05,64.3926510352993,64.3926277806351
0.00212421875,27.871454247785437,1.334629200653979e-09,68.5753542112032,68.57535420986858
0.002125,29.051455156463284,9.619919364264379e-14,71.72288424371274,71.72288424371264
0.00212578125,30.273322304681916,2.3942816155901162e-14,73.83644078068177,73.83644078068174
0.0021265625,31.528222005300815,2.4110592795268493e-14,74.93028159929007,74.93028159929004
0.00212734375,32.86743123201606,2.1932164129513564e-14,75.03106065541961,75.03106065541958
0.002128125,33.31468375445863,53.53403249423098,74.47047746027093,20.936444966039943
0.00212890625,33.71340044190899,53.67586638626733,73.46617862947284,19.790312243205502
0.0021296875,34.0435198211326,53.697747645957065,72.25057547278689,18.552827826829827
0.00213046875,34.34353731932162,53.71954115826029,70.84810687678258,17.12856571852229
0.00213125,34.6155908030175,53.741253769510536,69.28424411748323,15.542990347972694
0.00213203125,34.85871961878421,53.76288544740379,67.58549010446659,13.822604657062792
0.0021328125,35.071551498976845,53.78443615936319,65.77900395914097,11.99456779977777
0.00213359375,35.25287755454311,53.805905872933714,63.89223104864507,10.086325175711355
0.002134375,35.40182972928844,53.82729455578239,61.95254386739723,8.125249311614846
0.00213515625,35.517949720251714,53.84860217569824,59.986898041543434,6.138295865845194
0.0021359375,35.60122523851017,53.869828700592365,58.02150725709865,4.151678556506283
0.00213671875,35.652129572578666,53.89097409849802,56.08154050121423,2.190566402716206
0.0021375,35.6717155436691,53.9120383375706,54.19084459928367,0.278806261713072
0.00213828125,35.661932703164915,53.93302138608775,52.37169466542024,-1.5613267206675063
0.0021390625,35.6270708309741,53.953923212449375,50.64457508490913,-3.30934812754025
0.00213984375,35.58620756201264,53.97474378517771,49.02799881396574,-4.9467449712119675
0.002140625,35.56425881749799,16.012930716495376,47.40756382660308,31.394633110107705
0.00214140625,36.13449483941815,12.458627328080674,45.654957448800886,33.19633012072021
0.0021421875,36.67809041803733,12.526125609873185,43.56175160542812,31.035625995554938
0.00214296875,37.17101636347334,12.59381288704041,41.15837337855047,28.56456049151006
0.00214375,37.60834543614658,12.66148121008226,38.488451887044576,25.82697067696232
0.00214453125,38.15847193589684,0.32621094740325063,35.5486853505339,35.222474403130654
0.0021453125,38.677312551107526,1.8721536188016654e-05,32.34105014820864,32.34103142667245
0.00214609375,39.175028273844035,1.074445600398402e-09,28.851791055264652,28.851791054190205
0.002146875,39.61479199981996,6.16633879090764e-14,25.135351799986022,25.135351799985962
0.00214765625,39.99173669557419,3.538916634788508e-18,21.247852210594644,21.247852210594644
0.0021484375,40.3031934169739,2.0310157084540248e-22,17.245353394643594,17.245353394643594
0.00214921875,40.54767109660935,1.1656179655199825e-26,13.183148945697543,13.183148945697543
0.00215,40.724652296327264,6.689585097188327e-31,9.115094497824936,9.115094497824936
0.00215078125,40.834507904276904,3.839212340259436e-35,5.09298218555561,5.09298218555561
0.0021515625,40.878428053339945,2.2033580826702476e-39,1.1659660998265395,1.1659660998265395
0.00215234375,40.85833712761007,1.2645267857573738e-43,-2.6199560209585573,-2.6199560209585573
0.002153125,40.77674901857068,7.257231606947949e-48,-6.22240055509538,-6.22240055509538
0.00215390625,40.63637463742427,4.164989717109058e-52,-9.602991936123463,-9.602991936123463
0.0021546875,40.4378806790222,2.3903246145563743e-56,-12.72769131189607,-12.72769131189607
0.00215546875,40.0266380476795,1.371828540052184e-60,-15.567144221966368,-15.567144221966368
0.00215625,39.712645122336895,13.740727155940025,-17.968434850029393,-31.709162005969418
0.00215703125,39.156309834686056,13.808842215351117,-19.912073323339218,-33.720915538690335
0.0021578125,38.57468372387336,13.87615179672339,-21.35106904971645,-35.22722084643984
0.00215859375,37.96831671717411,13.943440435828208,-22.286363276421106,-36.229803712249314
0.002159375,37.31141106134628,14.010708076361144,-22.72526342336135,-36.735971499722496
0.00216015625,36.51970721288742,54.181145120596554,-22.49626415330262,-76.67740927389917
0.0021609375,35.2046990297076,54.50605613615527,-21.479931488533005,-75.98598762468828
0.00216171875,33.952241856633144,54.52460690383619,-19.541703328591126,-74.06631023242731
0.0021625,32.7472656625479,54.5430579808685,-16.74163259484159,-71.28469057571009
0.00216328125,31.59884945668466,54.56142691603242,-13.149185475162795,-67.71061239119521
0.0021640625,30.518150657683165,54.579713682673386,-8.841113088816876,-63.42082677149026
0.00216484375,29.515756112179027,54.59791825325192,-3.9001908486637973,-58.498109101915716
0.002165625,28.601095859876057,54.616040600352264,1.5860695143603678,-53.029971085991896
0.00216640625,27.782238972474495,54.63408069668249,7.526717026993694,-47.107363669688795
0.0021671875,27.065812577303234,54.65203851507454,13.828650711439998,-40.82338780363454
0.00216796875,26.456992429177127,54.66991402848427,20.397884929522085,-34.272029098962186
0.00216875,25.959576944612323,54.68770720999147,27.140775753679737,-27.546931456311736
0.00216953125,25.576244500263847,54.70541803279994,33.96519443178158,-20.740223601018354
0.0021703125,25.30947133489331,54.72304647023749,40.78163547164681,-13.941410998590687
0.00217109375,25.166548662890214,54.740592495756026,47.50425005047161,-7.236342445284414
0.002171875,25.259556732703345,54.75805608293154,54.05185210985977,-0.7062039730717672
0.00217265625,25.726891035020458,0.03610894151793148,59.98855042871509,59.952441487197156
0.0021734375,26.820313651599452,2.072324265569999e-06,65.1095631241909,65.10956105186663
0.00217421875,27.956611038198556,1.1894957233373863e-10,69.20217747028295,69.202177470164
0.002175,29.144815898914445,2.800843158414887e-14,72.25525092826719,72.25525092826716
0.00217578125,30.37324904791209,1.6041762258530183e-14,74.27135258139276,74.27135258139275
0.0021765625,31.630699242902484,2.0335457418658415e-14,75.26609295848361,75.2660929584836
0.00217734375,32.932571084461905,1.6608696322875817e-14,75.26742465710777,75.26742465710775
0.002178125,33.527336539275,53.48535096559554,74.52428614039795,21.038935174802397
0.00217890625,34.01206339769376,54.911433454420575,73.27613956148768,18.364706107067104
0.0021796875,34.320990525913125,54.92815211671726,71.84065211199592,16.912499995278665
0.00218046875,34.59322894829158,54.94470717831293,70.24780681142622,15.303099633113286
0.00218125,34.83400210188588,54.96117948953081,68.5242517894087,13.563072299877891
0.00218203125,35.04335712906099,54.97756903020535,66.69722986161622,11.71966083141087
0.0021828125,35.220598509899894,54.993875775654516,64.794212199677,9.80033642402249
0.00218359375,35.36510913766178,55.0100997013206,62.84254152752495,7.832441826204354
0.002184375,35.47658364376821,55.02624078277069,60.86909079811528,5.842850015344587
0.00218515625,35.55511727955132,55.04229899569661,58.899941298154836,3.8576423024582227
0.0021859375,35.60126313755892,55.05827431591497,56.960083551053685,1.9018092351387168
0.00218671875,35.61612718437501,55.07416671936723,55.07314394477718,-0.001022774590046538
0.0021875,35.6016649938726,55.08997618211973,53.26113962956001,-1.8288365525597159
0.00218828125,35.562019557705156,55.10570268036368,51.544264193572246,-3.5614384867914284
0.0021890625,35.51504819020994,55.121346190415274,49.94071137284312,-5.180634817572155
0.00218984375,35.484012942849766,19.970533403460962,48.34543355989129,28.37490015643033
0.002190625,35.99993504164763,16.683228068826406,46.6403599578595,29.957131889033093
0.00219140625,36.49021143179117,16.749355458247354,44.63307702877321,27.883721570525854
0.0021921875,36.93359086134416,16.81565008136795,42.352158494704945,25.536508413336996
0.00219296875,37.33196076619728,16.88191939146875,39.838217513264674,22.956298121795925
0.00219375,37.681344626125444,16.94816327770467,37.13320525803695,20.18504198033228
0.00219453125,37.95817408979032,17.01438164031298,34.279816414533926,17.265434774220946
0.0021953125,38.46632228827875,0.03808256753358948,31.227534036733434,31.189451469199845
0.00219609375,38.932006084003824,2.1855923962335387e-06,27.96476813309835,27.964765947505953
0.002196875,39.35677652398638,1.2543309004206794e-10,24.477191228388094,24.47719122826266
0.00219765625,39.72424746735846,7.198716514852087e-15,20.817812628256174,20.817812628256167
0.0021984375,40.03058146416627,4.131407385708525e-19,17.03983097751385,17.03983097751385
0.00219921875,40.27393347666471,2.3710514161061748e-23,13.19583716424841,13.19583716424841
0.0022,40.45359472416957,1.360767480173093e-27,9.337171437875503,9.337171437875503
0.00220078125,40.569799234348785,7.809565505490124e-32,5.5133222569147735,5.5133222569147735
0.0022015625,40.623659146394424,4.481979050291768e-36,1.771372543411701,1.771372543411701
0.00220234375,40.617168516041886,2.572247610079247e-40,-1.8445015491407277,-1.8445015491407277
0.002203125,40.55338189827671,1.4762357640042247e-44,-5.293475018275661,-5.293475018275661
0.00220390625,40.43760703832493,8.472248248519112e-49,-8.53845764450745,-8.53845764450745
0.0022046875,40.29599169155335,4.862298566039195e-53,-11.54640404566047,-11.54640404566047
0.00220546875,39.81169101058749,17.898702001379743,-14.190492751650435,-32.08919475303018
0.00220625,39.27559838724926,18.004524229115695,-16.389701314383522,-34.39422554349922
0.00220703125,38.69035282865165,18.070322973420783,-18.065715008919437,-36.13603798234022
0.0022078125,38.078161417895295,18.1360922087189,-19.21710194337922,-37.35319415209812
0.00220859375,37.448283132207536,18.201834131258146,-19.84925888160376,-38.051093012861905
0.002209375,36.805958121077744,18.267548642164147,-19.973951947996614,-38.24150059016076
0.00221015625,36.128981644756614,18.33323564247201,-19.608929499153767,-37.94216514162578
0.0022109375,35.340738368052676,55.2441209238647,-18.60763999274637,-73.85176091661107
0.00221171875,34.084699218568545,55.53879000753149,-16.87126890171882,-72.41005890925031
0.0022125,32.89937439276447,55.55194963217215,-14.28684317837407,-69.83879281054622
0.00221328125,31.770874180931614,55.565009445302785,-10.919813872844024,-66.48482331814681
0.0022140625,30.70731787224207,55.57798557760642,-6.843755960563506,-62.421741538169925
0.00221484375,29.718573047429345,55.59087801046814,-2.138310042766463,-57.7291880532346
0.002215625,28.813839405342506,55.60368672447222,3.1120666251387874,-52.49162009933343
0.00221640625,28.001130426938932,55.61641170032897,8.819361517922815,-46.79705018240615
0.0022171875,27.2871128913755,55.62905291887481,14.893263399530916,-40.735789519343896
0.00221796875,26.677076688845162,55.641610361072296,21.242398202543455,-34.39921215852884
0.00221875,26.175019706432433,55.65408400801012,27.775529380861602,-27.87855462714852
0.00221953125,25.783983591250134,55.66647384090324,34.4027090188566,-21.263764822046635
0.0022203125,25.507388881053057,55.67877984109275,41.036367530394756,-14.642412310697992
0.00222109375,25.357873746970984,55.69100199004605,47.59233465801517,-8.09866733203088
0.002221875,25.98080888299448,55.70314026935682,53.99113110777256,-1.7120091615842599
0.00222265625,26.12718769271917,0.0031968527256611957,59.637146648147215,59.63394979542156
0.0022234375,27.19455007294372,1.8347023259180464e-07,64.46479019688056,64.46479001341032
0.00222421875,28.310827137060812,1.0545528263266294e-11,68.28376193029796,68.28376193028741
0.002225,29.474095413608758,1.978506015308841e-14,71.08569380093176,71.08569380093175
0.00222578125,30.669624461272278,1.7882767202004286e-14,72.87544274450875,72.87544274450873
0.0022265625,31.87900981832309,2.6078250403351403e-14,73.67049943051005,73.67049943051002
0.00222734375,33.07302356404474,2.0738562816565368e-14,73.50026036820208,73.50026036820206
0.002228125,33.5876563362384,2.3058902313394385e-14,72.40482257984476,72.40482257984473
0.00222890625,34.65586146159277,55.805405422403545,70.95657079910144,15.151165376697893
0.0022296875,34.859230326593334,55.81990608929482,69.21196314167764,13.392057052382823
0.00223046875,35.05267093523473,55.831120807632054,67.36688587518967,11.535765067557612
0.00223125,35.21948229318977,55.842251261551326,65.44885525974777,9.606603998196444
0.00223203125,35.355690646979326,55.85329761803883,63.48521607837512,7.631918460336289
0.0022328125,35.45979376396432,55.86425986046952,61.50280581148637,5.638545951016848
0.00223359375,35.5312833522756,55.87513797233444,59.52763384397487,3.6524958716404288
0.002234375,35.57025322646987,55.88593193725136,57.5845844781992,1.698652540947839
0.00223515625,35.57722713685788,55.89664173896476,55.69714611341588,-0.1994956255488745
0.0022359375,35.553005912675225,55.90726736134587,53.887168875209206,-2.020098486136669
0.00223671875,35.49837208779643,55.917808788392705,52.17465254010272,-3.7431562482899867
0.0022375,35.41303633845704,55.92826600423005,50.57756585727469,-5.350700146955358
0.00223828125,35.288034383831125,55.93863899310955,49.11169467011341,-6.826944322996141
0.0022390625,35.94881998723288,31.131842013925983,47.71278785927147,16.58094584534549
0.00223984375,35.74273634293653,20.80857903621602,46.23852094479389,25.429941908577874
0.002240625,36.13068751149364,20.872520220398165,44.53086999048943,23.658349770091263
0.00224140625,36.49747743308895,20.93702610361892,42.591253597016234,21.654227493397315
0.0022421875,36.83216246779726,21.001500490269315,40.4542742772343,19.452773786964983
0.00224296875,37.13054692403865,21.065943249041503,38.15566711094438,17.08972386190288
0.00224375,37.390814371265286,21.130354282883836,35.73179791983537,14.601443636951538
0.00224453125,37.61613319829785,21.194733494794498,33.219179018906104,12.024445524111602
0.0022453125,38.05249841848927,21.25908078781956,30.654137884027687,9.395057096208127
0.00224609375,38.22446030781448,0.0012200775401971303,27.87292907080011,27.871708993259915
0.002246875,38.66744429583736,7.00213343629782e-08,24.910513416949566,24.910513346928234
0.00224765625,39.051508582053586,4.018586609814824e-12,21.749957320178208,21.74995732017419
0.0022484375,39.37965792581495,2.306302570138015e-16,18.439182943869437,18.439182943869437
0.00224921875,39.651002830327265,1.3236075420234169e-20,15.026115315707216,15.026115315707216
0.00225,39.86464752897978,7.596301317898765e-25,11.558073284393808,11.558073284393808
0.00225078125,40.020207296505525,4.359584837670079e-29,8.08119412550891,8.08119412550891
0.0022515625,40.11786323467057,2.5020044836899847e-33,4.63989571795471,4.63989571795471
0.00225234375,40.15819388463979,1.435922609491039e-37,1.2763817338784351,1.2763817338784351
0.002253125,40.14137170655482,8.240887471978787e-42,-1.969805857431419,-1.969805857431419
0.00225390625,40.06051477016355,4.7295185601881655e-46,-5.062186461454141,-5.062186461454141
0.0022546875,39.90598418109927,20.112770680856375,-7.8984289268290375,-28.011199607685413
0.00225546875,39.378501870966545,22.092536994410104,-10.37321564112657,-32.465752635536674
0.00225625,38.809831652573,22.156537221977143,-12.34372926815318,-34.50026649013032
0.00225703125,38.21766801405739,22.220394136590723,-13.798657834719105,-36.01905197130983
0.0022578125,37.60663491008686,22.28421758138242,-14.739218277998503,-37.023435859380925
0.00225859375,36.98393943562164,22.34800746654482,-15.173097877999112,-37.52110534454393
0.002259375,36.356589266206946,22.411763696011832,-15.114101128644116,-37.52586482465595
0.00226015625,35.729043700685885,22.47548617376775,-14.581733343268105,-37.057219517035854
0.0022609375,35.08109544959327,22.539174803847672,-13.600741060024475,-36.13991586387215
0.00226171875,34.34330413529947,55.95577718621179,-12.046863724041003,-68.0026409102528
0.0022625,33.19272455015446,56.21833041899819,-9.838731308694776,-66.05706172769297
0.00226328125,32.116594833545925,56.22601521326304,-6.881722904451323,-63.10773811771436
0.0022640625,31.1018965929939,56.23360070989783,-3.242220296633363,-59.47582100653119
0.00226484375,30.1554175319337,56.241101518907016,1.0066524517362865,-55.23444906717073
0.002265625,29.28540734125466,56.24851762983367,5.786950686406648,-50.46156694342702
0.00226640625,28.49938201361009,56.255849031509314,11.017087319113209,-45.238761712396105
0.0022671875,27.803629374044107,56.26309571289298,16.613011225526293,-39.650084487366684
0.00226796875,27.2029949842423,56.27025766307128,22.489370235875164,-33.78088742719611
0.00226875,26.700661621303535,56.27733487125846,28.56064443078623,-27.71669044047223
0.00226953125,26.29759959721511,56.284327326796394,34.74223636056942,-21.542090966226976
0.0022703125,25.990107440051567,56.29123501915454,40.951505094119504,-15.339729925035037
0.00227109375,25.745479875612705,56.29805793793006,47.108720622522206,-9.189337315407855
0.002271875,26.31668684826358,1.4457462765440316,52.92308943855942,51.477343162015394
0.00227265625,27.072874790751953,8.297266372393529e-05,58.129027867128805,58.12894489446508
0.0022734375,28.062864652726372,4.761894665664656e-09,62.39583846421878,62.39583845945688
0.00227421875,29.125511924804677,2.9314347117425593e-13,65.7024692770882,65.7024692770879
0.002275,30.237444086560192,2.5491984546904527e-14,68.04511844738154,68.04511844738151
0.00227578125,31.38148231825881,2.044636039849849e-14,69.43235638542369,69.43235638542367
0.0022765625,32.54306448413153,1.7990572927458426e-14,69.88452391681733,69.88452391681732
0.00227734375,33.713559706062505,1.928148517196152e-14,69.43300931420234,69.43300931420232
0.002278125,34.94893597418522,2.3498353263805078e-14,68.11944899463573,68.1194489946357
0.00227890625,35.22633219759142,56.23566267715569,66.30309516432715,10.067432487171462
0.0022796875,35.434981433895025,56.367504911675,64.22041795226855,7.852913040593544
0.00228046875,35.557109369644074,56.37331701104637,62.12049460245863,5.747177591412262
0.00228125,35.6364715233679,56.37903698511146,60.0310844635564,3.6520474784449335
0.00228203125,35.678648304251226,56.38467205295092,57.97832729623919,1.5936552432882778
0.0022828125,35.68592642662618,56.39022220649325,55.98685769114685,-0.40336451534639367
0.00228359375,35.66005974864675,56.395687437380005,54.079554078272764,-2.316133359107242
0.002284375,35.60279950170597,56.40106773738068,52.277318761759865,-4.123748975620813
0.00228515625,35.51596535090421,56.40636309839263,50.59889148376282,-5.807471614629809
0.0022859375,35.401253656336955,56.41157351244114,49.06069764429344,-7.350875868147693
0.00228671875,35.259316308132064,56.416698971679416,47.67673142702968,-8.739967544649733
0.0022875,35.082926578950676,56.42173946838861,46.458470665453135,-9.963268802935477
0.00228828125,35.61563404983888,34.094792360227984,45.34487556743339,11.250083207205405
0.0022890625,35.37088129229303,24.80915417357904,44.204262492073696,19.39510831849466
0.00228984375,35.66384235340819,24.87098696140872,42.890472392559545,18.019485431150827
0.002290625,35.941380276315606,24.933318755792428,41.40054818481672,16.467229429024293
0.00229140625,36.19395105330557,24.995613031836687,39.76114962115197,14.765536589315282
0.0022921875,36.41776673544206,25.057869664941236,37.99977660271133,12.941906937770092
0.00229296875,36.61033797563114,25.12008856134691,36.14438340369698,11.024294842350068
0.00229375,36.76955372080569,25.1822696273532,34.22300581662203,9.040736189268827
0.00229453125,36.89238697149184,25.24441276931652,32.26340178673701,7.018989017420494
0.0022953125,36.96385236299077,25.306517893650422,30.292703677448632,4.986185783798209
0.00229609375,37.32407255018344,0.6508243399451914,28.24029311706422,27.589468777119027
0.002296875,37.69102038490328,3.7351387282732666e-05,26.043251407394493,26.04321405600721
0.00229765625,38.08971590157239,2.1436293118081192e-09,23.605249435793873,23.605249433650243
0.0022984375,38.45105991589369,1.2302479133264375e-13,20.964838785806233,20.96483878580611
0.00229921875,38.76868450367956,7.06050211156812e-18,18.163517092359406,18.163517092359406
0.0023,39.03954924764713,4.052084911297903e-22,15.243175803968777,15.243175803968777
0.00230078125,39.26194557772624,2.3255275430717804e-26,12.245552452666084,12.245552452666084
0.0023015625,39.435246028084194,1.3346409248500269e-30,9.211707649630767,9.211707649630767
0.00230234375,39.56028576530375,7.659622882520959e-35,6.181531795180567,6.181531795180567
0.002303125,39.642381876154126,4.395925646370493e-39,3.1932878520784445,3.1932878520784445
0.00230390625,39.78873323093475,2.522860796778263e-43,0.2832518488772195,0.2832518488772195
0.0023046875,39.2062362831891,26.04372323474819,-2.310664244418671,-28.35438747916686
0.00230546875,38.72932046369712,26.11038213848368,-4.51978852290679,-30.63017066139047
0.00230625,38.2071185971732,26.17194551194383,-6.252934841454998,-32.42488035339883
0.00230703125,37.65718128468426,26.233469180746706,-7.506229513352789,-33.739698694099495
0.0023078125,37.08903045618084,26.29495334240243,-8.282053678290204,-34.57700702069263
0.00230859375,36.51087192061954,26.35639790433363,-8.588746754224285,-34.945144658557915
0.002309375,35.930233866768795,26.417802774005906,-8.440263863866186,-34.85806663787209
0.00231015625,35.353735458494725,26.47916785894465,-7.8557761707673635,-34.33494402971201
0.0023109375,34.78541447358435,26.54049306673511,-6.859221862613666,-33.399714929348775
0.00231171875,34.207187627072614,26.601778305022666,-5.478825830834868,-32.080604135857534
0.0023125,33.55711491486252,56.311588199794144,-3.609915714671942,-59.921503914466086
0.00231328125,32.54775296645503,56.54035590029936,-1.1855092789121926,-57.72586517921155
0.0023140625,31.611853489334834,56.54251699349683,1.873667346313006,-54.668849647183826
0.00231484375,30.737274646983714,56.544579934417726,5.504316276587929,-51.0402636578298
0.002315625,29.929398413192672,56.546557719477036,9.637762573004991,-46.908795146472045
0.00231640625,29.194820998274693,56.54845034644229,14.201684669265106,-42.34676567717718
0.0023171875,28.53938269127208,56.55025781246327,19.121174764098292,-37.42908304836498
0.00231796875,27.967662926609474,56.551980114817965,24.319790619250377,-32.23218949556759
0.00231875,27.482564921936667,56.55361725091262,29.720585078090345,-26.83303217282228
0.00231953125,27.084179833832668,56.555169218281755,35.247100653137416,-21.30806856514434
0.0023203125,26.763082412807048,56.55663601458811,40.82431492836182,-15.732321086226287
0.00232109375,26.28840010263536,56.558017637622726,46.379402048079484,-10.178615589543243
0.002321875,27.386238965649262,0.011002288798851938,51.399320730601254,51.388318441802404
0.00232265625,28.243737299612647,6.314311445900734e-07,55.737638516216485,55.73763788478534
0.0023234375,29.190933699974465,3.625176231289149e-11,59.19736574288985,59.1973657428536
0.00232421875,30.19198514362631,1.1061212084697337e-14,61.769482999856216,61.7694829998562
0.002325,31.22830094124572,1.7002188091794986e-14,63.4566194574893,63.45661945748929
0.00232578125,32.28368019406705,7.503411674322865e-15,64.27251765653112,64.27251765653111
0.0023265625,33.34221139039945,9.680480350265022e-15,64.2414169580557,64.24141695805568
0.00232734375,34.3860083181655,1.0888926638348994e-14,63.39732819911956,63.39732819911955
0.002328125,35.37825400633967,1.1016941492850748e-14,61.783204026314095,61.78320402631408
0.00232890625,36.275125277258496,51.643647469774514,59.6278648068635,7.984217337088983
0.0023296875,36.28850888286393,56.56731098758175,57.18342276564054,0.6161117780587958
0.00233046875,36.25174685461949,56.56795295365745,54.81396340895471,-1.7539895447027427
0.00233125,36.19040986575617,56.56822719772525,52.560790518436036,-4.007436679289213
0.00233203125,36.09699548310547,56.56841623485047,50.447844963511535,-6.120571271338933
0.0023328125,35.97170804547277,56.568520080962216,48.49634201452074,-8.072178066441472
0.00233359375,35.81648259140372,56.56853873590503,46.72460834932093,-9.843930386584098
0.002334375,35.633863920935575,56.56847219965082,45.147963849929006,-11.420508349721814
0.00233515625,35.42648784315889,56.5683204722998,43.7786465092134,-12.7896739630864
0.0023359375,35.19613052302668,56.56808355408046,42.62577909432142,-13.942304459759038
0.00233671875,34.93760867873979,56.567761445349575,41.69537337687462,-14.872388068474956
0.0023375,35.308427251724176,36.854051336545005,40.92862460070381,4.07457326415881
0.00233828125,34.99733325324877,28.661512816516954,40.20371121011522,11.54219839359827
0.0023390625,35.166257846671044,28.720867802451778,39.38545102054058,10.664583218088799
0.00233984375,35.32780930586504,28.780653121258045,38.46460206174095,9.683948940482907
0.002340625,35.474374823233305,28.840395124100354,37.45766057175305,8.617265447652695
0.00234140625,35.60333338695803,28.900093693830378,36.381562465886574,7.481468772056194
0.0023421875,35.713160560371136,28.959748740541585,35.25344783102928,6.293699090487694
0.00234296875,35.80277558014402,29.019360174394528,34.090435226540386,5.07107505214586
0.00234375,35.87123188116891,29.07892790561551,32.909405391633115,3.8304774860176067
0.00234453125,35.91709036170114,29.138451844496586,31.726796346980187,2.5883445024836007
0.0023453125,35.934919468511765,29.19793190139579,30.558410439200138,1.360478537804349
0.00234609375,35.805572936832306,29.257367986737208,29.419170752933947,0.16180276619674033
0.002346875,36.424218794689466,0.0056928934924556545,28.09334713523258,28.087654241740125
0.00234765625,36.8547535037523,3.2672021703116816e-07,26.551561815851393,26.551561489131178
0.0023484375,37.2710088522035,1.8750763624570855e-11,24.73447340876279,24.734473408744037
0.00234921875,37.65794368782681,1.0761229889578243e-15,22.676017674268397,22.676017674268397
0.00235,38.0101649177822,6.175965472926306e-20,20.411863699619147,20.411863699619147
0.00235078125,38.32432525328423,3.5444414731551414e-24,17.978872665918725,17.978872665918725
0.0023515625,38.59848294932729,2.0341864622940545e-28,15.414583018228285,15.414583018228285
0.00235234375,38.833198426657724,1.1674376893285163e-32,12.756708509646844,12.756708509646844
0.002353125,39.04437496774804,6.700028653851537e-37,10.04266134411978,10.04266134411978
0.00235390625,38.83129421457835,29.083379903629726,7.422995543500704,-21.660384360129022
0.0023546875,38.526486701216825,29.908193294227175,5.036468898916226,-24.87172439531095
0.00235546875,38.102244739596856,29.96713871197598,3.057740372557191,-26.90939833941879
0.00235625,37.64251920844802,30.02599504849678,1.4987001259864243,-28.527294922510357
0.00235703125,37.15836256227712,30.084806163889287,0.36319778618248577,-29.7216083777068
0.0023578125,36.65776727723436,30.143571972107246,-0.3504402128155597,-30.494012184922806
0.00235859375,36.14796481324486,30.202292384650573,-0.6491688121338015,-30.851461196784374
0.002359375,35.635750379171945,30.2609673130874,-0.5449263345167843,-30.805893647604183
0.00236015625,35.1274400919308,30.319596669054306,-0.05428536189984001,-30.373882030954146
0.0023609375,34.628547557699584,30.378180364256618,0.8019410933700613,-29.576239270886557
0.00236171875,34.14229927968779,30.436718310468258,1.9991308018172091,-28.43758750865105
0.0023625,33.65265044248422,30.495210419532185,3.509304894718923,-26.985905524813262
0.00236328125,33.10546204046978,56.309291219547546,5.420332144012008,-50.88895907553554
0.0023640625,32.25060788263658,56.50281856213268,7.787696674186009,-48.71512188794667
0.00236484375,31.463653053120186,56.49944221100364,10.677965529151592,-45.82147668185205
0.002365625,30.733511790153013,56.49596947714124,14.03426725089988,-42.46170222624136
0.00236640625,30.064260073208988,56.49241166072154,17.795519225514887,-38.69689243520665
0.0023671875,29.460926764649056,56.48876876775077,21.897930791737082,-34.59083797601369
0.00236796875,28.927659083476374,56.48504080371512,26.275918301801795,-30.209122501913328
0.00236875,28.466838136187455,56.48122777422883,30.863007006844267,-25.61822076738456
0.00236953125,28.076494523891114,56.47732968503425,35.59270734598732,-20.88462233904693
0.0023703125,27.725838605986183,56.47334654200182,40.39934282565366,-16.074003716348155
0.00237109375,28.172255674765236,1.4500739590111973,45.00335211423897,43.55327815522777
0.002371875,28.785367851531607,8.322103324801611e-05,49.14825010989259,49.148166888859336
0.00237265625,29.616592065403132,4.7761300707317924e-09,52.509973604223156,52.50997359944702
0.0023734375,30.506881639636873,2.785368640044401e-13,55.07273911231515,55.07273911231487
0.00237421875,31.435325799497356,7.003758226864064e-15,56.83577337745454,56.83577337745453
0.002375,32.38695583646902,7.114478313793406e-15,57.80847325315398,57.80847325315397
0.00237578125,33.34843849701044,6.2810932634563135e-15,58.009880350137514,58.00988035013751
0.0023765625,34.30760969681199,1.1444218463245476e-15,57.46805656334872,57.46805656334872
0.00237734375,35.2541406154792,4.324321396365991e-15,56.219370719138745,56.21937071913874
0.002378125,36.18354902258567,4.36935616646233e-15,54.307710339578136,54.30771033957813
0.00237890625,37.15607263995786,1.8423010961322207e-15,51.78366413254563,51.78366413254563
0.0023796875,37.15205225008388,56.2928138458425,49.01223843826142,-7.280575407581084
0.00238046875,37.066049369767335,56.41382145030587,46.23200379161,-10.18181765869587
0.00238125,36.88458633425668,56.40865547840717,43.69077155139034,-12.717883927016832
0.00238203125,36.65564790489551,56.403397319754895,41.411584574485794,-14.9918127452691
0.0023828125,36.38885289019057,56.39805421819027,39.412864869554355,-16.985189348635917
0.00238359375,36.09028028154013,56.39262618217522,37.708745363670616,-18.6838808185046
0.002384375,35.7650355725889,56.387113219884256,36.30906241846827,-20.078050801415984
0.00238515625,35.41707948376091,56.38151533961983,35.21940158529061,-21.16211375432922
0.0023859375,35.04416253180272,56.375832549812245,34.44119238337552,-21.934640166436722
0.00238671875,35.2145678000329,39.39313439488237,33.918674174354955,-5.474460220527413
0.0023875,34.80086669612845,32.34263994850277,33.54062365236141,1.1979837038586376
0.00238828125,34.80544566596112,32.39916253004888,33.18321982887536,0.7840572988264732
0.0023890625,34.81016925236451,32.456044199860585,32.83015863501302,0.37411443515243903
0.00238984375,34.80995713915545,32.51287701486491,32.486459461366174,-0.026417553498737336
0.002390625,34.8038695373232,32.569660866065405,32.15682649151846,-0.4128343745469465
0.00239140625,34.791754974030475,32.62639566794522,31.84559866840737,-0.7807969995378485
0.0023921875,34.77371028032941,32.6830813350628,31.556708910556118,-1.1263724245066855
0.00239296875,34.749902450761994,32.73971778205053,31.29365028377791,-1.4460674982726234
0.00239375,34.72041785463604,32.796304923614954,31.059449099820892,-1.736855823794062
0.00239453125,34.684918899715534,32.85284267453687,30.8566448760161,-1.996197798520771
0.0023953125,34.64117397772597,32.90933094967143,30.687276555209042,-2.222054394462387
0.00239609375,34.57075485712147,32.96576966394832,30.552867524441517,-2.412902139506807
0.002396875,34.91685091201797,0.8474097410142575,30.328412675594894,29.481002934580637
0.00239765625,35.312079240609364,4.8633598163291285e-05,29.900175973789516,29.900127340191354
0.0023984375,35.78822009491667,2.7911254211894827e-09,29.11246557261401,29.112465569822884
0.00239921875,36.254126614839286,1.601851685053885e-13,27.98704288048951,27.98704288048935
0.0024,36.699750643377186,9.193169183405809e-18,26.551573782999437,26.551573782999437
0.00240078125,37.11866321856883,5.276041497679556e-22,24.83655744962881,24.83655744962881
0.0024015625,37.50489794140682,3.027967105781475e-26,22.874825441587717,22.874825441587717
0.00240234375,37.84946052251764,1.737777232746759e-30,20.70103085279684,20.70103085279684
0.002403125,38.07912023343848,9.973257981855117e-35,18.351098105128496,18.351098105128496
0.00240390625,38.104047713666695,33.505332833751524,16.082136791726636,-17.423196042024887
0.0024046875,37.76524239026069,33.58329898208443,14.014233216180546,-19.569065765903883
0.00240546875,37.414357958869026,33.639137624967596,12.276468681116626,-21.36266894385097
0.00240625,37.04124864065247,33.69492434090284,10.878527572944993,-22.816396767957844
0.00240703125,36.649014626907274,33.75066031281823,9.82534513252764,-23.925315180290593
0.0024078125,36.24258009221399,33.806345456849144,9.11729142062546,-24.689054036223684
0.00240859375,35.82728083936174,33.86197968913477,8.750347122221271,-25.1116325669135
0.002409375,35.40848373303138,33.91756292589092,8.716328544010096,-25.201234381880823
0.00241015625,34.991399965777,33.97309508341028,9.003156562107783,-24.969938521302495
0.0024109375,34.58091455466815,34.0285760780624,9.595164268736522,-24.43341180932588
0.00241171875,34.181267505767565,34.08400582629389,10.473437782750779,-23.61056804354311
0.0024125,33.79478742329887,34.13938424462863,11.616184089081258,-22.52320015554737
0.00241328125,33.407577819105725,34.19471124966765,12.99911251939475,-21.1955987302729
0.0024140625,32.973733488156846,55.94890085289144,14.695863590221819,-41.25303726266962
0.00241484375,32.282218093151606,56.105957119499706,16.75303992517899,-39.35291719432072
0.002415625,31.649324806304953,56.097064795616305,19.226852121108934,-36.87021267450737
0.00241640625,31.065580801420154,56.08807847147924,22.069767427434464,-34.01831104404478
0.0024171875,30.53455287016741,56.079007679163325,25.23098815180059,-30.848019527362734
0.00241796875,30.06126596561676,56.06985243287528,28.657698748756342,-27.412153684118937
0.00241875,29.652118502091827,56.06061274640277,32.29581544300614,-23.764797303396627
0.00241953125,29.323443878282763,56.051288633660604,36.09072744865303,-19.960561185007574
0.0024203125,29.72864018702344,56.04188010869072,39.9883719307918,-16.053508177898916
0.00242109375,29.61549307348405,0.003216293306074062,43.41120896515238,43.40799267184631
0.002421875,30.394882663081287,1.8458593345675802e-07,46.310553298794694,46.31055311420876
0.00242265625,31.194670948502473,1.0598563238109455e-11,48.50785804776619,48.50785804775559
0.0024234375,32.01855541019826,3.932571430267122e-15,50.00313805407155,50.00313805407154
0.00242421875,32.85796134459959,5.138017800522965e-15,50.80530813627376,50.80530813627375
0.002425,33.70245645979457,6.925595487001833e-15,50.93171286157391,50.9317128615739
0.00242578125,34.541306226538914,4.1376126277198584e-15,50.407572870017056,50.40757287001705
0.0024265625,35.363848694042005,5.020598233407714e-15,49.265352723989075,49.26535272398907
0.00242734375,36.15939319174634,6.669318135910584e-15,47.54406176759818,47.54406176759817
0.002428125,36.91605353557282,3.827580951061654e-19,45.288499133516375,45.288499133516375
0.00242890625,37.61202722104426,-1.3651932995177054e-16,42.54845060640619,42.54845060640619
0.0024296875,37.5898056328471,1.5806583014446197e-15,39.37749853556898,39.37749853556898
0.00243046875,38.09347714359499,55.90868495553918,36.355755821150204,-19.552929134388975
0.00243125,37.70979728569797,55.90130545691811,33.53956744300237,-22.36173801391574
0.00243203125,37.30379527408391,55.890632704139605,31.1185649917649,-24.772067712374707
0.0024328125,36.8666615393441,55.87987559690707,29.107613012467404,-26.772262584439666
0.00243359375,36.40186603038887,55.869034335581176,27.515784845881335,-28.35324948969984
0.002434375,35.91421625628531,55.85810893649925,26.34648109127845,-29.5116278452208
0.00243515625,35.40399192013888,55.84709941611474,25.597608185081402,-30.249491231033335
0.0024359375,35.346817735881764,41.696872376818696,25.217531330934257,-16.47934104588444
0.00243671875,34.80596823839781,35.83054353565991,25.10672250805922,-10.723821027600692
0.0024375,34.61853924284681,35.8838960318615,25.153585201678126,-10.73031083018337
0.00243828125,34.43844850389052,35.937534226433975,25.334675846873083,-10.602858379560892
0.0024390625,34.26350939795369,35.9911183192273,25.643047903764224,-10.348070415463074
0.00243984375,34.09481641901921,36.04464821004802,26.0704194279715,-9.974228782076517
0.002440625,33.933943334166614,36.09812381827989,26.60732861437327,-9.490795203906618
0.00244140625,33.78249877353476,36.151545063389676,27.243300322951683,-8.908244740437992
0.0024421875,33.6420117387482,36.20491186492595,27.967019012914914,-8.237892852011033
0.00244296875,33.51391045823304,36.25822414251924,28.766505514422555,-7.491718628096684
0.00244375,33.39957119027604,36.311481815882246,29.629295235136002,-6.682186580746244
0.00244453125,33.30052366783606,36.364684804809855,30.542615541415966,-5.822069263393889
0.0024453125,33.21930417862007,36.41783302917932,31.493560405712998,-4.924272623466324
0.00244609375,33.165222869160914,36.47092640895042,32.46926289372233,-4.0016635152280875
0.002446875,33.563237460218375,36.52396486416542,33.457292629137484,-3.0666722350279403
0.00244765625,33.59714877170281,0.0020961428038435833,34.10349584842486,34.10139970562102
0.0024484375,34.18652126814197,1.2029949843742517e-07,34.39776555582234,34.39776543552284
0.00244921875,34.7632655360819,6.904095130236164e-12,34.2443848020938,34.24438480208689
0.00245,35.33048735203738,3.962321554660918e-16,33.66306524133307,33.66306524133307
0.00245078125,35.88403018300811,2.274011554935436e-20,32.67816210488626,32.67816210488626
0.0024515625,36.42031789519978,1.3050754414156595e-24,31.318179281673466,31.318179281673466
0.00245234375,36.9453118869516,7.48994394548992e-29,29.615248873473536,29.615248873473536
0.002453125,36.589726206735484,26.048233061029606,27.68617723945752,1.6379441784279152
0.00245390625,37.08515575520942,36.99820075517753,25.730320745515968,-11.26788000966156
0.0024546875,36.89669913848498,37.05131099844566,23.96319901105001,-13.08811198739565
0.00245546875,36.66945964388456,37.103740065973184,22.432176037833266,-14.671564028139919
0.00245625,36.41544853914124,37.15611322004776,21.147955695861658,-16.0081575241861
0.00245703125,36.14055771419617,37.208430417685236,20.117683137441677,-17.09074728024356
0.0024578125,35.84962490208214,37.260691580098964,19.344999962994898,-17.915691617104066
0.00245859375,35.547169825443426,37.31289662858455,18.83013755195017,-18.482759076634377
0.002459375,35.23754096921723,37.365045484522156,18.57004959678829,-18.794995887733865
0.00246015625,34.924923506597025,37.417138069376506,18.5585808425701,-18.858557226806404
0.0024609375,34.613295511674366,37.46917430469713,18.78666850184619,-18.682505802850937
0.00246171875,34.30633423144587,37.5211541121184,19.242572493674427,-18.278581618443976
0.0024625,34.00717826921598,37.57307741335967,19.912130384709613,-17.660947028650057
0.00246328125,33.717412777068475,37.62494413022539,20.779032424399013,-16.845911705826374
0.0024640625,33.42551687756241,37.676754184605194,21.825106216933968,-15.851647967671225
0.00246484375,33.094197018017454,55.232708966834466,23.11131211580434,-32.12139685103013
0.002465625,32.55282602253699,55.35229537362134,24.676816782267757,-30.67547859135358
0.00246640625,32.056155706389745,55.33794362684068,26.568573044064724,-28.76937058277596
0.0024671875,31.59557339581808,55.323500860071434,28.749852208207127,-26.573648651864307
0.00246796875,31.171746308157214,55.308974776668805,31.181330808769868,-24.127643967898937
0.00246875,30.781121350131162,55.294365398949694,33.822071654431795,-21.472293744517902
0.00246953125,30.357198150901596,55.27967274891558,36.63006973823844,-18.64960301067714
0.0024703125,30.891615359768704,0.1235375118856837,39.26050878144511,39.136971269559425
0.00247109375,31.50111605610946,7.089927603204726e-06,41.49730185981699,41.49729476988939
0.002471875,32.19234386887426,4.0690430904080956e-10,43.11974320546317,43.11974320505627
0.00247265625,32.91218814795431,2.8358462316715818e-14,44.13127562937875,44.13127562937872
0.0024734375,33.6455672631227,4.999597355827894e-15,44.54332423508543,44.54332423508542
0.00247421875,34.38131308392757,1.2456833328785222e-17,44.374460673086624,44.374460673086624
0.002475,35.10954684781196,-3.5280444204470298e-15,43.64988262845433,43.64988262845433
0.00247578125,35.82122917466075,5.320602949270906e-15,42.40083115983623,42.40083115983622
0.0024765625,36.50813928222575,5.38169373289313e-16,40.66395480815146,40.66395480815146
0.00247734375,37.163053653407715,-5.402898818643355e-15,38.48063053139088,38.48063053139089
0.002478125,37.780315465654176,5.00885522814203e-15,35.89625191204672,35.896251912046715
0.00247890625,38.358301405853545,5.421992902033687e-15,32.95949590139443,32.959495901394426
0.0024796875,38.92329609141515,-1.3567718296226476e-15,29.721590560864815,29.721590560864815
0.00248046875,38.73285694396166,53.65111039643271,26.445705497018135,-27.205404899414578
0.00248125,38.39774395136327,55.04922450662758,23.37579887434486,-31.673425632282722
0.00248203125,37.86374459342169,55.03328374774527,20.824997249087048,-34.208286498658225
0.0024828125,37.28164554374028,55.01717896062441,18.80897871576814,-36.20820024485627
0.00248359375,36.66696573097163,55.00099131396911,17.331867670019193,-37.669123643949916
0.002484375,36.02553426443236,54.98472083681462,16.390787691232205,-38.59393314558241
0.00248515625,35.73884769142215,43.75150213809806,15.941041086519007,-27.810461051579054
0.0024859375,35.067281701670495,39.10438591302949,15.897645360900839,-23.20674055212865
0.00248671875,34.67820548050803,39.15424958186497,16.16388507056883,-22.990364511296136
0.0024875,34.300111375713435,39.20432385233846,16.71102675665871,-22.49329709567975
0.00248828125,33.93411305108686,39.25433909727943,17.521618137514558,-21.73272095976487
0.0024890625,33.58368381147035,39.30429522589603,18.575562027128864,-20.728733198767163
0.00248984375,33.252419616904,39.35419216295432,19.850474113641535,-19.503718049312784
0.002490625,32.94367048098345,39.40402983331041,21.32205726838696,-18.08197256492345
0.00249140625,32.66043255116051,39.453808161909734,22.964485377041175,-16.48932278486856
0.0024921875,32.405310027768806,39.50352707378695,24.750791349244352,-14.752735724542598
0.00249296875,32.1805146786651,39.553186494066296,26.653254206560614,-12.899932287505681
0.00249375,31.987914423927084,39.602786347961604,28.643780387513942,-10.959005960447662
0.00249453125,31.82920491864226,39.65232656077637,30.694274713084717,-8.958051847691658
0.0024953125,31.70655176155343,39.70180705790396,32.776996938563514,-6.924810119340453
0.00249609375,31.62620334730068,39.751227764827604,34.8649015106998,-4.886326254127801
0.002496875,31.67113577461023,39.80058860712063,36.931998693545374,-2.868589913575255
0.00249765625,31.944241497160377,0.02625162778635287,38.6916330032883,38.66538137550195
0.0024984375,32.631048545922184,1.506604249516524e-06,40.02206475687925,40.022063250275004
0.00249921875,33.310239475477836,8.646535685841365e-11,40.792498013153704,40.79249801306724
0.0025,33.9908789163396,4.962323675279681e-15,41.01532912331013,41.015329123310124
0.00250078125,34.66600293959757,2.847921659372078e-19,40.70947031878927,40.70947031878927
0.0025015625,35.32398280046891,1.6344475509174612e-23,39.89978101161842,39.89978101161842
0.00250234375,35.92401189698053,9.380239754520122e-28,38.616500958506656,38.616500958506656
0.002503125,36.36665596810018,39.88900484486144,37.07846531328604,-2.810539531575404
0.00250390625,36.25093689542262,40.242112579272,35.46303175973142,-4.779080819540584
0.0025046875,36.1449931466631,40.290888165096774,33.97150567769137,-6.3193824874054085
0.00250546875,36.021524159039934,40.339585611157744,32.61935544950296,-7.720230161654783
0.00250625,35.878509983036956,40.38822230552962,31.41880135806635,-8.969420947463266
0.00250703125,35.71737359452521,40.43679817596855,30.379658160945315,-10.057140015023233
0.0025078125,35.540417840566526,40.48531314932021,29.509304895042433,-10.976008254277781
0.00250859375,35.35028627111459,40.53376715252192,28.81268776299344,-11.721079389528477
0.002509375,35.14977688090627,40.58216011260281,28.292353927816897,-12.28980618478591
0.00251015625,34.94174745122808,40.630491956684,27.94851442120299,-12.681977535481007
0.0025109375,34.72904940204802,40.678762611978584,27.779134178219437,-12.899628433759148
0.00251171875,34.514466521947995,40.72697200579182,27.78004696712661,-12.946925038665213
0.0025125,34.30063416734168,40.775120065521236,27.945092754545584,-12.830027310975652
0.00251328125,34.08986009002876,40.82320671865673,28.2662748252604,-12.556931893396328
0.0025140625,33.883369084088926,40.87123189278066,28.73393358234732,-12.137298310433346
0.00251484375,33.672614493434494,40.91919551556802,29.336929509497793,-11.582266006070226
0.002515625,33.4298900608047,54.16527011307213,30.123690452089125,-24.041579660983007
0.00251640625,33.02722278505481,54.246626162072744,31.125973462443923,-23.12065269962882
0.0025171875,32.658394798722135,54.22690626091369,32.38119775450203,-21.845708506411654
0.00251796875,32.32131481985274,54.20709889886369,33.86345356837876,-20.34364533048493
0.00251875,32.04061151823332,54.18720990156974,35.5447051760344,-18.642504725535343
0.00251953125,31.84895653018611,4.715063306952888,37.22523898003628,32.510175673083396
0.0025203125,32.492414329130234,0.00027060167365077083,38.68895962510429,38.68868902343064
0.00252109375,33.16481927875317,1.5530075694193e-08,39.61785944029509,39.617859424765015
0.002521875,33.834288875725036,8.913731967805829e-13,40.007752230745275,40.00775223074439
0.00252265625,34.50126066498646,-3.4811657869151327e-15,39.87509485776146,39.87509485776146
0.0025234375,35.159475756102026,5.167647589701126e-15,39.24231104666852,39.24231104666851
0.00252421875,35.801725833452245,7.0630909745588106e-15,38.13727251864541,38.1372725186454
0.002525,36.42090831154635,-4.570441895540359e-15,36.592730011067744,36.59273001106775
0.00252578125,37.0103765555008,6.92601274503003e-15,34.64570467433664,34.645704674336635
0.0025265625,37.56412734512457,5.046536180793397e-15,32.33684942060451,32.3368494206045
0.00252734375,38.07696806921766,9.237115375206507e-16,29.709789590681353,29.709789590681353
0.002528125,38.544786213910456,1.528962423984237e-15,26.810452190645123,26.810452190645123
0.00252890625,38.965317428871266,-4.0914946919851333e-16,23.686392899859666,23.686392899859666
0.0025296875,39.34196215313672,4.706109942977285e-16,20.386131063773522,20.386131063773522
0.00253046875,39.73994066576925,4.877262596280964e-15,16.95853200743535,16.958532007435345
0.00253125,39.19352660159305,53.73750655560707,13.746800348049888,-39.99070620755718
0.00253203125,38.564520809061605,53.83662939592875,10.967816341831501,-42.86881305409725
0.0025328125,37.847932122000906,53.81528312058498,8.842064769379995,-44.973218351204984
0.00253359375,37.09929702981411,53.79384889122084,7.37066009544548,-46.42318879577536
0.002534375,36.469944145126924,53.77233364889592,6.546088315104356,-47.22624533379157
0.00253515625,35.71022919309561,42.14508046273882,6.244096458715568,-35.90098400402325
0.0025359375,35.12452624852254,42.190685244061534,6.44304359578657,-35.747641648274964
0.00253671875,34.54125847369084,42.23689640631024,7.087244159886424,-35.14965224642381
0.0025375,33.970913406154224,42.28304399900353,8.15144564659284,-34.13159835241069
0.00253828125,33.42089002205816,42.329127914198914,9.606074400263324,-32.72305351393559
0.0025390625,32.89760470021198,42.375148082492636,11.417781146127382,-30.957366936365254
0.00253984375,32.40675534607513,42.42110443457914,13.550013704188778,-28.871090730390364
0.002540625,31.953360446759106,42.466996901249026,15.96360744124932,-26.503389459999706
0.00254140625,31.541756926554424,42.51282541338904,18.61738537058481,-23.89544004280423
0.0025421875,31.175596675877184,42.55858990198227,21.468759932062312,-21.08982996991996
0.00254296875,30.857858832662664,42.60429029810825,24.474328768706403,-18.12996152940185
0.00254375,30.59089985149044,42.64992653294298,27.59045720059916,-15.059469332343816
0.00254453125,30.37660306493946,42.695498537759114,30.77384058035701,-11.921657957402104
0.0025453125,30.216878518851544,42.741006243926066,33.98204035802434,-8.758965885901725
0.00254609375,30.116056660503826,42.78644958291005,37.17398907009632,-5.612460512813735
0.002546875,30.108862722332347,42.831828486274176,40.31047406765481,-2.5213544186193646
0.00254765625,30.292308831527052,0.3246518217115897,43.15847327671852,42.83382145500693
0.0025484375,31.085158425213276,1.863205657891569e-05,45.53633565490473,45.53631702284815
0.00254921875,31.8725420425584,1.0693102861080372e-09,47.2435905014837,47.24359050041439
0.00255,32.67542633658294,6.136866765799586e-14,48.28429541611949,48.28429541611943
0.00255078125,33.48905694176088,3.522002377649476e-18,48.67172038479559,48.67172038479559
0.0025515625,34.30938540107735,2.0213084659582552e-22,48.426889229839674,48.426889229839674
0.00255234375,35.18087163524401,1.1600468927795647e-26,47.578035201428214,47.578035201428214
0.002553125,35.320936606437506,43.09605934182719,46.396194081267076,3.300134739439881
0.00255390625,35.411535414852736,43.237322233051906,45.058075995639186,1.820753762587279
0.0025546875,35.43970963785534,43.28205857391579,43.749764684829124,0.4677061109133316
0.00255546875,35.43971771826653,43.32672419677412,42.48752172800181,-0.8392024687723136
0.00255625,35.41647750233928,43.37132457005113,41.286084853430744,-2.0852397166203858
0.00255703125,35.372293393620055,43.4158596268971,40.158833783479885,-3.257025843417216
0.0025578125,35.30898313322944,43.46032930024312,39.117675709842274,-4.342653590400843
0.00255859375,35.22830743302417,43.504733523118624,38.17295306905005,-5.331780454068573
0.002559375,35.13208155968851,43.54907222865166,37.33337464143158,-6.215697587220079
0.00256015625,35.02219983366319,43.59334535006895,36.60597004397935,-6.987375306089605
0.0025609375,34.90062985052921,43.63755282069596,35.99606729565663,-7.641485525039326
0.00256171875,34.76939358054317,43.681694573957046,35.50729283269112,-8.174401741265923
0.0025625,34.63053937470903,43.72577054337553,35.141593084336456,-8.584177459039074
0.00256328125,34.48609759906284,43.769780662573794,34.899276474903175,-8.870504187670619
0.0025640625,34.33797468633459,43.81372486527339,34.779074480484155,-9.03465038478924
0.00256484375,34.187479504035046,43.85760308529515,34.77822001865407,-9.079383066641082
0.002565625,34.02960376759717,43.901415256559275,34.8925384038032,-9.008876852756073
0.00256640625,33.84716139089204,52.753372563764316,35.157172865910766,-17.596199697853553
0.0025671875,33.55757565140819,52.79598087920536,35.59553783562136,-17.200443043584002
0.00256796875,33.30289277523235,52.771018230435246,36.234288245571776,-16.536729984863474
0.00256875,33.69281898076777,52.74597223607081,37.05760475930329,-15.688367476767523
0.00256953125,33.549497570320895,0.0030271382240604694,37.55437451323577,37.55134737501171
0.0025703125,34.20283921908002,1.7373014817675975e-07,37.70846413415217,37.70846396042202
0.00257109375,34.83468010374723,9.975617227958298e-12,37.378505660804,37.378505660794026
0.002571875,35.45168550746495,5.622885067609795e-16,36.5878928956791,36.5878928956791
0.00257265625,36.04937004072808,-3.5804590689340675e-15,35.36493230109294,35.36493230109295
0.0025734375,36.62185124075551,-5.1759454130995955e-15,33.74228550216128,33.74228550216129
0.00257421875,37.16329459521429,-5.269656044300004e-16,31.756383189567682,31.756383189567682
0.002575,37.66831479545419,1.6556994388171384e-16,29.446813967761297,29.446813967761297
0.00257578125,38.13214316197786,-4.883831918016924e-15,26.855697317147357,26.85569731714736
0.0025765625,38.550725756110154,-1.9140871125368745e-15,24.027049336730112,24.027049336730116
0.00257734375,38.92080736486133,4.879454217541492e-15,21.006149623440223,21.00614962344022
0.002578125,39.24005054905413,-3.8656624782726913e-16,17.838917297022796,17.838917297022796
0.00257890625,39.50731762918582,-1.9900096080942815e-15,14.571303795336098,14.5713037953361
0.0025796875,39.72368917400441,1.0037656530564332e-15,11.248709828001532,11.24870982800153
0.00258046875,39.89866818762093,1.027863867921797e-17,7.915435708265076,7.915435708265076
0.00258125,40.24629999475424,-6.7666179501012076e-15,4.614286080772536,4.614286080772543
0.00258203125,39.17015218051148,52.297888089294055,1.7960801760812402,-50.501807913212815
0.0025828125,38.348838438766755,52.28159758126044,-0.42657406983362023,-52.70817165109406
0.00258359375,37.56172300893513,52.25504950175474,-1.8929974853803557,-54.148046987135096
0.002584375,36.67542655156961,44.9333453314401,-2.6833716565919943,-47.616716988032096
0.00258515625,35.890532096738404,44.97506247907056,-2.817439786405707,-47.792502265476266
0.0025859375,35.10519562514361,45.01713449224686,-2.3403824009733114,-47.35751689322017
0.00258671875,34.33171299938677,45.059138734685405,-1.2819696328639907,-46.341108367549396
0.0025875,33.579974687912824,45.10107511887672,0.3218411166358379,-44.779234002240884
0.00258828125,32.85884858088355,45.14294358166397,2.4296060473282424,-42.71333753433573
0.0025890625,32.17633785536468,45.18474405999403,4.9951381291453245,-40.18960593084871
0.00258984375,31.539578232992568,45.22647649091612,7.968280798245317,-37.2581956926708
0.002590625,30.954803681257985,45.268140811581944,11.295701230456338,-33.972439581125606
0.00259140625,30.427308108027695,45.309736959245804,14.921692375308819,-30.388044583936985
0.0025921875,29.961409087324085,45.35126487126465,18.788973240639063,-26.562291630625584
0.00259296875,29.560410280013407,45.39272448509817,22.83947735178027,-22.5532471333179
0.00259375,29.22654626514384,45.434115738309,27.0151198513086,-18.418995887000403
0.00259453125,28.960854925169766,45.47543856856258,31.25853433050224,-14.21690423806034
0.0025953125,28.762757530798115,45.516692913627544,35.513771118099534,-10.002921795528009
0.00259609375,28.62807755512701,45.557878711375544,39.726948913250816,-5.830929798124726
0.002596875,28.529322212054495,45.59899589978154,43.846843146510786,-1.7521527532707581
0.00259765625,29.076082098722296,1.1715632509330305,47.651262055123155,46.47969880419012
0.0025984375,29.756599758941565,6.723705618554788e-05,50.93818357173679,50.93811633468061
0.00259921875,30.61005517788962,3.858794410714187e-09,53.45247884976805,53.452478845909255
0.0026,31.505047257921156,2.2145964069378185e-13,55.18950443258395,55.18950443258373
0.00260078125,32.42082409711599,1.2709765599339563e-17,56.15809161864806,56.15809161864806
0.0026015625,33.336309194379645,7.294247434164243e-22,56.37646001027847,56.37646001027847
0.00260234375,34.14284721782422,4.1862334293227546e-26,55.87155889220747,55.87155889220747
0.002603125,34.709300242567636,45.89519403960644,54.98035629147893,9.085162251872493
0.00260390625,34.8094725930829,45.96595125536389,53.858763579003146,7.892812323639254
0.0026046875,34.91699499389887,46.006380698413174,52.6816430136402,6.675262315227022
0.00260546875,35.00956077665551,46.04673912011955,51.46670645293518,5.41996733281563
0.00260625,35.08316851420085,46.087028196169314,50.23136294111463,4.14433474494532
0.00260703125,35.13656626425148,46.1272478659875,48.99258959230375,2.865341726316254
0.0026078125,35.16941255651041,46.16739806900401,47.76673259477694,1.599334525772929
0.00260859375,35.181852716657296,46.20747874475336,46.569324854380156,0.3618461096267993
0.002609375,35.17437355779363,46.24748983287483,45.41492133446129,-0.8325684984135364
0.00261015625,35.14773398115108,46.28743127311237,44.31695336855149,-1.9704779045608831
0.0026109375,35.10291964353805,46.32730300531491,43.28760301108107,-3.0396999942338425
0.00261171875,35.04110438678547,46.36710496943638,42.33769821362889,-4.029406755807493
0.0026125,34.96360999734148,46.406837105535715,41.47662932363724,-4.930207781898476
0.00261328125,34.87185565917459,46.446499353777064,40.712287112102835,-5.7342122416742285
0.0026140625,34.76727854541328,46.48609165442975,40.05102224935055,-6.435069405079199
0.00261484375,34.65116592124728,46.5256139478685,39.49762585365185,-7.02798809421665
0.002615625,34.524121222323195,46.565066174573474,39.05533034906318,-7.509735825510294
0.00261640625,34.38216624242094,46.60444827513031,38.72582792375469,-7.87862035137562
0.0026171875,34.20782035136091,51.00599514218772,38.52943388864302,-12.476561253544702
0.00261796875,33.75165395717968,51.00958476068751,38.47945965230553,-12.53012510838198
0.00261875,34.63634632212863,0.009922187659361696,38.190155109757015,38.18023292209765
0.00261953125,35.228412123314634,5.694431679165751e-07,37.58081302758926,37.58081245814609
0.0026203125,35.83027274439661,3.268127428745545e-11,36.519386061265735,36.51938606123306
0.00262109375,36.41563790787321,-4.016732538634553e-15,35.0372327681918,35.03723276819181
0.002621875,36.97454537732279,-4.362200953443309e-16,33.16983625757688,33.16983625757688
0.00262265625,37.4999274827849,-5.0593080629771375e-15,30.956155157835187,30.95615515783519
0.0026234375,37.9860065944359,4.842300325056327e-15,28.437991008035045,28.43799100803504
0.00262421875,38.427941368516095,3.983196547953246e-16,25.65934539627621,25.65934539627621
0.002625,38.82172662881931,4.444571792285333e-15,22.665774872050253,22.66577487205025
0.00262578125,39.16415757126324,-5.175484849446309e-15,19.50375179566036,19.503751795660364
0.0026265625,39.452806583346224,-1.9141038507578127e-15,16.220038961701555,16.220038961701558
0.00262734375,39.685991677543676,-6.96335828433302e-15,12.861085364108055,12.861085364108062
0.002628125,39.86271765818713,3.0366022036431075e-16,9.472449910250404,9.472449910250404
0.00262890625,39.982548841825036,-1.644374448323147e-15,6.098259252805658,6.09825925280566
0.0026296875,40.04527133168044,-5.4495266004332675e-15,2.7807051677654155,2.780705167765421
0.00263046875,40.04965335591801,-6.619225029879595e-15,-0.4404141528049993,-0.4404141528049927
0.00263125,39.98537672061474,-1.5979569526118218e-15,-3.5281085435524857,-3.528108543552484
0.00263203125,39.26796277347026,-1.8019027827321437e-16,-6.448879298387408,-6.448879298387408
0.0026328125,39.01688651881299,50.422683999672955,-8.700745850306106,-59.12342984997906
0.00263359375,38.056427769776114,47.45357742262118,-10.283494810221072,-57.73707223284225
0.002634375,37.07927635986507,47.490746736262686,-11.062587720330527,-58.55333445659321
0.00263515625,36.10248989661067,47.52842822736891,-11.068566933278724,-58.59699516064764
0.0026359375,35.13472429905451,47.56603817502008,-10.331569555999295,-57.89760773101938
0.00263671875,34.18681768228705,47.60357648907933,-8.889950993845972,-56.4935274829253
0.0026375,33.269552709451226,47.64104311301264,-6.7894754130778665,-54.43051852609051
0.00263828125,32.39311970837998,47.67843799039602,-4.082441866836746,-51.760879857232766
0.0026390625,31.5668876457033,47.71576106491345,-0.8267621248592434,-48.542523189772695
0.00263984375,30.79927220282325,47.75301228035702,2.9149960754191255,-44.838016204937894
0.002640625,30.097649383631286,47.79019158062712,7.076586829784745,-40.71360475084238
0.00264140625,29.468299346293573,47.827298909732356,11.58907168332307,-36.238227226409286
0.0026421875,28.916376774680103,47.86433421178977,16.381800257652998,-31.48253395413677
0.00264296875,28.44591100560939,47.90129743102488,21.383373660931923,-26.517923770092956
0.00264375,28.059850361626054,47.93818851177171,26.522579162892857,-21.415609348878856
0.00264453125,27.760199260942983,47.975007398473025,31.72928545993776,-16.245721938535265
0.0026453125,27.54843876443564,48.0117540356802,36.93528886724691,-11.076465168433291
0.00264609375,27.427273165717885,48.048428368053465,42.07510231264658,-5.97332605540689
0.002646875,27.415126325170505,48.08503034036194,47.0866865986495,-0.9983437417124379
0.00264765625,27.536296660625695,4.187627745451259,51.7608225819091,47.573194836457844
0.0026484375,28.448165724080315,0.00024033167802150557,55.87896337072158,55.87872303904356
0.00264921875,29.429191000187913,1.379284859390205e-08,59.1375263664964,59.13752635270355
0.00265,30.445280398291597,7.915838390529706e-13,61.51721514574413,61.51721514574334
0.00265078125,31.492158089363603,4.5429700035050573e-17,63.02275813563357,63.02275813563357
0.0026515625,32.56655403735922,2.607250860179027e-21,63.66977715758092,63.66977715758092
0.00265234375,33.85258664405672,1.4963244403241877e-25,63.48427216528004,63.48427216528004
0.002653125,33.86025415556533,48.36583023938853,62.880912142096555,14.515081902708028
0.00265390625,34.124641147579425,48.41118228941208,61.9731753247596,13.56199303534752
0.0026546875,34.34877733371724,48.44705818708084,60.92959569390009,12.482537506819249
0.00265546875,34.548637505322624,48.48286058469487,59.769282990365205,11.286422405670336
0.00265625,34.72563171398606,48.51858996796609,58.512032179541734,9.993442211575639
0.00265703125,34.879361457641664,48.55424628311764,57.17807907714883,8.623832794031188
0.0026578125,35.00918116418153,48.58982947645176,55.78782720315767,7.197997726705907
0.00265859375,35.114566404033056,48.625339494380825,54.361582721011835,5.736243226631013
0.002659375,35.1952278397411,48.66077628342735,52.919300997531934,4.258524714104584
0.00266015625,35.251147747028476,48.69613979022422,51.48034762881039,2.784207838586167
0.0026609375,35.28258525251535,48.73142996151459,50.06327641137196,1.3318464498573634
0.00266171875,35.2900642391985,48.76664674415213,48.68562640730184,-0.08102033685029256
0.0026625,35.274346525598894,48.80179008510099,47.36373991842884,-1.4380501666721472
0.00266328125,35.23638447587295,48.83685993143594,46.112602842549826,-2.724257088886114
0.0026640625,35.17723023589405,48.87185623034243,44.94570853200462,-3.926147698337806
0.00266484375,35.097821304987626,48.906778929116626,43.87494589669979,-5.031833032416836
0.002665625,34.998293294111946,48.941627975165616,42.91051198924472,-6.031115985920898
0.00266640625,34.874504803520914,48.976403316007364,42.06084775953496,-6.915555556472403
0.0026671875,34.66691814856841,49.01110489927081,41.332568457145186,-7.678536442125623
0.00266796875,35.255550754855854,0.10956868872018304,40.46219006099394,40.35262137227376
0.00266875,35.85784631369562,6.288244423487463e-06,39.2982772972254,39.298271008980976
0.00266953125,36.48125872827139,3.608862771846951e-10,37.68282226175904,37.68282226139816
0.0026703125,37.080585629164666,2.0529536741087486e-14,35.653886573983364,35.65388657398334
0.00267109375,37.64489266129559,-2.2078300402347475e-15,33.253595240416544,33.253595240416544
0.002671875,38.16719649872821,-5.690204337900005e-16,30.527109655272227,30.527109655272227
0.00267265625,38.64207026026236,-1.9560646538101816e-15,27.52193338074658,27.521933380746585
0.0026734375,39.065161609402686,-4.472972986177728e-16,24.287216828461332,24.287216828461332
0.00267421875,39.43305860280218,-1.5682369488114505e-15,20.873068859074774,20.873068859074774
0.002675,39.74324213782751,-5.031646241488745e-15,17.32988361117207,17.329883611172075
0.00267578125,39.99406162316302,-5.448746563813433e-15,13.707690452769818,13.707690452769823
0.0026765625,40.184715407355924,-2.0928640575481863e-15,10.055534366475234,10.055534366475236
0.00267734375,40.315231423977394,-1.954203238233157e-15,6.420893410977785,6.420893410977786
0.002678125,40.386450796564745,-5.138878695372616e-15,2.8491391721212533,2.8491391721212587
0.00267890625,40.40002704813668,-2.0839792883253305e-15,-0.6169546567471045,-0.6169546567471024
0.0026796875,40.35848104558864,-5.0705980961764e-15,-3.9376512223772844,-3.9376512223772795
0.00268046875,40.26545964591391,-6.658125538612396e-15,-7.076633414603426,-7.07663341460342
0.00268125,40.1269355816371,-5.63088734932624e-15,-10.001327636382515,-10.00132763638251
0.00268203125,39.95897811001504,-6.567763669677169e-15,-12.683163154936038,-12.68316315493603
0.0026828125,38.633266634491875,35.449921820950486,-14.981890740280399,-50.431812561230885
0.00268359375,38.41630237200353,49.72189135581111,-16.662989208962244,-66.38488056477335
0.002684375,37.328309117316586,49.75577442716786,-17.477464413893564,-67.23323884106142
0.00268515625,36.22124238197341,49.78876543508885,-17.407431522005368,-67.19619695709422
0.0026859375,35.119727969667366,49.82168141513296,-16.488460450183496,-66.31014186531645
0.00268671875,34.039615857610805,49.854522364622554,-14.765476554483513,-64.61999891910607
0.0026875,32.99447201645047,49.887288234102414,-12.291814077195085,-62.1791023112975
0.00268828125,31.996475786752963,49.9199789742278,-9.128205854726929,-59.04818482895473
0.0026890625,31.056574779469607,49.952594535767,-5.341719757703423,-55.29431429347042
0.00268984375,30.184483380565815,49.98513486960158,-1.0046571472471086,-50.98979201684869
0.002690625,29.388647473624317,50.017599926726376,3.8065712490308456,-46.21102867769553
0.00269140625,28.67621072194876,50.049989658249615,9.012576916588657,-41.03741274166096
0.0026921875,28.052996517432433,50.08230401539294,14.532117959009959,-35.550186056382984
0.00269296875,27.52351610906878,50.11454294949151,20.283202368658205,-29.831340580833302
0.00269375,27.091021139124067,50.146706411994074,26.184157030197603,-23.96254938179647
0.00269453125,26.757652811784887,50.178794354463044,32.15465030130122,-18.02414405316183
0.0026953125,26.52488769968918,50.21080672857454,38.11665717808096,-12.094149550493578
0.00269609375,26.395370461429792,50.24274348611854,43.99535777303629,-6.24738571308225
0.002696875,26.388076137904534,50.27460457899884,49.719967887914315,-0.554636691084528
0.00269765625,26.528000309639168,4.37789504585798,55.06633066177939,50.68843561592141
0.0026984375,27.501887111220057,0.0002512512874899068,59.80111278363771,59.800861532350226
0.00269921875,28.554832200848967,1.441953468598152e-08,63.60268071388917,63.60268069946964
0.0027,29.650586713628037,8.275499108380762e-13,66.44722814595754,66.44722814595671
0.00270078125,30.784019189241736,4.749382485926532e-17,68.33669375380865,68.33669375380865
0.0027015625,31.951000374668013,2.7257128183099117e-21,69.28504622936863,69.28504622936863
0.00270234375,33.34310880854853,1.5643108109136801e-25,69.31774999070144,69.31774999070144
0.002703125,33.403223692649725,50.51693998547188,68.86689058696548,18.349950601493603
0.00270390625,33.73409157907415,50.55794106185817,68.05054751790668,17.492606456048502
0.0027046875,34.02475096033694,50.589043451673234,67.04490676825215,16.455863316578913
0.00270546875,34.2911193177708,50.6200690915784,65.87066010442015,15.250591012841745
0.00270625,34.53392028260803,50.65101849854196,64.549777584818,13.898759086276051
0.00270703125,34.75201839254091,50.681891625987035,63.10521358158624,12.423321955599206
0.0027078125,34.94405989462984,50.71268842741927,61.56057764538575,10.847889217966477
0.00270859375,35.1088671067565,50.7434088564592,59.939809471815515,9.19640061535632
0.002709375,35.24556770535599,50.77405286684244,58.26686244560313,7.492809578760694
0.00271015625,35.35364467901168,50.80462041241965,56.565399532246225,5.760779119826572
0.0027109375,35.43295727551331,50.83511144715667,54.85850490850206,4.0233934613453926
0.00271171875,35.483752176987515,50.86552592513457,53.16841437246515,2.3028884473305795
0.0027125,35.50667872006365,50.895863800549655,51.516267212707206,0.6204034121575518
0.00271328125,35.50283161429489,50.92612502771367,49.92188184393502,-1.0042431837786496
0.0027140625,35.4738893356933,50.9563095610537,48.40355715183971,-2.552752409213989
0.00271484375,35.422623934416286,50.986417355112444,46.977901216358454,-4.0085161387539925
0.002715625,35.3554701111898,51.01644836454809,45.65968955251622,-5.35675881203187
0.00271640625,35.31295247373695,51.04640254413447,44.46176981068582,-6.584632733448652
0.0027171875,35.40417616066095,4.833973658297117,43.18185412176798,38.34788046347086
0.00271796875,36.09787065495975,4.550051340893383,41.669059817117414,37.11900847622403
0.00271875,36.742054373524745,0.0030115823110314277,39.71669345014487,39.713681867833834
0.00271953125,37.38630677035701,1.728373782381117e-07,37.35341968055227,37.35341950771489
0.0027203125,37.982187974551486,9.91872612811201e-12,34.61052477106656,34.61052477105664
0.00272109375,38.52745329574193,-4.928356572960806e-15,31.53783433174178,31.537834331741784
0.002721875,39.01804483641414,-6.4905683180219845e-15,28.187383542387135,28.187383542387142
0.00272265625,39.45024908718365,-2.0582789443692858e-15,24.612662335809855,24.61266233580986
0.0027234375,39.82106430869624,-5.0495597335871304e-15,20.867879892007497,20.8678798920075
0.00272421875,40.128307044450516,-2.1373948012046116e-15,17.007249078132155,17.00724907813216
0.002725,40.37064289640634,-1.2084252272958369e-14,13.08429920925131,13.084299209251322
0.00272578125,40.54758351667387,-5.626921408040791e-15,9.151224738291226,9.151224738291232
0.0027265625,40.659462480114,-5.023986622524925e-15,5.258276710379065,5.258276710379071
0.00272734375,40.707393602134054,-7.10433346670891e-15,1.4532029984141204,1.4532029984141275
0.002728125,40.69320970583897,-7.371539327888506e-15,-2.2192575237097074,-2.2192575237097
0.00272890625,40.619369912426805,-5.449855287515663e-15,-5.717822608290098,-5.717822608290093
0.0027296875,40.48878810319446,-2.0961670375415257e-15,-9.005052728414837,-9.005052728414835
0.00273046875,40.30432907718259,-2.5197942358932196e-15,-12.047673348081673,-12.047673348081672
0.00273125,40.064603746630475,-7.075108913894778e-15,-14.816833946497294,-14.816833946497287
0.00273203125,39.75761799842028,5.7506975200198145,-17.261820998497655,-23.012518518517467
0.0027328125,39.31250742008519,5.863379956871176,-19.342874282153787,-25.206254239024965
0.00273359375,38.791483142894236,47.70267342485058,-20.87807629288681,-68.58074971773739
0.002734375,37.568912885573376,51.713812751282774,-21.7044238913239,-73.41823664260667
0.00273515625,36.33373058593147,51.74213833434466,-21.578914777737182,-73.32105311208184
0.0027359375,35.12065820762839,51.77015742193051,-20.52904130393467,-72.29919872586518
0.00273671875,33.93666858837029,51.79809853147688,-18.604448542517915,-70.4025470739948
0.0027375,32.793803373976175,51.82596163402223,-15.863896047069026,-67.68985768109125
0.00273828125,31.7042363644062,51.85374668760595,-12.374153188442293,-64.22789987604824
0.0027390625,30.67932870187066,51.88145365038427,-8.208835409353966,-60.09028905973824
0.00273984375,29.72930147488776,51.909082480631,-3.447199582960806,-55.356282063591806
0.002740625,28.863072140389917,51.936633136737626,1.8270843921616802,-50.109548744575946
0.00274140625,28.088154434634305,51.96410557721333,7.5271691940877545,-44.43693638312558
0.0027421875,27.410590063742166,51.99149976068515,13.56425691313462,-38.42724284755053
0.00274296875,26.834894607313505,52.018815645897945,19.84880190954881,-32.170013736349134
0.00274375,26.3639933088196,52.046053191714456,26.29167538492357,-25.754377806790888
0.00274453125,25.999081304520082,52.07321235711544,32.8052783864279,-19.267933970687537
0.0027453125,25.73915539967974,52.100293101199696,39.304591026786994,-12.795702074412702
0.00274609375,25.57876544704563,52.12729538318409,45.70814624695593,-6.419149136228166
0.002746875,25.48548853481764,52.154219162403706,51.93890710131865,-0.21531206108505785
0.00274765625,26.154975983086928,1.3396622597901051,57.72593657859525,56.38627431880515
0.0027484375,27.000435983725552,7.688440770007923e-05,62.82319681441802,62.82311993001032
0.00274921875,28.0647725179102,4.412464488115201e-09,66.92583432547593,66.92583432106346
0.00275,29.195777022708292,2.5323525850427647e-13,70.01739187714162,70.01739187714136
0.00275078125,30.367603166855133,1.453339654572954e-17,72.09881274596985,72.09881274596985
0.0027515625,31.553918653079293,8.340845441625436e-22,73.18380489701693,73.18380489701693
0.00275234375,32.62841319967413,4.7868853273343065e-26,73.29809778524924,73.29809778524924
0.002753125,33.439242755067575,52.33226213082486,72.82299758668036,20.4907354558555
0.00275390625,33.72602315902657,52.39299191889422,71.9352136081698,19.542221689275582
0.0027546875,34.02655945814214,52.4191304407419,70.8349400358212,18.415809595079303
0.00275546875,34.31297140425837,52.44518803963123,69.54497449570314,17.099786456071904
0.00275625,34.57832074709911,52.47116665690152,68.08952375092133,15.618357094019808
0.00275703125,34.81889837591709,52.49706625354307,66.49393165661849,13.996865403075411
0.0027578125,35.03215429545171,52.522886790551574,64.78431170909265,12.26142491854107
0.00275859375,35.21624046898722,52.54862822904179,62.98718527446475,10.438557045422957
0.002759375,35.3698704032501,52.574290530247545,61.12912918034724,8.554838650099695
0.00276015625,35.49226605997909,52.59987365552189,59.23643664297183,6.636562987449941
0.0027609375,35.583136400240214,52.6253775663371,57.33479526817747,4.7094177018403744
0.00276171875,35.642676115363535,52.65080222428475,55.448985523979616,2.7981832996948643
0.0027625,35.671597132749426,52.67614759107577,53.60260270212513,0.9264551110493642
0.00276328125,35.67125275096043,52.701413628540486,51.8178049977251,-0.8836086308153853
0.0027640625,35.64411123832497,52.726600298628696,50.115090023396945,-2.6115102752317543
0.00276484375,35.59616500557353,52.75170756340975,48.51310245333465,-4.238605110075096
0.002765625,35.565595369272785,52.77673538507254,47.02848938137159,-5.748246003700948
0.00276640625,35.654948167772076,9.15616176438708,45.474612849767375,36.318451085380296
0.0027671875,36.29822367352626,8.891409779332283,43.71311386965953,34.821704090327245
0.00276796875,36.870657737861954,8.959941100254072,41.58124226686828,32.62130116661421
0.00276875,37.503956256184566,9.028478055860074,39.12070172269145,30.092223666831377
0.00276953125,37.996715749116866,0.0005181523795798358,36.29177585575974,36.29125770338016
0.0027703125,38.57359891330595,2.9737216994915982e-08,33.14135238998648,33.141352360249265
0.00277109375,39.09136744689653,1.6995402924058525e-12,29.695930486566926,29.695930486565228
0.002771875,39.54841415853214,-6.829711354081084e-15,26.01088774335499,26.010887743354996
0.00277265625,39.94196019079182,-6.93786247679154e-15,22.14244113896016,22.142441138960166
0.0027734375,40.26978035375005,-8.196388710450728e-15,18.14690059629031,18.146900596290315
0.00277421875,40.530460117634895,-6.9267454447848934e-15,14.079951741735108,14.079951741735115
0.002775,40.72345085891066,-6.575445634201847e-15,9.995974944914211,9.995974944914218
0.00277578125,40.84907084057367,-2.5589735614492235e-15,5.9474079073884845,5.947407907388487
0.0027765625,40.90848490482298,-2.061356223014743e-15,1.9841581679858147,1.9841581679858167
0.00277734375,40.903676927030375,-2.2143783383389676e-15,-1.8469290029301157,-1.8469290029301135
0.002778125,40.837432391315296,-6.474319094947046e-17,-5.502542764628904,-5.502542764628904
0.00277890625,40.713384428839575,-5.688974401310742e-16,-8.943315285012863,-8.943315285012863
0.0027796875,40.53641172761973,-8.324649991333473e-15,-12.134163903119996,-12.134163903119987
0.00278046875,40.31698815446963,-7.066575074095093e-15,-15.044562903364906,-15.044562903364898
0.00278125,39.92469072136672,9.863862605477186,-17.6101234319382,-27.473986037415383
0.00278203125,39.47827301558789,10.191426997586037,-19.774673303971284,-29.96610030155732
0.0027828125,38.9770120562337,10.259718321613319,-21.474158618810996,-31.733876940424313
0.00278359375,38.47948127895366,10.327979315659263,-22.703855989367433,-33.031835305026696
0.002784375,37.419214780170044,52.249970425631474,-23.30199488922615,-75.55196531485763
0.00278515625,36.283800095155584,53.37644043986884,-23.12863320936554,-76.50507364923438
0.0027859375,35.04095702568385,53.39945318926447,-21.995711545448323,-75.3951647347128
0.00278671875,33.81722995425852,53.42232219626884,-19.952142043784534,-73.37446424005337
0.0027875,32.633026195666595,53.44511074658722,-17.059678228482454,-70.50478897506967
0.00278828125,31.503235747518676,53.46781880953448,-13.388385206177304,-66.85620401571178
0.0027890625,30.440574896466757,53.49044635091289,-9.015419725337956,-62.50586607625085
0.00278984375,29.456124435112987,53.51299333664577,-4.02377043670176,-57.53676377334753
0.002790625,28.559431292029956,53.53545973277778,1.499025516094342,-52.03643421668344
0.00279140625,27.75851893682186,53.55784550547494,7.462172553491946,-46.09567295198299
0.0027921875,27.05988823659866,53.58015062102468,13.772896794327323,-39.807253826697355
0.00279296875,26.468540086186444,53.60237504583588,20.337700454348294,-33.264674591487584
0.00279375,25.98805077594406,53.624518746438966,27.063575650897373,-26.560943095541592
0.00279453125,25.620778490282028,53.64658168948595,33.859163890167956,-19.787417799317993
0.0027953125,25.368515421929303,53.66856384175039,40.63584889415197,-13.03271494759842
0.00279609375,25.235520110213457,53.69046517012762,47.30877277268308,-6.381692397444536
0.002796875,25.263621241611485,53.71228564163458,53.7977844839589,0.08549884232432135
0.00279765625,25.572030924698034,0.40698937345946745,59.782518512312805,59.37552913885334
0.0027984375,26.68288631424415,2.3357481850358398e-05,65.01013179090607,65.01010843342422
0.00279921875,27.822219889455244,1.3405066421080798e-09,69.20743972279756,69.20743972145705
0.0028,29.01297264611189,7.693286755174367e-14,72.36098346841965,72.36098346841958
0.00280078125,30.24556590382763,4.415245642070407e-18,74.47222747296287,74.47222747296287
0.0028015625,31.511066899017322,2.5339487140148705e-22,75.555789332453,75.555789332453
0.00280234375,32.86091557447221,1.454255687175474e-26,75.6387696704105,75.6387696704105
0.002803125,33.31460532243301,53.76353379819706,75.05465126480516,21.291117466608092
0.00280390625,33.71913591982854,53.90501903424338,74.02239125891974,20.117372224676362
0.0028046875,34.05431971887884,53.92603605931141,72.7757884745799,18.84975241526849
0.00280546875,34.3587762861064,53.946964963625,71.3397859191941,17.392820955569093
0.00280625,34.63461381624476,53.96781262438776,69.7403695247278,15.77255690034003
0.00280703125,34.88082919270612,53.9885790106,68.00456200982458,14.015982999224585
0.0028078125,35.096003228891895,54.00926409098795,66.16004066928615,12.150776578298204
0.00280859375,35.27887260166215,54.029867834400235,64.23476090303686,10.204893068636615
0.002809375,35.42849817767942,54.050390209807986,62.2565909504085,8.206200740600513
0.00281015625,35.54431549081798,54.070831186304915,60.25296216649778,6.182130980192864
0.0028109375,35.62613276733887,54.091190733107226,58.25053869066865,4.15934795756142
0.00281171875,35.67408342758528,54.111468819553835,56.27490992639237,2.1634411068385364
0.0028125,35.68849228362575,54.13166541510632,54.350308798131714,0.21864338302539182
0.00281328125,35.66946204188877,54.151780489348965,52.49935821172324,-1.6524222776257262
0.0028140625,35.61504066921878,54.17181401198884,50.74284709977565,-3.428966912213193
0.00281484375,35.50340049994021,54.19176595285581,49.09952852058035,-5.09223743227546
0.002815625,35.88738439391751,14.167935905043263,47.429114957896466,33.2611790528532
0.00281640625,36.31056788707563,13.179691283025388,45.604337304346686,32.4246460213213
0.0028171875,36.81391012710257,13.24713037667048,43.444240682612744,30.197110305942267
0.00281796875,37.286927119051136,13.31461010814242,40.98726548953451,27.67265538139209
0.00281875,37.72512973050673,13.382069791529336,38.27719168661391,24.895121895084575
0.00281953125,38.13111729900904,1.1691560454166658,35.316991237504034,34.14783519208737
0.0028203125,38.68625154916134,6.709890451404549e-05,32.1062435796129,32.106176480708385
0.00282109375,39.1881150612799,3.850858529859451e-09,28.619392930224787,28.61939292637393
0.002821875,39.62686935131359,2.0802264805292306e-13,24.908209471418473,24.908209471418264
0.00282265625,40.00158818131872,-7.0963838825230805e-15,21.02863532547567,21.028635325475676
0.0028234375,40.310555013134916,-2.236083801562226e-15,17.03652568202198,17.036525682021985
0.00282421875,40.55264650137797,-5.7559574495047565e-15,12.986944854402484,12.98694485440249
0.002825,40.72754896562816,-8.931780670940429e-15,8.933499893252119,8.933499893252128
0.00282578125,40.83579572245266,-2.0472235808810723e-15,4.92771903098104,4.9277190309810415
0.0028265625,40.8787614226267,-8.609706670162601e-15,1.018481127795539,1.0184811277955477
0.00282734375,40.8586554655139,-8.135171469628892e-15,-2.748498650444813,-2.748498650444805
0.002828125,40.77857152037744,-1.2114651760837766e-14,-6.331122601444147,-6.331122601444134
0.00282890625,40.642843627858625,-7.0150358606128326e-15,-9.691300199449042,-9.691300199449035
0.0028296875,40.460078652072916,-1.4150102986475248e-14,-12.795269865964325,-12.795269865964311
0.00283046875,39.89823408235072,10.148150161443711,-15.582065559717408,-25.73021572116112
0.00283125,39.63845681658209,14.458371378469828,-17.964060035205023,-32.42243141367485
0.00283203125,39.089925145228634,14.525718181853534,-19.85284760031424,-34.378565782167776
0.0028328125,38.51177318339123,14.592799608684388,-21.23083532254679,-35.823634931231176
0.00283359375,37.91888466256869,14.659859045048018,-22.099978264636924,-36.75983730968494
0.002834375,37.343225674235036,14.726896403928052,-22.468593071285746,-37.1954894752138
0.00283515625,36.25870333232491,53.657059000987324,-22.198774244702214,-75.85583324568954
0.0028359375,35.11863470868818,54.69946476785964,-21.173097119371832,-75.87256188723147
0.00283671875,33.89355233031326,54.717179476621226,-19.2294834832457,-73.94666295986693
0.0028375,32.701261994816655,54.734752979096534,-16.425766990339206,-71.16051996943574
0.00283828125,31.56082425941261,54.75224404864825,-12.831396655889193,-67.58364070453744
0.0028390625,30.485988580773114,54.76965266230972,-8.523089306615702,-63.29274196892542
0.00283984375,29.488305059279817,54.786978793864094,-3.583566907320531,-58.370545701184625
0.002840625,28.577636252838968,54.80422241721851,1.8997305649055818,-52.90449185231293
0.00284140625,27.762268543370524,54.821383506404416,7.835940730796445,-46.98544277560797
0.0028421875,27.048946026710777,54.838462035577486,14.132066317769919,-40.70639571780757
0.00284296875,26.442910130443636,54.85545797901778,20.69423861662318,-34.1612193623946
0.00284375,25.947997311576984,54.87237131112971,27.428941858607207,-27.443429452522505
0.00284453125,25.56690934672141,54.889202006442105,34.244184617354705,-20.645017389087396
0.0028453125,25.302140945957174,54.90595003960824,41.05060579459003,-13.855344245018216
0.00284609375,25.161017246879283,54.922615385405905,47.7625059313722,-7.160109454033702
0.002846875,25.25600013884311,54.93919801873734,54.29885142263732,-0.6403465961000223
0.00284765625,25.725948727491385,0.036228236661350936,60.22271783210786,60.18648959544651
0.0028484375,26.823471194410033,2.079170699458735e-06,65.32903619681173,65.32903411764103
0.00284921875,27.963446597008552,1.1932545428299967e-10,69.40475800349606,69.40475800337673
0.00285,29.154963674433095,6.8481938705422005e-15,72.43904176925778,72.43904176925778
0.00285078125,30.386334401695038,3.9302393249059936e-19,74.4347700374871,74.4347700374871
0.0028515625,31.646342940988802,2.2555992781516465e-23,75.40787442752988,75.40787442752988
0.00285234375,32.950476192451134,1.294508472132272e-27,75.38663193662539,75.38663193662539
0.002853125,33.544859122335644,53.65495686222531,74.62096891094481,20.96601204871949
0.00285390625,34.02849565941938,55.084634432090326,73.3512615237458,18.26662709165548
0.0028546875,34.3354566467079,55.100469729368555,71.8962974975463,16.79582776817774
0.00285546875,34.60532692292464,55.116140909431536,70.28622592932157,15.170085019890037
0.00285625,34.843373318736326,55.131729080925865,68.5478127557496,13.416083674823739
0.00285703125,35.04966125873104,55.147234225032285,66.70838388926468,11.561149664232394
0.0028578125,35.2234968451261,55.16265631840058,64.79545921722229,9.632802898821707
0.00285859375,35.364240950756596,55.17799533780537,62.83639654084552,7.658401203040149
0.002859375,35.47152556600155,55.193251260146354,60.85805138513913,5.664800124992775
0.00286015625,35.545307088948455,55.208424062448415,58.88645659193666,3.6780325294882403
0.0028609375,35.58584264068602,55.223513721861565,56.94652501646841,1.7230112946068403
0.00286171875,35.59357381045955,55.238520215661055,55.06177816595741,-0.1767420497036426
0.0028625,35.56874636467166,55.25344352124738,53.254103081661185,-1.9993404395861945
0.00286328125,35.50971549643601,55.26828361614631,51.54353876760751,-3.724744848538802
0.0028640625,35.39647474932822,55.28304047800893,49.948085203190786,-5.334955274818146
0.00286484375,35.739979291492595,18.29867980251908,48.33863309757293,30.039953295053852
0.002865625,36.118576541589135,17.38918809549199,46.59798383798605,29.20879574249406
0.00286640625,36.5700795527561,17.45517776550129,44.55919659843835,27.10401883293706
0.0028671875,36.9919207471792,17.52119713357446,42.257915277483605,24.73671814390914
0.00286796875,37.37545408375935,17.587190118254426,39.73456022082924,22.14737010257481
0.00286875,37.7178894970995,17.653156616944127,37.03076472726284,19.377608110318715
0.00286953125,38.030825126544094,17.71909653029896,34.18880476891833,16.469708238619376
0.0028703125,38.353162002591546,0.13448385391356,31.169717745098776,31.035233891185214
0.00287109375,38.85809058096567,7.718147890337842e-06,27.954005742756006,27.953998024608115
0.002871875,39.29144859803695,4.4294926671752767e-10,24.512014032759748,24.5120140323168
0.00287265625,39.66303267682346,2.316212611221e-14,20.895967113361444,20.89596711336142
0.0028734375,39.9724381929609,-8.15768785989502e-15,17.158605707597136,17.158605707597143
0.00287421875,40.21868497841113,-7.233140114054517e-15,13.35211397993949,13.352113979939498
0.002875,40.4013092299887,-1.8176788446692777e-14,9.527480787454106,9.527480787454124
0.00287578125,40.52054481559577,-9.01754109673185e-15,5.733900983031921,5.73390098303193
0.0028765625,40.57732252990185,-1.2114702400814862e-14,2.0182231262781665,2.0182231262781785
0.00287734375,40.57316706022314,-1.3694571850906523e-14,-1.5755512014025637,-1.57555120140255
0.002878125,40.509856690654686,-6.949451924071275e-15,-5.006712267128465,-5.006712267128458
0.00287890625,40.38768699074089,-7.466201815053688e-15,-8.238228546219169,-8.238228546219162
0.0028796875,40.17148637459153,-9.14885612445539e-15,-11.23709152047178,-11.237091520471772
0.00288046875,39.81673871951899,18.627150386490037,-13.852080127314075,-32.47923051380411
0.00288125,39.240801307789496,18.704936856579792,-16.012516539112653,-34.717453395692445
0.00288203125,38.644666457713384,18.77043863032564,-17.647105808734086,-36.417544439059725
0.0028828125,38.02870481771337,18.835911432717197,-18.75514133264432,-37.59105276536152
0.00288359375,37.40105938422273,18.901355868526164,-19.34264998312005,-38.244005851646214
0.002884375,36.77284977961548,18.966771839234784,-19.422015240570754,-38.38878707980554
0.00288515625,36.173164796730326,19.032159246327815,-19.011558347202268,-38.04371759353008
0.0028859375,35.11984948443476,54.72292079926439,-17.99552746963839,-72.71844826890278
0.00288671875,34.02859258232673,55.674633242060004,-16.2768247900053,-71.9514580320653
0.0028875,32.872395149910446,55.686937255243535,-13.717148385399796,-69.40408564064333
0.00288828125,31.75907582576997,55.69910349623321,-10.379404534035586,-66.0785080302688
0.0028890625,30.705775631401032,55.711185852285766,-6.336623377761285,-62.04780923004705
0.00288984375,29.724611586294543,55.72318430829906,-1.6678754233372075,-57.39105973163627
0.002890625,28.825528110270177,55.73509884620382,3.542972079305919,-52.1921267668979
0.00289140625,28.016760681256088,55.746929448056974,9.208508776218586,-46.53842067183839
0.0028921875,27.304919141284074,55.75867609604185,15.239029780222353,-40.5196463158195
0.00289296875,26.694965830564133,55.77033877246821,21.543763694497827,-34.22657507797038
0.00289375,26.190104868830158,55.781917459772245,28.032065344660683,-27.749852115111562
0.00289453125,25.79141662858823,55.79341214051671,34.614559398104305,-21.178852742412403
0.0028953125,25.49628989067081,55.80482279739077,41.20422173369307,-14.600601063697704
0.00289609375,25.286477101738186,55.816149413210226,47.71738155911149,-8.098767854098735
0.002896875,26.46538417027942,16.46993222176619,53.95135984521579,37.4814276234496
0.00289765625,26.405579277866362,0.0009452240476859747,59.58802310071897,59.58707787667129
0.0028984375,27.415285694592995,5.4247248154616086e-08,64.29377381257704,64.29377375832979
0.00289921875,28.50874392554552,3.113297783263923e-12,67.9978715402777,67.99787154027459
0.0029,29.656807570723124,1.786749266921345e-16,70.69311773440381,70.69311773440381
0.00290078125,30.839252637508793,1.0254312838321026e-20,72.38539344811727,72.38539344811727
0.0029015625,32.035932353933674,5.885041272037881e-25,73.09305805654556,73.09305805654556
0.00290234375,33.21694750484618,3.377477488707077e-29,72.84621509280296,72.84621509280296
0.002903125,33.71670382768066,1.938364347744482e-33,71.68550325969866,71.68550325969866
0.00290390625,34.77074388439853,55.92158065177431,70.18477420562846,14.263193553854151
0.0029046875,34.957774690113006,55.93519050550174,68.40068599220054,12.4654954866988
0.00290546875,35.13463624572568,55.94550751854469,66.52943762913029,10.5839301105856
0.00290625,35.28475416706876,55.95574009451978,64.5983373838027,8.642597289282916
0.00290703125,35.404318843112115,55.96588840215096,62.63436425091239,6.668475848761432
0.0029078125,35.49199867001109,55.97595242616562,60.66384303061885,4.687890604453227
0.00290859375,35.547451935811516,55.98593215140755,58.71213585934473,2.7262037079371737
0.002909375,35.57092679158735,55.995827562847424,56.80335876387401,0.8075312010265862
0.00291015625,35.56307795793398,56.00563864558297,54.96012537625866,-1.0455132693243117
0.0029109375,35.52478856453282,56.015365384838844,53.20331986240486,-2.812045522433982
0.00291171875,35.456784911878465,56.02500776596678,51.55190065389429,-4.4731071120724835
0.0029125,35.35806692770544,56.03456577444551,50.02273563822639,-6.0118301362191175
0.00291328125,35.21087172424215,56.04403939588083,48.63046189569484,-7.413577500185989
0.0029140625,35.481485685512624,22.320102513389244,47.25525628025002,24.93515376686078
0.00291484375,35.785793479669344,21.49479726703463,45.7879064630945,24.29310919605987
0.002915625,36.15851131012428,21.55894327354452,44.07361778611685,22.514674512572327
0.00291640625,36.506242633865064,21.623107860931203,42.14211835992491,20.519010498993705
0.0029171875,36.82083583515629,21.6872398872379,40.02732070478739,18.34008081754949
0.00291796875,37.09807432987062,21.75133925295343,37.76411595395325,16.01277670099982
0.00291875,37.33447186219765,21.81540586154513,35.387890906565126,13.572485045019995
0.00291953125,37.52415931219767,21.879439616529858,32.93405794144094,11.054618324911083
0.0029203125,37.576439572313994,21.943440421473934,30.437553683915823,8.494113262441887
0.00292109375,38.16216354781384,0.004270223052572265,27.760088393815455,27.755818170762883
0.002921875,38.57864727763909,2.450718664734345e-07,24.902666938508087,24.90266669343622
0.00292265625,38.95626777825865,1.4040038136623556e-11,21.843055714839142,21.843055714825102
0.0029234375,39.28398664897768,-3.410556792706012e-14,18.62804211599713,18.628042115997165
0.00292421875,39.55831396018819,-2.8412789035576742e-14,15.304541899332543,15.304541899332571
0.002925,39.77752765630428,-3.2993910217109064e-14,11.918984163760355,11.918984163760388
0.00292578125,39.940978846998284,-2.8726031686755504e-14,8.516741847679834,8.516741847679862
0.0029265625,40.048969051530186,-3.2522943107067474e-14,5.14159853032087,5.141598530320903
0.00292734375,40.10288287317436,-2.847341657250662e-14,1.8352566960402328,1.8352566960402612
0.002928125,40.10612712208791,-2.981312802220396e-14,-1.3631076006133227,-1.363107600613293
0.00292890625,40.073899939248776,-3.490779740889069e-14,-4.417234800954484,-4.417234800954449
0.0029296875,39.70451196744662,22.126332932716274,-7.207469776250569,-29.333802708966843
0.00293046875,39.25406415783053,22.77237521478773,-9.625661883934313,-32.39803709872204
0.00293125,38.70465517448852,22.83593805064214,-11.538860620783488,-34.37479867142563
0.00293203125,38.12344929743031,22.899433068941647,-12.940344528469574,-35.83977759741122
0.0029328125,37.522180617664624,22.962893599190394,-13.8318552526353,-36.794748851825695
0.00293359375,36.91033700877414,23.02631954773625,-14.221530541462883,-37.24785008919913
0.002934375,36.2972020269269,23.08971081906102,-14.123545974899201,-37.21325679396022
0.00293515625,35.69354899779261,23.153067317698557,-13.55769455470999,-36.71076187240855
0.0029359375,35.12594272033241,23.216388948235185,-12.54890381501098,-35.765292763246165
0.00293671875,34.15918639314234,55.44077757743163,-11.000741473436392,-66.44151905086802
0.0029375,33.16850008143765,56.295744374692624,-8.833251853892513,-65.12899622858514
0.00293828125,32.129310978886224,56.30255944613921,-5.928812012359387,-62.2313714584986
0.0029390625,31.13858997279025,56.30924105563309,-2.350906644392161,-58.66014770002525
0.00293984375,30.211346346190727,56.31583786163426,1.8284723735142023,-54.487365488120055
0.002940625,29.357983892129603,56.32234985700119,6.532564405361043,-49.78978545164015
0.00294140625,28.58690920038057,56.32877703192711,11.681003778005888,-44.64777325392122
0.0029421875,27.905004774975176,56.335119376732806,17.190981738711606,-39.1441376380212
0.00294296875,27.317809459020253,56.34137688186681,22.9783930941987,-33.36298378766811
0.00294375,26.829748782819106,56.34754953790544,28.958953796210366,-27.38859574169507
0.00294453125,26.444803728399588,56.353637335552776,35.0492766998087,-21.30436063574407
0.0029453125,26.169664501954685,56.35964026564073,41.167894798757764,-15.191745466882963
0.00294609375,26.05052629906926,56.36555831912898,47.23624076027356,-9.129317558855423
0.002946875,26.214718467381477,0.4270294642782153,52.92170976027426,52.49468029599605
0.00294765625,27.212327405840185,2.4507600472866008e-05,57.9606443850842,57.96061987748373
0.0029484375,28.233437824861767,1.4065129720096052e-09,62.06616687284768,62.06616687144117
0.00294921875,29.304030257786287,8.072102948722279e-14,65.22207855223142,65.22207855223134
0.00295,30.41493210817812,4.63265162223658e-18,67.42607595734515,67.42607595734515
0.00295078125,31.552831267317913,2.6587199382049896e-22,68.68800982576145,68.68800982576145
0.0029515625,32.704774959823666,1.525863001629298e-26,69.02928009283323,69.02928009283323
0.00295234375,33.863021591206284,8.757063375817886e-31,68.48210910627871,68.48210910627871
0.002953125,35.08420623740249,5.025756498860409e-35,67.08874096107334,67.08874096107334
0.00295390625,35.34487980908232,56.29397714666061,65.20913088852268,8.91515374186207
0.0029546875,35.5356131146069,56.42504535786034,63.0800892504558,6.655043892595458
0.00295546875,35.63897993477785,56.42995146964243,60.950822053647585,4.520870584005151
0.00295625,35.69911441228817,56.4347653632592,58.84877393408445,2.4140085708252457
0.00295703125,35.72191181841969,56.439494266723976,56.79957028348432,0.3600760167603483
0.0029578125,35.709947797509805,56.44413817333033,54.82714651322458,-1.6169916601057566
0.00295859375,35.665240321268975,56.44869707608466,52.953513263005554,-3.495183813079112
0.002959375,35.589773985694045,56.453170968121356,51.19855412466749,-5.254616843453866
0.00296015625,35.485551160191534,56.4575598427028,49.579858096956464,-6.877701745746333
0.0029609375,35.35432247743334,56.46186369321943,48.112587583599776,-8.34927610961965
0.00296171875,35.19620784986619,56.46608251318972,46.809381697164575,-9.656700816025143
0.0029625,34.99621572971492,56.47021629626021,45.680287752657684,-10.789928543602526
0.00296328125,35.173574990715615,26.208178987358405,44.61418435075527,18.406005363396858
0.0029640625,35.38440046410263,25.471990795020496,43.5090597050189,18.037068909998407
0.00296484375,35.66054708489403,25.533909912704225,42.22163768603303,16.687727773328803
0.002965625,35.91893473147886,25.595836383070456,40.77391064449541,15.178074261424953
0.00296640625,36.15297863521174,25.657724309198517,39.19137293081182,13.53364862161331
0.0029671875,36.35975525296899,25.719573595257636,37.500216961854754,11.780643366597118
0.00296796875,36.53757472810213,25.781384148103697,35.726972135749655,9.94558798764596
0.00296875,36.685734477423956,25.84315587465116,33.89815509902963,8.054999224378472
0.00296953125,36.805307062342045,25.9048886818729,32.039934676664075,6.135045994791175
0.0029703125,36.906892062093924,25.966582476800454,30.177818888850236,4.211236412049783
0.00297109375,37.00538657052594,2.2641140145898375,28.25453226848779,25.990418253897953
0.002971875,37.45892731577252,0.00012993951547021318,26.2037621158382,26.203632176322728
0.00297265625,37.880834698891455,7.457309758270844e-09,23.908823294313166,23.908823286855856
0.0029734375,38.25641349868819,3.979439168275666e-13,21.401943969380184,21.401943969379786
0.00297421875,38.587031029743706,-2.5317354266316642e-14,18.723311623830615,18.72331162383064
0.002975,38.87138447902106,-3.24033672751122e-14,15.913694091129125,15.913694091129157
0.00297578125,39.10826713546123,-2.9948898482327636e-14,13.013900888952689,13.013900888952719
0.0029765625,39.29716422275059,-2.638606757857119e-14,10.064264664375438,10.064264664375465
0.00297734375,39.438882511821205,-2.8475987677241295e-14,7.104149323283593,7.104149323283622
0.002978125,39.538733472055924,-3.253314978849585e-14,4.17149157378437,4.171491573784403
0.00297890625,39.70642810497499,-2.5364534730013784e-14,1.3024391706735021,1.3024391706735274
0.0029796875,39.12867702845615,26.69864700868274,-1.2598978974336035,-27.958544906116344
0.00298046875,38.66071829044132,26.765009201430683,-3.445672342096575,-30.210681543527258
0.00298125,38.14766931742345,26.826147393216935,-5.161713360776709,-31.987860753993644
0.00298203125,37.60733016837126,26.887244887813235,-6.404121018207245,-33.29136590602048
0.0029828125,37.04933449882778,26.948301890687574,-7.175172877280183,-34.12347476796776
0.00298359375,36.48210762646189,27.009318309906313,-7.483031330167712,-34.492349640074025
0.002984375,35.91371565912696,27.07029405357975,-7.34140605328038,-34.41170010686013
0.00298515625,35.3522606663086,27.131229029879584,-6.769159777570877,-33.90038880745046
0.0029859375,34.8071530058496,27.192123147038767,-5.789863838944395,-32.98198698598316
0.00298671875,34.30172979877094,27.25297631335195,-4.431304537593935,-31.684280850945886
0.0029875,33.45017756189798,55.806064196076306,-2.6133586357331,-58.419422831809406
0.00298828125,32.5846365890261,56.55884827074013,-0.27010990405798196,-56.82895817479811
0.0029890625,31.682977608041302,56.560131060674756,2.6981908971236166,-53.86194016355114
0.00298984375,30.830638361709244,56.56128554763592,6.231337040023696,-50.32994850761222
0.002990625,30.040393164393425,56.56235485184827,10.262145003165088,-46.30020984868318
0.00299140625,29.3209151728966,56.56333897417629,14.719787632093684,-41.843551342082606
0.0029921875,28.679129872081205,56.56423791313802,19.5308378444645,-37.03340006867352
0.00299296875,28.120730994335226,56.565051667379706,24.62030277321824,-31.944748894161467
0.00299375,27.650625919924906,56.56578023567582,29.91263668196109,-26.653143553714727
0.00299453125,27.274311272575552,56.56642361692916,35.33272126053055,-21.233702356398606
0.0029953125,27.00684056458186,56.566981810170816,40.80680634851002,-15.760175461660793
0.00299609375,27.505977062408455,56.567454814560136,46.263755706349606,-10.30369910821053
0.002996875,27.505795614168978,0.0032464565055373477,51.106177277879084,51.10293082137355
0.00299765625,28.42818818323536,1.8631702410681847e-07,55.272755688657035,55.27275550234001
0.0029984375,29.390437196261146,1.069289960078334e-11,58.573405214322555,58.57340521431186
0.00299921875,30.393776871041418,6.136750112908665e-16,61.00066177161613,61.00066177161613
0.003,31.427076675922173,3.5219354295186347e-20,62.55843019943839,62.55843019943839
0.00300078125,32.47754447330305,2.0212700438309707e-24,63.26147959050518,63.26147959050518
0.0030015625,33.532775846081215,1.1600248419792438e-28,63.13482591225414,63.13482591225414
0.00300234375,34.58290907869058,6.657485664105062e-33,62.21300943915976,62.21300943915976
0.003003125,35.63304993793381,3.820790190332619e-37,60.53928663385253,60.53928663385253
0.00300390625,35.34852752521704,39.87879011106837,58.28965799302614,18.41086788195777
0.0030046875,36.377262054390215,56.56607750673578,55.76909348903141,-0.7969840177043701
0.00300546875,36.365837773848085,56.56648595091644,53.309990213434524,-3.256495737481916
0.00300625,36.298373553533935,56.5658515370672,50.98975531012921,-5.576096226937992
0.00300703125,36.18968133068514,56.565131881106296,48.83228533205545,-7.732846549050845
0.0030078125,36.04538891571435,56.564327039075856,46.858456543041605,-9.705870496034251
0.00300859375,35.869761281594954,56.563437012191145,45.085987074731705,-11.477449937459438
0.003009375,35.66693567387089,56.562461801792516,43.52933840883401,-13.033123392958505
0.00301015625,35.44140624318789,56.56140140934862,42.199661661651355,-14.361739747697266
0.0030109375,35.199044225933406,56.56025583645638,41.104788310699185,-15.455467525757195
0.00301171875,34.95528634383501,56.55902508484102,40.24926788058852,-16.3097572042525
0.0030125,34.729134161316885,31.616784556512883,39.54855943453174,7.93177487801886
0.00301328125,34.899566642689564,29.29710411654623,38.90753482389571,9.61043070734948
0.0030140625,35.06248873162101,29.356330179153836,38.17711929119774,8.820789112043906
0.00301484375,35.20493397421301,29.4156485617493,37.363987479179485,7.948338917430184
0.003015625,35.33037265923832,29.474922652745192,36.48248236088589,7.007559708140699
0.00301640625,35.438979611172584,29.534152355040685,35.547242168353684,6.013089813312996
0.0030171875,35.53050942325239,29.593337579436483,34.57300425250621,4.979666673069724
0.00301796875,35.60483070766468,29.652478236800697,33.57441465194385,3.9219364151431506
0.00301875,35.66218843706099,29.711574238068575,32.56584624278929,2.8542720047207126
0.00301953125,35.703726418240734,29.770625494242594,31.56122774066053,1.7906022464179359
0.0030203125,35.73420789205348,29.82963191639264,30.573886499618997,0.7442545832263563
0.00302109375,35.816576222617776,29.88859341565611,29.61643796392424,-0.2721554517318701
0.003021875,36.02945039269033,0.019717494080864196,28.503781999874064,28.4840645057932
0.00302265625,36.51393535303049,1.1316044785268308e-06,27.17242546336908,27.172424331764603
0.0030234375,36.9558356237322,6.490679597901227e-11,25.549568241932676,25.549568241867767
0.00302421875,37.36474480185159,-3.072123808002952e-14,23.667299648824237,23.66729964882427
0.003025,37.739145723441275,-4.0104314058541e-14,21.559774174730325,21.559774174730364
0.00302578125,38.07665697399474,-3.4087530043305926e-14,19.26264487763418,19.262644877634216
0.0030265625,38.37553425621788,-3.5799772033486766e-14,16.812552832611235,16.81255283261127
0.00302734375,38.636288161239236,-3.408825743697194e-14,14.246624494912163,14.246624494912197
0.003028125,38.87495611378365,-3.4038041489016975e-14,11.601990233815583,11.601990233815616
0.00302890625,38.68214041519962,29.693717057826817,9.031609789752785,-20.66210726807403
0.0030296875,38.397051111469935,30.53413477058531,6.676699331081636,-23.857435439503675
0.00303046875,37.991075850169906,30.592595165847868,4.715428355231236,-25.877166810616632
0.00303125,37.549585286893574,30.6509646146286,3.16006890152115,-27.49089571310745
0.00303203125,37.08352069609556,30.709287901035154,2.0149646729071264,-28.694323228128027
0.0030328125,36.60070785899017,30.76756493980897,1.2790848691709265,-29.488480070638044
0.00303359375,36.10821344050753,30.825795643186012,0.9462519883205225,-29.87954365486549
0.003034375,35.61268981228294,30.88397992347191,1.0054246316090492,-29.87855529186286
0.00303515625,35.12036023969301,30.94211769304218,1.4410305317165815,-29.5010871613256
0.0030359375,34.63678776621048,31.000208864342397,2.233343656171858,-28.76686520817054
0.00303671875,34.16593553526081,31.05825334988831,3.358898544264502,-27.69935480562381
0.0030375,33.702529439082596,31.116251062265967,4.790931373968881,-26.325319688297085
0.00303828125,33.23756396313713,54.26376593276205,6.579356446196407,-47.68440948656564
0.0030390625,32.428240592837476,56.462182636555326,8.778646912203072,-47.683535724352254
0.00303984375,31.656157346005898,56.45801409244541,11.488625466877473,-44.96938862556794
0.003040625,30.940120707841533,56.453634120141665,14.66099283889237,-41.792641281249296
0.00304140625,30.283055891783814,56.449169122430774,18.237130608400903,-38.21203851402987
0.0030421875,29.69031127794585,56.44461911329094,22.155629896754668,-34.28898921653627
0.00304296875,29.167171425566377,56.43998409957479,26.35317954867236,-30.086804550902425
0.00304375,28.719023240540068,56.435264088262564,30.76544422661172,-25.669819861650844
0.00304453125,28.354345236706866,56.43045908646254,35.32792235826438,-21.10253672819816
0.0030453125,28.121450826210744,56.42556910141094,39.97679345188943,-16.448775649521515
0.00304609375,28.1500288368674,0.4274431472366182,44.39165346642205,43.96421031918543
0.003046875,28.99310722817731,2.4531342105505118e-05,48.31878382848943,48.318759297147324
0.00304765625,29.842518748159428,1.4078755254068896e-09,51.478837208116786,51.47883720670891
0.0030484375,30.72686744160697,8.079922763764793e-14,53.860994593097125,53.86099459309705
0.00304921875,31.63945712462619,4.637139483587262e-18,55.465943332608326,55.465943332608326
0.00305,32.56904501109824,2.6612955617195416e-22,56.30419170780286,56.30419170780286
0.00305078125,33.50347496649179,1.5273411748548822e-26,56.39554768455555,56.39554768455555
0.0030515625,34.43033712419188,8.765546743330604e-31,55.7684989907103,55.7684989907103
0.00305234375,35.33667109762603,5.030625178870995e-35,54.45950724322233,54.45950724322233
0.003053125,36.206049298023494,2.887120499305554e-39,52.51222740985927,52.51222740985927
0.00305390625,36.981978605458586,1.6569441135308452e-43,49.976645808277446,49.976645808277446
0.0030546875,37.52652255535171,55.93327375629136,47.165966115360845,-8.767307640930513
0.00305546875,37.278807094617704,56.354244839904254,44.333492807381184,-12.020752032523072
0.00305625,37.03777006033447,56.348190424694664,41.76458449586228,-14.583605928832384
0.00305703125,36.766631224132546,56.342026647626426,39.482474866425534,-16.859551781200896
0.0030578125,36.46414896022031,56.335778019078035,37.50462304248789,-18.831154976590145
0.00305859375,36.13402005967972,56.329444549865975,35.843940236499925,-20.48550431336605
0.003059375,35.78145308721232,56.323026249528425,34.508804949147496,-21.81422130038093
0.00306015625,35.41322179628161,56.316523127731216,33.50313683385119,-22.81338629388003
0.0030609375,35.044414323198595,56.30993519426794,32.82652830808966,-23.483406886178287
0.00306171875,34.69312834075657,34.929690047219914,32.40082375504944,-2.528866292170477
0.0030625,34.685903107850095,32.947079301725296,32.13758481039743,-0.8094944913278653
0.00306328125,34.67802207956255,33.00336790439663,31.90103792802215,-1.1023299763744832
0.0030640625,34.65992236605846,33.05972382168561,31.687936925136214,-1.371786896549395
0.00306484375,34.63596855955525,33.116029958343674,31.5007680446857,-1.6152619136579744
0.003065625,34.607509963118154,33.17228622285951,31.34158827257111,-1.830697950288402
0.00306640625,34.575307993652586,33.228492530511765,31.212017238225158,-2.0164752922866085
0.0030671875,34.53992866724379,33.28464879665475,31.113234257174785,-2.171414539479966
0.00306796875,34.5018102423286,33.34075493671821,31.045980896610367,-2.294774040107845
0.00306875,34.461196346093274,33.39681086620727,31.010568909315385,-2.3862419568918827
0.00306953125,34.41782350185486,33.45281650070274,31.006893148467153,-2.4459233522355848
0.0030703125,34.36944405773492,33.50877175586108,31.034448526344693,-2.4743232295163895
0.00307109375,34.297277846330296,33.56467654741475,31.092343126108062,-2.472333421306687
0.003071875,34.652495661496935,0.862780065247786,31.051027222408532,30.188247157160745
0.00307265625,35.06098579253214,4.951571469426204e-05,30.792619277151278,30.792569761436585
0.0030734375,35.55504906140979,2.8417196257501278e-09,30.156731085654496,30.156731082812776
0.00307421875,36.04190642363434,1.2241045209103056e-13,29.163869511070125,29.163869511070004
0.003075,36.51153324427017,-4.061432902279159e-14,27.840785073852995,27.840785073853034
0.00307578125,36.958106512826504,-3.550397930906801e-14,26.217354009894546,26.21735400989458
0.0030765625,37.378005735575336,-4.0843663534331276e-14,24.326074391019322,24.32607439101936
0.00307734375,37.773391997364534,-3.390562333004302e-14,22.20155243060393,22.201552430603964
0.003078125,38.27981302381309,-3.7039505885750367e-14,19.880059901780292,19.880059901780328
0.00307890625,37.85301736217414,34.11430234907219,17.66628687414148,-16.44801547493071
0.0030796875,37.581571194461375,34.17627425199355,15.647167762966415,-18.529106489027132
0.00308046875,37.2627451641751,34.23156731558011,13.94309536618681,-20.288471949393298
0.00308125,36.91452001838358,34.28680844669425,12.563889239149777,-21.722919207544475
0.00308203125,36.54451442994083,34.34199794247271,11.514836492374762,-22.827161450097947
0.0030828125,36.15888703164641,34.39713571982287,10.796828438607836,-23.600307281215034
0.00308359375,35.7633545819825,34.452221695708246,10.406524353466065,-24.045697342242182
0.003084375,35.36337254088494,34.50725578717039,10.336561927737119,-24.170693859433275
0.00308515625,34.964132989840074,34.56223791132895,10.575810236196311,-23.98642767513264
0.0030859375,34.57048321717741,34.61716798538185,11.109660382023733,-23.507507603358114
0.00308671875,34.186714129742896,34.672045926605335,11.920348602738681,-22.751697323866654
0.0030875,33.815770667780974,34.72687165235426,12.987306173107847,-21.739565479246416
0.00308828125,33.45285914653586,34.781645080062056,14.287527440899972,-20.494117639162084
0.0030890625,33.09011543995858,54.17150387236332,15.86253688389882,-38.3089669884645
0.00308984375,32.44015440588611,56.006554341672214,17.75791760044283,-38.24863674122938
0.003090625,31.822321970427808,55.99685795527041,20.057494160937026,-35.93936379433338
0.00309140625,31.252115906238977,55.98697137179158,22.721290681649457,-33.265680690142126
0.0030921875,30.731890305114007,55.97700046686989,25.70096177632182,-30.27603869054807
0.00309296875,30.26646836027893,55.96694526159677,28.946077904438656,-27.020867357158114
0.00309375,29.862219059235557,55.95680577111552,32.40484723070665,-23.551958540408865
0.00309453125,29.535495533493055,55.94658201069605,36.0248314631761,-19.921750547519952
0.0030953125,29.938556752563215,55.93627399573512,39.7539973261199,-16.18227666961522
0.00309609375,29.82166824034099,0.003210232477389674,43.01766557424227,43.01445534176488
0.003096875,30.593204663409512,1.8423809493769992e-07,45.76884036188895,45.76884017765085
0.00309765625,31.382852893621077,1.0573588008141217e-11,47.83072254153339,47.83072254152282
0.0030984375,32.194508527944784,6.068276129522139e-16,49.20453739914693,49.20453739914693
0.00309921875,33.01983687678712,3.4826376018977916e-20,49.900185245909995,49.900185245909995
0.0031,33.84866461788619,1.9987166713040643e-24,49.93576763628851,49.93576763628851
0.00310078125,34.670529041471475,1.1470812610453289e-28,49.337033166669464,49.337033166669464
0.0031015625,35.475049220924625,6.5832013027782e-33,48.13674772430821,48.13674772430821
0.00310234375,36.25182239574041,3.7781577351726955e-37,46.37400052409369,46.37400052409369
0.003103125,36.98925771784587,2.1683183021945937e-41,44.09345689579191,44.09345689579191
0.00310390625,37.66587285246387,1.2444171443300374e-45,41.34456533774882,41.34456533774882
0.0031046875,37.625809434552245,7.141820587573262e-50,38.18038053660927,38.18038053660927
0.00310546875,38.110865484809544,55.79140711773385,35.179216559196554,-20.612190558537293
0.00310625,37.71105780965472,55.78312379967105,32.39655182797737,-23.386571971693684
0.00310703125,37.28999243171659,55.77155408422847,30.02073033116038,-25.75082375306809
0.0031078125,36.83940702160551,55.7599001940454,28.065570119165937,-27.694330074879463
0.00310859375,36.36374196493027,55.74816233044979,26.539005395161354,-29.209156935288433
0.003109375,35.870480132405895,55.7363405111292,25.443223874325213,-30.293116636803987
0.00311015625,35.37440549381294,55.72443475388707,24.774870025766795,-30.949564728120272
0.0031109375,34.89283144474361,38.03391626680259,24.46443288697285,-13.569483379829741
0.00311171875,34.698180230008695,36.400219860399865,24.43225609816931,-11.967963762230553
0.0031125,34.5074804721409,36.45323472003131,24.558003038734363,-11.895231681296949
0.00311328125,34.31497023194062,36.50629148675476,24.829604074681598,-11.676687412073163
0.0031140625,34.12626190993604,36.55929328121866,25.23850139210265,-11.320791889116007
0.00311484375,33.94430603563816,36.6122400180479,25.77473498048684,-10.837505037561057
0.003115625,33.77139187828988,36.66513161750535,26.427125303295178,-10.238006314210175
0.00311640625,33.60947883366,36.717967999937166,27.183463583753046,-9.534504416184118
0.0031171875,33.4602869393993,36.77074908577279,28.030707453539378,-8.740041632233412
0.00311796875,33.3253465572356,36.82347479552482,28.955179378857892,-7.868295416666927
0.00311875,33.20607683030169,36.87614504978926,29.942765278614864,-6.933379771174393
0.00311953125,33.104007136559424,36.92875976924569,30.979110880105985,-5.949648889139701
0.0031203125,33.02164866446849,36.98131887465729,32.049813729643134,-4.931505145014153
0.00312109375,32.968351034989546,37.033822286871,33.14061131817649,-3.893210968694511
0.003121875,33.37546403871516,37.086269926817614,34.23779585767332,-2.848474069144294
0.00312265625,33.41400618591454,0.0021284139910963664,34.980804192041056,34.97867577804996
0.0031234375,34.01740278519072,1.2215152959450853e-07,35.35854802097854,35.35854789882701
0.00312421875,34.60837208664174,6.972904688898251e-12,35.273150091435994,35.273150091429024
0.003125,35.18928988077962,-4.0581267000494756e-14,34.74407487766521,34.744074877665255
0.00312578125,35.754259682483976,-3.248910420673013e-14,33.7956391852962,33.79563918529624
0.0031265625,36.29467429858361,-4.694001158387297e-14,32.45650789849918,32.45650789849923
0.00312734375,36.78900370951451,-3.760817323017979e-14,30.759151527216293,30.759151527216332
0.003128125,37.210732046248005,34.24069231908052,28.85718372596596,-5.383508593114562
0.00312890625,37.03987502019418,37.555588654983524,26.917920774085097,-10.637667880898427
0.0031296875,36.83106862367363,37.6076615058318,25.181104197545302,-12.426557308286496
0.00313046875,36.6038060794775,37.6594904671278,23.670809655928583,-13.98868081119922
0.00313125,36.35559523698805,37.71126270316513,22.3978419759342,-15.313420727230932
0.00313203125,36.08895812608534,37.76297814672174,21.36957045157663,-16.39340769514511
0.0031328125,35.807463069371885,37.81463671991571,20.589970300934713,-17.224666418981
0.00313359375,35.515001322630745,37.866238344950176,20.059706643272605,-17.80653170167757
0.003134375,35.21555028962005,37.91778294411402,19.776257354203793,-18.14152558991023
0.00313515625,34.913052769600945,37.96927043978201,19.734071501456487,-18.23519893832552
0.0031359375,34.611326976496,38.02070075441489,19.924759894371384,-18.095940860043505
0.00313671875,34.31396758435812,38.07207381055958,20.33731403417223,-17.73475977638735
0.0031375,34.024163396571545,38.12338953084911,20.95834951659494,-17.16504001425417
0.00313828125,33.7440626270386,38.174647838003,21.77236960087921,-16.402278237123788
0.0031390625,33.46966481106423,38.225848654827146,22.762042271385194,-15.463806383441952
0.00313984375,33.19462472249247,53.73474347344145,23.961720505420388,-29.77302296802106
0.003140625,32.68918535806511,55.19475788570993,25.40899569602834,-29.78576218968159
0.00314140625,32.208904638379806,55.17959532022969,27.172051928728543,-28.007543391501144
0.0031421875,31.766640513891936,55.16426499832876,29.220084754820494,-25.944180243508267
0.00314296875,31.36589006528576,55.148851595183146,31.515630896581495,-23.63322069860165
0.00314375,31.01800323191318,55.13335513886342,34.019580809813135,-21.11377432905029
0.00314453125,30.840924012458142,55.117775652707216,36.69180259032565,-18.42597306238157
0.0031453125,30.97952772882654,0.036340684466963306,39.129285664563426,39.09294498009646
0.00314609375,31.693454197514868,2.0856241789596314e-06,41.15553293186596,41.15553084624178
0.003146875,32.40237382764945,1.196958252070181e-10,42.579821945665046,42.57982194554535
0.00314765625,33.12215178553592,6.869449787034875e-15,43.40790213912738,43.40790213912737
0.0031484375,33.84721057164213,3.9424382842908594e-19,43.652945223563364,43.652945223563364
0.00314921875,34.56929999535833,2.262600369359588e-23,43.33498814192434,43.33498814192434
0.00315,35.27978419640908,1.2985264605979705e-27,42.48040776425586,42.48040776425586
0.00315078125,35.970206045293,7.452358762543429e-32,41.12133517910698,41.12133517910698
0.0031515625,36.63247405612194,4.2769749258773505e-36,39.29502010233429,39.29502010233429
0.00315234375,37.258857181878575,2.4545939211252465e-40,37.04315553307348,37.04315553307348
0.003153125,37.8416304959228,1.4087132662787538e-44,34.411172691258315,34.411172691258315
0.00315390625,38.37120162481826,8.084730633081758e-49,31.447515620173636,31.447515620173636
0.0031546875,38.81969415614378,4.6398987625177e-53,28.20289725142235,28.20289725142235
0.00315546875,39.15254796049986,50.11297377286297,24.902121752874248,-25.210852019988724
0.00315625,38.612931670985375,54.873861818964144,21.786443688229646,-33.0874181307345
0.00315703125,38.01747675820871,54.85723132826119,19.19995547871551,-35.657275849545684
0.0031578125,37.39880216073893,54.8402440422672,17.16804354736165,-37.67220049490555
0.00315859375,36.75786840933574,54.82317415212123,15.694229777777643,-39.12894437434359
0.003159375,36.108054737787384,54.806021699264875,14.774827971251952,-40.03119372801292
0.00316015625,35.465859146273054,40.91091774108028,14.351486741478418,-26.559430999601865
0.0031609375,35.04833649849078,39.6358958112017,14.35540240544805,-25.28049340575365
0.00316171875,34.63643814187848,39.68532020290244,14.683483839467648,-25.00183636343479
0.0031625,34.22876550603145,39.73476084380534,15.3155007845832,-24.41926005922214
0.00316328125,33.83267955876382,39.78414164923906,16.232006587741008,-23.552135061498053
0.0031640625,33.4532289578136,39.833462540474684,17.410719193760603,-22.422743346714082
0.00316484375,33.09468336062972,39.88272344323559,18.826916702992325,-21.055806740243266
0.003165625,32.76075963916353,39.93192428333576,20.45384768711536,-19.4780765962204
0.00316640625,32.45465685597397,39.981064986679634,22.26315083576866,-17.717914150910975
0.0031671875,32.17904607278479,40.03014547926216,24.225278322039056,-15.804867157223104
0.00316796875,31.936039981162185,40.07916568716906,26.309917386001608,-13.76924830116745
0.00316875,31.72713128422799,40.12812553657672,28.48640485600422,-11.641720680572496
0.00316953125,31.55303572880866,40.17702495375252,30.72412959393978,-9.452895359812741
0.0031703125,31.413152529436417,40.225863865054805,32.99291806381183,-7.23294580124298
0.00317109375,31.302736155529693,40.2746421969331,35.26339761414734,-5.0112445827857615
0.003171875,31.17086338634693,40.32335987592812,37.50731036871081,-2.8160495072173095
0.00317265625,31.73940085702361,0.09016336392027012,39.47702172593894,39.38685836201867
0.0031734375,32.36143387283004,5.174555556865767e-06,41.020212452733624,41.02020727817807
0.00317421875,33.03966746356481,2.969311932430282e-10,41.98252481319117,41.98252481289424
0.003175,33.732771952660826,-2.4376292694492016e-14,42.37454172586739,42.37454172586741
0.00317578125,34.42661543487716,-3.748155439321561e-14,42.21392820309029,42.213928203090326
0.0031765625,35.10712722623183,-4.2184109051091115e-14,41.52465190318049,41.52465190318053
0.00317734375,35.73186279923378,-4.06798093275105e-14,40.336411363419856,40.3364113634199
0.003178125,36.199404406258196,40.402678932742134,38.870211076722875,-1.5324678560192582
0.00317890625,36.10306903704809,40.759059842055485,37.30531464238248,-3.4537451996730058
0.0031796875,36.01786381600455,40.807184660689956,35.84550991897177,-4.961674741718183
0.00318046875,35.91571902707999,40.85523033687363,34.50661292385908,-6.348617413014548
0.00318125,35.79420092047311,40.9032144848036,33.30140067476823,-7.60181381003537
0.00318203125,35.65438610542062,40.95113703323173,32.24044960071452,-8.71068743251721
0.0031828125,35.498263062927286,40.99899790998756,31.33208753857209,-9.666910371415467
0.00318359375,35.328185493158585,41.046797042993475,30.582377160682018,-10.464419882311457
0.003184375,35.146683868225196,41.09453436026487,29.99512896096263,-11.099405399302242
0.00318515625,34.95636993477043,41.142209789910154,29.571942320102693,-11.570267469807462
0.0031859375,34.75987011663917,41.189823260131035,29.31227298001381,-11.877550280117228
0.00318671875,34.559764667517285,41.23737469922247,29.213525010953305,-12.023849688269165
0.0031875,34.35851246141045,41.284864035572824,29.27116512123457,-12.013698914338253
0.00318828125,34.158307519875954,41.3322911976641,29.47885694020413,-11.85343425745997
0.0031890625,33.96059042313048,41.37965611407177,29.828612606673673,-11.551043507398099
0.00318984375,33.76221866878211,41.426958713465154,30.310957167440527,-11.116001546024627
0.003190625,33.55829242373748,52.95626227069651,30.954645891367917,-22.001616379328595
0.00319140625,33.17765306004703,54.0319558082014,31.790539011848693,-22.24141679635271
0.0031921875,32.808903694749894,54.01142348848312,32.87194566005029,-21.13947782843283
0.00319296875,32.456765534402415,53.990746919830926,34.1783223592805,-19.812424560550422
0.00319375,32.09154979120421,53.96998903847921,35.683899367213726,-18.286089671265483
0.00319453125,32.438744656654855,1.3855228505155823,37.15550582985571,35.76998297934013
0.0031953125,32.898738297997994,7.951638775993138e-05,38.3787457233307,38.378666206942945
0.00319609375,33.523863364012506,4.563516162894679e-09,39.07108470716024,39.07108470259672
0.003196875,34.16590023812612,2.619042483654558e-13,39.240748370148545,39.24074837014828
0.00319765625,34.80893695157902,1.5030917578336066e-17,38.906328307058914,38.906328307058914
0.0031984375,35.44295311330518,8.626377183904103e-22,38.09207025331555,38.09207025331555
0.00319921875,36.059554273827914,4.950754531861322e-26,36.827339842919066,36.827339842919066
0.0032,36.65124135965487,2.8412820251447384e-30,35.146046763312256,35.146046763312256
0.00320078125,37.21123968358986,1.6306370058253418e-34,33.08603447688011,33.08603447688011
0.0032015625,37.73344781354608,9.358370697578267e-39,30.688444376310784,30.688444376310784
0.00320234375,38.212384857738776,5.37085211487419e-43,27.997063380375774,27.997063380375774
0.003203125,38.643031693319024,3.082379761608852e-47,25.057663833422758,25.057663833422758
0.00320390625,39.020243336873754,1.7690051395128385e-51,21.9173441797446,21.9173441797446
0.0032046875,39.33579876543729,1.0152477714132972e-55,18.623877529800893,18.623877529800893
0.00320546875,39.5434499231043,5.826597189217416e-60,15.225057315825536,15.225057315825536
0.00320625,39.51955658798755,53.220487596113315,12.013365328289282,-41.20712226782403
0.00320703125,38.737984539271864,53.60467221024507,9.218721239731764,-44.385950970513306
0.0032078125,37.96691856011901,53.58247954840017,7.096382700346794,-46.48609684805338
0.00320859375,37.18264871658182,53.560182874589415,5.647439239973593,-47.91274363461582
0.003209375,36.396096796137265,43.543506497017276,4.828830742382131,-38.714675754635145
0.00321015625,35.766654615927926,42.634776364247,4.586663495337,-38.04811286891
0.0032109375,35.140276063715554,42.680315013537864,4.839174931293009,-37.841140082244856
0.00321171875,34.519969615157166,42.72584415706407,5.561346011557461,-37.164498145506606
0.0032125,33.91497000518182,42.771308959384385,6.725959535718296,-36.04534942366609
0.00321328125,33.332655829812815,42.81670934888657,8.301269572664111,-34.51543977622246
0.0032140625,32.779594523126626,42.862045257198254,10.251583998602214,-32.61046125859604
0.00321484375,32.26166563314627,42.9073166160444,12.537873601791492,-30.369443014252905
0.003215625,31.784060504065877,42.952523357247166,15.11839923498998,-27.834124122257187
0.00321640625,31.351264146675813,42.99766541272598,17.94934840663232,-25.048317006093658
0.0032171875,30.967044067563616,43.04274271449775,20.985472881229057,-22.05726983326869
0.00321796875,30.63445880865445,43.08775519467686,24.180719175312525,-18.907036019364334
0.00321875,30.35590677525923,43.13270278547534,27.48884425270213,-15.643858532773207
0.00321953125,30.13327697777298,43.17758541920291,30.864009241756612,-12.313576177446302
0.0032203125,29.96845487555103,43.22240302826716,34.26134468032508,-8.961058347942082
0.00322109375,29.865743940975733,43.267155545173566,37.637482230560664,-5.629673314612903
0.003221875,29.860154675211227,43.31184290252567,40.951062604836785,-2.360780297688883
0.00322265625,30.049648537998106,0.3282856345787563,43.964899958193044,43.63661432361429
0.0032234375,30.85751660697846,1.884060428834006e-05,46.49392460335085,46.49390576274656
0.00322421875,31.661829076312053,1.0812411083514949e-09,48.33421522438158,48.33421522330034
0.003225,32.48359622532559,1.9427548076601232e-14,49.488852433991916,49.488852433991894
0.00322578125,33.317804546839255,-3.570505589506221e-14,49.97042049178037,49.9704204917804
0.0032265625,34.160141811239804,-3.645254678090278e-14,49.79953553396471,49.79953553396474
0.00322734375,35.05532888772384,-4.246563484685249e-14,49.0042956241638,49.004295624163845
0.003228125,35.21195425013178,43.56945407157647,47.85846061403654,4.289006542460065
0.00322890625,35.31924255621644,43.711080269427924,46.540607695490394,2.8295274260624668
0.0032296875,35.36386254636193,43.75511794330419,45.2389672101077,1.4838492668035117
0.00323046875,35.380216127847575,43.79908412584937,43.970250169258236,0.17116604340886854
0.00323125,35.37304730860519,43.842984347444215,42.74978925699524,-1.0931950904489696
0.00323203125,35.34446568622047,43.88681854229694,41.59169457221788,-2.2951239700790587
0.0032328125,35.29609871538498,43.93058664439407,40.508724484171225,-3.421862160222846
0.00323359375,35.2295278908678,43.97428858782163,39.512177827400244,-4.462110760421388
0.003234375,35.14640313794632,44.01792430676528,38.61180870309951,-5.406115603665764
0.00323515625,35.04846905023716,44.061493735510425,37.815764193786706,-6.245729541723721
0.0032359375,34.93756086194953,44.104996808442294,37.13054490217321,-6.974451906269083
0.00323671875,34.815588935985296,44.148433460046036,36.56098791842454,-7.5874455416215
0.0032375,34.684520606594575,44.19180362490685,36.110271546203585,-8.081532078703267
0.00323828125,34.54636977115303,44.23510723771005,35.77994086997737,-8.455166367732671
0.0032390625,34.40322919355095,44.27834423324118,35.56995303376393,-8.708391199477246
0.00323984375,34.25755790974119,44.321514546386084,35.478741007439716,-8.842773538946368
0.003240625,34.115570521441036,44.36461811213106,35.503296095315605,-8.86132201681546
0.00324140625,33.86910909577343,52.341539959937464,35.67034675949691,-16.67119320044056
0.0032421875,33.608256056472555,52.525571560132164,36.00200358271419,-16.523567977417976
0.00324296875,33.31106094450197,52.49977133528219,36.529250061706,-15.970521273576189
0.00324375,34.228739231282894,15.481939551222327,37.12203194157804,21.640092390355708
0.00324453125,33.898584330492604,0.0008885222702553816,37.53480418312654,37.53391566085628
0.0032453125,34.497155710276715,5.0993082754766805e-08,37.50063937389977,37.50063932290669
0.00324609375,35.105642638243815,2.9265383388613442e-12,36.99254486302711,36.992544863024186
0.003246875,35.70515449748401,1.6795663619738114e-16,36.03576324087908,36.03576324087908
0.00324765625,36.286120388370534,9.639180621059332e-21,34.660229181488155,34.660229181488155
0.0032484375,36.84109527931917,5.532011425628594e-25,32.89999745179193,32.89999745179193
0.00324921875,37.3636959833034,3.1748705223372056e-29,30.792647152240136,30.792647152240136
0.00325,37.84835824852535,1.8220864090967363e-33,28.37866537743856,28.37866537743856
0.00325078125,38.29027162551007,1.0457115837816895e-37,25.700818584345008,25.700818584345008
0.0032515625,38.68535457756404,6.00143171583886e-42,22.803520049399975,22.803520049399975
0.00325234375,39.03022222499288,3.4442749988122714e-46,19.73220156024162,19.73220156024162
0.003253125,39.32210432333747,1.9767000324496892e-50,16.532697111668835,16.532697111668835
0.00325390625,39.558606300425076,1.1344457163362438e-54,13.250645873808075,13.250645873808075
0.0032546875,39.736852896822626,6.510684788722031e-59,9.930920946992362,9.930920946992362
0.00325546875,39.8487389497634,3.736539863272977e-63,6.6170880684288225,6.6170880684288225
0.00325625,39.7859303053469,2.1444334356368925e-67,3.350845296645028,3.350845296645028
0.00325703125,39.41466600688469,51.987353706288566,0.5137308785575456,-51.47362282773102
0.0032578125,38.49110992934724,51.99435928342032,-1.729334508663527,-53.72369379208385
0.00325859375,37.72147514890698,47.29583832041687,-3.21721726674442,-50.51305558716129
0.003259375,36.78190275655713,45.37902460116822,-3.99062975746876,-49.36965435863698
0.00326015625,35.95504057682525,45.42032625983046,-4.1018359129977,-49.52216217282816
0.0032609375,35.13513292619712,45.46167189820609,-3.5808998686595572,-49.04257176686565
0.00326171875,34.330426849607385,45.50294907857513,-2.4589927289891946,-47.96194180756432
0.0032625,33.54996035222191,45.54415773232555,-0.7736650887771859,-46.31782282110274
0.00326328125,32.80239917334966,45.585297797397516,1.4318812299845547,-44.15341656741296
0.0032640625,32.09575178542833,45.62636921183483,4.109564935476925,-41.5168042763579
0.00326484375,31.437233440063928,45.66737191378466,7.207228307292134,-38.46014360649253
0.003265625,30.83317936385093,45.708305841497705,10.669460048349073,-35.03884579314863
0.00326640625,30.28898235620436,45.74917093332821,14.438426718486948,-31.31074421484126
0.0032671875,29.80904461736193,45.78996712773406,18.45470186544653,-27.33526526228753
0.00326796875,29.396734415065602,45.83069436327692,22.65808243033238,-23.172611932944537
0.00326875,29.054328735465084,45.87135257862236,26.988382573673974,-18.882970004948383
0.00326953125,28.78288570598922,45.911941712539786,31.386195722206473,-14.525745990333313
0.0032703125,28.581825002528678,45.952461703902756,35.79361630122753,-10.158845402675226
0.00327109375,28.44693645105619,45.99291249168883,40.15491280593803,-5.837999685750797
0.003271875,28.350490232548363,46.03329401497987,44.41713530852347,-1.6161587064564007
0.00327265625,28.907939936465848,1.182703468892312,48.354853846115525,47.17215037722321
0.0032734375,29.602847100690497,6.787640315282624e-05,51.763127514820034,51.763059638416884
0.00327421875,30.475218948940377,3.895443433711421e-09,54.38353654646575,54.383536542570305
0.003275,31.393587657192754,1.824495827795308e-13,56.21066552429942,56.21066552429924
0.00327578125,32.34055416651332,-3.7599285709012835e-14,57.25284154847334,57.25284154847338
0.0032765625,33.31045000318069,-4.306496193641467e-14,57.52801690913379,57.52801690913383
0.00327734375,34.47938238637717,-4.39784764970788e-14,57.063265809233535,57.06326580923358
0.003278125,34.420090811770535,46.344834947651,56.25726068407937,9.912425736428368
0.00327890625,34.60407646378068,46.39360030541601,55.219314431410055,8.825714125994043
0.0032796875,34.74761007585369,46.433286373340344,54.11073090486809,7.677444531527749
0.00328046875,34.86688181776952,46.47290199651582,52.948902287166504,6.476000290650678
0.00328125,34.96414245997372,46.512447632311094,51.75117101022488,5.238723377913782
0.00328203125,35.03990035631683,46.551923221200795,50.53464421858216,3.9827209973813646
0.0032828125,35.0944002811567,46.591328703735435,49.31598707619985,2.7246583724644213
0.00328359375,35.12796385710849,46.63066402057103,48.11122927692878,1.4805652563577518
0.003284375,35.14109017596884,46.66992911246932,46.935587162344866,0.2656580498755487
0.00328515625,35.13448600557426,46.7091239202978,45.80330317243938,-0.9058207478584208
0.0032859375,35.10907074028261,46.748248385029804,44.72750400025885,-2.0207443847709547
0.00328671875,35.06597196625865,46.78730244774458,43.72007851443276,-3.0672239333118227
0.0032875,35.00652002777374,46.82628604962741,42.79157621684116,-4.034709832786253
0.00328828125,34.93225059966149,46.86519913196969,41.95112671261649,-4.914072419353194
0.0032890625,34.844934029853526,46.90404163616904,41.20638039063941,-5.697661245529632
0.00328984375,34.746688574863164,46.94281350372934,40.56347026001345,-6.379343243715889
0.003290625,34.640420311917694,46.98151467626087,40.02699473798957,-6.9545199382713
0.00329140625,34.53258034766355,47.02014509548034,39.600022027346796,-7.420123068133542
0.0032921875,34.388311982462916,50.621328277765116,39.29807953159615,-11.323248746168964
0.00329296875,34.83991472535782,50.685111775982826,39.13382002232811,-11.551291753654713
0.00329375,34.7525250280313,0.0029088636106829684,38.648779171414034,38.64587030780335
0.00329453125,35.41383788393131,1.669422678389956e-07,37.84017860255089,37.84017843560863
0.0032953125,36.03845967315208,9.580965119462389e-12,36.58407179792894,36.584071797919364
0.00329609375,36.63337033650306,5.498601031877971e-16,34.914140602551775,34.914140602551775
0.003296875,37.19490910658393,3.155696000432368e-20,32.86797746474371,32.86797746474371
0.00329765625,37.71819736215257,1.8110819805640055e-24,30.486450199718448,30.486450199718448
0.0032984375,38.19852971408609,1.0393960444460555e-28,27.813054724794593,27.813054724794593
0.00329921875,38.631747071684316,5.96518627430475e-33,24.893259642690463,24.893259642690463
0.0033,39.01437683472166,3.4234734177883013e-37,21.77385171824575,21.77385171824575
0.00330078125,39.34369752661783,1.9647618202281722e-41,18.502290593016227,18.502290593016227
0.0033015625,39.61777261377034,1.1275942702427112e-45,15.126080573837474,15.126080573837474
0.00330234375,39.83547256584956,6.47136373067619e-50,11.692166790384912,11.692166790384912
0.003303125,39.99650260123781,3.713973158598707e-54,8.246362418032467,8.246362418032467
0.00330390625,40.10147260267064,2.131482203265117e-58,4.832813014905065,4.832813014905065
0.0033046875,40.15212898578619,1.2232765797774605e-62,1.4935033635632735,1.4935033635632735
0.00330546875,40.15230095764559,7.020493008760612e-67,-1.7321882749593245,-1.7321882749593245
0.00330625,40.11384674271841,4.0291233316199854e-71,-4.807882040925941,-4.807882040925941
0.00330703125,40.244744145103546,2.3123496884260026e-75,-7.700421021911049,-7.700421021911049
0.0033078125,39.044657677961176,50.07593175215413,-9.987559230004855,-60.06349098215899
0.00330859375,38.070264351386975,47.852126878006665,-11.593234964463818,-59.44536184247048
0.003309375,37.08737206421652,47.888984378034394,-12.375143263387962,-60.264127641422355
0.00331015625,36.092969313444016,47.92589950367578,-12.36215207290666,-60.28805157658244
0.0033109375,35.10378230658059,47.96274246122483,-11.585507938918873,-59.5482504001437
0.00331171875,34.13322943462273,47.99951318775092,-10.084897947722311,-58.08441113547323
0.0033125,33.19331598173998,48.03621162787764,-7.907610998216569,-55.94382262609421
0.00331328125,32.29495721513593,48.07283772633776,-5.107636476658847,-53.180474202996606
0.0033140625,31.448015256240637,48.109391427973044,-1.74471394406158,-49.854105372034624
0.00331484375,30.66126847089025,48.145872677734275,2.116652291131416,-46.02922038660286
0.003315625,29.942369393660318,48.18228142068134,6.408199861617611,-41.77408155906373
0.00331640625,29.297810082256156,48.218617601983354,11.058922698250498,-37.159694903732856
0.0033171875,28.732903983562938,48.25488116691867,15.996079899983172,-32.2588012669355
0.00331796875,28.251792910896462,48.29107206087502,21.14618655311687,-27.144885507758147
0.00331875,27.857496148288064,48.327190229349554,26.43597466922617,-21.891215560123385
0.00331953125,27.55205184158018,48.36323561794899,31.79331328033594,-16.569922337613047
0.0033203125,27.336943479806752,48.39920817238961,37.14807777178507,-11.251130400604545
0.00332109375,27.21486274814799,48.4351078384974,42.432960106690714,-6.002147731806689
0.003321875,27.204324087575475,48.47093456220811,47.58421927288647,-0.8867152893216371
0.00332265625,27.329738677039355,4.221165578511929,52.38985964458587,48.16869406607394
0.0033234375,28.2536505062539,0.00024225644403106899,56.62860227117065,56.62836001472662
0.00332421875,29.248620523666702,1.3903270447151385e-08,59.99357584993789,59.99357583603462
0.003325,30.28015795047354,7.553400732098017e-13,62.464601532509384,62.46460153250863
0.00332578125,31.34381580573475,-4.124088025097912e-14,64.04584845999045,64.0458484599905
0.0033265625,32.43615092125887,-4.07153745341851e-14,64.75259951854628,64.75259951854632
0.00332734375,33.74257549435945,-4.258563931014185e-14,64.61073253271339,64.61073253271343
0.003328125,33.761220820264,48.745437656430646,64.03798139171315,15.292543735282505
0.00332890625,34.03908662734067,48.79008325760581,63.148646781032,14.358563523426191
0.0033296875,34.27670993962345,48.82517815195701,62.11264129569892,13.287463143741906
0.00333046875,34.490031839792145,48.86019897256565,60.94939885797581,12.08919988541016
0.00333125,34.680317922706394,48.89514621056642,59.67915859538725,10.784012384820828
0.00333203125,34.847016626106615,48.93001981336063,58.3227103399834,9.392690526622776
0.0033328125,34.98933463546929,48.964819728429276,56.90111010661108,7.936290378181801
0.00333359375,35.106609434831306,48.99954590336431,55.43540285487196,6.435856951507654
0.003334375,35.19842535886416,49.03419828586874,53.946356260198826,4.912157974330084
0.00333515625,35.26465130750765,49.0687768237567,52.45420852642841,3.385431702671713
0.0033359375,35.30544650509444,49.103281464953554,50.978432903582764,1.8751514386292094
0.00333671875,35.32124807935279,49.1377121574959,49.53752123948157,0.3998090819856742
0.0033375,35.312742358633244,49.17206884953179,48.148788553483165,-1.023280296048627
0.00333828125,35.28081189231085,49.2063514893206,46.828200269340755,-2.3781512199798516
0.0033390625,35.22642809523829,49.24056002523336,45.59022337825028,-3.6503366469830754
0.00333984375,35.15037889846298,49.27469440575259,44.44770239919431,-4.8269920065582745
0.003340625,35.05230864699652,49.30875457947254,43.4117603978222,-5.896994181650344
0.00334140625,34.924976290917385,49.34274049509924,42.49172275675441,-6.8510177383448285
0.0033421875,34.572694152849,49.37665210145046,41.69495693925067,-7.681695162199787
0.00334296875,35.48321094646053,0.015647529864243587,40.64235597191802,40.626708442053776
0.00334375,36.11169774106208,8.980256454863183e-07,39.265228664142846,39.2652277661172
0.00334453125,36.735176575931305,5.1538489905294914e-11,37.44515806993841,37.44515806988687
0.0033453125,37.32925034524616,2.957839739955014e-15,35.22273952329673,35.22273952329673
0.00334609375,37.88465529631571,1.6975305142493745e-19,32.64210920672882,32.64210920672882
0.003346875,38.394958849460906,9.742278487513902e-24,29.750192650195103,29.750192650195103
0.00334765625,38.855089335691616,5.591180207458304e-28,26.595998459803997,26.595998459803997
0.0033484375,39.26100474024277,3.208828012085594e-32,23.229914290209116,23.229914290209116
0.00334921875,39.60959196647681,1.84157491425695e-36,19.703013412638597,19.703013412638597
0.00335,39.89862457945847,1.0568962100951734e-40,16.06638015465371,16.06638015465371
0.00335078125,40.12673362654462,6.065621280273832e-45,12.370461987483516,12.370461987483516
0.0033515625,40.29337641645397,3.481113960319494e-49,8.664455406558359,8.664455406558359
0.00335234375,40.39879645809745,1.9978422398610752e-53,4.995732043267107,4.995732043267107
0.003353125,40.44396867467448,1.14657941706878e-57,1.4093106807414184,1.4093106807414184
0.00335390625,40.430518773656104,6.580321175595931e-62,-2.052619963955593,-2.052619963955593
0.0033546875,40.360585574769146,3.776504804585964e-66,-5.351123677948286,-5.351123677948286
0.00335546875,40.23651770224311,2.1673696706406228e-70,-8.450881299633792,-8.450881299633792
0.00335625,40.05993583127368,1.2438727162503502e-74,-11.320495344984812,-11.320495344984812
0.00335703125,39.83205217689672,7.138696066438463e-79,-13.932732067579252,-13.932732067579252
0.0033578125,38.93558539517056,2.170586206548504,-16.248152273735258,-18.41873848028376
0.00335859375,38.51382017018777,50.06879371857748,-17.797368918629203,-67.86616263720668
0.003359375,37.35433424298216,50.103804863797386,-18.5637150996727,-68.66751996347008
0.00336015625,36.208084961960935,50.135993646542666,-18.42927513148458,-68.56526877802725
0.0033609375,35.07662834364951,50.16810676774015,-17.431098206743265,-67.59920497448341
0.00336171875,33.97125794333572,50.20014433666643,-15.61571371924979,-65.81585805591622
0.0033625,32.90413437367526,50.232106305082574,-13.038161821052974,-63.27026812613555
0.00336328125,31.88691841579239,50.26399262485442,-9.760958670990625,-60.02495129584504
0.0033640625,30.93035391783461,50.29580324796174,-5.853007507252151,-56.148810755213894
0.00336484375,30.044074475996567,50.327538126498354,-1.3884718794969189,-51.71601000599527
0.003365625,29.236491278183458,50.35919721267203,3.5543730999511425,-46.80482411272089
0.00336640625,28.51472470065285,50.390780458804834,8.894296033578726,-41.49648442522611
0.0033671875,27.88456943108654,50.42228781733292,14.548256138049354,-35.87403167928357
0.00336796875,27.350494269637593,50.453719240806805,20.432527563163198,-30.021191677643607
0.00336875,26.915690894361344,50.48507468189132,26.463787786174546,-24.021286895716774
0.00336953125,26.582222250666177,50.516354093365734,32.5601577449992,-17.95619634836653
0.0033703125,26.351470928970453,50.54755742812381,38.64218256866137,-11.905374859462444
0.00337109375,26.22598452428261,50.578684639173915,44.63374351864399,-5.944941120529923
0.003371875,26.224739736466717,50.60973567963899,50.46289988617404,-0.14683579346494186
0.00337265625,26.37276119172641,4.407011401744737,55.90343871181932,51.49642731007458
0.0033734375,27.36121418196538,0.00025292230099452096,60.72003740803188,60.719784485730884
0.00337421875,28.43002291015304,1.4515398049799764e-08,64.58861186827559,64.5886118537602
0.003375,29.542549089558374,7.949969812753167e-13,67.48501012852127,67.48501012852047
0.00337578125,30.69347754540719,-4.254654402094189e-14,69.41111528249509,69.41111528249513
0.0033765625,31.878501502794997,-4.3674386890929034e-14,70.38103545370721,70.38103545370726
0.00337734375,33.290299918134814,-4.263592685310197e-14,70.42056078007697,70.42056078007701
0.003378125,33.36146662294687,50.84550853255551,69.96485459387426,19.119346061318748
0.00337890625,33.70506017103954,50.88575912216343,69.13312005441483,18.2473609322514
0.0033796875,34.00796370546183,50.91604647124757,68.10313118212977,17.1870847108822
0.00338046875,34.286074524973145,50.94625657428468,66.89623376674702,15.949977192462331
0.00338125,34.540006447542076,50.976389953147574,65.53513091721302,14.558740964065453
0.00338203125,34.76851254923925,51.0064465624884,64.04357688538316,13.037130322894757
0.0033828125,34.97013754482135,51.03642635704253,62.44603514590171,11.409608788859181
0.00338359375,35.14361544415871,51.06632929166089,60.767340395918716,9.701011104257823
0.003384375,35.288000276268015,51.09615532131022,59.0323691257481,7.936213804437876
0.00338515625,35.402716901407494,51.12590440107306,57.26572269553984,6.139818294466787
0.0033859375,35.487582750183684,51.155576486147815,55.491426465779945,4.335849979632132
0.00338671875,35.54282035588346,51.18517153184888,53.73264816866836,2.5474766368194803
0.0033875,35.56907612512596,51.21468949360663,52.0114383351312,0.7967488415245726
0.00338828125,35.567474298721365,51.244130326967564,50.34849520968711,-0.8956351172804574
0.0033890625,35.539797202678656,51.27349398759432,48.762956217364504,-2.510537770229817
0.00338984375,35.489195738770356,51.30278043126576,47.272217823604215,-4.030562607661547
0.003390625,35.424324199897534,51.33198961387701,45.89178675547881,-5.440202858398201
0.00339140625,35.44350476467849,51.36112149143959,44.63521169992551,-6.725909791514077
0.0033921875,35.66758068736806,5.249045598660453,43.21028271719983,37.96123711853938
0.00339296875,36.30838962159639,5.2877032162982,41.51262492010651,36.22492170380831
0.00339375,36.97677877411312,0.011875920868289173,39.394140578927384,39.38226465805909
0.00339453125,37.60345852687884,6.815696532307191e-07,36.8803977846935,36.88039710312385
0.0033953125,38.18753261261155,3.9115888136762496e-11,33.999031403252445,33.99903140321333
0.00339609375,38.72035901776248,2.2448955840024426e-15,30.80111687462981,30.801116874629805
0.003396875,39.19717425180185,1.2883655269320893e-19,27.33975019467165,27.33975019467165
0.00339765625,39.614234240208845,7.394044261192658e-24,23.669259012351727,23.669259012351727
0.0033984375,39.968691250856125,4.243507715288152e-28,19.844465102523692,19.844465102523692
0.00339921875,40.25858850511883,2.4353867915317967e-32,15.91996991931504,15.91996991931504
0.0034,40.48285481418985,1.3976901239037315e-36,11.949471305936449,11.949471305936449
0.00340078125,40.6412878988247,8.021467839321337e-41,7.985118778268026,7.985118778268026
0.0034015625,40.734526206388274,4.603591682937178e-45,4.076914022066591,4.076914022066591
0.00340234375,40.76401010976177,2.6420421807739132e-49,0.2721624075129498,0.2721624075129498
0.003403125,40.73193218414674,1.51629148841779e-53,-3.3850195529477847,-3.3850195529477847
0.00340390625,40.641170090771666,8.702131610838886e-58,-6.854136785954058,-6.854136785954058
0.0034046875,40.495159464177924,4.994230670738686e-62,-10.098685202207534,-10.098685202207534
0.00340546875,40.297340486699454,2.866233367636063e-66,-13.086456253441533,-13.086456253441533
0.00340625,40.03956526422603,1.6449568030335415e-70,-15.789781938409678,-15.789781938409678
0.00340703125,39.71206743060897,6.526128300176186,-18.142850838730418,-24.668979138906604
0.0034078125,39.30371051924366,6.599350914084398,-20.110962894259657,-26.710313808344054
0.00340859375,37.828614988519,38.61216308863782,-21.562228953576366,-60.17439204221419
0.003409375,37.42093165039073,52.008951724712595,-22.294968428710114,-74.30392015342271
0.00341015625,36.210092409546036,52.03698267264974,-22.09583162993671,-74.13281430258645
0.0034109375,34.9983205574312,52.06416801344145,-20.964980325415688,-73.02914833885714
0.00341171875,33.81026646279446,52.09127490250444,-18.95337740853975,-71.04465231104419
0.0034125,32.66200272156991,52.1183033430463,-16.12113310926852,-68.23943645231482
0.00341328125,31.56714864703617,52.1452532943652,-12.536374580921795,-64.68162787528699
0.0034140625,30.537715718629364,52.172124715875015,-8.274063707792287,-60.4461884236673
0.00341484375,29.58425420014116,52.198917567107856,-3.4147755931075423,-55.6136931602154
0.003415625,28.715853478014782,52.22563180771421,1.9565455226059996,-50.26908628510821
0.00341640625,27.94010963497404,52.252267397462894,7.751836309519767,-44.50043108794313
0.0034171875,27.263089047113994,52.27882429624118,13.88115429772941,-38.39766999851177
0.00341796875,26.689291075701096,52.30530246405486,20.253892414141653,-32.05141004991321
0.00341875,26.221593508547752,52.3317018610283,26.77995371191229,-25.55174814911601
0.00341953125,25.86111846454241,52.35802244740449,33.37087294485954,-18.987149502544945
0.0034203125,25.606766152743532,52.384264183545085,39.94087272426074,-12.443391459284344
0.00342109375,25.45295752372978,52.41042702993052,46.407842557454174,-6.002584472476343
0.003421875,25.36698959541637,52.43651094716001,52.69421968436326,0.2577087372032509
0.00342265625,26.04815611798908,1.3468975457876535,58.52758674897101,57.180689203183356
0.0034234375,26.906383122969544,7.729964715618404e-05,63.6606535209381,63.66057622129094
0.00342421875,27.984690826368656,4.436252833921708e-09,67.78708326020801,67.78708325577175
0.003425,29.129942186967693,2.1193242756627524e-13,70.8905727878907,70.89057278789049
0.00342578125,30.31604838044869,-3.813545768150538e-14,72.97238488025073,72.97238488025077
0.0034265625,31.516437374337716,-4.3041543270380155e-14,74.04668058759489,74.04668058759493
0.00342734375,32.60403764150584,-4.264378308411621e-14,74.13976465922967,74.13976465922971
0.003428125,33.42612385434631,52.60763770872164,73.63544201121692,21.027804302495277
0.00342890625,33.72086017024414,52.66770595659166,72.71187946249157,20.044173505899913
0.0034296875,34.02881696333588,52.69300043265874,71.57088360444423,18.877883171785488
0.00343046875,34.32189819152819,52.71821356287383,70.23595416826325,17.517740605389424
0.00343125,34.593066097233205,52.74334730029774,68.7320254346234,15.988678134325653
0.00343203125,34.838533525317985,52.7684016071938,67.0851844365601,14.316782829366298
0.0034328125,35.05568050759583,52.793376445830674,65.32229346010072,12.528917014270043
0.00343359375,35.24259047896842,52.81827177859671,63.47061855556195,10.652346776965238
0.003434375,35.39790185705268,52.843087568,61.557467848560854,8.714380280560851
0.00343515625,35.520741659408,52.86782377666838,59.6098437210966,6.742019944428222
0.0034359375,35.61067914816686,52.89248036734959,57.65411268672214,4.761632319372547
0.00343671875,35.66767321666736,52.91705730291126,55.7156964264925,2.7986391235812422
0.0034375,35.69198510198021,52.941554546340946,53.81878704417563,0.8772324978346835
0.00343828125,35.683981386044366,52.96597206074625,51.98608914136463,-0.9798829193816225
0.0034390625,35.64351490150664,52.99030980935484,50.23859072176776,-2.7517190875870856
0.00343984375,35.56682513795318,53.01456775551453,48.59536339577082,-4.419204359743712
0.003440625,35.40112468395046,53.03874586269324,47.07336802019459,-5.965377842498644
0.00344140625,35.927413785186516,9.650773971426371,45.4492882095516,35.79851423812522
0.0034421875,36.45060544031865,9.62189000345841,43.59897733321951,33.9770873297611
0.00344296875,36.97575773037058,9.690285620556953,41.39187895003445,31.701593329477504
0.00344375,37.4236312866439,9.75867222805397,38.87067191475339,29.11199968669942
0.00344453125,38.08470714544262,0.0019000215651090086,36.00373415867575,36.00183413711064
0.0034453125,38.641054714553874,1.0904392624576243e-07,32.823446796407474,32.82344668736355
0.00344609375,39.146897500153614,6.258127838885388e-12,29.35338439637777,29.35338439637151
0.003446875,39.59414330709919,3.5915951851884343e-16,25.64902208845154,25.64902208845154
0.00344765625,39.978733501169685,2.061248396703612e-20,21.766609766554332,21.766609766554332
0.0034484375,40.29802064403662,1.1829687739962535e-24,17.762421565684377,17.762421565684377
0.00344921875,40.55042469020608,6.789162929068475e-29,13.692041481510934,13.692041481510934
0.00345,40.73532881830076,3.896360942962948e-33,9.609686225774034,9.609686225774034
0.00345078125,40.85301888643428,2.2361561736639815e-37,5.567572317645037,5.567572317645037
0.0034515625,40.90462749828291,1.2833499016682573e-41,1.6153336554880342,1.6153336554880342
0.00345234375,40.89206876761983,7.365259142045113e-46,-2.200505061109284,-2.200505061109284
0.003453125,40.817946794242026,4.226987679584662e-50,-5.836994612742364,-5.836994612742364
0.00345390625,40.68537623700473,2.425905796221485e-54,-9.255163767490064,-9.255163767490064
0.0034546875,40.497330373566164,1.3922488964337965e-58,-12.420355684987936,-12.420355684987936
0.00345546875,40.24954728572227,7.99024015128802e-63,-15.302500353579536,-15.302500353579536
0.00345625,39.92217090992747,10.768845286412464,-17.826709009031397,-28.59555429544386
0.00345703125,39.414856893471395,10.918907359925143,-19.93499713341943,-30.853904493344572
0.0034578125,38.89013128048922,10.98701840012985,-21.56867155501783,-32.55568995514768
0.00345859375,38.36123993371975,11.055108191784441,-22.72476064547508,-33.77986883725952
0.003459375,36.84178449298518,41.063143393315904,-23.312902405375816,-64.37604579869172
0.00346015625,36.33587460014794,53.61642727131856,-23.157172604676333,-76.77359987599489
0.0034609375,35.091677107406035,53.63923630897594,-22.07109259404764,-75.71032890302358
0.00346171875,33.861990495300226,53.66124543645945,-20.068516358573902,-73.72976179503335
0.0034625,32.670517619412,53.68317370980557,-17.210917355890103,-70.89409106569568
0.00346328125,31.532678164109697,53.70502113725989,-13.56817274618355,-67.27319388344344
0.0034640625,30.461363415678974,53.726787685922936,-9.217339044098978,-62.944126730021914
0.00346484375,29.467737985242128,53.74847332301468,-4.241390028667112,-57.98986335168179
0.003465625,28.561385715419853,53.77007801587696,1.2720698889075948,-52.49800812696937
0.00346640625,27.750317783865643,53.79160173197348,7.232099832467135,-46.559501899506344
0.0034671875,27.040947065612233,53.81304443888992,13.54570751667201,-40.26733692221791
0.00346796875,26.438048949330607,53.83440610433396,20.119109275871864,-33.715296828462094
0.00346875,25.944691323058493,53.85568669613531,26.858950077979358,-26.99673661815595
0.00346953125,25.562047244752303,53.87688618224577,33.673469594782986,-20.203416587462787
0.0034703125,25.28870560414997,53.898004530739314,40.47360145098331,-13.424403079756003
0.00347109375,25.11693047838917,53.91904170981209,47.173992777511245,-6.7450489323008505
0.003471875,24.9765067219713,53.93999768778248,53.69390304046151,-0.24609464732097025
0.00347265625,25.82955960979805,0.1205732219653633,59.66288548189637,59.542312259931
0.0034734375,26.807461754370976,6.919804325659083e-06,64.84208154520023,64.84207462539591
0.00347421875,27.909661806439985,3.9709005940315505e-10,68.99424536071498,68.99424536031789
0.003475,29.076481528416192,-2.480868057443126e-14,72.10714604724522,72.10714604724525
0.00347578125,30.28422526342807,-3.800397040914185e-14,74.18257663646597,74.18257663646601
0.0034765625,31.50898775700066,-4.868329149389929e-14,75.23540770289884,75.23540770289888
0.00347734375,32.68891554741073,-4.40592568871576e-14,75.29285610560645,75.29285610560649
0.003478125,33.68386138953822,53.694915450637886,74.64109592030951,20.946180469671617
0.00347890625,33.94772479943772,54.124918754050796,73.51517166700009,19.390252912949293
0.0034796875,34.23951354931915,54.14508452304738,72.18705127106011,18.04196674801274
0.00348046875,34.516306146815545,54.16514523426284,70.68301277885035,16.51786754458752
0.00348125,34.76939337806498,54.18512437239883,69.02935245932086,14.844228086922033
0.00348203125,34.99493135064224,54.20502190871669,67.25322042478277,13.048198516066075
0.0034828125,35.19054922785752,54.22483781325114,65.38224090384932,11.15740309059818
0.00348359375,35.35468100107136,54.244572056159825,63.444142942978836,9.199570886819012
0.003484375,35.48637092999893,54.26422460772329,61.46640469428618,7.202180086562888
0.00348515625,35.585203242290895,54.28379543834518,59.4759150728547,5.192119634509519
0.0034859375,35.65127932069449,54.30328451855214,57.49865634158422,3.195371823032085
0.00348671875,35.6852349191264,54.322691818994,55.559410813273864,1.2367189942798646
0.0034875,35.688345780988094,54.34201731044372,53.68149446081613,-0.6605228496275924
0.00348828125,35.66295514792253,54.36126096379745,51.88651988955552,-2.4747410742419294
0.0034890625,35.6146832582017,54.38042275007458,50.19419142329684,-4.186231326777733
0.00348984375,35.578856600021425,54.39950264041782,48.622147817706846,-5.777354822710979
0.003490625,35.65008988349792,14.138939878498466,47.00017529321772,32.86123541471925
0.00349140625,36.228621386444495,13.898601326824473,45.202405740915,31.30380441409052
0.0034921875,36.735772187676346,13.965865321863486,43.08021340926869,29.1143480874052
0.00349296875,37.19559463420836,14.033125939346515,40.67335093787628,26.64022499852976
0.00349375,37.60388730673438,14.100365424208704,38.02447497715299,23.924109552944287
0.00349453125,38.28976121556991,4.1772796474236,35.14631715242703,30.969037505003428
0.0034953125,38.585403350034696,0.0002397377914789351,32.02141692707034,32.02117718927886
0.00349609375,39.07622242794312,1.3758764917413527e-08,28.62688934669703,28.626889332938266
0.003496875,39.512375994205605,7.896277465677858e-13,25.004273593726925,25.004273593726136
0.00349765625,39.88764424968744,4.531743814886922e-17,21.2085350550161,21.2085350550161
0.0034984375,40.199089453655084,2.6008080507595102e-21,17.29465356929713,17.29465356929713
0.00349921875,40.44509413870786,1.4926268547385367e-25,13.316924309495349,13.316924309495349
0.0035,40.62504105305696,8.566318174984256e-30,9.328296640897006,9.328296640897006
0.00350078125,40.73920246716742,4.916286132874105e-34,5.379756395297062,5.379756395297062
0.0035015625,40.78866245813929,2.821500304631709e-38,1.5197575727548214,1.5197575727548214
0.00350234375,40.775222196164066,1.6192841006149562e-42,-2.20629131674298,-2.20629131674298
0.003503125,40.701219802858844,9.29321536559837e-47,-5.756481972687599,-5.756481972687599
0.00350390625,40.5689361925089,5.333458890789775e-51,-9.0927988662611,-9.0927988662611
0.0035046875,40.37600428407831,3.060919457978464e-55,-12.181449394143065,-12.181449394143065
0.00350546875,40.11824064559888,13.792976340937695,-14.945632880639945,-28.73860922157764
0.00350625,39.59303637283658,15.17316510174593,-17.30852016468269,-32.48168526642862
0.00350703125,39.030601080036334,15.240105219909719,-19.16962646880867,-34.40973168871839
0.0035078125,38.446462118694406,15.306947019555142,-20.520632630015474,-35.827579649570616
0.00350859375,37.84880182153865,15.37376576288959,-21.36381507279929,-36.73758083568888
0.003509375,37.25768346721495,15.440561353610398,-21.7077893890472,-37.1483507426576
0.00351015625,35.760736355896,43.252986685670535,-21.480235646929472,-64.73322233260001
0.0035109375,35.21609659241116,54.882934434324966,-20.52970229677976,-75.41263673110473
0.00351171875,34.00085135911879,54.90037650987617,-18.69494569497232,-73.59532220484849
0.0035125,32.812917156532585,54.91706945917496,-16.000223598610482,-70.91729305778544
0.00351328125,31.674329717439765,54.93367966611163,-12.513606020623413,-67.44728568673504
0.0035140625,30.599260443566962,54.95020714391728,-8.310504348209761,-63.260711492127044
0.00351484375,29.599359768291393,54.966651867704044,-3.472419393869238,-58.43907126157328
0.003515625,28.684509111253494,54.98301381270646,1.914333725054341,-53.06868008765212
0.00351640625,27.862963315057222,54.99929295428373,7.759910776751212,-47.23938217753252
0.0035171875,27.14136051300778,55.015489267919776,13.972217238856636,-41.04327202906314
0.00351796875,26.524686918872618,55.03160272922322,20.458164846123296,-34.57343788309993
0.00351875,26.01618759016788,55.04763331392749,27.124890812325837,-27.922742501601654
0.00351953125,25.617103763794297,55.06358099789082,33.88092568010212,-21.18265531778869
0.0035203125,25.325639809549003,55.07944575709628,40.63729666370561,-14.442149093390668
0.00352109375,25.130480924753858,55.09522756765185,47.30855212814343,-7.786675439508412
0.003521875,24.804311397157388,55.110926405790394,53.813575841560606,-1.297350564229791
0.00352265625,26.026822977312822,0.010721133668456633,59.64445582544788,59.63373469177942
0.0035234375,27.028798643121675,6.152953473590172e-07,64.65271763726548,64.65271702197013
0.00352421875,28.129096370158763,3.527132314882432e-11,68.6428030111684,68.64280301113313
0.003525,29.28973584697406,-4.120512611952837e-14,71.60451193551627,71.60451193551631
0.00352578125,30.488952657892828,-3.879377140190304e-14,73.54112255112598,73.54112255112602
0.0035265625,31.704938501238583,-3.9059745045179605e-14,74.46877497325897,74.46877497325902
0.00352734375,32.89770633317669,-3.9517912600811374e-14,74.4157448409597,74.41574484095975
0.003528125,34.02036715217016,50.426417697384736,73.5952365795645,23.168818882179767
0.00352890625,34.29925207631839,55.248202446284594,72.24671419691023,16.99851175062563
0.0035296875,34.5437881988795,55.26334614902744,70.72239801948439,15.459051870456944
0.00353046875,34.77481437601293,55.278130773543324,69.06268122883534,13.784550455292015
0.00353125,34.98094094183255,55.29283213436182,67.29415708943924,12.001324955077422
0.00353203125,35.15842131239121,55.307450225173454,65.44374431724279,10.136294092069333
0.0035328125,35.30538979264114,55.32198502396459,63.53833076598174,8.21634574201715
0.00353359375,35.42087716229387,55.33643650884606,61.60443334233814,6.267996833492081
0.003534375,35.50454335376118,55.3508046580542,59.667876506566174,4.317071848511972
0.00353515625,35.55658904557479,55.36508944995082,57.753492410490985,2.388402960540162
0.0035359375,35.57774401094249,55.379290863023314,55.884845561117935,0.5055546980946176
0.00353671875,35.569351174597564,55.39340887588457,54.083984540645005,-1.3094243352395623
0.0035375,35.53375346924111,55.40744346727314,52.371222985714965,-3.036220481558178
0.00353828125,35.476327111659344,55.42139461605319,50.76495228067757,-4.656442335375624
0.0035390625,35.429850780858274,55.43526230121453,49.281500165660844,-6.153762135553687
0.00353984375,35.48174301618483,18.310160259578623,47.763832840801555,29.453672581222936
0.003540625,36.00127893731264,18.092265362277345,46.0957029529266,28.00343759064926
0.00354140625,36.45516768213729,18.15800922345938,44.13976469293436,25.981755469474976
0.0035421875,36.86635967898997,18.223742018851855,41.93225941506083,23.708517396208975
0.00354296875,37.23479988956591,18.289447370552473,39.5119860552463,21.222538684693824
0.00354375,37.5569558516106,18.355125178675923,36.91889763495082,18.563772456274894
0.00354453125,37.82018954455242,18.420775344312588,34.19354522848211,15.772769884169518
0.0035453125,38.2707648043283,0.4740672723936922,31.305998492372396,30.831931219978703
0.00354609375,38.70196108687753,2.7207142084969816e-05,28.232267129460624,28.232239922318538
0.003546875,39.131089754762414,1.5614420643174208e-09,24.924108614024615,24.924108612463172
0.00354765625,39.50709442335409,8.961254778636751e-14,21.431363400554936,21.431363400554847
0.0035484375,39.82494882607465,5.142943759667745e-18,17.80562505247777,17.80562505247777
0.00354921875,40.082370347470295,2.9515811310443667e-22,14.09812594950281,14.09812594950281
0.00355,40.27832955217291,1.6939386429728262e-26,10.359101432399985,10.359101432399985
0.00355078125,40.41276964986729,9.721664419034018e-31,6.637192540699712,6.637192540699712
0.0035515625,40.486533128770546,5.579349610352336e-35,2.9788927813584083,2.9788927813584083
0.00355234375,40.5013941574332,3.202038327263293e-39,-0.5719558575686193,-0.5719558575686193
0.003553125,40.460374218324084,1.837678253794823e-43,-3.9746131020139694,-3.9746131020139694
0.00355390625,40.36996982010926,1.0546598820247992e-47,-7.191832203427712,-7.191832203427712
0.0035546875,40.312377644236165,6.05278679472665e-52,-10.190148194689659,-10.190148194689659
0.00355546875,39.70187444845742,19.33316939973401,-12.788756541322883,-32.121925941056894
0.00355625,39.160233538122846,19.402143385337745,-14.934567507798889,-34.33671089313663
0.00355703125,38.57841408197123,19.46733806913835,-16.559923924966995,-36.027261994105345
0.0035578125,37.97251804149967,19.53250322025911,-17.664042448746123,-37.19654566900523
0.00355859375,37.35305819989188,19.59763895577063,-18.252791200651888,-37.85043015642252
0.003559375,36.73096710366302,19.66274517759205,-18.338337291687374,-38.001082469279424
0.00356015625,36.12584943179749,19.727821787674586,-17.938737406200836,-37.66655919387542
0.0035609375,34.70395017739762,45.167766873177925,-16.997987100952173,-62.1657539741301
0.00356171875,34.16504788029623,55.8004189862839,-15.387586304943028,-71.18800529122693
0.0035625,33.02503758772386,55.812383178568965,-12.96981316464776,-68.78219634321673
0.00356328125,31.922144310435744,55.8236537925176,-9.77622687370242,-65.59988066622002
0.0035640625,30.87627575211239,55.83484030207126,-5.877949288990877,-61.71278959106213
0.00356484375,29.899993644545972,55.84594272536246,-1.3522168124246434,-57.198159537787106
0.003565625,29.00341186762991,55.856961045673174,3.718845586541491,-52.13811545913168
0.00356640625,28.19489198243683,55.86789524641001,9.249459696440297,-46.61843554996971
0.0035671875,27.481174226624248,55.87874531110626,15.151426346679045,-40.72731896442721
0.00356796875,26.86736861955766,55.88951122342192,21.33533937371761,-34.55417184970431
0.00356875,26.35684823418041,55.90019296714371,27.711766629582684,-28.188426337561026
0.00356953125,25.950884802551826,55.91079052618514,34.19238427072674,-21.718406255458397
0.0035703125,25.64707963785695,55.92130388458645,40.69105121373657,-15.230252670849877
0.00357109375,25.427398204332345,55.931733026514735,47.124806736114074,-8.806926290400659
0.003571875,26.598213104177503,16.503800285994004,53.2912536178612,36.7874533318672
0.00357265625,26.527037539057943,0.0009471677659497008,58.87212262629893,58.87117545853298
0.0035734375,27.52727554316186,5.435875648189578e-08,63.533466715435814,63.53346666107706
0.00357421875,28.611763204077405,3.0805985758952154e-12,67.20455774299711,67.20455774299403
0.003575,29.752304131358535,-4.0983394431623793e-14,69.87816351796037,69.87816351796042
0.00357578125,30.930651262061872,-4.4106009400357834e-14,71.5599893854797,71.55998938547974
0.0035765625,32.1320451065152,-3.614566614904315e-14,72.26808630251713,72.26808630251718
0.00357734375,33.35084871418505,-4.764466007843453e-14,72.0321355477295,72.03213554772954
0.003578125,34.80037244198943,-4.2179060923191783e-14,70.89274188322065,70.8927418832207
0.00357890625,34.7550379949541,56.020490966954135,69.33957718307029,13.31908621611616
0.0035796875,34.994733329596855,56.04089027383421,67.51190182999491,11.471011556160708
0.00358046875,35.17669996780248,56.050308254726964,65.61135245878758,9.561044204060618
0.00358125,35.3208321205774,56.059641199483956,63.665071390671955,7.605430191187998
0.00358203125,35.43025539091704,56.06888971939854,61.699661785393005,5.630772065994461
0.0035828125,35.50607918433158,56.07805380057849,59.74091092811605,3.6628571275375634
0.00358359375,35.54918705867677,56.08713342922285,57.81349673892081,1.726363309697959
0.003584375,35.56065764079156,56.09612859165789,55.94071926890153,-0.15540932275635272
0.00358515625,35.54191818495123,56.10503927433705,54.144260178685904,-1.960779095651148
0.0035859375,35.494883715400185,56.113865463840995,52.4439722764908,-3.6698931873501976
0.00358671875,35.42233480191093,56.12260714687765,50.85770074311443,-5.26490640376322
0.0035875,35.329778119875314,56.131264310282205,49.401137828128995,-6.730126482153209
0.00358828125,35.247616862656365,56.13983694101711,48.08772343724907,-8.05211350376804
0.0035890625,35.25588168982622,22.37199086674513,46.772886493834726,24.400895627089596
0.00358984375,35.690961609501066,22.17784138596475,45.348891297803576,23.171049911838825
0.003590625,36.06832521107803,22.241672341953624,43.68856946154507,21.446897119591444
0.00359140625,36.40948770901897,22.305484610029268,41.82242095088843,19.516936340859157
0.0035921875,36.71530762954252,22.36926328729803,39.783078526117016,17.413815238818987
0.00359296875,36.98458598807719,22.433008276860583,37.60407305461338,15.171064777752797
0.00359375,37.2165821849567,22.49671948271809,35.31937419399097,12.822654711272882
0.00359453125,37.413491984628735,22.56039680892261,32.96294394255072,10.40254713362811
0.0035953125,37.62188019393226,22.624040159577266,30.56833268027516,7.944292520697893
0.00359609375,37.900695396439765,0.014928205094184738,28.019149795863118,28.004221590768932
0.003596875,38.3564690695169,8.567429576403271e-07,25.290512453240794,25.290511596497836
0.00359765625,38.75135009489438,4.9169239760259417e-11,22.349675959404557,22.349675959355388
0.0035984375,39.09289440053885,2.821866368485312e-15,19.24229852884659,19.242298528846586
0.00359921875,39.3805202158398,1.6194941879138926e-19,16.014375468153233,16.014375468153233
0.0036,39.61316486186893,9.294421075278252e-24,12.711603603119503,12.711603603119503
0.00360078125,39.79014664962144,5.334150858290677e-28,9.378814405269726,9.378814405269726
0.0036015625,39.91126868073903,3.061316584277021e-32,6.059440188637587,6.059440188637587
0.00360234375,39.97658966124157,1.7569167948453303e-36,2.7950190373206114,2.7950190373206114
0.003603125,39.985121228397894,1.0083101629747242e-40,-0.37525727133301434,-0.37525727133301434
0.00360390625,39.91956780875417,5.786781637815801e-45,-3.414956476506187,-3.414956476506187
0.0036046875,39.728700373243996,23.20815711466968,-6.183825132805076,-29.391982247474758
0.00360546875,39.18619806892364,23.448258250211193,-8.571358307828849,-32.01961655804004
0.00360625,38.62932933273976,23.51142605582551,-10.458698266185344,-33.970124322010854
0.00360703125,38.04934196414336,23.574548301322665,-11.840474889163985,-35.41502319048665
0.0036078125,37.45213526258639,23.637635043393473,-12.718443280595451,-36.356078323988925
0.00360859375,36.845549136491606,23.70068618761304,-13.100673712232275,-36.801359899845316
0.003609375,36.23802069255954,23.763701639027577,-13.00119927860398,-36.76490091763156
0.00361015625,35.63913014060261,23.826681302736837,-12.439600932761735,-36.26628223549857
0.0036109375,35.06639100751466,23.889625083894686,-11.440534778207194,-35.33015986210188
0.00361171875,33.769091635505795,46.79530709999911,-9.961662131237219,-56.756969231236326
0.0036125,33.27723211248609,56.36304627463498,-7.895016033052229,-64.25806230768721
0.00361328125,32.25449534828855,56.369456498552495,-5.123857218016383,-61.49331371656888
0.0036140625,31.275012845876656,56.37523310279266,-1.6833015363307737,-58.05853463912344
0.00361484375,30.356197213687654,56.380924775458595,2.3565526897369935,-54.0243720857216
0.003615625,29.508785730707984,56.38653153946893,6.92078825706173,-49.4657432824072
0.00361640625,28.741279508362652,56.392053386381804,11.930813814529692,-44.46123957185211
0.0036171875,28.060620997974105,56.3974903078814,17.30550618420635,-39.09198412367505
0.00361796875,27.472414345152572,56.402842295779806,22.962339181491885,-33.44050311428792
0.00361875,26.981164542603434,56.40810934201703,28.818485423179823,-27.589623918837205
0.00361953125,26.590946692200443,56.41329143866101,34.79187848071578,-21.62141295794523
0.0036203125,26.308558982343953,56.41838857790759,40.80222477308665,-15.61616380482094
0.00362109375,26.180348780949863,56.42340075208057,46.771974095882975,-9.651426656197595
0.003621875,26.33386753154971,0.4274642283199477,52.369115059526976,51.94165083120703
0.00362265625,27.319828827028843,2.453255192537697e-05,57.33048681435998,57.33046228180805
0.0036234375,28.327502708059672,1.407907464412513e-09,61.36951265090494,61.36951264949703
0.00362421875,29.38278417440048,4.219655844126192e-14,64.4703960027637,64.47039600276366
0.003625,30.476100980361913,-4.218178475841248e-14,66.63107524909157,66.63107524909161
0.00362578125,31.593046972609756,-4.0848373278658993e-14,67.86148450909728,67.86148450909732
0.0036265625,32.71748216629783,-4.410857839709665e-14,68.18295299289821,68.18295299289825
0.00362734375,33.829294337083944,-4.159591718945891e-14,67.62748079322849,67.62748079322853
0.003628125,34.867962749137256,-3.560727129978498e-14,66.23688662140478,66.23688662140482
0.00362890625,35.6911603198958,56.04107372573435,64.32015224323412,8.279078517499768
0.0036296875,35.732775539485054,56.472900355503526,62.12967174658188,5.6567713910783475
0.00363046875,35.78901459889679,56.47691694556305,59.95323643150741,3.4763194859443645
0.00363125,35.81891178249864,56.48082393488883,57.81913950031956,1.3383155654307275
0.00363203125,35.81717943413844,56.484645863705694,55.752794884949566,-0.7318509787561255
0.0036328125,35.783545610334855,56.48838272766662,53.77775036152725,-2.7106323661393703
0.00363359375,35.719189565868014,56.49203452114401,51.91546138087294,-4.576573140271063
0.003634375,35.62604193852464,56.49560123863834,50.18510183205902,-6.310499406579322
0.00363515625,35.506643770404466,56.49908287477821,48.603411540576786,-7.895671334201421
0.0036359375,35.364375691992784,56.50247942432033,47.18458089145349,-9.317898532866833
0.00363671875,35.20506799754903,56.505790882149554,45.94017320532014,-10.565617676829412
0.0036375,35.05680166420603,56.509017243278876,44.87909498689625,-11.629922256382626
0.00363828125,34.991957894890035,26.300165242168344,43.868336010819085,17.56817076865074
0.0036390625,35.31220121419406,26.130921078614584,42.80738030215626,16.67645922354168
0.00363984375,35.58474076858445,26.1924577862792,41.57792232721247,15.38546454093327
0.003640625,35.82944560204797,26.253968295553555,40.202357152758104,13.948388857204549
0.00364140625,36.04759131431016,26.315439267586346,38.70469986351844,12.389260595932098
0.0036421875,36.23842971747984,26.376870609043223,37.109558027736945,10.732687418693722
0.00364296875,36.40117873611407,26.438262227409627,35.441797308545986,9.003535081136356
0.00364375,36.535619283199104,26.499614030230937,33.72621640165595,7.226602371425009
0.00364453125,36.64314504837772,26.560925925112457,31.98723603496055,5.426310109848093
0.0036453125,36.73479636388162,26.62219781971951,30.248609507926787,3.6264116882072757
0.00364609375,36.82592677816431,2.3211501063123907,28.449262878927943,26.12811277261555
0.003646875,37.283703003202774,0.00013321286749898048,26.518936887491133,26.518803674623634
0.00364765625,37.711649820892795,7.645204857299584e-09,24.33583161118338,24.335831603538175
0.0036484375,38.09459157588491,4.3876510135572646e-13,21.930934521804417,21.930934521803977
0.00364921875,38.43373951912034,2.518111911466823e-17,19.343531543425968,19.343531543425968
0.00365,38.72744895265478,1.4451668054452345e-21,16.613660928662185,16.613660928662185
0.00365078125,38.97395543230538,8.293940734128094e-26,13.781576974747274,13.781576974747274
0.0036515625,39.17168536407038,4.759966298840932e-30,10.887231402257676,10.887231402257676
0.00365234375,39.3187331257007,2.731786962604009e-34,7.969778670483459,7.969778670483459
0.003653125,39.40857818628112,1.56779681630738e-38,5.067108686219272,5.067108686219272
0.00365390625,39.124505642703745,8.997725265079017e-43,2.215240448050902,2.215240448050902
0.0036546875,39.07757707500747,27.3527406069448,-0.2961428897918168,-27.648883496736616
0.00365546875,38.582260741034986,27.4150504327379,-2.4364749836797692,-29.85152541641767
0.00365625,38.0651878604321,27.475752752248003,-4.11340773552546,-31.589160487773462
0.00365703125,37.52662857864856,27.536413603884235,-5.32331053773467,-32.859724141618905
0.0036578125,36.9728872537471,27.59703298617405,-6.068618098734348,-33.6656510849084
0.00365859375,36.411216636298086,27.65761080783095,-6.3575568928146495,-34.0151677006456
0.003659375,35.849076214913005,27.718146977625793,-6.203811346349603,-33.921958323975396
0.00366015625,35.29406825564249,27.778641404392218,-5.626133728920244,-33.40477513331246
0.0036609375,34.75462181007728,27.8390939970267,-4.647904844475661,-32.48699884150236
0.00366171875,34.24604425491572,27.899504664488738,-3.296650131570967,-31.196154796059705
0.0036625,33.10537005719501,48.1252571845083,-1.5403573204655316,-49.66561450497383
0.00366328125,32.683019827952535,56.567238326603004,0.7113176312796909,-55.85592069532331
0.0036640625,31.798918475224283,56.56805381696593,3.5569289133213147,-53.011124903644614
0.00366484375,30.959447196331514,56.568299675752414,6.961467740294708,-49.606831935457706
0.003665625,30.179450266559453,56.568460315899415,10.859606363374539,-45.708853952524876
0.00366640625,29.467856387392445,56.568535764965894,15.182348997355518,-41.386186767610376
0.0036671875,28.831640488195156,56.56852602283982,19.85805538400905,-36.71047063883077
0.00366796875,28.27651871413794,56.56843108953588,24.813454151690895,-31.754976937844983
0.00366875,27.807428549677702,56.568250965197024,29.974636523980234,-26.59361444121679
0.00366953125,27.429911557460397,56.56798565009451,35.26801922763474,-21.299966422459775
0.0036703125,27.159080105991336,56.56763514462793,40.62126980613153,-15.9463653384964
0.00367109375,27.65276110576042,56.567199449325116,45.96453907493498,-10.602660374390132
0.003671875,27.645096386174398,0.0032464418498557453,50.70158797150092,50.69834152965107
0.00367265625,28.558023342551778,1.8631614043233723e-07,54.772103051453385,54.77210286513724
0.0036734375,29.508845493979717,1.0647539391870897e-11,57.98684725585263,57.98684725584198
0.00367421875,30.498731974633746,-4.467944838971033e-14,60.33904193045505,60.339041930455096
0.003675,31.516304160879585,-4.106256941003395e-14,61.83311257669003,61.83311257669007
0.00367578125,32.548093409999744,-4.403989294408148e-14,62.484183969975966,62.48418396997601
0.0036765625,33.57985573297196,-4.682958054778879e-14,62.31746436014064,62.31746436014069
0.00367734375,34.59576958519153,-4.275515706111366e-14,61.36752510267932,61.367525102679366
0.003678125,35.569775522101544,-4.3389133336529416e-14,59.677485312001394,59.67748531200144
0.00367890625,35.83275491393756,-3.92249301205974e-14,57.29776082942202,57.29776082942206
0.0036796875,36.638709539047554,56.55353862827875,54.81470584171841,-1.7388327865603423
0.00368046875,36.55417622319372,56.55532647943602,52.288211781540916,-4.267114697895106
0.00368125,36.45001175542151,56.55378360894473,49.91608180231521,-6.637701806629517
0.00368203125,36.313539246282566,56.552155383212344,47.72223565207105,-8.829919731141292
0.0036828125,36.14492715034722,56.55044199094529,45.72738006031239,-10.823061930632896
0.00368359375,35.94678087805604,56.548643434734565,43.94887784821233,-12.599765586522238
0.003684375,35.72269667068259,56.54675971728879,42.40065986290313,-14.146099854385662
0.00368515625,35.477140401589956,56.5447908414448,41.093184628384385,-15.451606213060415
0.0036859375,35.21674496149321,56.54273681016768,40.033444472890025,-16.50929233727766
0.00368671875,34.96760573534427,56.54059762655079,39.22502544789725,-17.315572178653536
0.0036875,34.794508941222446,30.07121542594347,38.54620173735256,8.474986311409086
0.00368828125,34.9630572750865,29.927887689324052,37.902896243722694,7.975008554398639
0.0036890625,35.09522685352906,29.98676251198382,37.184711267722605,7.197948755738787
0.00368984375,35.20954071864948,30.045603782292403,36.40389312155093,6.358289339258525
0.003690625,35.30809447186287,30.10439980513082,35.5735715007296,5.469171695598778
0.00369140625,35.39105164079492,30.163150491287226,34.706980701916535,4.543830210629309
0.0036921875,35.45834071424536,30.221855752284107,33.817288597090915,3.5954328448068114
0.00369296875,35.51003191534729,30.280515499712394,32.91743258295733,2.6369170832449385
0.00369375,35.546564217273456,30.33912964523158,32.019964892645454,1.6808352474138717
0.00369453125,35.56926433660923,30.397698100569805,31.13690911837822,0.7392110178084152
0.0036953125,35.58311712940187,30.45622077752403,30.279630541944083,-0.17659023557994688
0.00369609375,35.652462898013994,30.51469758796022,29.45875343385869,-1.055944154101531
0.003696875,35.857583519235654,0.02013025127317939,28.48306867408601,28.46293842281283
0.00369765625,36.342507132250226,1.1552930111165879e-06,27.28557022376911,27.2855690684761
0.0036984375,36.78636221936169,6.630329266247795e-11,25.789824752817747,25.789824752751443
0.00369921875,37.19874886855024,3.805204892252707e-15,24.026577138123546,24.026577138123542
0.0037,37.57775106077044,2.1838409060215734e-19,22.028794319223387,22.028794319223387
0.00370078125,37.92020314284077,1.2533257046218478e-23,19.83110630465898,19.83110630465898
0.0037015625,38.22257484648201,7.192947606826875e-28,17.46930166757971,17.46930166757971
0.00370234375,38.47953905668042,4.128096558122293e-32,14.979827033432892,14.979827033432892
0.003703125,38.663805317642634,2.369151302729805e-36,12.399286277696485,12.399286277696485
0.00370390625,38.702913930675926,30.861563131239315,9.906175869724631,-20.955387261514684
0.0037046875,38.291349791091676,31.15487666807023,7.643051795514012,-23.51182487255622
0.00370546875,37.873254039081964,31.212809737882267,5.767178420224035,-25.445631317658233
0.00370625,37.432322052176126,31.270682295765432,4.288363060636385,-26.982319235129047
0.00370703125,36.97174483633743,31.328507759791073,3.210320262764,-28.118187497027073
0.0037078125,36.49726289923927,31.386286043650156,2.53153831154712,-28.854747732103036
0.00370859375,36.01513956944349,31.44401706032967,2.245504848322895,-29.198512212006776
0.003709375,35.53171727105626,31.501700722887747,2.340987704015813,-29.160713018871935
0.00371015625,35.053286512763584,31.559336944453854,2.8023645735373144,-28.75697237091654
0.0037109375,34.58614778910229,31.616925638228857,3.609995357709984,-28.006930280518873
0.00371171875,34.13723987816719,31.674466717485256,4.740630996954618,-26.933835720530638
0.0037125,33.719368589078215,31.731960095567178,6.1678547038755624,-25.564105391691616
0.00371328125,32.761406114116156,49.149159440252674,7.916922727526575,-41.2322367127261
0.0037140625,32.42555006334031,56.41169660296325,10.06367997858473,-46.348016624378516
0.00371484375,31.69548394827141,56.40691217374099,12.69144761983135,-43.71546455390964
0.003715625,31.006700588089856,56.40162572355911,15.768965225011563,-40.632660498547544
0.00371640625,30.371544184599237,56.39625430961199,19.239312623398526,-37.156941686213464
0.0037171875,29.797353910030075,56.3907979639237,23.042845693891266,-33.34795227003244
0.00371796875,29.29003245146363,56.38525669471278,27.11806353831542,-29.26719315639736
0.00371875,28.8551919202874,56.379630510324276,31.40246234878156,-24.977168161542714
0.00371953125,28.501399166403544,56.373919419231136,35.83336943513932,-20.54054998409182
0.0037203125,28.276970248155095,56.36812343003413,40.34876749009696,-16.019355939937167
0.00372109375,28.311498711228683,0.42700452580719717,44.63027472212961,44.203270196322414
0.003721875,29.15749011586371,2.4506169190010677e-05,48.42606570831215,48.42604120214296
0.00372265625,30.00766752797996,1.4063916901205606e-09,51.45863189882699,51.458631897420595
0.0037234375,30.89068782835217,3.582985628545379e-14,53.71861845423984,53.7186184542398
0.00372421875,31.799962265919334,-4.1548128636994326e-14,55.20805014672515,55.20805014672519
0.003725,32.72437802942932,-4.263201469130917e-14,55.93863526345072,55.93863526345076
0.00372578125,33.651926580314445,-4.5125422048015575e-14,55.9312346032024,55.93123460320244
0.0037265625,34.570360936076206,-4.107787740475601e-14,55.21523405143865,55.21523405143869
0.00372734375,35.46689730080523,-4.5886499143672365e-14,53.827833463931114,53.82783346393116
0.003728125,36.3252997500227,-4.297985969660028e-14,51.81326312184045,51.81326312184049
0.00372890625,37.08932379885275,-4.37917476342709e-14,49.22192093411712,49.221920934117165
0.0037296875,37.62139164435422,55.86547724472409,46.36694760312466,-9.498529641599431
0.00373046875,37.36150115710618,56.28502951321228,43.501498095311035,-12.783531417901242
0.00373125,37.10782605078896,56.27807039962663,40.910590317537654,-15.367480082088974
0.00373203125,36.8238266327907,56.271002059281436,38.61728817503849,-17.653713884242947
0.0037328125,36.50846410128544,56.26384897441956,36.638752250104226,-19.625096724315334
0.00373359375,36.165651556591015,56.25661115721786,34.98747389105115,-21.269137266166712
0.003734375,35.80089704292037,56.24928861857643,33.67130059279255,-22.57798802578388
0.00373515625,35.4217862661066,56.24188136952288,32.693521272670395,-23.548360096852484
0.0037359375,35.052541564733374,56.2343894212124,32.053014784360506,-24.181374636851892
0.00373671875,34.75027074670797,33.66261215993344,31.64042978432724,-2.0221823756062007
0.0037375,34.74324814453791,33.54605712831919,31.368787279654832,-2.1772698486643605
0.00373828125,34.71080264674553,33.601918332103466,31.136097791107712,-2.4658205409957534
0.0037390625,34.670330227089316,33.65773883002639,30.943982400693802,-2.713756429332588
0.00373984375,34.62506514496786,33.71350864057092,30.79397431322066,-2.919534327350263
0.003740625,34.57642221030479,33.76922767918073,30.687010608223254,-3.082217070957475
0.00374140625,34.525423842624015,33.82489586194396,30.623444753350668,-3.2014511085932895
0.0037421875,34.472988207716895,33.88051310502531,30.603065449484703,-3.277447655540604
0.00374296875,34.42003679412562,33.93607932466624,30.625121791222536,-3.3109575334437014
0.00374375,34.36760470940578,33.991594437184986,30.688354274027596,-3.303240163157389
0.00374453125,34.31712479677244,34.0470583589768,30.791031126750624,-3.256027232226174
0.0037453125,34.27163770436003,34.10247100651404,30.930989766537927,-3.1714812399761096
0.00374609375,34.246052641250564,34.15783229634623,31.105687764515288,-3.0521445318309386
0.003746875,34.260210048865034,2.976652945110079,31.204694668752047,28.22804172364197
0.00374765625,34.784580222102306,0.0001708327579888246,31.107180815490416,31.10700998273243
0.0037484375,35.30989599778323,9.804243806793225e-09,30.6278820201532,30.62788201034896
0.00374921875,35.81560725697743,5.626742654902956e-13,29.77941528272219,29.77941528272163
0.00375,36.30190044494653,3.229237616731586e-17,28.587190222411834,28.587190222411834
0.00375078125,36.76525974410642,1.853288167751497e-21,27.079963148598484,27.079963148598484
0.0037515625,37.2027592998677,1.0636185503760008e-25,25.28934155048188,25.28934155048188
0.00375234375,37.6168235201961,6.104201388586412e-30,23.249273223155672,23.249273223155672
0.003753125,38.14534526086952,3.503255427356734e-34,20.995604357365394,20.995604357365394
0.00375390625,37.72596732226955,34.70185967192589,18.83743526272378,-15.864424409202108
0.0037546875,37.46588474221891,34.76339269985239,16.862558132016378,-17.90083456783601
0.00375546875,37.15868373070386,34.81813160330648,15.193007289007323,-19.62512431429916
0.00375625,36.82244622828921,34.87281768436738,13.838544024321003,-21.034273660046374
0.00375703125,36.46470804704602,34.927451247572826,12.804522998569176,-22.12292824900365
0.0037578125,36.09152563930876,34.98203221066794,12.092023454268269,-22.89000875639967
0.00375859375,35.70852541955184,35.036560491454765,11.698005833115115,-23.33855465833965
0.003759375,35.321108932541335,35.09103600781465,11.615513930779073,-23.475522077035578
0.00376015625,34.93449335673332,35.14545867770848,11.83391857935996,-23.311540098348523
0.0037609375,34.55373269475112,35.1998284191767,12.33919819968892,-22.860630219487778
0.00376171875,34.18382112023664,35.25414515033944,13.114251264369408,-22.139893885970032
0.0037625,33.83023933820365,35.308408789396715,14.139235668808336,-21.16917312058838
0.00376328125,33.503315776913055,35.36261925462845,15.39193176023975,-19.9706874943887
0.0037640625,32.72751425547049,49.86050246177549,16.89336395854545,-32.96713850323004
0.00376484375,32.46953572703879,55.897410255973526,18.70682015356293,-37.190590102410596
0.003765625,31.883359958011006,55.88705633327206,20.90200226494803,-34.985054068324025
0.00376640625,31.330776055237596,55.87627119278058,23.45344382531527,-32.42282736746531
0.0037671875,30.821201887257605,55.8654018837168,26.31453243127975,-29.55086945243705
0.00376796875,30.359177842272388,55.85444844236626,29.43657697901768,-26.417871463348582
0.00376875,29.945578404879313,55.84341088522577,32.76950877972703,-23.073902105498735
0.00376953125,29.566045309212086,55.8322892289177,36.26256353246698,-19.569725696450725
0.0037703125,30.52812323672816,16.468898921582174,39.74167997808309,23.272781056500918
0.00377109375,30.20928166446484,0.0009451647456333725,42.91298232753449,42.91203716278886
0.003771875,30.922520882818294,5.4243800365755214e-08,45.46257058119937,45.462570526955574
0.00377265625,31.687686436906592,3.070389288895753e-12,47.33476268292397,47.3347626829209
0.0037734375,32.481579612833976,-3.915680862387906e-14,48.53270813951507,48.532708139515115
0.00377421875,33.29060598340403,-4.263789959161141e-14,49.067984777174324,49.06798477717437
0.003775,34.103189777288094,-3.677663156495209e-14,48.96011071473666,48.96011071473669
0.00377578125,34.90874063364582,-3.96105492433078e-14,48.235981202002804,48.23598120200285
0.0037765625,35.6975578105273,-3.9961427517938987e-14,46.9292348204779,46.929234820477944
0.00377734375,36.461116416055404,-3.5605432706208176e-14,45.07955960176062,45.07955960176066
0.003778125,37.19319802477287,-3.667503481851546e-14,42.73195054468789,42.731950544687926
0.00377890625,37.89655186027507,-4.0486658636248154e-14,39.93593281272391,39.935932812723955
0.0037796875,38.79160432245936,-4.334283169801355e-14,36.74488455923142,36.744884559231465
0.00378046875,38.17221112313701,55.65693406857771,33.65149879525473,-22.00543527332298
0.00378125,37.815809035897296,55.65538355311697,30.7934396755069,-24.86194387761007
0.00378203125,37.39032199740037,55.642919295612565,28.363867588951177,-27.279051706661388
0.0037828125,36.92390151194649,55.630370619338194,26.37645225957128,-29.253918359766914
0.00378359375,36.42806112107136,55.617738164695375,24.838675784243243,-30.77906238045213
0.003784375,35.91327995517523,55.605021950744,23.752022872096187,-31.852999078647816
0.00378515625,35.402879061416336,55.592221996634464,23.112208723028864,-32.4800132736056
0.0037859375,34.94673606848317,37.052899483556985,22.82406058039927,-14.228838903157715
0.00378671875,34.735077056538664,36.963813487748766,22.808982824446723,-14.154830663302045
0.0037875,34.50706815343201,37.01632734294871,22.974389580444097,-14.041937762504615
0.00378828125,34.27939664246399,37.06879358196472,23.311283718242667,-13.757509863722053
0.0037890625,34.05690321192709,37.12120399651406,23.80925458421727,-13.311949412296793
0.00378984375,33.84270075987482,37.173558507201086,24.456261702199214,-12.717296805001874
0.003790625,33.63932448183026,37.2258570351808,25.2388526644853,-11.9870043706955
0.00379140625,33.44893876833919,37.278099501692566,26.14238979558577,-11.135709706106795
0.0037921875,33.27337616644161,37.33028582806019,27.15128274923439,-10.1790030788258
0.00379296875,33.11412186017081,37.382415935691974,28.24922391466712,-9.133192021024852
0.00379375,32.97224775223983,37.43448974608095,29.419423536959506,-8.015066209121441
0.00379453125,32.84821740345244,37.48650718080489,30.644841532803095,-6.841665648001797
0.0037953125,32.74115524463067,37.53846816152648,31.908412940737847,-5.630055220788633
0.00379609375,32.64438429219048,37.590372609993416,33.193262397461154,-4.397110212532264
0.003796875,32.40431196967953,37.64222044803854,34.48282233987204,-3.1593981081665063
0.00379765625,33.17127330352118,0.0073238178863366055,35.46574213350904,35.4584183156227
0.0037984375,33.739494421097874,4.2032041746287537e-07,36.07269022848107,36.07268980816065
0.00379921875,34.330361696436185,2.412256231353895e-11,36.19837926744947,36.198379267425345
0.0038,34.92172942104063,1.3844152898472158e-15,35.860289811153045,35.860289811153045
0.00380078125,35.50289110845711,7.945282386884097e-20,35.081113503200136,35.081113503200136
0.0038015625,36.063392392648204,4.5598681746932605e-24,33.8882315341048,33.8882315341048
0.00380234375,36.580478512905074,2.6169488708046543e-28,32.313173640139645,32.313173640139645
0.003803125,37.02662871853476,34.743832393928464,30.510686137456958,-4.233146256471507
0.00380390625,36.87372032699766,38.10610063785891,28.649707433404146,-9.456393204454761
0.0038046875,36.68410818499401,38.15756810871663,26.97295642399915,-11.18461168471748
0.00380546875,36.47715884039785,38.20878810846107,25.50460169017851,-12.70418641828256
0.00380625,36.249950803759646,38.25995055555649,24.25562816727592,-14.004322388280574
0.00380703125,36.004668818278525,38.31105538385718,23.233805586777148,-15.077249797080032
0.0038078125,35.74457903719913,38.362102516400824,22.443716088838613,-15.918386427562211
0.00380859375,35.47329944834678,38.413091876311384,21.886822306458004,-16.52626956985338
0.003809375,35.19456774287291,38.46402338679976,21.561572549176613,-16.902450837623146
0.00381015625,34.91213392727194,38.51489697116408,21.463540082682208,-17.05135688848187
0.0038109375,34.62970100712464,38.56571255278955,21.58559334471706,-16.980119208072487
0.00381171875,34.35090476294385,38.61647005514891,21.91809370810721,-16.698376347041698
0.0038125,34.07937803751676,38.66716940180225,22.449117219762392,-16.218052182039855
0.00381328125,33.8191726820402,38.717810516397265,23.164696724168607,-15.553113792228658
0.0038140625,33.578202622667455,38.76839332266939,24.04908216800486,-14.719311154664531
0.00381484375,32.97972252358443,50.25476253325723,25.120834293278303,-25.133928239978925
0.003815625,32.78898722599924,55.027649838957956,26.43193902815884,-28.595710810799115
0.00381640625,32.33582117502441,55.011792267528,28.039437656714416,-26.972354610813586
0.0038171875,31.90597217708616,54.99557702376465,29.92495810370491,-25.070618920059744
0.00381796875,31.504842046531525,54.97927894188369,32.05336279062834,-22.925916151255347
0.00381875,31.126448040542893,54.96289806220134,34.387822104622856,-20.57507595757848
0.00381953125,30.54975402083631,54.94643440938781,36.89022169541564,-18.056212713972172
0.0038203125,31.45496599880086,0.010688352897352364,39.091178541162364,39.08049018826501
0.00382109375,32.08498319754539,6.134140384569705e-07,40.873604576038055,40.87360396262402
0.003821875,32.764728173123665,3.5160955213675234e-11,42.06728014822822,42.06728014819306
0.00382265625,33.46412000532248,-3.7645072061975065e-14,42.680403534170104,42.68040353417014
0.0038234375,34.17018465010384,-3.939017764687193e-14,42.72824533427464,42.72824533427468
0.00382421875,34.87269801725688,-3.755204910865383e-14,42.23263590628783,42.23263590628787
0.003825,35.562536618828055,-3.4788526320231145e-14,41.221427376354825,41.22142737635486
0.00382578125,36.231377717812556,-4.020516468593548e-14,39.727901404397386,39.72790140439743
0.0038265625,36.871698138955075,-3.689117791287545e-14,37.79013180905983,37.790131809059865
0.00382734375,37.47691885575019,-3.980177786045318e-14,35.45031184536719,35.45031184536723
0.003828125,38.041822936963676,-3.9696331746660136e-14,32.754056148998046,32.75405614899809
0.00382890625,38.564163087230845,-4.094747175167755e-14,29.74968777388814,29.749687773888184
0.0038296875,39.05644287601003,-4.173576551880428e-14,26.487525600387414,26.487525600387457
0.00383046875,38.2356004013006,38.566732105329685,23.13997931440054,-15.426752790929141
0.00383125,38.670249819030516,54.688637678096434,19.99802792611461,-34.690609751981825
0.00383203125,38.091920465575505,54.67177937824668,17.37335390159776,-37.29842547664892
0.0038328125,37.459426884544804,54.65391253041013,15.325552605964923,-39.32835992444521
0.00383359375,36.7929619792628,54.63596332161283,13.857462775760055,-40.77850054585277
0.003834375,36.09630230595701,54.617931832039105,12.964449947434346,-41.65348188460476
0.00383515625,35.573804864730796,40.48448565337236,12.579473645761173,-27.905012007611187
0.0038359375,35.072868192838904,40.16075325532241,12.634508523568293,-27.52624473175412
0.00383671875,34.61560654119234,40.2095909565984,13.037409175364296,-27.1721817812341
0.0038375,34.17019621857663,40.258389488557285,13.76878544714831,-26.489604041408974
0.00383828125,33.73993276252851,40.30712739333647,14.806946983719406,-25.500180409617066
0.0038390625,33.329178441922544,40.355804596310314,16.127176123927168,-24.228628472383146
0.00383984375,32.94215570648898,40.40442102417177,17.702160669198747,-22.70226035497302
0.003840625,32.58269532679145,40.452976603705345,19.502442915556824,-20.95053368814852
0.00384140625,32.25414171485629,40.501471261787245,21.496878134885293,-19.004593126901952
0.0038421875,31.959297892116343,40.54990492538534,23.653096256583193,-16.896808668802148
0.00384296875,31.700377054661544,40.59827752155946,25.937960752626182,-14.66031676893328
0.00384375,31.47893278098531,40.646588977461334,28.318019004112735,-12.328569973348602
0.00384453125,31.295697222396086,40.69483922033474,30.75993873541706,-9.934900484917685
0.0038453125,31.150034100132615,40.743028177515775,33.23092535465812,-7.512102822857656
0.00384609375,31.037075145415198,40.79115577643267,35.69911446059579,-5.092041315836879
0.003846875,30.905151730705906,40.83922194460614,38.13391184207933,-2.705310102526808
0.00384765625,31.485219944021573,0.0913157673345556,40.2827066677013,40.19139090036674
0.0038484375,32.12194063589679,5.240693043256697e-06,41.9896054172757,41.989600176582655
0.00384921875,32.8178697955125,3.0076803136325305e-10,43.09684506212467,43.096845061823906
0.00385,33.53095115481435,1.7261344624357505e-14,43.613913577175516,43.6139135771755
0.00385078125,34.246656129299694,9.906439088301288e-19,43.557679906335586,43.557679906335586
0.0038515625,34.95050458622337,5.685393435210236e-23,42.951609233936594,42.951609233936594
0.00385234375,35.599276043316856,3.262897820802567e-27,41.82518570888955,41.82518570888955
0.003853125,36.090037229577284,40.90943022958132,40.40181439596238,-0.507615833618938
0.00385390625,36.010752683057596,41.26902324976332,38.862839587156536,-2.4061836626067845
0.0038546875,35.94340374247034,41.31648905526757,37.414638556689226,-3.9018504985783395
0.00385546875,35.85932056682842,41.36387472919461,36.07345121374583,-5.290423515448783
0.00385625,35.75579929010051,41.411198108845994,34.85262670675691,-6.55857140208909
0.00385703125,35.6337026117491,41.45845912398137,33.763459747564006,-7.694999376417363
0.0038578125,35.494832927794896,41.505657703426536,32.81512768790161,-8.690530015524926
0.00385859375,35.34138368769191,41.552793776101296,32.014657969334564,-9.538135806766736
0.003859375,35.17575476478621,41.59986727101957,31.36692430857226,-10.23294296244731
0.00386015625,35.00046469276329,41.64687811728953,30.874670383514925,-10.772207733774605
0.0038609375,34.818098204090354,41.69382624411367,30.538559595108243,-11.15526664900543
0.00386171875,34.63127403819333,41.74071158078904,30.357249231315077,-11.383462349473962
0.0038625,34.44263770108864,41.78753405670708,30.32748712795055,-11.46004692875653
0.00386328125,34.254917452736436,41.83429360135402,30.444228732270624,-11.390064869083396
0.0038640625,34.07124842091553,41.880990144310836,30.700772403682386,-11.18021774062845
0.00386484375,33.89772141767326,41.92762361525337,31.08891174293089,-10.838711872322477
0.003865625,33.45962018173452,50.329432396640364,31.625272558335492,-18.70415983830487
0.00386640625,33.31717689991839,53.80794650754555,32.35053282871941,-21.457413678826143
0.0038671875,32.98283787147229,53.78668613204933,33.30872206405537,-20.477964067993966
0.00386796875,32.671713916388526,53.76514390425829,34.488392484785194,-19.276751419473097
0.00386875,32.43410331340092,53.74352069560517,35.865558171195005,-17.87796252441017
0.00386953125,32.3962592614467,0.40706144233471,37.16899514693021,36.7619337045955
0.0038703125,33.08775967881986,2.3361617909749008e-05,38.18784310732475,38.18781974570684
0.00387109375,33.74229776367966,1.3407109740175587e-09,38.683395999255254,38.683395997914545
0.003871875,34.39090011073519,3.6140831237989206e-14,38.668987365730025,38.66898736572999
0.00387265625,35.03134593724751,-3.9325699664350185e-14,38.165044500340976,38.16504450034102
0.0038734375,35.65742862321511,-3.947435317720367e-14,37.19738617133471,37.197386171334756
0.00387421875,36.26242479525732,-3.1549060387746656e-14,35.796683103165314,35.79668310316534
0.003875,36.839845920620746,-3.8247154975370054e-14,33.99787702351992,33.997877023519955
0.00387578125,37.38371174346345,-3.942328708019477e-14,31.839568388049663,31.839568388049702
0.0038765625,37.88870247129305,-3.839192429841152e-14,29.36338197727923,29.363381977279268
0.00387734375,38.35029234441835,-3.794752190808507e-14,26.613319341788152,26.61331934178819
0.003878125,38.764953507881145,-3.4385971732297715e-14,23.635106878643043,23.63510687864308
0.00387890625,39.13069514345341,-4.023134376379682e-14,20.475548139898144,20.475548139898184
0.0038796875,39.44942359470128,-3.472610793654644e-14,17.181889342317046,17.18188934231708
0.00388046875,39.75004661103312,-2.842162894188014e-14,13.801217539108885,13.801217539108913
0.00388125,39.31607203287154,52.01546787460073,10.583605543566698,-41.43186233103403
0.00388203125,38.742766339253116,53.363491178311314,7.758125004715147,-45.60536617359617
0.0038828125,37.97999555890504,53.34049489195202,5.618740825687297,-47.72175406626472
0.00388359375,37.17128718363514,53.31733959635085,4.169069000737281,-49.14827059561357
0.003884375,36.47218661335248,43.335882365872294,3.3607980811205778,-39.975084284751716
0.00388515625,35.78110258141638,43.11774257024816,3.1414925452284805,-39.97625002501968
0.0038859375,35.11859646441092,43.162631763787104,3.4384089279928816,-39.72422283579422
0.00388671875,34.466820027903374,43.207471054376754,4.2270898759495665,-38.98038117842719
0.0038875,33.832390398294784,43.25224527616241,5.47858762801345,-37.77365764814896
0.00388828125,33.22237208547749,43.29695436084835,7.159237250974968,-36.137717109873385
0.0038890625,32.64341259920139,43.34159824110355,9.231270095842092,-34.110328145261455
0.00388984375,32.10154290983298,43.38617684969505,11.653455302072441,-31.732721547622607
0.003890625,31.602088873866077,43.43069011948829,14.381759773497322,-29.048930345990968
0.00389140625,31.149615008262927,43.4751379834471,17.370017485984874,-26.105120497462224
0.0038921875,30.747881329450447,43.519520374633785,20.570599262766123,-22.948921111867662
0.00389296875,30.399802387477987,43.56383722620929,23.935074503484188,-19.6287627227251
0.00389375,30.107390117951805,43.60808847143321,27.414856788038403,-16.19323168339481
0.00389453125,29.871626762103446,43.65227404366399,30.961825779232193,-12.690448264431799
0.0038953125,29.69205630912528,43.69639387635897,34.52891835095271,-9.167475525406264
0.00389609375,29.5648757505301,43.740447903074426,38.07068190997141,-5.669765993103017
0.003896875,29.46399263484318,43.78443605746586,41.54377459541343,-2.240661462052428
0.00389765625,29.975207341477745,1.1250145679037902,44.74017710972085,43.61516254181706
0.0038984375,30.607596101449715,6.456558589684794e-05,47.47066802607453,47.47060346048863
0.00389921875,31.39937047955857,3.7054763566046137e-09,49.4944302993663,49.49443029566083
0.0039,32.2249705140752,2.1266058130862744e-13,50.81055886508703,50.81055886508682
0.00390078125,33.065142105845716,1.2204779761154188e-17,51.43045579687623,51.43045579687623
0.0039015625,33.90035852224516,7.004431573621201e-22,51.37389428136536,51.37389428136536
0.00390234375,34.62696675582528,4.0199055312491646e-26,50.668382833127254,50.668382833127254
0.003903125,35.11969261458204,44.104882634526795,49.63870087791688,5.533818243390089
0.00390390625,35.16195027450623,44.177352625847966,48.435033025024985,4.257680399177018
0.0039046875,35.20963608803171,44.22068009871394,47.22517554357564,3.004495444861695
0.00390546875,35.24209674385835,44.26393930733804,46.025330627745205,1.7613913204071636
0.00390625,35.25625180222018,44.30713185517373,44.85085447646812,0.5437226212943926
0.00390703125,35.25163762986306,44.35025767726957,43.716172648145,-0.6340850291245701
0.0039078125,35.22863318941677,44.39331670867883,42.63463323759993,-1.7586834710789063
0.00390859375,35.188047177871695,44.43630888455542,41.618380252237394,-2.817928632318029
0.003909375,35.13097437772555,44.4792341401539,40.67824742047257,-3.8009867196813283
0.00391015625,35.05872736104604,44.522092410829586,39.82367286369235,-4.698419547137238
0.0039109375,34.972795009245914,44.564883632038736,39.06263485887683,-5.502248773161911
0.00391171875,34.87481384236832,44.60760773933849,38.40160866129725,-6.2059990780412395
0.0039125,34.766550019879375,44.650264668387166,37.8455440975828,-6.804720570804363
0.00391328125,34.64989915433444,44.69285435494415,37.39786339323453,-7.294990961709624
0.0039140625,34.52693410964994,44.73537673487019,37.06047847777362,-7.674898257096567
0.00391484375,34.40014433217864,44.7778317441273,36.833826864674585,-7.944004879452712
0.003915625,34.27413834695867,44.82021931877905,36.71692571330716,-8.10329360547189
0.00391640625,33.97871346276046,50.08403719628987,36.723797538393256,-13.360239657896612
0.0039171875,33.86805420008513,52.246056844831216,36.882816293096276,-15.363240551734942
0.00391796875,33.659012490782665,52.21952886853082,37.223832871534725,-14.995695996996098
0.00391875,33.512278636878854,4.543358147820109,37.57730087784591,33.0339427300258
0.00391953125,34.1488199561985,0.0002607473619244958,37.750472284972524,37.750211537610596
0.0039203125,34.79281668596995,1.4964496692440653e-08,37.451445605942,37.4514455909775
0.00392109375,35.414546454316806,8.197956315152945e-13,36.68960902905895,36.68960902905813
0.003921875,36.01555709466478,-2.7661688105431378e-14,35.49299229344825,35.49299229344828
0.00392265625,36.59109450029799,-3.7751878688718894e-14,33.894020305270146,33.89402030527018
0.0039234375,37.13563176159347,-2.968956149659924e-14,31.928929823635038,31.928929823635066
0.00392421875,37.643863706736,-4.217880849114912e-14,29.63715938342041,29.637159383420453
0.003925,38.1110121039304,-2.1671904160288296e-14,27.060722491651987,27.060722491652008
0.00392578125,38.5329589387685,-4.870506174247096e-14,24.243572980593488,24.243572980593537
0.0039265625,38.906324181702644,-4.5998994194597967e-14,21.230970935441064,21.23097093544111
0.00392734375,39.22852989647635,-2.7618707792210742e-14,18.068857233676074,18.068857233676102
0.003928125,39.49788815139376,-4.191361463006945e-14,14.80324430402217,14.803244304022213
0.00392890625,39.71380402255447,-3.105495158473609e-14,11.479630239515153,11.479630239515183
0.0039296875,39.87746726845704,-4.1747738419164336e-14,8.142442996243323,8.142442996243366
0.00393046875,39.99548397974786,-3.005640838585637e-14,4.834522061419209,4.834522061419239
0.00393125,40.13381043644924,-2.807333288230218e-14,1.5966726759012124,1.5966726759012404
0.00393203125,39.368359166300976,51.61070870401004,-1.249798987573044,-52.86050769158308
0.0039328125,38.53214207708774,51.698208736862036,-3.506963080749337,-55.20517181761137
0.00393359375,37.625602661580196,46.29084948625562,-4.99376741712404,-51.28461690337966
0.003934375,36.782653403168545,45.81715581006755,-5.742739114543312,-51.55989492461086
0.00393515625,35.932163303815535,45.857807514561074,-5.806944405153622,-51.664751919714696
0.0039359375,35.08406158609399,45.8984196807237,-5.213721637089087,-51.112141317812785
0.00393671875,34.25046719487843,45.93896272639012,-3.9961689493855417,-49.935131675775665
0.0039375,33.44183422487214,45.97943658880898,-2.1939850685904716,-48.17342165739945
0.00393828125,32.66763124049358,46.01984120702729,0.14729616484811459,-45.872545042179176
0.0039390625,31.936420631140653,46.06017652019642,2.9771146073077546,-43.08306191288867
0.00393984375,31.25584092497837,46.1004424675721,6.240724165152471,-39.85971830241963
0.003940625,30.632572211167048,46.14063898851458,9.880052830000622,-36.26058615851396
0.00394140625,30.072306363204447,46.18076602248859,13.834570726174434,-32.34619529631416
0.0039421875,29.57973134769407,46.22082350906358,18.042154855634113,-28.178668653429465
0.00394296875,29.158537978861524,46.26081138791365,22.439939716569132,-23.820871671344516
0.00394375,28.811465489170185,46.3007295988178,26.96514358575154,-19.335586013066262
0.00394453125,28.54043406888897,46.34057808165994,31.55586098847926,-14.784717093180682
0.0039453125,28.346949285528314,46.380356776428954,36.151812770051734,-10.228544006377216
0.00394609375,28.23378625043226,46.42006562321886,40.6950465750611,-5.725019048157764
0.003946875,28.218992280833586,46.459704562228836,45.13058777830883,-1.329116783920007
0.00394765625,28.326385373122488,4.046360432113644,49.260840484448906,45.21448005233526
0.0039484375,29.191588946964256,0.0002322242213592229,52.87872667624449,52.87849445202313
0.00394921875,30.117879645090348,1.3327554450636924e-08,55.69450873526039,55.694508721932834
0.00395,31.072824213089007,7.648801946457154e-13,57.692629633053,57.692629633052235
0.00395078125,32.05284482651653,4.3897154149935466e-17,58.88022407659129,58.88022407659129
0.0039515625,33.055376170158056,2.5192966897982554e-21,59.27441826231359,59.27441826231359
0.00395234375,34.25905604666828,1.4458467602592358e-25,58.90182752756707,58.90182752756707
0.003953125,34.22389141671701,46.765199879808925,58.164321403923694,11.39912152411477
0.00395390625,34.43470710680571,46.8132988264546,57.17205240078269,10.35875357432809
0.0039546875,34.605019308247876,46.85223594361645,56.087900881880074,9.235664938263623
0.00395546875,34.75092265088922,46.891101980398204,54.92978351898238,8.03868153858418
0.00395625,34.87441577905105,46.92989739999785,53.71580870334057,6.785911303342721
0.00395703125,34.97572705430609,46.96862214402015,52.46407201776623,5.495449873746072
0.0039578125,35.05481737819002,47.007276154146325,51.1924281958387,4.185152041692376
0.00395859375,35.111729971150304,47.04585937216413,49.91827457517106,2.8724152030069305
0.003959375,35.146695053890646,47.084371739967935,48.65834881347119,1.5739770735032594
0.00396015625,35.16016049313176,47.12281319955882,47.4285429563633,0.30572975680447945
0.0039609375,35.15279316595801,47.16118369304463,46.243735588373205,-0.9174481046714247
0.00396171875,35.12546480508021,47.1994831626401,45.117643483839935,-2.0818396788001667
0.0039625,35.07922550114787,47.23771155066693,44.062693865264194,-3.1750176854027377
0.00396328125,35.01526103989618,47.275868799553834,43.089918067319154,-4.185950732234678
0.0039640625,34.93481788832371,47.31395485183671,42.20886709410219,-5.105087757734522
0.00396484375,34.83904059514139,47.35196965015863,41.4275492360018,-5.9244204141568275
0.003965625,34.72849232741808,47.389913137270064,40.75238951775367,-6.637523619516395
0.00396640625,34.60080463892957,47.427785256028706,40.18820965078443,-7.239575605244276
0.0039671875,34.440727910944226,50.12807913513569,39.747393506242425,-10.38068562889327
0.00396796875,35.38768161473569,14.856121816208653,39.32999479472677,24.473872978518123
0.00396875,35.12079005131081,0.0008526060342104576,38.73128967772654,38.73043707169233
0.00396953125,35.729552390732806,4.893179065749612e-08,37.70880498619757,37.70880493726578
0.0039703125,36.33191716586416,2.7749816717506335e-12,36.2489806061643,36.248980606161524
0.00397109375,36.910007370051694,-3.04204358369458e-14,34.38766961249461,34.38766961249464
0.003971875,37.45517230677764,-3.6112629620593615e-14,32.164397536478404,32.16439753647844
0.00397265625,37.96100691714006,-2.5179883311496738e-14,29.621709511537095,29.62170951153712
0.0039734375,38.42229699713274,-2.9386470098393264e-14,26.804510599972943,26.80451059997297
0.00397421875,38.834764111043064,-3.757970002685965e-14,23.75940282405766,23.759402824057698
0.003975,39.19498674435142,-2.3404255154815648e-14,20.534027104409727,20.534027104409752
0.00397578125,39.5003667913995,-4.020531804146063e-14,17.176418181070954,17.176418181070993
0.0039765625,39.7491034038606,-2.1451709580220194e-14,13.734380157113858,13.734380157113879
0.00397734375,39.940158195361704,-4.4249387890657376e-14,10.254889751528145,10.25488975152819
0.003978125,40.07319740486852,-2.5129032752272265e-14,6.783533715916537,6.783533715916562
0.00397890625,40.14848070385412,-4.31536347490345e-14,3.3639861700659903,3.3639861700660334
0.0039796875,40.166597633486845,-2.3755499976443945e-14,0.03753083404830489,0.037530834048328646
0.00398046875,40.127610103396194,-4.2738307505236984e-14,-3.15736784589964,-3.1573678458995973
0.00398125,40.02644957598231,-4.157703101927991e-14,-6.185443156787212,-6.18544315678717
0.00398203125,39.76176708406538,-3.3333313428414705e-14,-9.015003763337825,-9.015003763337791
0.0039828125,39.24417222446761,48.627847857335695,-11.294419554470785,-59.92226741180648
0.00398359375,38.172347617156134,48.24282556454589,-12.883567749609277,-61.126393314155166
0.003984375,37.13862197806307,48.27901650886386,-13.633599374195427,-61.91261588305929
0.00398515625,36.10665422976748,48.31515892382709,-13.56909789254307,-61.88425681637016
0.0039859375,35.085486538587354,48.351228578421754,-12.72275578535563,-61.073984363777384
0.00398671875,34.086454793494646,48.387225416940055,-11.135876519115811,-59.523101936055866
0.0039875,33.12086368618714,48.42314938517136,-8.857510491675413,-57.28065987684677
0.00398828125,32.19939285262492,48.459000429014786,-5.943526112445397,-54.40252654146018
0.0039890625,31.331848181439412,48.49477849447936,-2.4556311633056254,-50.95040965778499
0.00398984375,30.527021444396116,48.53048352768387,1.5396410559724316,-46.99084247171144
0.003990625,29.792599684593366,48.566115474857256,5.971966518389138,-42.59414895646812
0.00399140625,29.135106980252846,48.60167428233844,10.768272240780298,-37.833402041558145
0.0039921875,28.559874215358548,48.63715989657649,15.853771552331452,-32.78338834424504
0.00399296875,28.071039872568992,48.67257226413071,21.1529799996135,-27.519592264517208
0.00399375,27.67159640211098,48.70791133167071,26.590699790350474,-22.117211541320234
0.00399453125,27.36353142781334,48.7431770459765,32.09296157883901,-16.65021546713749
0.0039953125,27.148257406069714,48.77836935393856,37.587913471184855,-11.190455882753705
0.00399609375,27.028388798698128,48.81348820255789,43.00664873993835,-5.8068394626195445
0.003996875,27.022471344487542,48.848533538946185,48.28397150019597,-0.5645620387502192
0.00399765625,27.15497611018363,4.253980136581422,53.20540327195384,48.951423135372416
0.0039984375,28.093454341270764,0.00024413970071845452,57.54724544179872,57.547001302098
0.00399921875,29.10466022083852,1.4011394400820026e-08,60.999678081127655,60.999678067116264
