time_s,bus_V,bridge_A,source_A,cap_branch_0_A,cap_branch_1_A
0.0,34.95325617835452,8.041263771422776e-13,31.044501247336754,24.929521884618936,6.114979362717017
7.8125e-07,35.1320527648471,4.6149527443044545e-17,30.590456269945825,17.402088718590136,13.188367551355691
1.5625e-06,35.268010610852855,2.6485623948628296e-21,30.04590141925863,11.322474094801464,18.723427324457166
2.34375e-06,35.554514222869514,1.520033497231136e-25,29.450850667174265,6.818157495680892,22.632693171493372
3.125e-06,34.964253142256055,49.116692793672655,29.08364421951499,-39.476921335396504,19.44387276123884
3.90625e-06,34.70600400109047,49.16062429620549,28.830874685706128,-35.11773693209195,14.787987321592588
4.6875e-06,34.468006272682324,49.19493217390965,28.79487583388247,-28.017917984446072,7.617861644418894
5.46875e-06,34.280473630622794,49.229165416875546,28.929007448763272,-20.61551010065565,0.3153521325433786
6.25e-06,34.14497819880044,49.26332452157656,29.184322802472167,-14.131527982046462,-5.947473737057926
7.03125e-06,34.054060235308455,49.29740943660113,29.51788578940142,-9.025804035191774,-10.753719612007936
7.8125e-06,33.997507558630154,49.331420110618,29.89592103297471,-5.3231109903689005,-14.11238808727439
8.59375e-06,33.96536453575689,49.365356492407706,30.294020894148627,-2.8337629319517816,-16.237572666307297
9.375e-06,33.94927262584036,49.39921853086267,30.695896326976733,-1.291370375868703,-17.411951828017234
1.015625e-05,33.942870705964715,49.433006174987284,31.091601503187306,-0.4306412126086855,-17.910763459191294
1.09375e-05,33.94169853156369,49.466719373897945,31.4757585924257,-0.024938761456250805,-17.966022020015995
1.171875e-05,33.942881106724116,49.50035807682321,31.84603784388515,0.10106535913075164,-17.755385592068812
1.25e-05,33.944761092734026,49.53392223310378,32.20197996820838,0.0726296851693661,-17.40457195006477
1.328125e-05,33.94657681103485,49.56741179219266,32.544153808787414,-0.027262667853359446,-16.995995315551887
1.40625e-05,33.94825628824816,49.60082670365516,32.87359773557186,-0.14805201670515516,-16.579176951378145
1.484375e-05,33.95045502972939,49.63416691716904,33.19147904353347,-0.2621704392881485,-16.180517434347422
1.5625e-05,33.955416062957276,49.66743238252455,33.49890843564323,-0.3571787735547954,-15.811345173326528
1.640625e-05,33.97369434694743,49.70062304962447,33.79685918351847,-0.4298685953783336,-15.473895270727661
1.71875e-05,34.51115977045352,49.73373886848428,34.086354515611404,-0.4868473259436133,-15.160537026929262
1.796875e-05,34.24869212607429,0.042999494043953944,34.085677982189175,42.7050886019544,-8.662410113809178
1.875e-05,34.575334805403294,2.4677791980230203e-06,33.96580212775607,35.9838370903171,-2.018037430340232
1.953125e-05,34.83346939994052,1.4165061556173432e-10,33.63622746952714,27.60035659543425,6.035870873951236
2.03125e-05,35.025113736013964,2.54201932305106e-14,33.15170649462736,19.637311886654103,13.51439460797323
2.109375e-05,35.15844321366213,1.926547826272095e-14,32.56452558391254,13.02498777152429,19.539537812388232
2.1875e-05,35.24529277138914,-2.0164894864947715e-14,31.918059495232804,8.020090200856643,23.897969294376182
2.265625e-05,35.29795811487751,-1.387568894089585e-14,31.244989174464152,4.515911469050119,26.729077705414046
2.34375e-05,35.32728310308715,-1.005185422533988e-14,30.56798083289814,2.2449106384745163,28.323070194423636
2.421875e-05,35.34188018396019,-1.6899653505400938e-14,29.901460401120247,0.9000293598754155,29.00143104124485
2.5e-05,35.34805692152365,-1.084625476729045e-14,29.25366375132036,0.1991806887055262,29.054483062614846
2.578125e-05,35.350107504417615,3.991465257647407e-15,28.628525737467474,-0.08707668433201121,28.71560242179948
2.65625e-05,35.35074427982627,2.7273625291589368e-15,28.027219400181348,-0.1296874473166362,28.156906847497982
2.734375e-05,35.35153916261081,2.3339807390846823e-15,27.44930416055507,-0.04666880029564951,27.495972960850715
2.8125e-05,35.35331250973302,4.262017820485875e-15,26.893519237849187,0.08658434572069496,26.80693489212849
2.890625e-05,35.35645351457922,3.1653820082872503e-15,26.358290848036216,0.22617877819286605,26.132112069843345
2.96875e-05,35.361193476532534,1.3659902926349864e-14,25.842027563984136,0.34980454031671687,25.492223023667403
3.046875e-05,35.3679084251267,1.2566099840641608e-14,25.34327037276201,0.4488231348285041,24.89444723793349
3.125e-05,35.377632492471996,1.3880661138950428e-14,24.860750644372057,0.522461917860349,24.338288726511696
3.203125e-05,35.368345127862916,1.148189458620095e-14,24.39338473751376,0.5740863533709103,23.81929838414284
3.28125e-05,35.593562985952445,2.9105614910763586,23.956996602622997,-1.9228546174461905,22.96928972899283
3.359375e-05,34.966087714715826,50.40256043815159,23.781434006026405,-43.280627747385864,16.65950131526068
3.4375e-05,34.68350717683054,50.443250009890605,23.742330619704028,-36.66716602102451,9.96624663083793
3.515625e-05,34.436747635821256,50.47463131357104,23.92285150520209,-28.238990522730752,1.6872107143618054
3.59375e-05,34.24905563572883,50.505936073518896,24.26770191839023,-20.149097736253196,-6.089136418875468
3.671875e-05,34.117618518456794,50.53716477240938,24.72358333403249,-13.388304583931712,-12.425276854445181
3.75e-05,34.03227723017412,50.568317363243025,25.245964101183144,-8.24577447938331,-17.07657878267657
3.828125e-05,33.98130079793543,50.599393799104604,25.80108213593217,-4.628994826383479,-20.169316836788955
3.90625e-05,33.954000115739646,50.63039403319356,26.365362464575092,-2.2737287463348537,-21.991302822283615
3.984375e-05,33.94176868636932,50.66131801882409,26.92366566580268,-0.8704672613115889,-22.86718509170982
4.0625e-05,33.93826990375704,50.692165709425254,27.467221520543443,-0.1322345214793785,-23.09270966740243
4.140625e-05,33.9391999025876,50.72293705854098,27.991707216578295,0.17577993121570756,-22.90700977317839
4.21875e-05,33.94188748517877,50.75363201983015,28.495672002701703,0.22935179877982323,-22.48731181590827
4.296875e-05,33.94488388897456,50.78425054706673,28.979356376550427,0.15037441621948278,-21.955268586735787
4.375e-05,33.94763111343143,50.81479259413977,29.443872423195202,0.01709831807584408,-21.38801848902041
4.453125e-05,33.95028413211599,50.8452581150535,29.89067724017054,-0.12463528713217045,-20.829945587750785
4.53125e-05,33.95387241089951,50.87564706392738,30.32126441402364,-0.25129661628262173,-20.303086033621117
4.609375e-05,33.961789601970786,50.905959394996216,30.737006294468102,-0.35358702664313174,-19.81536607388498
4.6875e-05,33.99354058377541,50.93619506261018,31.139097991492378,-0.4306539685818329,-19.36644310253597
4.765625e-05,34.000248869263885,4.435372638915238,31.38988342734001,41.78205662180199,-14.827545833377224
4.84375e-05,34.354110851281064,0.0002545499776380684,31.53356324085343,42.31213636222039,-10.778827671344601
4.921875e-05,34.67512793151825,1.4608849445260643e-08,31.4353772681664,34.616451405558394,-3.1810741520008463
5e-05,34.92485798993918,8.384148531246036e-13,31.13355005184748,25.976181612767057,5.157368439079582
5.078125e-05,35.1110619141137,4.8117373553192157e-17,30.68484380115818,18.12205106225328,12.5627927389049
5.15625e-05,35.2525132142654,2.761498832026708e-21,30.140961192774036,11.779739258152254,18.36122193462178
5.234375e-05,35.550704557983025,1.5848487222301773e-25,29.54367559278216,7.081446355160108,22.462229237622054
5.3125e-05,34.93543703835849,51.1653649635056,29.183012431680968,-41.1483190130854,19.165966481260764
5.390625e-05,34.66601144541043,51.20485816960379,28.94085581601987,-36.603724882654966,14.339722529071047
5.46875e-05,34.41765471517517,51.234325288375665,28.923831874220284,-29.20389225837006,6.893398844214679
5.546875e-05,34.221835403175845,51.263714678199115,29.083359012339248,-21.489277024512834,-0.6910786413470333
5.625e-05,34.08017782023296,51.293026865761945,29.3684545301952,-14.732104759356218,-7.192467576210525
5.703125e-05,33.98489267114967,51.322261806953286,29.734400652205025,-9.411418071910266,-12.176443082837995
5.78125e-05,33.92531868221189,51.35141945774585,30.14602630517186,-5.552927281086143,-15.652465871487847
5.859375e-05,33.89105563262311,51.38049977422874,30.577922181843604,-2.958891647291823,-17.843685945093313
5.9375e-05,33.873357403526555,51.40950271260751,31.013138588842786,-1.3516652189227258,-19.044698904842
6.015625e-05,33.86554271350117,51.43842822920429,31.441335092274112,-0.4547649101705027,-19.542328226759675
6.09375e-05,33.86288309931302,51.46727628045776,31.85693045254597,-0.032002800444297465,-19.578343027467493
6.171875e-05,33.86225211596202,51.496046822923276,32.25751868763779,0.09933374764114973,-19.337861882926635
6.25e-05,33.86169632252142,51.524739813272916,32.642641885387185,0.06977691435754992,-18.95187484224328
6.328125e-05,33.85999138414312,51.55335520829556,33.012912416177066,-0.034195167209593084,-18.506247624908898
6.40625e-05,33.856127413244586,51.58189296489692,33.36943073000348,-0.15988610426910768,-18.052576130624335
6.484375e-05,33.84828498472772,51.6103530400997,33.713429966596195,-0.27853711623758953,-17.61838595726592
6.5625e-05,33.828788593269756,51.6387353910435,34.04607979655955,-0.3770522469701405,-17.2156033475138
6.640625e-05,33.62896395085677,51.667039974985016,34.36832520567534,-0.44995362431888086,-16.848761144990796
6.71875e-05,34.21774433439663,5.964340815737469,34.44917876895548,39.723992182045116,-11.239154228827111
6.796875e-05,34.48268694398383,6.024466352676036,34.413879432720194,33.740338288698254,-5.350925208654101
6.875e-05,34.71365861125525,0.045900857903488544,34.15790139008793,31.46616718840632,2.645833343778115
6.953125e-05,34.93366362524758,2.6342910189169565e-06,33.74034817971262,23.508595695828152,10.231749849593447
7.03125e-05,35.09157182432133,1.5118470975295605e-10,33.19531685129344,16.32054127469524,16.874775576447018
7.109375e-05,35.19864644696798,1.0305745332755123e-14,32.56982365108764,10.561065278979356,22.008758372108275
7.1875e-05,35.266349938560076,5.463321315596837e-15,31.901544970824382,6.324200560457496,25.57734441036688
7.265625e-05,35.30579801042091,9.662836233154527e-15,31.218016096893198,3.43656566714011,27.78145042975308
7.34375e-05,35.326443483173314,1.2718568867811083e-14,30.53776549012018,1.620065019510844,28.917700470609322
7.421875e-05,35.33558407006139,2.9654965172952555e-15,29.872165049147252,0.5858076203114593,29.28635742883579
7.5e-05,35.33842216649067,9.555997165648415e-15,29.227361343363818,0.08118742632593126,29.146173917037874
7.578125e-05,35.338393088695355,7.84800886638673e-15,28.60596832689889,-0.0925072333474759,28.698475560246358
7.65625e-05,35.33757787363818,1.302353425787536e-14,28.008400935079628,-0.07930125770234896,28.08770219278196
7.734375e-05,35.337098699225756,1.2034267450965915e-14,27.433842712639592,0.02399329039803746,27.409849422241543
7.8125e-05,35.33745215004745,1.5061660934469487e-14,26.880896750239298,0.15736979563690456,26.72352695460238
7.890625e-05,35.33877789366948,-2.0637521037368173e-14,26.347989338094838,0.28729285192095516,26.060696486173903
7.96875e-05,35.341128132429006,-1.564393022566667e-14,25.833595554409175,0.3978834113175793,25.43571214309161
8.046875e-05,35.34527381007465,-2.0443498751535245e-14,25.33634618614852,0.48409936853349794,24.852246817615043
8.125e-05,35.37697896685662,-1.8202572240330414e-14,24.855072609170517,0.5465942506988285,24.308478358471707
8.203125e-05,35.28094328104331,7.263947859497225,24.425520801003668,-5.8010903456418905,22.96266328714833
8.28125e-05,35.223563763500174,7.33418901212632,24.027427164404713,-4.897230328507504,21.590468480785898
8.359375e-05,34.68623896824491,7.403017668028108,23.673332415334443,-3.7090085865171676,19.979323333823505
8.4375e-05,34.91484333611653,52.29391020357998,23.613081031840068,-41.47158730467911,12.790758132939196
8.515625e-05,34.59685191992539,52.32291066903041,23.6815485379532,-34.29546546589142,5.654103334814207
8.59375e-05,34.35190099930977,52.34925767778627,23.952402937858366,-25.941611940760108,-2.4552427991677948
8.671875e-05,34.17248538819085,52.375525701744145,24.370810502539065,-18.22114760724241,-9.783567591962669
8.75e-05,34.04922484698039,52.40171484909837,24.885965118585396,-11.919786978063561,-15.595962752449413
8.828125e-05,33.97001308115575,52.42782508041704,25.456448212668896,-7.214342972935459,-19.757033894812682
8.90625e-05,33.92275688063857,52.45385635637862,26.051469895352067,-3.9610459991933604,-22.441340461833196
8.984375e-05,33.89701085070039,52.47980863778048,26.649937622937117,-1.8813809733932219,-23.948490041450142
9.0625e-05,33.88459206677509,52.505681885538955,27.23860568372857,-0.6715379488792664,-24.59553825293112
9.140625e-05,33.879564246681575,52.5314760606894,27.810045231501917,-0.059105383423718655,-24.662325445763763
9.21875e-05,33.87790213161737,52.55719112438626,28.36081925189477,0.1739582734809318,-24.370330145972417
9.296875e-05,33.87703429611201,52.58282703790309,28.890019345088852,0.18800131210892063,-23.880809004923155
9.375e-05,33.875363543184214,52.6083837626327,29.398188371671345,0.09235841956370337,-23.302553810525055
9.453125e-05,33.87176381894182,52.63386126008711,29.886585139687288,-0.04407913566396929,-22.70319698473585
9.53125e-05,33.8648425284669,52.65925949189766,30.356720628349713,-0.18192200234017264,-22.120616861207772
9.609375e-05,33.850639581604256,52.68457841981508,30.81009192995285,-0.30171221731060316,-21.57277427255163
9.6875e-05,33.801844160149436,52.70981800570953,31.248041633968505,-0.3961563504372528,-21.065620021303772
9.765625e-05,34.22909877172543,1.3539020478246562,31.50607875830331,46.136280835026724,-15.984104124548072
9.84375e-05,34.429090670635325,7.770164179084374e-05,31.64973132441128,42.95143784338883,-11.301784220619338
9.921875e-05,34.71510106146872,4.4593662788923705e-09,31.539054319565032,34.70599655464613,-3.166942239540461
0.0001,34.944210961407585,2.5592699396045086e-13,31.22417882132993,25.786158856816908,5.438019964512764
0.00010078125,35.10782428896934,1.468787763581093e-17,30.763753673568303,17.823720992389532,12.94003268117877
0.0001015625,35.20632858150232,8.429503512157564e-22,30.210211278420715,11.472014997503692,18.738196280917023
0.00010234375,35.15173531886109,4.83776698195196e-26,29.605258379802123,6.817360591722132,22.78789778807999
0.000103125,35.1202365780834,52.873999238721964,29.216940944057622,-43.39252780547367,19.735469510809327
0.00010390625,34.76113389173598,52.933395654007626,28.952295815257955,-39.0869386814535,15.10583884270383
0.0001046875,34.47347825999172,52.957841750215856,28.927728144266332,-31.43734810983724,7.407234503887719
0.00010546875,34.251740196407376,52.98220609161661,29.093136864241636,-23.282661936631072,-0.6064072907439013
0.00010625,34.09181918633669,53.00649064265765,29.394664996589498,-16.056461599428168,-7.555364046639986
0.00010703125,33.98382569209921,53.0306953668817,29.78451113740129,-10.320187299700288,-12.925996929780126
0.0001078125,33.91574565541053,53.05482022783692,30.22476888216906,-6.131812466542614,-16.698238879125245
0.00010859375,33.87611600069897,53.07886518919169,30.687862314908696,-3.296916364048633,-19.09408651023436
0.000109375,33.85535283126598,53.10283021473472,31.155268764742637,-1.5266645722236292,-20.420896877768456
0.00011015625,33.84615920732272,53.126715268375136,31.61559495119284,-0.5279601341671907,-20.983160183015105
0.0001109375,33.84341497836127,53.150520314142476,32.06261627621415,-0.04775913760816693,-21.040144900320158
0.00011171875,33.84383845008215,53.174245316186756,32.493580154858165,0.11120105235718968,-20.791866213685775
0.0001125,33.84561731691118,53.19789023877857,32.907881314486076,0.0907914818312051,-20.3808004061237
0.00011328125,33.848181079529745,53.22145504630908,33.30610796490431,-0.014362558477721166,-19.900984522927054
0.0001140625,33.85250030912629,53.244939703290115,33.68940516754684,-0.14615199642667706,-19.4093825393166
0.00011484375,33.864372071391735,53.26834417435421,34.05908494656701,-0.27258101739236834,-18.93667821039483
0.000115625,33.965298418733845,53.291668424254645,34.41644445080158,-0.379835093771608,-18.49538887968146
0.00011640625,34.021592746073964,10.310870477123906,34.56930364305309,37.80284738695567,-13.544414221026486
0.0001171875,34.3278764622002,10.350731158459354,34.6111411332348,32.5707945864504,-8.31038461167495
0.00011796875,34.56720311785524,10.418969760855123,34.45843068873375,25.344423282209515,-1.3049623543308897
0.00011875,34.76877836343243,10.487194301999459,34.158390181235546,18.203913905151285,5.4672819740847975
0.00011953125,34.90692230099608,0.006926234291592784,33.71059006982708,21.520021924117945,12.183641911417542
0.0001203125,35.06326821518865,3.975027224204962e-07,33.17727284843359,15.645675547098827,17.531596903832035
0.00012109375,35.171146338543586,2.2799603458732976e-11,32.568202494188775,10.617170957318912,21.951031536847058
0.000121875,35.2425577788789,-1.1656968216105988e-14,31.916090003587282,6.726747817104675,25.18934218648262
0.00012265625,35.28695089129875,-1.3656647986844195e-14,31.24611440815025,3.949364333854439,27.296750074295826
0.0001234375,35.3125966695701,-1.1299383231465972e-14,30.57604269436555,2.1127757475813382,28.463266946784223
0.00012421875,35.32615980384071,-1.2640213070598912e-14,29.91736764350901,0.998133235310263,28.91923440819876
0.000125,35.332602068849205,-7.292902164729743e-15,29.276766879277947,0.3954492603175808,28.881317618960374
0.00012578125,35.33535963268867,-1.015413924462909e-14,28.657507743929667,0.1292124655398837,28.528295278389795
0.0001265625,35.336646549577814,-7.050201776549091e-15,28.060623789571014,0.06585105777541288,27.99477273179561
0.00012734375,35.337786740598276,4.2029223937043414e-17,27.485811255173942,0.11132426672061727,27.374486988453324
0.000128125,35.33953557651611,3.006642408453028e-15,26.932060753071006,0.20427389578770488,26.7277868572833
0.00012890625,35.34244125626031,2.5179026603758473e-15,26.398069636145898,0.30800629728646245,26.090063338859434
0.0001296875,35.34773228660182,3.1060989721285265e-15,25.882488841338084,0.4030518937098748,25.479436947628205
0.00013046875,35.368279891689454,6.931755330492594e-15,25.38405866222778,0.4809478017180652,24.903110860509706
0.00013125,35.26768607535078,11.550790584672505,24.9476180073419,-9.828590713182884,23.22541813585228
0.00013203125,35.2050325456437,11.644509868371053,24.55264384170783,-8.608934062908357,21.517068036245135
0.0001328125,35.140957070937375,11.712435909205754,24.223480477567364,-6.739321441278628,19.25036600964024
0.00013359375,35.07742899568741,11.780342832032932,23.94748040676275,-4.834780690481056,17.001918265210872
0.000134375,34.57377685370582,11.848232013791819,23.71145985491968,-3.1828461556477765,15.046073996775641
0.00013515625,34.790318233464475,53.84619295999048,23.7455841533329,-38.29710977663717,8.19650096997959
0.0001359375,34.49662514941159,53.86982856232532,23.893992255117322,-31.55590393247371,1.580067625265717
0.00013671875,34.2712094780685,53.89097409849006,24.225509313723485,-23.80930591296496,-5.856158871801617
0.0001375,34.10646209908919,53.91203833757058,24.689380658017814,-16.692318486074942,-12.530339193477822
0.00013828125,33.99341259316645,53.93302138608773,25.238869144255105,-10.905886036651188,-17.78826620518144
0.0001390625,33.92075341968117,53.953923212449354,25.836038996237036,-6.598445756928328,-21.51943845928399
0.00013984375,33.87728597075587,53.974743785177694,26.45280187934652,-3.6292686876118583,-23.892673218219315
0.000140625,33.85337816279592,53.995483072917324,27.070003090281453,-1.7376736117946878,-25.187806370841184
0.00014140625,33.84149748447629,54.01614104443526,27.675689128351337,-0.6422935088177163,-25.698158407266206
0.0001421875,33.836170610225466,54.036717668620966,28.263227600871996,-0.0921693982825552,-25.681320669466416
0.00014296875,33.833645914284396,54.05721291448643,28.829625939012594,0.11285048489227734,-25.34043746036611
0.00014375,33.83142043756995,54.07762675116618,29.374188301227424,0.11952314566522376,-24.822961595603978
0.00014453125,33.82765590935218,54.09795914791733,29.89752959088592,0.02763127710938136,-24.22806083414079
0.0001453125,33.82018444044386,54.11821007411967,30.400904280910922,-0.10014591356471812,-23.617159879644035
0.00014609375,33.802805116320876,54.138379499275665,30.88578321303051,-0.22807162159184743,-23.024524664653306
0.000146875,33.71404411288622,54.15846739301054,31.35358881883362,-0.33791743163894666,-22.466961142537972
0.00014765625,34.19062165262854,0.12106077323630683,31.59040647223719,48.1000205212116,-16.63067482221071
0.0001484375,34.48294151629165,6.947785367518942e-06,31.69010310829436,42.25701241015589,-10.566916249646898
0.00014921875,34.76528939218285,3.987395770129887e-10,31.536480586722064,33.36155313001989,-1.8250725436965667
0.00015,34.98496581498261,2.2884018700375272e-14,31.187441682308965,24.320283739601894,6.867157942707049
0.00015078125,35.13907741132417,1.3133341711451598e-18,30.70250488033115,16.51002616062483,14.192478719706322
0.0001515625,35.23227864122224,7.537341529393428e-23,30.13311669368916,10.421206318109666,19.711910375579492
0.00015234375,35.23668741191516,4.325747291047956e-27,29.519268772358252,6.044557530030593,23.47471124232766
0.000153125,35.23871103878627,53.904823092680154,29.08177097219211,-45.58060484367204,20.757552723184
0.00015390625,34.83785017245723,54.33556096053585,28.76111263362201,-42.499136049974176,16.924687723060334
0.0001546875,34.520837718593036,54.35485550623777,28.700565239012953,-34.78842263461843,9.134132367393612
0.00015546875,34.27395161380809,54.37404458610786,28.850773071542978,-26.12264042856307,0.599368913998191
0.00015625,34.09381147154018,54.39315177829457,29.15456231446295,-18.24080147151321,-6.997787992318414
0.00015703125,33.9707606267228,54.412177055377626,29.559816761788312,-11.87316721623738,-12.979193077351935
0.0001578125,33.89225379456251,54.43112038870537,30.02445970047554,-7.156053099535493,-17.250607588694333
0.00015859375,33.84593495630004,54.44998174974949,30.517422241026384,-3.9182612780108785,-20.014298230712228
0.000159375,33.82126922418262,54.468761110105135,31.017526706993113,-1.864123431930024,-21.587110971181996
0.00016015625,33.81012192300994,54.48745844149091,31.511519894360205,-0.680120429393115,-22.29581811773759
0.0001609375,33.806729078612044,54.50607371574898,31.99197699521155,-0.08913404760918837,-22.424962672928242
0.00016171875,33.8074003382203,54.52460690484507,32.45544420140442,0.12848284288516112,-22.197645546325816
0.0001625,33.81022896667079,54.54305798086854,32.900964123652756,0.1329478559397785,-21.77504171315556
0.00016328125,33.8152418477641,54.5614269160324,33.328999031832495,0.03263154964460853,-21.265059433844517
0.0001640625,33.82732212417907,54.579713682673365,33.740703088243556,-0.1048592285060721,-20.734151365923736
0.00016484375,33.922085659028866,54.597918253251905,34.13749854612277,-0.2422549508565311,-20.2181647562726
0.000165625,33.97483508111565,14.574525119814705,34.34077186391491,35.26909303396257,-15.502846289862362
0.00016640625,34.25970872592677,14.615156718605508,34.43794572591186,30.35427607771159,-10.531487070405232
0.0001671875,34.48047078113998,14.682207289468348,34.351587250513504,23.590545742426404,-3.921165781381244
0.00016796875,34.64655511717546,14.749237266663819,34.12595560332795,16.91582052662701,2.460897810037129
0.00016875,34.76738863074265,14.816245031861595,33.80499012392073,11.245133908065117,7.743611183994014
0.00016953125,35.008862185893975,14.883230484062139,33.426090239391776,6.876123319074117,11.666736436255519
0.0001703125,34.96933371535659,0.0008541618247975686,32.93197071941999,16.74941441379566,16.181702143799537
0.00017109375,35.09329574840164,4.902111026676621e-08,32.39482682635553,12.70583895002998,19.688987827304445
0.000171875,35.18221810878396,2.817473087372351e-12,31.800771007147123,8.992048330169146,22.808722676975158
0.00017265625,35.24346048242487,7.176330908138352e-15,31.173723052242085,5.974441297499522,25.199281754742557
0.0001734375,35.28332957065229,5.686258307548192e-15,30.533018685868363,3.730072685571935,26.80294600029642
0.00017421875,35.30776325045342,1.3043301187966081e-14,29.892864006832173,2.185025224799304,27.707838782032855
0.000175,35.32179317642774,5.501032926411999e-15,29.26281476421564,1.2028220223622128,28.05999274185342
0.00017578125,35.32930393970621,4.9332832805121835e-15,28.648682553504894,0.63627683203365,28.01240572147124
0.0001765625,35.33304597739418,-2.9317146072132505e-14,28.05351752739423,0.35416867214825065,27.699348855246008
0.00017734375,35.33476351629163,-2.4787130415487072e-14,27.47848673459729,0.25187924833302555,27.22660748626429
0.000178125,35.33528914488094,-2.06690515967243e-14,26.92357537530129,0.25272848605317083,26.67084688924814
0.00017890625,35.33424078457242,-1.953444759004525e-14,26.38810103615466,0.30461386878785107,26.083487167366826
0.0001796875,35.325898879419746,-1.3498363503834623e-14,25.871061355442517,0.37490451848680095,25.49615683695573
0.00018046875,35.32532674448329,14.443250356779522,25.41439481123979,-12.674883806027168,23.646028260487437
0.00018125,35.21705689255136,15.885187256918636,25.00379395396618,-12.840235409785752,21.958842106833295
0.00018203125,35.11856532771909,15.951880934537435,24.680438536072025,-10.45606882857728,19.18462643011187
0.0001828125,35.04137423693078,16.018471663854008,24.43201668515047,-7.7789949630725905,16.192539984369052
0.00018359375,34.98193386722241,16.08503826511216,24.240486863152057,-5.3451568474234366,13.500605445463334
0.000184375,34.928674746254835,16.151580642593128,24.08938885629131,-3.3793887474024937,11.317196961100677
0.00018515625,34.46981471333786,16.218098696085537,23.965208394206112,-1.9193949421379113,9.666504640258486
0.0001859375,34.67651233509854,55.056046160555155,24.081300222338655,-34.57824229460548,3.603496356388979
0.00018671875,34.40999381188197,55.074166591491405,24.294848990146512,-28.56017507765226,-2.2191425236926334
0.0001875,34.20511852048186,55.089976182112366,24.671041914965393,-21.597309919146138,-8.821624348000837
0.00018828125,34.05497990481486,55.10570268036366,25.164373697413584,-15.180665895113064,-14.760663087837015
0.0001890625,33.95153982363262,55.12134619041526,25.732811529402255,-9.953444993759968,-19.435089667253035
0.00018984375,33.884617228859625,55.136906688715655,26.34218420185002,-6.056370697483924,-22.73835178938171
0.000190625,33.84409363747636,55.152384151831015,26.967171982231466,-3.3663617093080207,-24.81885046029153
0.00019140625,33.82123505508805,55.16777855645256,27.590508638717267,-1.650143308715996,-25.927126609019297
0.0001921875,33.80917223656271,55.1830898793966,28.201431604960852,-0.6545476851083379,-26.327110589327408
0.00019296875,33.8028464703199,55.198318097604556,28.7939906026072,-0.15314701226206895,-26.25118048273529
0.00019375,33.79864561931216,55.21346318814301,29.365530911466283,0.03498358043438259,-25.882915857111108
0.00019453125,33.79378288416931,55.228525128203735,29.915479412548134,0.04271193695509652,-25.3557576526107
0.0001953125,33.78497071344046,55.243503895103714,30.444451752069824,-0.03947136797046369,-24.759580775063426
0.00019609375,33.76219120743673,55.258399466285184,30.953641375764896,-0.1545339795892332,-24.150224110931056
0.000196875,33.52113829829909,55.273211819315705,31.444347977885943,-0.267616307923965,-23.561247533505796
0.00019765625,34.231505752251415,0.010752681562900096,31.637778699557728,48.25753838055087,-16.63051236255604
0.0001984375,34.543937436557215,6.171059512273364e-07,31.685413987886967,41.04695087919903,-9.361537508418014
0.00019921875,34.81811204973641,3.541625898735211e-11,31.48720568339856,31.71107600599374,-0.22387032263059725
0.0002,35.026071327849316,2.0325705791113353e-15,31.10439288621465,22.69385898423501,8.410533901979639
0.00020078125,35.16932607720624,1.1665103196089625e-19,30.596384709951494,15.12931005786218,15.467074652089316
0.0002015625,35.25548604600822,6.69470639661201e-24,30.013011747423405,9.35828951286433,20.654722234559074
0.00020234375,35.27663067709721,3.8421514995136973e-28,29.39216161858421,5.288423696072899,24.103737922511314
0.000203125,35.29817632226853,50.56807617498295,28.911055500050182,-43.30455026693419,21.647529592001426
0.00020390625,34.92558904187427,55.40249787992115,28.539581154371138,-45.49468007464021,18.631763349090196
0.0002046875,34.57953356850014,55.416753489949215,28.43485051035635,-37.98456591906872,11.002662939475854
0.00020546875,34.30751601478868,55.43064901452038,28.56082104981809,-28.95583704632495,2.086009081622666
0.00020625,34.106383133634914,55.44446104565989,28.8579972749811,-20.49024251914445,-6.096221251534345
0.00020703125,33.96702422870367,55.45818957844217,29.270429489451832,-13.515815486953493,-12.671944602036849
0.0002078125,33.87658405103663,55.47183459219319,29.752032898577333,-8.268047683755311,-17.451754009860547
0.00020859375,33.82189703341111,55.485396066363805,30.268228955518623,-4.6128694072010035,-20.60429770364418
0.000209375,33.79143626758701,55.49887398053069,30.795083091485683,-2.256325972753467,-22.44746491629154
0.00021015625,33.77605979220151,55.51226831439634,31.31735278430672,-0.8691970655951409,-23.325718464494475
0.0002109375,33.769003132644535,55.52557904778912,31.82628803657571,-0.15247564646893894,-23.54681536474447
0.00021171875,33.76542129127258,55.538806160663334,32.317628032159355,0.1352325229032104,-23.356410651407188
0.0002125,33.76147586922982,55.551949633099184,32.789980796645295,0.1727103640008906,-22.934679200454777
0.00021328125,33.75152627802361,55.56500944530282,33.24362065537625,0.08273308107563082,-22.4041218710022
0.0002140625,33.69296612657181,55.5779855776064,33.67964566576126,-0.056249370602644434,-21.842090541242502
0.00021484375,34.01880379206644,18.809239055252057,33.95302243992536,32.816829728642745,-17.673046343969443
0.000215625,34.218703995695144,18.792270776289616,34.12857824003738,28.69876045401012,-13.362452990262359
0.00021640625,34.411455868736226,18.85772940163116,34.12806883088952,22.52421800872968,-7.253878579471319
0.0002171875,34.56186521886058,18.923164359750533,33.99175764782048,16.277834354472784,-1.209241066402835
0.00021796875,34.66947076020064,18.988570820197957,33.7608233751322,10.895787912247776,3.876464642686466
0.00021875,34.74218737809835,19.053948684200886,33.470772761598184,6.707573171030332,7.709250906366961
0.00021953125,34.79600195296562,19.11929785330146,33.149179492940306,3.701176138163224,10.328705501475625
0.0002203125,34.82095154487176,1.6683767454640068,32.76353208096745,17.612201211496075,13.482954124007371
0.00022109375,34.96382682966779,9.574962415465707e-05,32.34289743690282,16.648894240938958,15.693907446339706
0.000221875,35.086884881496665,5.495135405009674e-09,31.84393030930501,13.132993858466257,18.710936445343616
0.00022265625,35.17895130385675,3.038395832498404e-13,31.284620186821886,9.614963141734496,21.669657045087085
0.0002234375,35.244438170398475,-8.30771397053003e-15,30.68757339871535,6.603653759817448,24.08391963889791
0.00022421875,35.28839134545341,-1.2255637781154554e-14,30.07209084287911,4.272732762810406,25.799358080068714
0.000225,35.3161687985358,-8.335299396476631e-15,29.452973143215175,2.608464633338176,26.844508509877006
0.00022578125,35.33259373652753,-1.02946863248675e-14,28.840593704757648,1.5082467271013962,27.33234697765626
0.0002265625,35.34150142443172,7.377281937636545e-15,28.24157575232454,0.8411470406310969,27.400428711693436
0.00022734375,35.345542137982385,4.93365217062048e-15,27.659664618380084,0.4813232233587048,27.178341395021377
0.000228125,35.34585196449732,8.38846224433448e-15,27.096568957007864,0.3234971671056883,26.77307178990217
0.00022890625,35.33937455237315,5.9093350885075225e-15,26.552664644812637,0.2875383061508572,26.265126338661773
0.0002296875,35.1169580336382,4.979294670920451e-15,26.027445372022033,0.31905208726958567,25.708393284752443
0.00023046875,35.23149702454099,20.029972346434292,25.635282517928555,-17.01355594938318,22.618866120877442
0.00023125,35.09912310062063,20.096025117906283,25.305442177830624,-14.251822760011713,19.461239819936054
0.00023203125,34.99605417116125,20.16090187977168,25.0730947239678,-10.856642034159089,15.76883487835521
0.0002328125,34.919504241497876,20.225748213927865,24.915516439331938,-7.643415145059276,12.33318337046335
0.00023359375,34.86545977128386,20.290564088468972,24.81112622350011,-4.980794027272115,9.501356162303253
0.000234375,34.82748957138764,20.355349405787273,24.741995897384466,-2.968352776958574,7.354999268555767
0.00023515625,34.79290132755366,20.420104068317222,24.69453900547541,-1.5608345460857465,5.835269483243933
0.0002359375,34.385211694128984,20.484827978539474,24.659067262308263,-0.6456847564866633,4.81992404025545
0.00023671875,34.5817996574915,55.91577586311519,24.833067140961305,-30.80791319083184,-0.27479553132205015
0.0002375,34.34414186734383,55.928265887558645,25.088783638217627,-25.607869800113203,-5.231612449227815
0.00023828125,34.16085863979057,55.938638993102835,25.487717233924283,-19.468153615794325,-10.982768143384227
0.0002390625,34.02625421025577,55.948927739409626,25.989852158339815,-13.758618355565932,-16.20045722550388
0.00023984375,33.93352545608445,55.95913222763566,26.557880711937877,-9.080489424402009,-20.32076209129578
0.000240625,33.87382518817411,55.96925244241987,27.16130375798771,-5.576852415741319,-23.23109626869084
0.00024140625,33.83829500957468,55.979288368521374,27.77743232705891,-3.1481438031720756,-25.053712238290387
0.0002421875,33.81932000472724,55.98923999082626,28.390745110971572,-1.5914840543756754,-26.007010825479014
0.00024296875,33.811055290773986,55.99910729434758,28.991541458948785,-0.6830688653767724,-26.324496970022025
0.00024375,33.809562337713515,56.00889026422532,29.57444668618387,-0.22111849630385905,-26.213325081737594
0.00024453125,33.81298966836731,56.01858888572654,30.137060933844865,-0.04353896103180759,-25.837988990849865
0.0002453125,33.82305017844881,56.02820314424525,30.678872637391947,-0.030804246070872045,-25.318526260782434
0.00024609375,33.859918289550954,56.03773302530259,31.20046298055435,-0.10143156367304051,-24.735838481075202
0.000246875,33.86900094442523,4.878050088343907,31.55046709752169,46.27704231917188,-19.604625309994102
0.00024765625,34.25919583965935,0.00027995562988570097,31.777974455836386,46.77597943509663,-14.99828493489013
0.0002484375,34.61216098144376,1.6066902406758158e-08,31.7353724417945,38.229772988885365,-6.494400563157768
0.00024921875,34.885055505843916,9.220938084141603e-13,31.465335844549973,28.657157170720268,2.8081786738287806
0.00025,35.084670894206035,5.29197831660501e-17,31.030840841436238,19.965101631239843,11.065739210196396
0.00025078125,35.22290631241902,3.0371133877995934e-21,30.489186012711542,12.951249383978146,17.537936628733394
0.0002515625,35.31592356158735,1.7430263652835747e-25,29.886550249056015,7.760941129302632,22.125609119753385
0.00025234375,35.38701800125809,1.0003383219995026e-29,29.256960968321742,4.202322980944362,25.05463798737738
0.000253125,35.65506913547864,5.741030533970031e-34,28.62363518703526,1.9453692980715467,26.67826588896371
0.00025390625,34.94153892932863,56.11747077817384,28.285401663943084,-48.71560440557122,20.883535291340465
0.0002546875,34.62286238459741,56.13698816420927,28.097699675580017,-42.11442193207692,14.075133443447667
0.00025546875,34.3381082214218,56.145505059162886,28.166807308530423,-32.92515798212151,4.946460231489048
0.00025625,34.11797176680405,56.153936773524514,28.432350849571467,-23.808634954833362,-3.9129509691196844
0.00025703125,33.961364216508535,56.16228392103622,28.834126785840176,-16.03927902309128,-11.288878112104767
0.0002578125,33.85773563564867,56.17054648916329,29.32079683182841,-10.041164428650232,-16.808585228684652
0.00025859375,33.7940763663068,56.178724465462494,29.852807399685503,-5.7652196327551355,-20.560697433021858
0.000259375,33.758154909531164,56.186817837617916,30.40210621283779,-2.9400635076995245,-22.844648117080602
0.00026015625,33.7398420622766,56.19482659344108,30.950347388999177,-1.2255449026148655,-24.018934301827038
0.0002609375,33.7313169053746,56.20275072087097,31.48662190528076,-0.29705390509617474,-24.419074910494032
0.00026171875,33.726446489325006,56.210590207973965,32.00528417760358,0.11584483689340602,-24.321150867263793
0.0002625,33.718220859468126,56.21834504294395,32.50413693884764,0.21849546295125677,-23.932703567047568
0.00026328125,33.666729745799906,56.226015214102304,32.98303673099275,0.1556050242070356,-23.398583507316587
0.0002640625,33.96399109369811,22.868405430262,33.3100916003399,29.970419688604547,-19.528733518526646
0.00026484375,34.14657820509415,22.857111177697522,33.544270858328076,26.190080202061722,-15.502920521431168
0.000265625,34.321965827518646,22.92059041578419,33.61496270728685,20.534624510763052,-9.840252219260396
0.00026640625,34.4580020465982,22.984039429168515,33.55914110351278,14.816948558321485,-4.24184688397722
0.0002671875,34.5538627557892,23.04745382925124,33.414587857861186,9.891978730364144,0.4751552982458037
0.00026796875,34.615458364556844,23.110833520285027,33.21387835247459,6.060159560841398,4.0428852713481644
0.00026875,34.65012750166976,23.174178406821184,32.98231749414391,3.3099877212417015,6.498151366081025
0.00026953125,34.66293475175523,23.237488393463497,32.737986380490995,1.4804187362440935,8.020079250783402
0.0002703125,34.633739814683366,23.300763384868212,32.49279532639301,0.3613574094766211,8.830674532048178
0.00027109375,34.841833208415224,0.05213013625200371,32.161115913481694,20.67435730176395,11.43462847546574
0.000271875,34.967550205321224,2.9917948582112492e-06,31.786485367846772,17.95266493300901,13.833817443042904
0.00027265625,35.08831781577986,1.7170940007332135e-10,31.319791102249745,14.10291873119569,17.216872370882346
0.0002734375,35.182828491972394,1.8685570617939596e-14,30.7855989532443,10.284624407858624,20.50097454538566
0.00027421875,35.250999869855775,-1.8797679954010306e-15,30.20855335394234,7.032353596305192,23.17619975763715
0.000275,35.2971881008841,4.300620388881425e-16,29.609598627957745,4.523744802088096,25.08585382586965
0.00027578125,35.32691080761914,2.8877111248315604e-15,29.004754692868687,2.7378956321192867,26.266859060749397
0.0002765625,35.345504794279464,-2.913666869967494e-14,28.40523696464616,1.5606670851954747,26.844569879450713
0.00027734375,35.35783032576172,-2.840637666165124e-14,27.818210362813254,0.8491242226068286,26.969086140206453
0.000278125,35.369658348913894,-1.3563036081630882e-14,27.247742668761646,0.46689272595197057,26.780849942809688
0.00027890625,35.41040101685564,-1.3586940365343369e-14,26.695727407425757,0.300073477719414,26.395653929706356
0.0002796875,35.19876541527614,24.003618822453667,26.258169739221334,-21.284116794694484,23.53866771146215
0.00028046875,35.06812729257907,24.120107340919123,25.893728657643546,-18.73474680183889,20.508368118563315
0.00028125,34.941355636320985,24.18288549826135,25.653721360626292,-14.785425697515874,16.25626155988082
0.00028203125,34.84180146781481,24.245624156214372,25.512023417315184,-10.749304394070094,12.015703655170904
0.0002828125,34.770151826674905,24.30832630051881,25.441660299144733,-7.2519038690407855,8.385237867666708
0.00028359375,34.72197074104174,24.370991836923125,25.41920311177035,-4.51901952938288,5.567230804230107
0.000284375,34.69114686813932,24.43362067105419,25.426317480898923,-2.5502310333033127,3.5429278431480458
0.00028515625,34.67082711273857,24.496212708594072,25.449781442201136,-1.2355042834452714,2.189073017052337
0.0002859375,34.6495680142925,24.55876785528032,25.480756915666525,-0.42740782677608674,1.3493968871622912
0.00028671875,34.289946261172624,24.621286016905998,25.5136682021131,0.021656320644679285,0.8707258645624208
0.0002875,34.46999416251378,56.41991470138127,25.72831070940327,-27.32305310082108,-3.3685508911569215
0.00028828125,34.258225734102496,56.42669489025281,26.011931255527344,-22.84194966051598,-7.572813974209487
0.0002890625,34.093824854096255,56.431565543978095,26.42105768010662,-17.449739238110464,-12.560768625761009
0.00028984375,33.97210608967838,56.43635110807254,26.920638949243042,-12.393843088438107,-17.121869070391394
0.000290625,33.88722859060428,56.44105168003614,27.47771700033573,-8.229716230005124,-20.733618449695285
0.00029140625,33.83135652503841,56.4456672527959,28.06521339835286,-5.098326242019585,-23.282127612423455
0.0002921875,33.79646970521987,56.450197819400884,28.66291269710408,-2.919456389951448,-24.867828732345355
0.00029296875,33.77542305834151,56.45464337302812,29.25694739042358,-1.5171970095057796,-25.68049897309876
0.00029375,33.76219712891263,56.4590039069827,29.83863061198208,-0.6945280362243331,-25.925845258776288
0.00029453125,33.75123071059483,56.46327941469772,30.403140386691575,-0.27249902352842365,-25.787640004477723
0.0002953125,33.73363254306256,56.46746988973437,30.94831986911938,-0.1065798009566934,-25.412570219658292
0.00029609375,33.643680714694206,56.47157532578184,31.473682657842343,-0.0889772687167278,-24.90891539922277
0.000296875,34.144130401855584,0.1262171640419861,31.755394059552223,50.434614516437136,-18.8054376209269
0.00029765625,34.45307370525284,7.243715218544903e-06,31.891201792457842,44.307454480298475,-12.41625993155585
0.0002984375,34.75217946976159,4.157232541679071e-10,31.760209269132567,34.97751478422556,-3.2173055155087185
0.00029921875,34.98708472529935,2.3858727026360252e-14,31.42319060870278,25.49358640693548,5.929604201767271
0.0003,35.1564522645053,1.3692735482351977e-18,30.942618136754078,17.300296115985567,13.642322020768512
0.00030078125,35.27083583661689,7.858382586066386e-23,30.372501261039435,10.912299683833844,19.46020157720559
0.0003015625,35.34472650692315,4.509995606691148e-27,29.754852690338396,6.319495327130176,23.43535736320822
0.00030234375,35.39506332735157,2.5883265607910462e-31,29.11970675598275,3.258816581903591,25.86089017407916
0.000303125,35.46176209921116,1.4854636167177076e-35,28.486865917808895,1.3820537652079907,27.104812152600903
0.00030390625,35.00575133104702,55.05695474709458,28.04570364631633,-49.58534309707288,22.57409199629463
0.0003046875,34.78629592727748,56.51103759837082,27.733162521437613,-46.67527031877945,17.89739524184624
0.00030546875,34.47117211556983,56.51420539013228,27.702487731569256,-37.98672949406184,9.175011835498813
0.00030625,34.21504642619779,56.51720480810123,27.90078813302861,-28.381418933081264,-0.23499774199136
0.00030703125,34.02635794242157,56.52011910740251,28.264738415076284,-19.7140682581015,-8.541312434224725
0.0003078125,33.89737003779868,56.52294828842558,28.737081577680453,-12.748799362183021,-15.037067348562108
0.00030859375,33.815260409402406,56.52569234691002,29.271848412873887,-7.611310376420436,-19.642533557615696
0.000309375,33.76679541699772,56.52835127872332,29.835259604305136,-4.099757519323917,-22.59333415509427
0.00031015625,33.740353398928015,56.53092507986118,30.404406129134657,-1.8825211910484243,-24.243997759678095
0.0003109375,33.72628779267036,56.53341374644751,30.965042447955433,-0.6127192877603562,-24.95565201073172
0.00031171875,33.71500532109363,56.53581727473441,31.50926622453946,0.014111527287620619,-25.040662577482575
0.0003125,33.668462331327085,56.53813566110223,32.033464095233725,0.2384994180281467,-24.743170983896658
0.00031328125,33.934534116470104,26.79094986071668,32.418259075052475,26.938572911431415,-21.31126369709562
0.0003140625,34.09892711843935,26.785397109422977,32.71559530828654,23.579444455933675,-17.64924625707011
0.00031484375,34.256872195961584,26.846517718380074,32.86250930523221,18.499515557367072,-12.483523970514934
0.000315625,34.379439503607614,26.907601725725108,32.89231643175523,13.34551873780402,-7.360804031773899
0.00031640625,34.465855382773654,26.968645210927953,32.83917516091488,8.89710530368237,-3.0265753536954465
0.0003171875,34.52153602140975,27.02964808183851,32.73260725610829,5.4307745567227315,0.2721846175470503
0.00031796875,34.55349615789291,27.090610246587545,32.59559921672923,2.9393952046849963,2.5655937654566814
0.00031875,34.56816406024115,27.15153161336714,32.444623173825796,1.279371518869059,4.013720041589596
0.00031953125,34.56981386807246,27.212412090430796,32.29058477132042,0.2616017229057235,4.816570957983896
0.0003203125,34.555025411706765,27.273251586093636,32.140081938929704,-0.2978212674581897,5.164651620294257
0.00032109375,35.08895123670313,8.06192258716177,31.94263967777241,16.931054164653844,6.949662925956796
0.000321875,34.82766999985615,0.0004626809022134077,31.68430673779415,22.787200474913703,8.896643581978234
0.00032265625,34.97944950693863,2.655365290807889e-08,31.32360865493484,18.903004704199624,12.420603924181565
0.0003234375,35.10704018491542,1.512103227497229e-12,30.863623200623117,14.376475401517911,16.487147799103692
0.00032421875,35.2031771841118,-8.30520457415921e-15,30.33365551453163,10.191398637890268,20.14225687664137
0.000325,35.27068699011064,-6.547529856630052e-15,29.760858464853772,6.775226327426136,22.985632137427643
0.00032578125,35.31553683460472,-7.222138315184697e-15,29.167315357017735,4.224525491960483,24.94278986505726
0.0003265625,35.34441521304629,-2.545809909355621e-15,28.56936112961647,2.4615909753838494,26.107770154232625
0.00032734375,35.36428772529106,1.187271939954379e-14,27.978085136179494,1.3353957937274095,26.642689342452073
0.000328125,35.38739557573706,9.4124186112237e-15,27.40033638986729,0.6809940978707701,26.71934229199651
0.00032890625,34.84228807959403,19.69912044536278,26.89501771166428,-17.521908176839112,24.717805443140612
0.0003296875,35.10676952262272,27.999622758791613,26.479461972273477,-23.70448083783662,22.184320051318483
0.00033046875,34.94827771432749,28.06039409139211,26.19651719061776,-19.709900338215657,17.84602343744131
0.00033125,34.81509090468794,28.120650282482245,26.04203027852456,-14.953747490501895,12.87512748654421
0.00033203125,34.71523389932127,28.180864097242075,25.98436204088751,-10.513032080018597,8.316530023664034
0.0003328125,34.64599311032093,28.2410354721283,25.993876440851317,-6.864266732403879,4.617107701126895
0.00033359375,34.60126980326891,28.3011643165255,26.04618890997217,-4.124619037303375,1.8696436307500435
0.000334375,34.57431822174954,28.361250539880686,26.12298425071275,-2.220223010585737,-0.018043278582197786
0.00033515625,34.55887062982003,28.42129405170511,26.211539933126176,-0.9952167621691935,-1.2145373564097426
0.0003359375,34.54902439505612,28.48129476157432,26.30369019453223,-0.2763747040760322,-1.9012298629660578
0.00033671875,34.535299739069316,28.54125257912834,26.394666357672236,0.09311697087284472,-2.2397031923289505
0.0003375,34.221643718968544,28.601167414071774,26.481924329762286,0.24241648823830106,-2.3616595725477896
0.00033828125,34.38105181804543,56.56525665411067,26.725282710507035,-23.96441807521349,-5.875555868390145
0.0003390625,34.19477233365742,56.566283889467535,27.026714979193617,-20.116321137337238,-9.42324777293668
0.00033984375,34.04950747795719,56.56562111693174,27.436638644786104,-15.423421025680572,-13.705561446465062
0.000340625,33.94138568411511,56.564873065490744,27.92462636923325,-10.998144712863379,-17.642101983394117
0.00034140625,33.865385340159,56.56403982836788,28.46189904437713,-7.3404779132436495,-20.761662870747102
0.0003421875,33.814591235683,56.563121406823264,29.024733361959576,-4.582347615050881,-22.956040429812806
0.00034296875,33.78172204739254,56.562117802240024,29.595380281017416,-2.6583010844400223,-24.308436436782586
0.00034375,33.75978862648293,56.56102901612958,30.161646424649824,-1.41660525886038,-24.982777332619378
0.00034453125,33.741033204891146,56.5598550501316,30.715887121011853,-0.6854835326595382,-25.15848439646021
0.0003453125,33.70596728434458,56.558595906014084,31.25385464920387,-0.307964407800889,-24.996776849009326
0.00034609375,34.81510179914672,16.685721538568785,31.66193592982905,36.01720155214397,-21.04098716088371
0.000346875,34.281935174704195,0.0009576083883577586,31.908275373716325,48.19188445669101,-16.28456669136304
0.00034765625,34.60319687155034,5.49579964722221e-08,31.907291566093168,39.946578367913546,-8.039286856778377
0.0003484375,34.8724706431848,3.154088260881415e-12,31.667663478555188,30.273110057817508,1.3945534207345247
0.00034921875,35.07423690398238,1.8101592845470976e-16,31.252987574949387,21.30037597516513,9.952611599784255
0.00035,35.21441097249311,1.0388665010015884e-20,30.72241520733563,13.959060921047982,16.763354286287647
0.00035078125,35.305626144255044,5.962147177414336e-25,30.12430434131246,8.46572987815159,21.658574463160868
0.0003515625,35.36193990831037,3.4217292530732385e-29,29.494701838515304,4.659652863584269,24.835048974931034
0.00035234375,35.39730325939063,1.963760828597117e-33,28.85838332253151,2.220283236822771,26.63810008570874
0.000353125,35.430685280511845,1.1270197922494414e-37,28.230985451186115,0.795569755046018,27.435415696140097
0.00035390625,35.677587693616964,6.468066750416688e-42,27.621448264146185,0.06648219402528355,27.5549660701209
0.0003546875,34.946232202204996,56.525844575452126,27.320459525819178,-49.93925669969502,20.733871650062074
0.00035546875,34.61952257963079,56.5344762302689,27.175516101504947,-42.655889083586146,13.296928954822192
0.00035625,34.33109514523402,56.532025481122616,27.28948828357795,-33.05066519483106,3.8081279972863946
0.00035703125,34.10991587866756,56.52948896462486,27.599268222163037,-23.707274370219352,-5.222946372242472
0.0003578125,33.95359173228781,56.5268673157021,28.04318768673533,-15.835529126064873,-12.648150502901897
0.00035859375,33.8506559213577,56.524160538338734,28.56927976471023,-9.8102793405289,-18.144601433099602
0.000359375,33.78738135824485,56.52136863661111,29.137867493255822,-5.547761328566888,-21.835739814788397
0.00036015625,33.750616829674506,56.518491614723764,29.721046901027336,-2.753926557912039,-24.04351815578439
0.0003609375,33.72741402883462,56.51552947700947,30.300738645526874,-1.07501705906694,-25.13977377241566
0.00036171875,33.680742750204494,56.512482227929134,30.866315013450365,-0.17883328174351476,-25.467333932735254
0.0003625,33.91121269817805,30.553438021502,31.309036597717157,23.506692374148777,-22.75109379793362
0.00036328125,34.055261311209016,30.55365994509418,31.671767535950124,20.75004426355764,-19.631936672701695
0.0003640625,34.194633996408776,30.612056774125616,31.89848602855647,16.366243697105926,-15.079814442675072
0.00036484375,34.303311618054835,30.67041084330305,32.018044280447214,11.849576793030842,-10.501943355886674
0.000365625,34.38023210336654,30.728718723587782,32.06048700457735,7.917992431608692,-6.586224150619128
0.00036640625,34.42999699455325,30.786980326977478,32.05201626388938,4.8354234425235845,-3.570387505611683
0.0003671875,34.458796629667944,30.845195565731178,32.0131819661691,2.607793969712981,-1.4398075692750567
0.00036796875,34.472544953572104,30.90336435217779,31.95881808211522,1.1151045044152406,-0.05965077447781084
0.00036875,34.4759782165166,30.961486598716196,31.898834081189573,0.1935572366085431,0.7437902458648353
0.00036953125,34.472050374776224,31.01956221781532,31.839307043060625,-0.3183338403112046,1.138078665556509
0.0003703125,34.460023279227244,31.077591122014333,31.78356181226848,-0.557696674908945,1.2636673651630943
0.00037109375,34.40629776008739,31.13557322392274,31.73307698648445,-0.6297474449813962,1.2272512075431052
0.000371875,34.678453298633876,0.06963646578312258,31.564325554360483,27.328234689197586,4.166454399379773
0.00037265625,34.84568821146778,3.996498674496114e-06,31.33026296857663,24.10418101105671,7.226077961021248
0.0003734375,35.008731611936525,2.2937221375798322e-10,30.962805595242926,19.117941766517642,11.84486382849591
0.00037421875,35.13756043241944,1.9551051789649523e-14,30.494025396176553,14.02671698684599,16.467308409330542
0.000375,35.23128143618083,6.820730860780754e-15,29.95707929227249,9.618284482313316,20.338794809959168
0.00037578125,35.295560655121896,-5.763163669999937e-16,29.38066569186995,6.176246594929942,23.204419096940008
0.0003765625,35.33840523878776,-7.083693052356476e-15,28.787077277624416,3.699055667568827,25.088021610055595
0.00037734375,35.37014062577525,-1.043268355498713e-14,28.192184232964234,2.0471293250370053,26.14505490792724
0.000378125,35.43239879391864,-6.444716861282597e-15,27.60636860330783,1.0336280690463526,26.572740534261484
0.00037890625,35.1568510489109,31.642003263810487,27.161698198870404,-27.926769023429877,23.446463958489794
0.0003796875,34.985059728055454,31.77025840773389,26.807146453661247,-24.839605802094756,19.87649384802211
0.00038046875,34.81683152007691,31.82767615439354,26.612448824887046,-19.76482512542604,14.549597795919547
0.00038125,34.683943818377195,31.885041906472793,26.54422085113321,-14.487817699232478,9.146996643892896
0.00038203125,34.58797792215418,31.942359640022012,26.567358338485967,-9.872095869348152,4.497094567812106
0.0003828125,34.52363177438666,31.999629268954866,26.651094402853687,-6.241188850236987,0.8926539841358079
0.00038359375,34.48357433335346,32.05685070702434,26.771216061501796,-3.6103810139005237,-1.6752536316220188
0.000384375,34.460618066217144,32.11402386805601,26.910195396918812,-1.8433343145999281,-3.3604941565372672
0.00038515625,34.44863372006025,32.17114866594807,27.05629114617286,-0.7497991132078887,-4.365058406567319
0.0003859375,34.44270208857566,32.22822501467164,27.202280320864986,-0.14072626070109492,-4.885218433105554
0.00038671875,34.43853005441323,32.285252828270785,27.344192618682847,0.14519512848157348,-5.086255338069511
0.0003875,34.42879707591019,32.34223202086263,27.480226729773793,0.23270250440621754,-5.094707795495056
0.00038828125,34.16058566844725,32.39916250663754,27.609808230059194,0.21330620666678257,-5.002660483245126
0.0003890625,34.296713937090765,56.350877433483106,27.870863782599884,-20.601689617236925,-7.878324033646296
0.00038984375,34.13612214528222,56.34614518272335,28.180032439880296,-17.340893249928982,-10.82521949291407
0.000390625,34.010336259240646,56.33995319876306,28.58081681462832,-13.331486811268759,-14.427649572865981
0.00039140625,33.91610510948329,56.33367628894602,29.047287949606165,-9.537724398200394,-17.748663941139466
0.0003921875,33.84902212957254,56.32731454162604,29.554834186516132,-6.395338710595144,-20.37714164451476
0.00039296875,33.80275740954027,56.320867966388306,30.08313034462034,-4.021818292591155,-22.21591932917681
0.00039375,33.76979990015155,56.31433657294127,30.61695460707149,-2.363484857426756,-23.333897108443026
0.00039453125,33.738760146217665,56.307720371121064,31.145844752699276,-1.2913428648481908,-23.8705327535736
0.0003953125,33.64167050378898,56.301019370891574,31.66321759883418,-0.6577056192461935,-23.9800961528112
0.00039609375,34.13709379072156,0.1258269150987352,31.94180469692417,50.090279694649155,-18.27430191282372
0.000396875,34.4439765944789,7.221318484862094e-06,32.07647814741317,44.1929946128688,-12.116523686774118
0.00039765625,34.74222724471584,4.1443788571698956e-10,31.945270037021896,34.99203668916533,-3.046766652557874
0.0003984375,34.97684665255106,2.3784958588604416e-14,31.608079350209696,25.56947711487289,6.038602235336781
0.00039921875,35.14590637250658,1.365039912031468e-18,31.126958045426882,17.395963681878307,13.730994363548575
0.0004,35.259327827414545,7.834085371633221e-23,30.555776057638774,11.004747144512711,19.55102891312606
0.00040078125,35.33044984205621,4.496051219389021e-27,29.936562167099794,6.3980571136896005,23.538505053410194
0.0004015625,35.372398103865685,2.580323752989081e-31,29.29943825742537,3.320385505687444,25.979052751737925
0.00040234375,35.39694502058128,1.480870734196048e-35,28.664304544273197,1.4279920663899088,27.23631247788329
0.000403125,35.416294105747255,8.49884875437808e-40,28.043131962989236,0.38372447255113973,27.659407490438095
0.00040390625,35.46524766191804,4.877564832760852e-44,27.44222863834783,-0.09824277043386119,27.54047140878169
0.0004046875,35.00324031023619,54.77044298389912,27.040714920401534,-49.913022664528015,22.183294601030425
0.00040546875,34.78220491818382,56.206111631742644,26.769888410643453,-46.4899903727261,17.053767151626907
0.00040625,34.469185949314706,56.198307413564095,26.778723853606802,-37.573249520615626,8.153665960658333
0.00040703125,34.21635060574915,56.19033572441741,27.012813724048232,-27.90751928396523,-1.2700027164039471
0.0004078125,34.03097620472187,56.182279408886494,27.40846727151297,-19.26995033150515,-9.503861805868377
0.00040859375,33.904589525131136,56.17413848385786,27.90867056720021,-12.37408209828757,-15.891385818370077
0.000409375,33.82359683852408,56.16591296159184,28.467964867228808,-7.315381026480397,-20.38256706788264
0.00041015625,33.772450945895116,56.157602854475954,29.053143943835575,-3.875959298889403,-23.228499611750976
0.0004109375,33.71486727856398,56.14920817502505,29.64181598463892,-1.717056422294282,-24.79033576809185
0.00041171875,33.90142416974389,34.13339180628654,30.13252590364243,19.263767858879817,-23.264633761523925
0.0004125,34.02040545047,34.13938707893393,30.5557669930185,17.442292037864615,-21.025912123780042
0.00041328125,34.13864075361435,34.19471124983031,30.860664590843967,13.986072453996872,-17.320119112983217
0.0004140625,34.23243071473206,34.2499867580895,31.070051169617994,10.25568049328373,-13.435616081755235
0.00041484375,34.29989133428683,34.30521068665025,31.208854174642624,6.928450997490926,-10.024807509498551
0.000415625,34.34442166247528,34.36038295218367,31.299365495268358,4.274798773322409,-7.335816230237723
0.00041640625,34.371116044081184,34.41550347160134,31.359393291763077,2.3290260646117704,-5.385136244450034
0.0004171875,34.38511173267543,34.47057216189273,31.402010575897148,1.0060455972543558,-4.07460718324994
0.00041796875,34.39086423929595,34.52558894012542,31.43611386212739,0.17511837184813075,-3.2645934498461573
0.00041875,34.391982024735476,34.58055372344511,31.467294249416497,-0.29784180847005576,-2.8154176655585545
0.00041953125,34.39150926911676,34.635466429075834,31.498734869347363,-0.5292825274590811,-2.6074490322693906
0.0004203125,34.39319127729518,34.69032697432007,31.531992552830616,-0.610388079527533,-2.5479463419619224
0.00042109375,34.41110537047037,34.74513527655879,31.567614995343256,-0.607134029511164,-2.5703862517043703
0.000421875,34.4122990267596,3.027734688950497,31.510900038352094,28.297468349918788,0.185696999482812
0.00042265625,34.65081176198185,0.00017376438465413293,31.391025889371907,28.77143995587916,2.619412169108091
0.0004234375,34.86703060714651,9.972487174787935e-09,31.1150402950285,23.61521064570333,7.499829639352685
0.00042421875,35.03399465058328,5.675054538022604e-13,30.708114852600573,17.793518885129533,12.914595967470474
0.000425,35.155255407079935,-5.245669330469141e-15,30.208224557546902,12.488021384378039,17.720203173168866
0.00042578125,35.23696335502772,-1.4779359433868406e-15,29.650036410330152,8.197168036531084,21.452868373799067
0.0004265625,35.28601444799377,7.806154544204632e-15,29.061508374765648,5.016665335991978,24.044843038773664
0.00042734375,35.30307510883167,1.312551492364664e-14,28.463207780925245,2.833311914827691,25.62989586609754
0.000428125,34.92494960541808,1.8623706243478036e-14,27.86889529976922,1.45247789986911,26.416417399900094
0.00042890625,35.13248565139053,35.288304585914844,27.490216468206864,-29.980961890816417,22.182873773108437
0.0004296875,34.89909299224751,35.34455489673778,27.208646304113987,-25.56894617584717,17.433037583223374
0.00043046875,34.7150907529752,35.3987299834428,27.089777305622373,-19.78685751964059,11.477904841820166
0.00043125,34.57761186147755,35.45285164425605,27.095315627143712,-14.17342574733514,5.815889730222801
0.00043203125,34.48148310630331,35.50691991370877,27.18793960216288,-9.44945242762168,1.1304721160757907
0.0004328125,34.418665053623776,35.56093471038179,27.336203868385233,-5.836507031902233,-2.38822381009432
0.00043359375,34.380561015378085,35.61489595292981,27.51606882690893,-3.282305486539376,-4.8165216394815
0.000434375,34.35945558042627,35.668803560088136,27.710576233065723,-1.6093202071014,-6.348907119921013
0.00043515625,34.34912177177207,35.72265745067293,27.908672686153743,-0.604818668074876,-7.209166096444315
0.0004359375,34.34488279440038,35.77645754358119,28.103789147401468,-0.06956996957630324,-7.603098426603416
0.00043671875,34.34332621917502,35.830203757790926,28.29250633369169,0.1604847812050629,-7.698182205304298
0.0004375,34.34159375807679,35.88389601236135,28.47345343784158,0.20878634898645354,-7.61922892350622
0.00043828125,34.33425375769546,35.937534226432874,28.646477141485178,0.16138983514354807,-7.452446920091245
0.0004390625,34.11282920214628,35.99111831922731,28.811976549160445,0.07586533058342156,-7.255007100650289
0.00043984375,34.22553223087284,55.77814036301821,29.084412697381637,-17.14909911447418,-9.544628551162392
0.000440625,34.09338566332898,55.76767872042399,29.395170021951525,-14.457727971343344,-11.914780727129118
0.00044140625,33.9907829940833,55.75599690235079,29.780292580544632,-11.13744320301148,-14.838261118794676
0.0004421875,33.91565655413293,55.7442310515469,30.218374259006637,-7.991406237902568,-17.534450554637694
0.00044296875,33.86569430848054,55.73238125093472,30.689068098026123,-5.383338479758851,-19.659974673149748
0.00044375,33.83966822203672,55.720447518363585,31.17556552362022,-3.4121834058988676,-21.132698588844494
0.00044453125,33.8537400795356,55.70842987180548,31.6652913786199,-2.0345388646877796,-22.008599628497798
0.0004453125,33.8497332600932,4.847981511348688,31.998092188392143,45.04550833916633,-17.89539766212288
0.00044609375,34.230716609237035,0.00027822996752881413,32.21615282424767,46.151547649410496,-13.93567305513035
0.000446875,34.578247781597334,1.596786511043218e-08,32.16859037390354,38.00447712031664,-5.835886762380968
0.00044765625,34.84777857593334,9.164099699596583e-13,31.89545732361134,28.659727684445684,3.2357296391647363
0.0004484375,35.044522421573014,5.259358262569465e-17,31.458179915649776,20.079785813538393,11.378394102111383
0.00044921875,35.17878596975318,3.0183924488812992e-21,30.913287067038006,13.105849752175999,17.807437314862007
0.00045,35.26399839636857,1.7322822520579928e-25,30.30667514857948,7.9147766605003715,22.391898488079107
0.00045078125,35.31343899308989,9.941721799321666e-30,29.67236134190311,4.335961159390635,25.336400182512474
0.0004515625,35.33834969362538,5.705642496636209e-34,29.033592104901594,2.054879738700906,26.97871236620069
0.00045234375,35.34705051278631,3.274518937116334e-38,28.40493379997652,0.73244628214802,27.672487517828497
0.000453125,35.34415923173675,1.8792755199532706e-42,27.794538533936635,0.06641224247578635,27.72812629146085
0.00045390625,35.32640974502091,1.0785329227644548e-46,27.20616736728189,-0.18410274320730766,27.390270110489197
0.0004546875,35.1915110069074,6.189796297222887e-51,26.64076332038249,-0.19442359509286009,26.83518691547535
0.00045546875,35.113461740141695,55.494759705134115,26.34713404505623,-49.46606488773369,20.3184392276558
0.00045625,34.71370484040443,55.51810600061266,26.204678806916437,-42.68022944078788,13.366802247091659
0.00045703125,34.40309589380298,55.504750379166126,26.32063564817916,-33.29016823053827,4.106053499551304
0.0004578125,34.169558182483236,55.49130906701138,26.6334559083571,-24.005231764197163,-4.852621394457118
0.00045859375,34.00409922276915,55.47778418582741,27.08191614884995,-16.10770071215657,-12.28816732482089
0.000459375,33.891701616472915,55.464175756103046,27.61392292297905,-10.019653235443876,-17.83059959768012
0.00046015625,33.79779795256686,55.45048379833236,28.189410493119233,-5.6852841423942415,-21.575789162818882
0.0004609375,33.9207729400947,37.50942361771516,28.70863004019415,13.266313995082545,-22.06710757260355
0.00046171875,34.00129053842692,37.52115642206225,29.184159815521163,13.016080629749524,-21.35307723629061
0.0004625,34.08937058891933,37.57307741349226,29.566384873442342,10.958254768390368,-18.964947308440284
0.00046328125,34.162387159162954,37.624944130225394,29.868961510884233,8.33701083086864,-16.0929934502098
0.0004640625,34.216478251256994,37.6767541846052,30.10953421222502,5.818854134872121,-13.386074107252302
0.00046484375,34.252883546048075,37.7285074984741,30.30511230653226,3.712101320178245,-11.135496512120088
0.000465625,34.27480715441791,37.780203993892556,30.46997294364494,2.1071316893351155,-9.417362739582734
0.00046640625,34.28586826150989,37.83184359300656,30.615036259226564,0.975687300224309,-8.192494634004307
0.0004671875,34.2893234686223,37.88342621804781,30.748043942443914,0.23605721843821004,-7.371439494042105
0.00046796875,34.28772941848953,37.93495179133382,30.874101638144918,-0.20764210267284683,-6.853208050516058
0.00046875,34.28282627166311,37.986420235267985,30.996319813481318,-0.44438743859009694,-6.545712983196572
0.00046953125,34.2754347446893,38.037831472339796,31.116410260518656,-0.5470200794793627,-6.374401132341776
0.0004703125,34.26491187710536,38.08918542512482,31.23517519634491,-0.5700817201628141,-6.2839285086170955
0.00047109375,34.245186511734424,38.14048201628494,31.352872453622084,-0.5513419285247728,-6.236267634138084
0.000471875,34.075404155059346,38.19172116856842,31.469409253345564,-0.5134597669350541,-6.208852148287804
0.00047265625,34.564329490390506,0.007430697693982365,31.39088591305621,33.16082826633887,-1.7773730509766428
0.0004734375,34.77912740158952,4.2645433748883576e-07,31.22084308471039,28.300754669934044,2.920087988322007
0.00047421875,34.968340481893684,2.4468342281275665e-11,30.88906878783956,21.943972888367835,8.945095899447256
0.000475,35.11243287074287,-3.831818772155085e-15,30.436993938326626,15.780695393209044,14.656298545117586
0.00047578125,35.21225029327099,-5.7310446588840104e-15,29.90497444946395,10.5990142627213,19.30596018674266
0.0004765625,35.27287601330007,-1.264099000584029e-14,29.326906700635156,6.639788498446236,22.687118202188934
0.00047734375,35.28860056605506,-6.01050528284947e-15,28.728557613378477,3.844155049342493,24.88440256403599
0.000478125,35.304712636417605,35.24101929195746,28.232951840837792,-29.995897738085688,22.987830286966023
0.00047890625,35.04623820856516,38.650083336560776,27.81890389126806,-31.5445059347368,20.713326489444086
0.0004796875,34.80607206594559,38.70093660874179,27.595712395238422,-26.336690947234445,15.231466733731077
0.00048046875,34.6173016513002,38.75153887065138,27.53821351540918,-20.06805955834835,8.854734203106148
0.00048125,34.47775634625236,38.802082762382966,27.604894067214136,-14.187201760843662,2.9900130656748325
0.00048203125,34.38112509935549,38.852568218878496,27.75668910462221,-9.340508439542706,-1.7553706747135778
0.0004828125,34.318488754872824,38.90299516410845,27.961382776934116,-5.6926726415665065,-5.248939745607824
0.00048359375,34.28070965471999,38.95336352213075,28.194755613358062,-3.1512081620069683,-7.607399746765722
0.000484375,34.25979151430317,39.00367321709156,28.439989571753166,-1.5122458384105428,-9.05143780692785
0.00048515625,34.2494075786383,39.05392417322538,28.68631402368774,-0.5472164511131105,-9.820393698424533
0.0004859375,34.244916665345706,39.10411631485517,28.927478402429635,-0.048421380200081646,-10.12821653222545
0.00048671875,34.24310531620602,39.154249566392494,29.16036036529841,0.15187509998611476,-10.145764301080199
0.0004875,34.241779333489944,39.20432385233758,29.383839702681712,0.17793362754454878,-9.998417777200418
0.00048828125,34.23910721119005,39.254339097279434,29.597962851970323,0.11508826255496701,-9.771464507864078
0.0004890625,34.23112085814888,39.30429522589603,29.80336753387953,0.01757336777752556,-9.518501059794024
0.00048984375,34.05463020853657,39.354192162954334,30.000849972209966,-0.08167620011449941,-9.271665990629868
0.000490625,34.139207443467384,54.8506877076538,30.280323298176633,-13.578454320217071,-10.991910089260095
0.00049140625,34.03087990187452,54.83456320300988,30.58815593592547,-11.460359360239579,-12.786047906844827
0.0004921875,33.943810099612435,54.817465840194174,30.95260992563907,-8.846347776418408,-15.018508138136696
0.00049296875,33.87391596953797,54.80028587217171,31.356906225209467,-6.3690713384434225,-17.074308308518823
0.00049375,33.80915312984762,54.78302337590617,31.785090393158296,-4.314968756308754,-18.68296422643912
0.00049453125,33.54359790303777,54.76567837739745,32.22389737075887,-2.7596374392144747,-19.782143567424104
0.0004953125,34.232004854046544,0.010653168918606615,32.38601251033906,46.47647640954281,-14.101117068122363
0.00049609375,34.53431384123313,6.113948321305191e-07,32.41361440843253,40.08808990930066,-7.6744761122629646
0.000496875,34.8041379803585,3.5088492786688804e-11,32.202447058705516,31.291208541760245,0.9112385169101821
0.00049765625,35.012140223284256,2.0137597855565097e-15,31.810097832610776,22.59821442095256,9.211883411658215
0.0004984375,35.15945477657163,1.1557146380089013e-19,31.293768889897777,15.207181327886884,16.086587562010894
0.00049921875,35.25615013809043,6.632749020454427e-24,30.702100380161163,9.511633207688728,21.190467172472434
0.0005,35.314542355247696,3.806593610697205e-28,30.072459360944187,5.45854367314801,24.613915687796176
0.00050078125,35.34609423411938,2.1846379038789594e-32,29.431251756861165,2.786040486810101,26.645211270051064
0.0005015625,35.360089579619085,1.253783108775436e-36,28.795654505563522,1.1686456779699192,27.627008827593603
0.00050234375,35.36323656769094,7.195572689915631e-41,28.175786951231903,0.2968241211683608,27.878962830063543
0.000503125,35.3595806760208,4.1296031166370786e-45,27.57678281224962,-0.08674071989248802,27.663523532142108
0.00050390625,35.34976220790312,2.3700159300508198e-49,27.000515584454874,-0.17704973056076767,27.17756531501564
0.0005046875,35.32368644909754,1.3601732055231519e-53,26.44690466575783,-0.11074739595019452,26.557652061708026
0.00050546875,34.7094492172781,7.80615491045858e-58,25.914597340751605,0.028977483695392436,25.885619857056213
0.00050625,35.01658812505095,54.49249256999124,25.715784539250397,-47.129092376407705,18.35238434566686
0.00050703125,34.65058236090363,54.476959611310875,25.658054017767842,-39.47418384438508,10.655278250842048
0.0005078125,34.365439349984186,54.45821635199507,25.837839981690525,-30.131738152757794,1.511361782453249
0.00050859375,34.15236210659025,54.43939090005604,26.193741048146077,-21.317406482540335,-6.928243369369628
0.000509375,33.985979665890476,54.42048346336786,26.66763476051309,-14.027717948649588,-13.725130754205182
0.00051015625,34.014829203884915,40.66136414261194,27.15675094867916,3.8066886438281977,-17.311301837760972
0.0005109375,34.03432985264936,40.67876438376078,27.648840971362304,6.113502469085463,-19.14342588148394
0.00051171875,34.07672102469627,40.72697200589351,28.08925922298568,6.289349665984329,-18.927062448892155
0.0005125,34.11927407510449,40.775120065521264,28.47688612513284,5.419399707792031,-17.717633648180456
0.00051328125,34.15474524952527,40.823206718656735,28.817771666482848,4.166529750616934,-16.17196480279082
0.0005140625,34.180945124243806,40.871231892780685,29.120576260699863,2.9071657220895517,-14.657821354170373
0.00051484375,34.198194545025196,40.91919551556802,29.394024760278537,1.824783397974021,-13.349954153263505
0.000515625,34.20792765853826,40.9670975147864,29.64566100517077,0.9829559705862764,-12.30439248020191
0.00051640625,34.21188375501208,41.014937818296296,29.88141181148857,0.3779936638419734,-11.511519670649701
0.0005171875,34.21167031988195,41.06271635405106,30.105606085138536,-0.025873016984351696,-10.931237251928174
0.00051796875,34.20855203573267,41.110433050097086,30.321211903959693,-0.27482753028851903,-10.514393615848872
0.00051875,34.20334985628851,41.1580878345739,30.53014527120518,-0.4134671310787596,-10.214475432289959
0.00051953125,34.19632177490217,41.20568063571425,30.733569289538302,-0.47921140207205043,-9.9928999441039
0.0005203125,34.18671556504014,41.25321138184423,30.93214561821734,-0.500616357818437,-9.820449405808452
0.00052109375,34.17020051475866,41.300680001383405,31.12622575387389,-0.49779670018411654,-9.676657547325398
0.000521875,34.09992995504763,41.34808642284489,31.315968306525825,-0.4833570652108534,-9.548761051108206
0.00052265625,34.462312728064326,0.0924525242621597,31.337036687605618,36.60972765240715,-5.365143489063694
0.0005234375,34.68464658362766,5.30593252208634e-06,31.2602180701186,32.239129274415895,-0.9789165102298156
0.00052421875,34.899992189969204,3.044955101719593e-10,30.99599221077048,25.514574164916656,5.48141804554933
0.000525,35.06792850320156,1.1432069213783301e-14,30.587926606033488,18.658084344744175,11.929842261289302
0.00052578125,35.18609110556998,-1.5640599479702088e-14,30.08096871368606,12.725139206280012,17.355829507406064
0.0005265625,35.25789584560358,-2.2020133260262377e-15,29.51402047205804,8.094567054070888,21.419453417987157
0.00052734375,35.26178935185922,-5.612830309525887e-15,28.917325668650573,4.76310854720836,24.15421712144222
0.000528125,35.263870367281605,41.40917190615301,28.460140629756363,-34.876243266460065,21.927211990063416
0.00052890625,34.95654070137361,41.77191542279085,28.096606487366667,-32.527427940646945,18.852119005222765
0.0005296875,34.713426993545845,41.81871408214348,27.93664251878316,-26.624379370853696,12.742307807493376
0.00053046875,34.52398426153183,41.865431634522636,27.942304778037386,-19.98553112828708,6.062404271801828
0.00053125,34.385625422362665,41.91208613727792,28.069636544177264,-13.945202854737193,0.10275326163654058
0.00053203125,34.29094480918402,41.95867752118887,28.278547950784503,-9.064165716866992,-4.615963853537374
0.0005328125,34.23031078658496,42.00520571608975,28.536641213100104,-5.447617070391363,-8.020947432598282
0.00053359375,34.19422284750555,42.051670651909944,28.819957376746682,-2.9647893926737483,-10.266923882489515
0.000534375,34.17455786643816,42.09807225867413,29.112123252918572,-1.3893175862418943,-11.596631419513663
0.00053515625,34.16500368001762,42.14441046650226,29.40284545559767,-0.48102180532874855,-12.260543205575837
0.0005359375,34.16101364938799,42.190685205609874,29.686304421476486,-0.02753866088329673,-12.476842123250092
0.00053671875,34.159524783203885,42.23689640630805,29.959730806630674,0.13949403411410374,-12.416659633791479
0.0005375,34.158587095400584,42.283043999003546,30.222274945634467,0.14291405122462067,-12.2036831045937
0.00053828125,34.15696251105548,42.32912791419892,30.474180904460482,0.06583851007639936,-11.920785519814837
0.0005390625,34.15359447592634,42.375148082492636,30.71622688293836,-0.039811976812541165,-11.619109222741734
0.00053984375,34.145776762877134,42.421104434579156,30.949374593810546,-0.1446775989757086,-11.327052241792902
0.000540625,34.01643406380966,42.46699690124903,31.17452287084579,-0.23342791356852433,-11.059046116834718
0.00054140625,34.073465960560284,53.57441751112124,31.456300711313432,-9.904972351126354,-12.213144448681454
0.0005421875,33.98993667692285,53.55273268662532,31.756320501926353,-8.370002827448912,-13.426409357250051
0.00054296875,33.91415387789112,53.530328508060435,32.09485132414044,-6.479400134315869,-14.956077049604126
0.00054375,33.78399515679498,53.507843677132406,32.459820051064,-4.68831086515523,-16.35971276091318
0.00054453125,34.22606088755031,0.11957095086845687,32.627298887258384,44.69958073122294,-12.191852794833014
0.0005453125,34.49739381509838,6.862283137764093e-06,32.679585737612584,40.07780266338913,-7.398223788059679
0.00054609375,34.767296917750365,3.938325280581516e-10,32.49409764992884,32.090658108196145,0.4034395413388609
0.000546875,34.9817169182407,2.2602398799769085e-14,32.1226036247862,23.67489229329344,8.447711331492737
0.00054765625,35.13715853310797,1.2971717547626497e-18,31.62038200680587,16.26318625949649,15.35719574730938
0.0005484375,35.241632055458055,7.44458398535647e-23,31.036166344853648,10.405586752531192,20.630579592322455
0.00054921875,35.30661103413083,4.2725129121522405e-27,30.40837884290945,6.145254521763187,24.263124321146265
0.00055,35.34340133633824,2.4520331317927285e-31,29.764792733308973,3.2734351219038134,26.49135761140516
0.00055078125,35.3615263184886,1.4072436065220763e-35,29.123904813991135,1.4892567728504311,27.634648041140704
0.0005515625,35.368213581079935,8.076296125123723e-40,28.49693947947091,0.4904317317807667,28.006507747690144
0.00055234375,35.36844287453689,4.635058123439783e-44,27.88987063780165,0.017429622331925642,27.872441015469725
0.000553125,35.36518293015427,2.6601010506330342e-48,27.30516147994019,-0.13125086763079138,27.43641234757098
0.00055390625,35.35943629285615,1.5266556343262443e-52,26.74311712130617,-0.10001195099066251,26.843129072296833
0.0005546875,35.34895017749343,8.761612365310058e-57,26.202854380729693,0.015209592003915874,26.187644788725777
0.00055546875,35.314141739194795,5.028367204358632e-61,25.682940363135135,0.15597738865444485,25.52696297448069
0.00055625,35.3066395536888,48.51166191534209,25.326357878170732,-43.7767086285105,20.591404591339142
0.00055703125,34.93875348553358,53.11303516899605,25.08616283489107,-44.207285796956626,16.180413462851646
0.0005578125,34.60804900467161,53.08937060875964,25.102115840614722,-36.07858003280361,8.091325264658693
0.00055859375,34.362289756848696,53.06536066645049,25.33359339837103,-26.988873103604664,-0.7428941644747931
0.000559375,34.18191374761837,43.62124127322052,25.68719637228025,-10.22994969009834,-7.704095210841928
0.00056015625,34.128380276102874,43.59334949191456,26.12255024056285,-4.494155644319033,-12.976643607032678
0.0005609375,34.104175445631334,43.63755282093368,26.572965988127983,-1.1503708747312709,-15.914215958074426
0.00056171875,34.099706981542425,43.68169457395708,27.016171875615534,0.5832218464568335,-17.24874454479838
0.0005625,34.10518261065885,43.72577054337554,27.440909497485308,1.2856544155358052,-17.570515461426037
0.00056328125,34.11415497889466,43.76978066257381,27.842854782376442,1.3858910736287926,-17.312816953826157
0.0005640625,34.12292751204501,43.813724865273414,28.22173360219255,1.1785049482930448,-16.770496211373906
0.00056484375,34.12969676348688,43.85760308529517,28.579338338617926,0.8505886460692168,-16.128853392746457
0.000565625,34.13383586502527,43.901415256559275,28.918266413832974,0.5102438388100489,-15.493392681536347
0.00056640625,34.13536740884782,43.94516131308539,29.241190218739455,0.21174250867212197,-14.91571360301806
0.0005671875,34.134603770340185,43.98884118899278,29.5504896874214,-0.024540607682294536,-14.413810893889085
0.00056796875,34.13191191840794,44.0324548185003,29.848113593988366,-0.19759425580064374,-13.986746968711287
0.00056875,34.12754927411038,44.07600213592661,30.135571771404493,-0.3159420202747697,-13.624488344247343
0.00056953125,34.12148968320939,44.119483075690276,30.413992001851945,-0.39150590415590614,-13.313985169682423
0.0005703125,34.1130216759489,44.16289757230973,30.684200076681847,-0.4361381103669345,-13.042559385260947
0.00057109375,34.098987820163806,44.20624556040359,30.9467990568991,-0.45992686835922997,-12.79951963514526
0.000571875,34.056455548889765,44.24952697469052,31.202229445524935,-0.470407436212183,-12.576890092953402
0.00057265625,34.41427588947584,1.1369459559871076,31.311706378900325,38.6683004202617,-8.493539997348483
0.0005734375,34.581669071952525,6.525033886151269e-05,31.32964754414591,36.054028798382035,-4.724446504574985
0.00057421875,34.82170046343775,3.744770293103755e-09,31.138033958996616,29.17453456457695,1.963499390674896
0.000575,35.01423305932781,2.082824854742857e-13,30.77853584815666,21.715003446889728,9.063532401266723
0.00057578125,35.15194454440067,-5.330276963893242e-15,30.300073638422166,15.048589083050135,15.251484555372038
0.0005765625,35.235062890515614,-2.1074397102625986e-15,29.746425621815444,9.72684936822868,20.01957625358677
0.00057734375,35.189360788602876,-5.290678772221868e-15,29.15242142463114,5.824811797537121,23.32760962709402
0.000578125,35.163091759151314,44.56399122865258,28.743718503792095,-36.480918362911076,20.66064563805059
0.00057890625,34.860767255360486,44.63605147396163,28.441874913002305,-32.86467257800384,16.670496017044517
0.0005796875,34.61851499476645,44.67866526801101,28.344910006332324,-26.43104711743065,10.097291855751966
0.00058046875,34.43167197768869,44.721210090697795,28.410577753225976,-19.57019216149655,3.2595598240247314
0.00058125,34.29678705679289,44.763687563953624,28.59346102934572,-13.489368811581315,-2.6808577230265898
0.00058203125,34.20553077988699,44.80609762390496,28.853233937267465,-8.66166650970308,-7.291197176934415
0.0005828125,34.147777418460805,44.84844020668303,29.157896784215847,-5.13628646457509,-10.554256957892093
0.00058359375,34.11385505289442,44.89071524852065,29.484145174506978,-2.7498722805374687,-12.656697793476201
0.000584375,34.09566018769269,44.932922685752374,29.816296717180176,-1.25950035498592,-13.857125613586277
0.00058515625,34.08699448400457,44.975062454814555,30.14467282287958,-0.41858313424570925,-14.411806497689264
0.0005859375,34.083459097338014,45.017134492245475,30.463948975812574,-0.014191511274486857,-14.538994005158415
0.00058671875,34.08214272886277,45.05913873468541,30.771726885807006,0.11968860378496471,-14.40710045266337
0.0005875,34.08124797337283,45.10107511887672,31.067419478496568,0.10247109922395553,-14.136126739604107
0.00058828125,34.07972920116718,45.14294358166398,31.35144785930411,0.013818487661573188,-13.805314210021443
0.0005890625,34.07695472700659,45.18474405999404,31.624704990652475,-0.09732535467704154,-13.46271371466452
0.00058984375,34.07230265110258,45.22647649091612,31.888225768024714,-0.20393987474225048,-13.134310848149156
0.000590625,34.06392387390678,45.26814081158196,32.14300423715048,-0.29349986580757986,-12.831636708623897
0.00059140625,33.98076665537543,45.309736959245825,32.389879869914836,-0.361625113978948,-12.558231975352045
0.0005921875,34.004109544360446,51.957446087917695,32.66771343181454,-6.144202365175693,-13.14553029092746
0.00059296875,33.91186274830301,51.9303388460734,32.95357210285655,-5.203393131640695,-13.773373611576154
0.00059375,34.29897373269319,1.3330401124755222,33.096568496457074,41.814879032896,-10.05135064891445
0.00059453125,34.472221244056605,7.650435678033162e-05,33.153228896159696,39.76984375398728,-6.616691362184371
0.0005953125,34.738791095472216,4.390653028064634e-09,32.97829557793963,32.54528993889053,0.4330056346584584
0.00059609375,34.956907675326846,2.51983479427269e-13,32.61505896784693,24.433018514544333,8.18204045330235
0.000596875,35.11814092862229,1.446155583199461e-17,32.11669463437996,17.058791040355143,15.05790359402482
0.00059765625,35.22850467246531,8.299615417536182e-22,31.531634162209855,11.104430777012936,20.42720338519692
0.0005984375,35.29860107625435,4.763223050081985e-26,30.898909918530943,6.696261350967561,24.202648567563383
0.00059921875,35.339468246801,2.7336560410852824e-30,30.247256064532507,3.6731765030307515,26.574079561501755
0.0006,35.360690736923,1.568869497059021e-34,29.59615876483629,1.757889959550262,27.838268805286027
0.00060078125,35.36973044071674,9.003881475246057e-39,28.95770005541439,0.6566455424877206,28.30105451292667
0.0006015625,35.37190922378485,5.1674075996921034e-43,28.338521221273524,0.10992023633778346,28.228600984935742
0.00060234375,35.370689303108826,2.965621146254149e-47,27.74156172169117,-0.08791512878667262,27.829476850477842
0.000603125,35.36802390282363,1.7019963324808764e-51,27.167439175396577,-0.08680824541280857,27.254247420809385
0.00060390625,35.364598398040926,9.767908215239387e-56,26.615456767198452,0.011842334583883486,26.60361443261457
0.0006046875,35.359635531125996,5.605889335981465e-60,26.08428488640336,0.14476029938000182,25.939524587023357
0.00060546875,35.34856765854642,3.217269711670866e-64,25.572385728411582,0.27629221849373947,25.296093509917842
0.00060625,35.29284939506822,1.846419680673654e-68,25.078238795588675,0.3897323131318146,24.68850648245686
0.00060703125,35.262516473001654,51.032512947040175,24.782475978327973,-45.634960375196414,19.384923406484212
0.0006078125,34.86579532369601,51.39318890872369,24.609573600342856,-40.918336424736005,14.134721116355173
0.00060859375,34.60624824061684,46.340559299819624,24.667206450153873,-28.050977140383164,6.377624290717414
0.000609375,34.39672911949372,46.24749747048615,24.908647467128105,-19.734315697421664,-1.6045343059363817
0.00061015625,34.261131195987055,46.2874312735507,25.263109493667585,-12.975509546126219,-8.0488122337569
0.0006109375,34.174355598741855,46.32730300531496,25.685543554792133,-7.887080751100999,-12.754678699421829
0.00061171875,34.12283949167218,46.367104969436404,26.142392078865406,-4.341549983253177,-15.88316290731782
0.0006125,34.09522760626253,46.40683710553573,26.61040948588747,-2.0553016388967316,-17.741125980751526
0.00061328125,34.08265957023354,46.44649935377707,27.07477889425018,-0.7097806873598422,-18.66193977216705
0.0006140625,34.078716660297076,46.48609165442975,27.52698391692039,-0.015271701717766996,-18.94383603579159
0.00061484375,34.07907723919228,46.525613947868514,27.9628676540084,0.2623262601571916,-18.825072554017307
0.000615625,34.081059971451005,46.565066174573474,28.381061511068772,0.296510928161986,-18.480515591666688
0.00061640625,34.08317486467499,46.60444827513032,28.781819237683855,0.20646633737922998,-18.029095374825697
0.0006171875,34.08474494931302,46.643760190230296,29.16621511457657,0.06791601381464717,-17.545461089468372
0.00061796875,34.085624871808754,46.68300186067038,29.535634050446514,-0.07537105040576507,-17.071996759818102
0.00061875,34.08602858958907,46.72217322735334,29.891476624300573,-0.20141151437997992,-16.629285088672784
0.00061953125,34.08649701476965,46.76127423128776,30.235010890439572,-0.3019489879529815,-16.224314352895203
0.0006203125,34.08815808213625,46.80030481358828,30.567316874258864,-0.37657925704055234,-15.856408682288867
0.00062109375,34.094183650171054,46.83926491547554,30.889284645556327,-0.4287932492772029,-15.52118702064201
0.000621875,34.122504681766685,46.878154478276315,31.20164409428637,-0.46366195904442553,-15.21284842494552
0.00062265625,34.12811291644703,4.082732675390324,31.377347959002222,38.42357080862693,-11.12895552501503
0.0006234375,34.453548667811184,0.00023431165672543753,31.456769720889422,38.941645342496386,-7.485109933263691
0.00062421875,34.74899808647702,1.3447349645887673e-08,31.315615642977942,31.87999139765252,-0.5643757681219285
0.000625,34.979020077872214,7.57155948472975e-13,30.988856128416653,23.94193866416586,7.046917464250038
0.00062578125,35.15071256498157,-1.3399988941758179e-14,30.528574578505236,16.722098132381205,13.806476446124044
0.0006265625,35.28133212959721,-1.4607832268649847e-14,29.982236254988223,10.889943706764809,19.092292548223426
0.00062734375,35.55659236617396,-1.3644119305112827e-14,29.388195691196444,6.568438844699904,22.819756846496553
0.000628125,34.989772085317135,47.17755183571539,29.013736685638037,-37.89585564955899,19.732040499481634
0.00062890625,34.74183414981447,47.224976129734834,28.749906450219413,-33.711760888501196,15.236691208985775
0.0006296875,34.51332973081144,47.263157624459616,28.69497386351067,-26.895438780232627,8.327255019283681
0.00063046875,34.333278290082696,47.301267415352335,28.80413198267001,-19.78809312030191,1.2909576876195858
0.00063125,34.203193004613404,47.33930597136095,29.030357105632312,-13.56230757930453,-4.746641286424107
0.00063203125,34.11591293859904,47.3772732352303,29.332395946282993,-8.6597424242898,-9.385134864657504
0.0006328125,34.061633088128616,47.415169149782365,29.677791183893852,-5.104277286420849,-12.633100679467661
0.00063359375,34.030793820844615,47.4529936579466,30.043080808698022,-2.7138374171910664,-14.696075432057512
0.000634375,34.01536806761511,47.49074670275992,30.412599062429877,-1.232673098147174,-15.84547454218287
0.00063515625,34.009245431644715,47.528428227367016,30.776771931352002,-0.4060709748128531,-16.34558532120216
0.0006359375,34.00813869639029,47.566038175020104,31.130412674050604,-0.016423119410960398,-16.41920238155854
0.00063671875,34.00927889353861,47.60357648907933,31.47126241368734,0.10461922239015423,-16.236933297782144
0.0006375,34.01105793257588,47.64104311301266,31.798859360390587,0.07733166603067439,-15.919515418652745
0.00063828125,34.0127081409042,47.67843799039604,32.11372995124258,-0.01860105073332612,-15.546106988420133
0.0006390625,34.01407170372496,47.71576106491345,32.41685240033507,-0.13462600624110196,-15.16428265833728
0.00063984375,34.01552160815444,47.753012280357034,32.7093295355386,-0.24426489923729822,-14.79941784558114
0.000640625,34.01824151670037,47.79019158062712,32.9922103412129,-0.3355568363201316,-14.462424403094088
0.00064140625,34.02615658937284,47.82729890973236,33.2664100724356,-0.4053347089096736,-14.155554128387093
0.0006421875,34.013690160272205,49.39739589778667,33.536990533191734,-1.8462469550284137,-14.014158409566527
0.00064296875,34.03994790961769,4.353473305874,33.66946081194134,39.18470724285629,-9.868719736788947
0.00064375,34.37393846977397,0.000249849702127662,33.710275480554174,40.03593649707943,-6.325910866227386
0.00064453125,34.67710277200897,1.433909645639806e-08,33.52646322970592,32.859694397127555,0.6667688182392695
0.0006453125,34.911561476591054,8.229334893536519e-13,33.152918398430685,24.72492950867125,8.427988889758616
0.00064609375,35.08274241481698,4.722888432747823e-17,32.642937624009306,17.297215210279838,15.34572241372947
0.000646875,35.200003542506295,2.7105076457275428e-21,32.045282125517986,11.282109496684399,20.76317262883359
0.00064765625,35.27522900262041,1.5555844272342884e-25,31.399365131202888,6.81849060420262,24.58087452700027
0.0006484375,35.320124045565414,8.92763727882533e-30,30.73426832922725,3.750575079287316,26.983693249939932
0.00064921875,35.34470422136783,5.12365037775398e-34,30.069755860888936,1.8021268218623137,28.267629039026623
0.00065,35.356757504194334,2.940508487696158e-38,29.418110753240146,0.6782168944157505,28.739893858824395
0.00065078125,35.36189222160387,1.6875839545483374e-42,28.786105907907015,0.11723982519156095,28.668866082715454
0.0006515625,35.36387435007522,9.685194297399632e-47,28.176756845890644,-0.08865865522328989,28.265415501113935
0.00065234375,35.36506544645321,5.558419083421996e-51,27.590716549468855,-0.09140251629424939,27.682119065763104
0.000653125,35.36686063349927,3.190026111840116e-55,27.027296138509712,0.006033885566023401,27.02126225294369
0.00065390625,35.370097768587826,1.8307843366061625e-59,26.485157281102584,0.13920723895937784,26.345950042143205
0.0006546875,35.37549685843977,1.0507034016812639e-63,25.962745801376975,0.27161568710364464,25.69113011427333
0.00065546875,35.38445534308431,6.030080202407077e-68,25.45853750173718,0.3855423493767234,25.072995152360456
0.00065625,35.40233814361516,3.4607166198641783e-72,24.97115861021937,0.47487627129883664,24.496282338920533
0.00065703125,35.4853238749427,1.9861360248945547e-76,24.49944883191728,0.5393810482392937,23.96006778367799
0.0006578125,35.051921623610895,48.54972022347602,24.236444032444997,-42.989139592023086,18.67586340099206
0.00065859375,34.79140248420988,48.62533719247515,24.097511299003585,-37.698462065565785,13.17063617209422
0.000659375,34.538583452693025,48.66077628329526,24.186644858966886,-29.746861726589227,5.272730302260851
0.00066015625,34.34046656803771,48.696139790224215,24.4518436407633,-21.668313332017583,-2.5759828174433324
0.0006609375,34.19860104393549,48.73142996151461,24.839868688736786,-14.691599478937533,-9.199961793840286
0.00066171875,34.10447215200522,48.76664674415214,25.304706628719885,-9.253900932407397,-14.208039183024859
0.0006625,34.04682367946281,48.801790085101,25.81057184995101,-5.345855694693775,-17.64536254045621
0.00066328125,34.014865019537154,48.83685993143596,26.331886633218637,-2.742984491039409,-19.761988807177914
0.0006640625,33.99963598900886,48.87185623034243,26.851799653945214,-1.1487871766919047,-20.871269399705312
0.00066484375,33.99437620840092,48.90677892911665,27.360209080468124,-0.2744599387230077,-21.272109909925515
0.000665625,33.994381078734406,48.94162797516564,27.851829805412518,0.12356602936207822,-21.213364199115198
0.00066640625,33.99663786747694,48.97640331600737,28.324560006292238,0.23192659125350162,-20.883769900968634
0.0006671875,33.999413963779595,49.011104899270826,28.778227727765838,0.18283440838897036,-20.41571157989396
0.00066796875,34.001891432147,49.04573267269603,29.213701991685056,0.06311544871587459,-19.89514612972685
0.00066875,34.00390000542654,49.08028658413421,29.632308543476935,-0.0748892363300051,-19.373088804327267
0.00066953125,34.005801924026294,49.11476658154777,30.0354774405518,-0.20308484586496434,-18.876204295131004
0.0006703125,34.00869800655276,49.149172613010464,30.42455395301842,-0.30917996820647603,-18.415438691785567
0.00067109375,34.01590677483238,49.183504626707446,30.800716527043434,-0.3903430486071102,-17.9924450510569
0.000671875,34.046277715125235,49.21776257093528,31.164964180675877,-0.44893890739671055,-17.603859482862692
0.00067265625,34.05257910584209,4.286065797054028,31.384128571090258,40.3566968439278,-13.25863406989157
0.0006734375,34.394453452239865,0.0002459811252873868,31.50078318562167,40.88284013332378,-9.382302928827402
0.00067421875,34.704683803530656,1.4117069039695683e-08,31.38459292201471,33.45657511538632,-2.0719822074886793
0.000675,34.946097873666616,8.103399119070783e-13,31.07239849576837,25.11436800183234,5.958030493935219
0.00067578125,35.126174461103865,-1.4009708993220411e-15,30.618976579519178,17.529319853274043,13.089656726245133
0.0006765625,35.26304352354387,-4.858236528612681e-15,30.074232650003022,11.403348009589438,18.670884640413586
0.00067734375,35.55152378171338,2.1970788706961155e-16,29.478490683175405,6.864785510781466,22.61370517239394
0.000678125,34.956707123918676,49.47953203845785,29.112159205292457,-39.77287923559145,19.405506402426063
0.00067890625,34.69631444175856,49.52274191491158,28.86099635492568,-35.380878183344436,14.719132623358536
0.0006796875,34.456276626599184,49.556256897490435,28.828095633993673,-28.22795439146287,7.4997931279661065
0.00068046875,34.26702425342207,49.58969669712367,28.966472765323363,-20.770280312591314,0.14705638079100822
0.00068125,34.130131604204166,49.62306181553818,29.22682021794837,-14.237935431447267,-6.158306166142542
0.00068203125,34.03807107091353,49.656352202518384,29.565886099187935,-9.094152839149498,-10.996313264180953
0.0006828125,33.98053804362325,49.68956780792956,29.94964756998437,-5.363871584239262,-14.376048653705931
0.00068359375,33.947480379933374,49.72270858174963,30.35351928131336,-2.855980228911706,-16.513209071524564
0.000684375,33.93044588348104,49.75577447406918,30.761094848413638,-1.3020968522055405,-17.69258277345
0.00068515625,33.922980553233906,49.788765435091555,31.162358203579092,-0.434948234813686,-18.191458996698778
0.0006859375,33.92052248244791,49.82168141513297,31.55189512617575,-0.02620648112702071,-18.2435798078302
0.00068671875,33.920067435615,49.85452236462256,31.927361987138823,0.10076494104472432,-18.02792531852846
0.0006875,33.919765540390884,49.88728823410244,32.28829934488229,0.072159960492354,-17.6711488497125
0.00068828125,33.918524033686616,49.91997897422782,32.635283314118645,-0.028416175299395264,-17.256279484809777
0.0006890625,33.91561656981448,49.952594535767005,32.96936271973497,-0.15001871097790132,-16.83321310505414
0.00068984375,33.910167168351386,49.98513486960159,33.291715700379555,-0.26485362808457164,-16.428565541137456
0.000690625,33.89977232172314,50.01759992672639,33.60346173048672,-0.36032519509751815,-16.053813001142153
0.00069140625,33.87118522398468,50.04998965824963,33.9055723374081,-0.4328785282598577,-15.711538792581672
0.0006921875,34.80855639877411,16.372488008425908,34.10439973498093,30.09984868079426,-12.367936954239234
0.00069296875,34.35520672187789,0.20234776640733987,34.167781434232325,42.24937535165426,-8.283941683829278
0.00069375,34.63975839590109,1.1612918148563656e-05,34.02527438634756,35.35623317400876,-1.3309704005793492
0.00069453125,34.879102616963145,6.664756934047743e-10,33.67767322422918,26.91006499255262,6.7676082310100885
0.0006953125,35.05841695302103,3.824963236775369e-14,33.17974056227729,19.0158840781733,14.163856484103952
0.00069609375,35.182802837101875,2.1951803955433353e-18,32.58331298218239,12.52632540881887,20.056987573363518
0.000696875,35.26301681709929,1.2598335384369061e-22,31.930948352437284,7.652690277823736,24.278258074613547
0.00069765625,35.31074981718892,7.230296643468371e-27,31.25444988421938,4.265035458081292,26.989414426138087
0.0006984375,35.33639314879849,4.149531502186477e-31,30.57570264412118,2.0866725375586586,28.48903010656252
0.00069921875,35.34818751668873,2.3814530076290478e-35,29.90851049733047,0.8095404300646095,29.098970067265864
0.0007,35.35213233349657,1.3667370459911189e-39,29.260653777277767,0.15464231911775245,29.106011458160015
0.00070078125,35.35226717597364,7.84382537425865e-44,28.635758010098726,-0.10283255381816617,28.738590563916894
0.0007015625,35.351089125643156,4.501641093459e-48,28.034802259835505,-0.1291165802038819,28.163918840039386
0.00070234375,35.34997269808868,2.5835318313972593e-52,27.457235781809878,-0.03815166953036595,27.495387451340243
0.000703125,35.34952577429125,1.4827118789059605e-56,26.901744096535996,0.09784892633749678,26.803895170198498
0.00070390625,35.34985357292607,8.509415247498067e-61,26.36673479700481,0.23728461559868208,26.129450181406128
0.0007046875,35.350718077504744,4.883629037071005e-65,25.85061745084818,0.3593803456275453,25.491237105220634
0.00070546875,35.35157702584784,2.80275810711381e-69,25.35194323043173,0.4564506289246637,24.895492601507065
0.00070625,35.351676921020314,1.6085277868901273e-73,24.869456335215077,0.5282681090920249,24.34118822612305
0.00070703125,35.27063952363452,2.526850070216396,24.40917291689972,-1.714198386279504,23.596521232962825
0.0007078125,35.19558295737558,3.649893181092615,23.97241934784696,-2.509257322012662,22.831783488767005
0.00070859375,35.11453516424984,50.712383231845735,23.775258692223137,-43.838294971210225,16.901170431587627
0.000709375,34.763447155613754,50.774051086254275,23.715761664927136,-37.618188036859344,10.559898615532203
0.00071015625,34.49134558764058,50.80462041231748,23.88176091519964,-29.234911488848912,2.3120519917310673
0.0007109375,34.28786820601766,50.83511144715668,24.218352448092546,-21.023870280510977,-5.592888718553154
0.00071171875,34.14523476063359,50.86552592513458,24.67145534861249,-14.078848581246612,-12.115221995275476
0.0007125,34.05177316599979,50.89586380054966,25.195324691186805,-8.748008810138984,-16.952530299223874
0.00071328125,33.99495121708769,50.926125027713674,25.75495207784926,-4.968028711094991,-20.203144238769422
0.0007140625,33.96349254851254,50.956309561053715,26.325681124081893,-2.485213560592642,-22.14541487637918
0.00071484375,33.94831721992789,50.986417355112465,26.89152815242036,-0.9900406545726409,-23.104848548119463
0.000715625,33.94270902439754,51.01644836454811,27.443116725965474,-0.19040485882080418,-23.38292677976183
0.00071640625,33.94206970327946,51.04640254413448,27.97572200239874,0.1553765564048149,-23.226057098140554
0.0007171875,33.94350764682037,51.076279848761146,28.48764956265835,0.22980910037906171,-22.818439386481856
0.00071796875,33.94541321013713,51.10608023343342,28.979009554689373,0.16047988131989044,-22.287550560063934
0.00071875,33.94711129635767,51.13580365327245,29.45085884167663,0.030012862025341747,-21.714957673621157
0.00071953125,33.94866823867739,51.16545006351532,29.904645049469675,-0.11264575414242586,-21.14815925990322
0.0007203125,33.95103977358542,51.19501941951506,30.341877161841257,-0.24192216845266332,-20.611220089221142
0.00072109375,33.957553922057166,51.224511676740754,30.763954037528222,-0.3472817044804856,-20.113275934732044
0.000721875,33.98772250119293,51.25392679077762,31.172100116340598,-0.4272059167785415,-19.65462075765848
0.00072265625,33.992185323561266,4.4629738978173865,31.427824777385226,42.04595761645666,-15.08110673688882
0.0007234375,34.345150006062106,0.00025613403841448924,31.575626168385185,42.57692000616601,-11.001549971819246
0.00072421875,34.66365853213905,1.4699741884110734e-08,31.479923623739516,34.83152220557458,-3.351598596534805
0.000725,34.90770337485886,8.464356939335991e-13,31.179195448344945,26.13624241358866,5.042953034755439
0.00072578125,35.08137932058257,-7.350251696761946e-15,30.73056801942905,18.23253423904879,12.498033780380268
0.0007265625,35.1877378209228,-1.0166551335437276e-14,30.18606762004173,11.850700419527634,18.335367200514106
0.00072734375,35.14222707886196,-3.1348642034173417e-15,29.587597178336313,7.127120871327313,22.460476307009003
0.000728125,35.116956153798164,51.45253062541326,29.197270663037163,-41.895785427851926,19.64052546547583
0.00072890625,34.77124105004059,51.51518215518924,28.925717258269113,-37.83461869877399,15.245153801853863
0.0007296875,34.493823550223304,51.54382536754179,28.88703950778684,-30.482182396362205,7.825396536607255
0.00073046875,34.27969096943237,51.57238900850973,29.03307529487175,-22.60703900631361,0.06772529267562959
0.00073125,34.12513355128577,51.600874982280075,29.311799188303418,-15.611613550504169,-6.677462243472487
0.00073203125,34.020730540475384,51.62928324606523,29.67691941274612,-10.04925600098468,-11.903107832334427
0.0007328125,33.954929296512844,51.65761375708287,30.09166093400876,-5.982193852347462,-15.583758970726649
0.00073359375,33.91666269796047,51.685866472667755,30.529228223124065,-3.2256331072603786,-17.93100514228331
0.000734375,33.89665384337196,51.71404135027181,30.971591897320394,-1.5015870604480348,-19.240862392503384
0.00073515625,33.88782181206601,51.742138347464184,31.407637307318332,-0.5268393359052717,-19.80766170424058
0.0007359375,33.88517846258768,51.77015742193129,31.831269999639943,-0.056337631979764075,-19.88254979031158
0.00073671875,33.885494747405346,51.79809853147691,32.2397726566728,0.1012536492221571,-19.65957952402627
0.0007375,33.88691758526372,51.82596163402224,32.63252019543905,0.08373194203124826,-19.277173380614443
0.00073828125,33.88866170954334,51.85374668760596,33.0100532860849,-0.01686512482364009,-18.826828276697423
0.0007390625,33.890930951087874,51.88145365038427,33.37345896069544,-0.14391686202836454,-18.36407782766047
0.00073984375,33.895633809965496,51.90908248063099,33.723989552257535,-0.266128760685573,-17.918964167687886
0.000740625,33.91267101863556,51.93663313673761,34.06285463581361,-0.36908457067502676,-17.504693930248976
0.00074140625,34.41841585481541,51.96410557721334,34.391320598584535,-0.45321908337934613,-17.11956589524946
0.0007421875,34.15712699444029,6.693872528369214,34.449441224933445,38.81355446220354,-11.05798576563931
0.00074296875,34.4515394891829,6.7601981034546075,34.39668565918117,32.50050654676299,-4.864018991036426
0.00074375,34.740386352105865,0.17469640857141236,34.13084533096804,30.81704838807272,3.1391005343239087
0.00074453125,34.93872736214228,1.0025982147506703e-05,33.71055642840253,23.181308213397102,10.529238189023282
0.0007453125,35.09527223386215,5.754000259314572e-10,33.16531777051142,16.140041610330808,17.025276159605216
0.00074609375,35.202577674520505,3.30227188689197e-14,32.54080676762717,10.477697003260168,22.06310976436696
0.000746875,35.27096776803014,1.8952031844809265e-18,31.874045839648435,6.299936918627371,25.574108921021065
0.00074765625,35.311246988860965,1.0876739509923173e-22,31.192172259992773,3.4444741064823234,27.74769815351045
0.0007484375,35.332723866493104,6.2422574706218476e-27,30.513497805603212,1.6424608694759997,28.87103693612721
0.00074921875,35.34261779073888,3.5824870397957603e-31,29.84929689776959,0.612030771702274,29.23726612606732
0.00075,35.3460888659565,2.0560211511150724e-35,29.20569059558104,0.10551528699242851,29.10017530858861
0.00075078125,35.346549122629916,1.179968811296396e-39,28.58530606156212,-0.07258088253079649,28.65788694409292
0.0007515625,35.34606079206895,6.771945876515468e-44,27.98858846712565,-0.06436267514058613,28.052951142266235
0.00075234375,35.34571475761534,3.886479923488035e-48,27.414755646803318,0.03437369974279534,27.380381947060524
0.000753125,35.345934326855264,2.2304853687708087e-52,26.86244214447809,0.1640537817808223,26.69838836269727
0.00075390625,35.346667208404696,1.2800953763413845e-56,26.3300998943768,0.2912307662834223,26.038869128093378
0.0007546875,35.347364544084044,7.346581131951678e-61,25.816223065490224,0.39994014740029515,25.41628291808993
0.00075546875,35.34589765805937,4.216268203593192e-65,25.31945467565354,0.48501177989843997,24.8344428957551
0.00075625,35.25811497899882,2.4197537936817677e-69,24.838586380817837,0.5480658543665456,24.290520526451292
0.00075703125,35.30169034704634,7.998598757716854,24.418557708931992,-6.354626069431518,22.774585020646658
0.0007578125,35.238482493083986,8.067770324216188,24.030913316712017,-5.288905410424366,21.252048402920195
0.00075859375,35.094230029013424,8.13647466461683,23.689457729507055,-3.9720694466818354,19.52505251157206
0.000759375,35.006037695112575,52.545013373366125,23.584354501088956,-42.177422888371474,13.216764016094306
0.00076015625,34.66936477627092,52.599871975279854,23.611506590059708,-35.811125781005266,6.822760395785122
0.0007609375,34.41075986709972,52.62537756624068,23.850559369275,-27.620283844970743,-1.154534351994937
0.00076171875,34.218808034870925,52.65080222428476,24.24791516931886,-19.737507095173342,-8.665379959792562
0.0007625,34.085149976068,52.67614759107579,24.75172932624691,-13.13950127315664,-14.784916991672242
0.00076328125,33.99817267438835,52.70141362854049,25.318627289108186,-8.114968925647032,-19.267817413785277
0.0007640625,33.94573552284074,52.7266002986287,25.915701923745964,-4.577604383514056,-22.233293991368683
0.00076484375,33.917067192892624,52.75170756340977,26.519971880027025,-2.271715352884597,-23.960020330498143
0.000765625,33.90358204100559,52.776735385072556,27.11668707725457,-0.8962425280711557,-24.76380577974683
0.00076640625,33.89899167661297,52.80168372592565,27.697319025064324,-0.17139987293621176,-24.93296482792511
0.0007671875,33.89904870684537,52.82655254839729,28.257687380764015,0.13207654755760742,-24.70094171519088
0.00076796875,33.90115681782846,52.85134181503547,28.796421992037033,0.18600869961583158,-24.24092852261427
0.00076875,33.90400206883256,52.876051488508025,29.313808810446794,0.10967510240332956,-23.67191778046456
0.00076953125,33.907341002506904,52.90068153160262,29.810987994606812,-0.02026653779813614,-23.069426999197674
0.0007703125,33.912251177331996,52.92523190722685,30.289438356754005,-0.15885177538694395,-22.476941775085905
0.00077109375,33.92357146756685,52.949702578408306,30.750675880233565,-0.28299201849612604,-21.916034679678614
0.000771875,33.98100819218902,52.97409350829461,31.196113192725853,-0.3839668001013934,-21.39401351546736
0.00077265625,34.0123461885238,0.40140680760723696,31.43940753240246,47.06744683446734,-16.02944610967212
0.0007734375,34.41847249385002,2.3037093439268963e-05,31.557995363456936,42.2679759648002,-10.710003638436703
0.00077421875,34.73233298122225,1.3221244243924585e-09,31.423921266360477,33.75486856447763,-2.3309472994392793
0.000775,34.973188215629236,8.641267387130212e-14,31.091773603435076,24.84224537203933,6.249528231395662
0.00077578125,35.149304968783404,-4.021485428873144e-15,30.6201923078737,17.019035676388103,13.601156631485601
0.0007765625,35.278019163942936,1.7321907406096456e-15,30.060704144227884,10.850252501503642,19.21045164272424
0.00077734375,35.4329573500471,6.862648719475644e-15,29.453878297672908,6.37115425065593,23.08272404701697
0.000778125,35.00187122740781,53.04755243925271,29.040185190235718,-44.26101393389213,20.253646684875136
0.00077890625,34.73075223621058,53.19001068017111,28.748115536830742,-40.46249413976549,16.020598996425118
0.0007796875,34.456354706074144,53.2136090139409,28.70446097426077,-32.82367435928281,8.31452631960268
0.00078046875,34.235541534425145,53.2371203920987,28.85950291027076,-24.474674526532734,0.09705704470478907
0.00078125,34.07351865294583,53.26055159572405,29.15812707491071,-16.98277737516106,-7.119647145652284
0.00078203125,33.96311185059367,53.28390258992122,29.550781427334115,-10.984455644260798,-12.748665518326304
0.0007828125,33.893120511226066,53.307173339524034,29.99782508998902,-6.573520167016541,-16.735828082518474
0.00078359375,33.85217824045752,53.330363809487196,30.470207742735,-3.567242392168625,-19.292913674583573
0.000784375,33.830514617575425,53.353473964886234,30.948273002649017,-1.675096423902842,-20.730104538334373
0.00078515625,33.82054076449424,53.376503770917715,31.41982453830314,-0.5960490740971025,-21.360630158517473
0.0007859375,33.816796717764106,53.39945319289911,31.87811284466055,-0.06723285588660702,-21.45410749235195
0.00078671875,33.815589415106125,53.422322196269064,32.320073004899086,0.11794306400551023,-21.220192255375487
0.0007875,33.814497487916995,53.44511074658723,32.74493748833661,0.1091004012408817,-20.809273659491502
0.00078828125,33.81176285257416,53.46781880953448,33.15323018423601,0.006744495914094273,-20.321333121212565
0.0007890625,33.80519974481729,53.490446350912876,33.54608969916138,-0.1268617033731516,-19.817494948378346
0.00078984375,33.78736423865461,53.51299333664578,33.92484786853926,-0.25687226827937765,-19.331273199827145
0.000790625,33.60105800989065,53.53545973277778,34.29072703229344,-0.36501139565490903,-18.87972130482943
0.00079140625,34.14704608183269,11.018001529521063,34.429203522108565,36.96990870319398,-13.558706710606476
0.0007921875,34.385905332657714,11.077801569709699,34.45713231058829,31.368454454022295,-7.9891237131437025
0.00079296875,34.59354459494801,11.145868664482453,34.29761772189391,24.14269233262183,-0.9909432752103783
0.00079375,34.73610278949857,11.213919449189486,33.997961965758066,17.17388044781028,5.610162068758301
0.00079453125,34.94818513419522,0.025120095773010578,33.559196566245355,21.437914307295717,12.096162163176624
0.0007953125,35.082623190179,1.4416646216336497e-06,33.038755198488595,15.839351425189518,17.199402331634452
0.00079609375,35.1858787434308,8.27384138998051e-11,32.44124899854321,10.90836065108794,21.532888347372534
0.000796875,35.25624008198195,4.74843110660383e-15,31.7986706312059,7.023028900848757,24.77564173035714
0.00079765625,35.300743450801995,2.72516681326133e-19,31.136158923918224,4.205206284241288,26.930952639676935
0.0007984375,35.326803817219336,1.563997453763736e-23,30.471750113964294,2.3119151707691343,28.15983494319516
0.00079921875,35.34074599282041,8.9759203857767e-28,29.817317770999132,1.140830297359713,28.67648747363942
0.0008,35.34741256720056,5.1513604819444e-32,29.17991998601324,0.4899368416270871,28.68998314438615
0.00080078125,35.35021308734011,2.956411562761672e-36,28.563150072149988,0.18640578738638017,28.376744284763607
0.0008015625,35.35135579810675,1.6967108706653408e-40,27.968294609120075,0.0963979958993829,27.87189661322069
0.00080234375,35.35212101839334,9.737574480140176e-45,27.39523143326988,0.12421448786557382,27.27101694540431
0.000803125,35.35308582343915,5.5884805358201524e-49,26.84307227091208,0.20640454605105105,26.63666772486103
0.00080390625,35.35417411607808,3.2072786465394116e-53,26.310588951667977,0.3042777153720064,26.00631123629597
0.0008046875,35.35383157824218,1.840685719600173e-57,25.796472860719913,0.3967285414782338,25.39974431924168
0.00080546875,35.32894554735638,1.0563858933790249e-61,25.29946687582372,0.47447653918506794,24.82499033663865
0.00080625,35.31730944109448,12.292288596635768,24.873646997339037,-10.403830679810689,22.98518908051396
0.00080703125,35.23584195244193,12.368114942277607,24.491941423323496,-8.955124823722043,21.07895130476793
0.0008078125,35.17648669730377,12.435846552557654,24.177800058541187,-6.934927271245257,18.67688077722879
0.00080859375,35.14371615411945,12.503558971182448,23.917536216568188,-4.931996265971306,16.345973511357048
0.000809375,35.28881909899533,12.571252559646796,23.697582539760944,-3.227572524467792,14.353902504581939
0.00081015625,34.731879062851704,54.06276337906303,23.716283505947878,-38.34891421467968,8.002434341564529
0.0008109375,34.481905472583385,54.0911902700886,23.851709640754564,-32.01296276373133,1.773482134397291
0.00081171875,34.266405387623806,54.111468819527275,24.1729752925807,-24.394887601333682,-5.543605925612894
0.0008125,34.10380534897064,54.131665415106326,24.630245508575157,-17.25643642709722,-12.24498347943395
0.00081328125,33.990496174609376,54.15178048934897,25.176663790490043,-11.378953856796706,-17.596162842062224
0.0008140625,33.916984526395844,54.17181401198886,25.773700251350462,-6.9598334157226605,-21.438280344915736
0.00081484375,33.872745629478956,54.19176595285582,26.392529218003695,-3.885037511484165,-23.91419922336796
0.000815625,33.84835630283587,54.21163628190262,27.013296362515874,-1.9059504064542634,-25.292389512932484
0.00081640625,33.8362942118072,54.231424969204895,27.623468459838172,-0.744447554641602,-25.86350895472512
0.0008171875,33.8310201271296,54.25113198496125,28.215975841903518,-0.14806976286598347,-25.887086380191747
0.00081796875,33.82869882030439,54.27075729949326,28.78752152436531,0.08691832009815423,-25.570154095226105
0.00081875,33.826751825928646,54.29030088324558,29.337214324565394,0.11135221441880327,-25.06443877309899
0.00081953125,33.82328190356089,54.309762706785904,29.8655556323798,0.02874694883587905,-24.472954023241982
0.0008203125,33.81607691548925,54.32914274080508,30.37374322675801,-0.09519006925925853,-23.860209444787813
0.00082109375,33.79889015840961,54.34844095611714,30.863227742594738,-0.22247014156451606,-23.262743071957885
0.000821875,33.709999613316036,54.36765732365932,31.33543266159668,-0.33331024688041627,-22.698914415182227
0.00082265625,34.18857028295095,0.1215275813669393,31.575627543761737,48.28955269775335,-16.835452735358555
0.0008234375,34.482119022119356,6.9745759117156815e-06,31.67805623659276,42.42173552712575,-10.743686265108899
0.00082421875,34.76560240818197,4.0027903701567607e-10,31.526089125610355,33.48997289010698,-1.9638837648969085
0.000825,34.98612138234034,1.7044059811998325e-14,31.17786789378277,24.412261168444402,6.765606725338353
0.00082578125,35.14077450277724,2.5249294602654745e-15,30.69315326465345,16.570742259751256,14.12241100490219
0.0008265625,35.2342362901744,-2.65494664926337e-15,30.123599881877478,10.457676428636622,19.665923453240858
0.00082734375,35.23852184221215,-1.5998922968234276e-15,29.509360753496907,6.063679796230434,23.44568095726647
0.000828125,35.24036389749785,54.105494420788226,29.07207681076618,-45.75431197235116,20.720894362329116
0.00082890625,34.83776382696757,54.536893048370516,28.75201805118226,-42.660873005042326,16.875998007854072
0.0008296875,34.51926545200728,54.555313064756675,28.692991218255557,-34.9208593303983,9.058537483897185
0.00083046875,34.27108279921304,54.573627225331386,28.845455323758028,-26.22225471826854,0.4940828166951821
0.00083125,34.089804485542466,54.59185919764978,29.152022298452746,-18.310601206724378,-7.129235692472659
0.00083203125,33.965711862539735,54.61000895561473,29.5603810315598,-11.918892554404264,-13.130735369650665
0.0008328125,33.88617568686226,54.62807647189312,30.02829789899299,-7.183942736898448,-17.41583583600168
0.00083359375,33.8387389625124,54.64606171927559,30.524588644657257,-3.9338977202517103,-20.187575354366626
0.000834375,33.81274283454914,54.66396467067669,31.02799749015352,-1.8719671195936762,-21.764000060929494
0.00083515625,33.79988416786716,54.681785299134866,31.525222929203522,-0.6834444331184516,-22.47311793681289
0.0008359375,33.794135272138696,54.69952357781263,32.00881370412377,-0.09016167686202724,-22.60054819682683
0.00083671875,33.791323590887636,54.7171794799964,32.47530433992863,0.1283634052379212,-22.370238545305696
0.0008375,33.788492422481575,54.73475297909674,32.92373483528607,0.13296687690589618,-21.943985020716564
0.00083828125,33.782767820308386,54.75224404864825,33.354569224770216,0.03246767055908139,-21.43014249443712
0.0008390625,33.766745919496394,54.76965266230974,33.768961397978075,-0.10510505785038285,-20.895586206481283
0.00083984375,33.594085900615475,54.786978793864094,34.168233882289215,-0.23966583113775744,-20.379079080437123
0.000840625,34.10193659459403,15.270088913936558,34.35331426747298,34.419516177072765,-15.336290823536345
0.00084140625,34.32440434572321,15.329222942242517,34.433159463288476,29.173165482174383,-10.069228961128426
0.0008421875,34.51889353114753,15.396033537302834,34.33662342607872,22.42467886362318,-3.484088974847296
0.00084296875,34.6652456633923,15.46282138810474,34.107954650369194,15.923103620546541,2.722029641717911
0.00084375,34.76277964930926,15.529585952202474,33.78996622637684,10.47731898484832,7.783061289326044
0.00084453125,34.76190330023524,15.5963271290244,33.41848386903637,6.3282710072242425,11.49388573278773
0.0008453125,35.002823085730874,0.00303558304263389,32.94143079560048,17.181181605256814,15.757213607301038
0.00084609375,35.112800771147725,1.742148086592196e-07,32.42010512554623,13.310709032148024,19.109395919183395
0.000846875,35.20055692189798,9.998342700529112e-12,31.837942522436425,9.592471190619374,22.245471331807053
0.00084765625,35.26334599458987,5.738137735051459e-16,31.218862443514652,6.486011221791005,24.73285122172365
0.0008484375,35.30531297148702,3.293168243240855e-20,30.582782801283404,4.1246672410255085,26.458115560257895
0.00084921875,35.33173573486072,1.889978522481877e-24,29.944685933242635,2.4658396179231588,27.478846315319476
0.00085,35.34751443184037,1.0846754710374296e-28,29.31488559081901,1.38777092298251,27.9271146678365
0.00085078125,35.35663834814729,6.225048927673998e-33,28.69983299255998,0.7478336444335469,27.95199934812643
0.0008515625,35.362101038839185,3.572610904058877e-37,28.103068063156414,0.4137843467224864,27.689283716433927
0.00085234375,35.36605128732384,2.0503531490425586e-41,27.526104117940577,0.27742180796147403,27.248682309979102
0.000853125,35.37012482346825,1.1767158945332089e-45,26.96915296102439,0.2577513699776293,26.71140159104676
0.00085390625,35.3763023550513,6.753277098111985e-50,26.43166843345981,0.2986008851472916,26.133067548312518
0.0008546875,35.393554242402715,3.875765745645474e-54,25.912726389811368,0.36381555580457925,25.54891083400679
0.00085546875,35.26196014624842,16.104415358091433,25.463177058512038,-14.174116981356002,23.53287868177661
0.00085625,35.2019400513816,16.59454572499369,25.06195905657024,-13.181856820229171,21.649270151805723
0.00085703125,35.11530316231474,16.66092337982521,24.752325076690745,-10.604262063365361,18.695663760230897
0.0008578125,35.04711753094746,16.727251625496724,24.51814416621142,-7.814207493275305,15.605100033990002
0.00085859375,35.00101026843037,16.79355467883395,24.34062876410089,-5.322717142255859,12.8697912275228
0.000859375,34.98115086659485,16.859832441381243,24.202948728552016,-3.334693056223095,10.677809343393868
0.00086015625,35.125096678454554,16.92608481332558,24.09169255300201,-1.878768906267289,9.044376645943718
0.0008609375,34.619641696457954,55.21606788420779,24.190733272102463,-34.511453834659385,3.4861192225540574
0.00086171875,34.39553760641783,55.238519788337825,24.389098863121323,-28.90286048220477,-1.9465604430117354
0.0008625,34.20137696156833,55.25344352122286,24.752259381503595,-22.086894303392913,-8.414289836326354
0.00086328125,34.05444355472254,55.26828361614632,25.2357424581822,-15.671164611841235,-14.361376546122884
0.0008640625,33.951760933612626,55.28304047800894,25.79753892688945,-10.373978785898075,-19.111522765221416
0.00086484375,33.8849084760981,55.29771408461169,26.40301865683911,-6.382638077491909,-22.512057350280674
0.000865625,33.844455084595715,55.31230441385637,27.026235687704744,-3.6001285473061913,-24.68594017884543
0.00086640625,33.821909765176436,55.32681144377021,27.649306829500162,-1.8055569618366107,-25.871947652433438
0.0008671875,33.810452368252264,55.34123515250588,28.260946026482568,-0.7497242232055259,-26.330564902817787
0.00086796875,33.8049970464249,55.35557551834155,28.854800339305363,-0.20552304021533302,-26.295252138820857
0.00086875,33.80188642564636,55.369832519680905,29.427929099994532,0.010806386483404418,-25.95270980616978
0.00086953125,33.79829828966535,55.38400613505311,29.979571176699377,0.035604220829261755,-25.440039179183
0.0008703125,33.79093070740226,55.398096343113,30.510228950723892,-0.03735674632513795,-24.850510646063967
0.00087109375,33.769764264792855,55.41210312264096,31.021035354029713,-0.1483257417781235,-24.24274202683312
0.000871875,33.529996433195315,55.42602645254303,31.513263826649798,-0.26038289831504813,-23.652379727578182
0.00087265625,34.24467080049898,0.010782387040683275,31.70734537330925,48.397753130223535,-16.70119014395497
0.0008734375,34.56093582092003,6.188107903448649e-07,31.755183563565556,41.1653824211209,-9.41019947636614
0.00087421875,34.83987932657358,3.551975118174075e-11,31.556465335793735,31.801778306670776,-0.24531297091256254
0.000875,35.05432042161002,2.7984023072302165e-15,31.17261147056428,22.75793202626346,8.414679444300814
0.00087578125,35.20782140093403,1.5349863681157264e-15,30.66320668829877,15.171071032646049,15.49213565565272
0.0008765625,35.314472535333294,-3.7886396620948433e-16,30.078230496988795,9.382910993909595,20.695319503079197
0.00087734375,35.40306574289539,4.1649258784264635e-15,29.455698804411544,5.30027819814473,24.155420606266812
0.000878125,34.343726160167726,39.15098579169677,28.931938433803072,-32.88771834292612,22.668670985032424
0.00087890625,34.88079153247528,55.54663751115686,28.55506186183617,-46.433098314224615,19.441522664903925
0.0008796875,34.569055746289735,55.56066541740399,28.41959938831946,-39.24309215914733,12.102026130062804
0.00088046875,34.30309820370269,55.573669499144344,28.522963502626197,-30.187733089571243,3.1370270930530957
0.00088125,34.1012287589683,55.586589833986636,28.80553234794641,-21.53168315993487,-5.249374326105356
0.00088203125,33.9596002164632,55.59942645642613,29.210107988913826,-14.314804586968044,-12.07451388054426
0.0008828125,33.867090521883696,55.612179347134166,29.68899755485537,-8.834254873147467,-17.088926919131328
0.00088359375,33.81104124650212,55.624848486905144,30.20607281497939,-4.9844625811999395,-20.434313090725816
0.000884375,33.77994128423856,55.637433856659555,30.736101941174365,-2.4798003846392866,-22.421531530845904
0.00088515625,33.764475405022516,55.64993543744408,31.262855246928705,-0.9884012892112924,-23.39867890130408
0.0008859375,33.75764419787023,55.66235321043155,31.776888983490768,-0.20367209155064,-23.68179213539014
0.00088671875,33.75432608227724,55.674687156921,32.27349166753116,0.12467267261595104,-23.525868162005793
0.0008875,33.75019657033811,55.686937258337764,32.75100427105137,0.18366533179794697,-23.11959831908434
0.00088828125,33.73736918587875,55.6991034962334,33.20956168180868,0.10285710569660225,-22.59239892012132
0.0008890625,33.58084627610618,55.711185852285766,33.65016336880263,-0.03320834568394453,-22.02781413779919
0.00088984375,34.04888477986784,19.430948720315797,33.89022722116468,31.74465381834041,-17.28537531749153
0.000890625,34.25459465908971,19.489063454304908,34.03016317664134,26.874982228847195,-12.333882506510763
0.00089140625,34.43439722326065,19.554218405364274,34.0050772609235,20.630221157274995,-6.179362301715767
0.0008921875,34.57024796925785,19.619344313852874,33.85599959095667,14.620962360539432,-0.38430708343563397
0.00089296875,34.66370841066611,19.684440675986792,33.622581340254044,9.590881084762328,4.347259579504926
0.00089375,34.721197165183085,19.749507393708775,33.338012908018825,5.7596918778604795,7.828813636449574
0.00089453125,34.74577551504797,19.81454436902954,33.027501455964696,3.061606963856079,10.151350123079073
0.0008953125,35.15426282021239,5.862521248497242,32.66941121162324,14.019044327952521,12.787845635173476
0.00089609375,34.97429125808801,0.0003364553047052767,32.26379330447459,17.29723558779289,14.96622126137699
0.000896875,35.0885290510383,1.9309468958144593e-08,31.786867378146518,13.912800695060609,17.87406666377644
0.00089765625,35.181781479984735,1.1081875845951022e-12,31.24438124325266,10.346209010158036,20.898172233093515
0.0008984375,35.25059036169573,6.359987036995813e-17,30.659246885883217,7.206185878005638,23.45306100787758
0.00089921875,35.298089509595364,3.6500530842469026e-21,30.051619394567865,4.726193929128856,25.32542546543901
0.0009,35.329126474106836,2.0947979045116875e-25,29.43729569683539,2.9244036511539693,26.51289204568142
0.00090078125,35.348568342452275,1.2022231346950257e-29,28.82757118884146,1.712016751801716,27.115554437039744
0.0009015625,35.360628024041674,6.899665416329757e-34,28.229822657728526,0.9611458940543743,27.26867676367415
0.00090234375,35.36877627716015,3.959779302481414e-38,27.648359269884892,0.5433352305553464,27.105024039329546
0.000903125,35.37631678712949,2.27255253381562e-42,27.08528116257483,0.3483085142118528,26.73697264836298
0.00090390625,35.39055381869937,1.3042380962281006e-46,26.54121975278134,0.29039363092402476,26.250826121857315
0.0009046875,34.987509129887194,14.56529348021307,26.056720936790022,-12.906407962650793,24.397835419227746
0.00090546875,35.18475893174734,20.72153468072399,25.642776974216027,-17.3494385669358,22.270680860427834
0.00090625,35.07029073843764,20.786463396229436,25.330005682328235,-14.344068192156499,18.887610478255297
0.00090703125,34.97515438335713,20.85101122365049,25.11484286347771,-10.819665017740627,15.083496657567844
0.0009078125,34.90524805790865,20.915527629762558,24.973707461543775,-7.550997481390652,11.609177313171871
0.00090859375,34.85895222385354,20.980012537466827,24.884657328400152,-4.87673233071985,8.781377121653174
0.000909375,34.83313889872152,21.044465849651374,24.829698827724478,-2.8756434824377863,6.660876460510889
0.00091015625,34.82892955865294,21.108887469250668,24.79533992660045,-1.4892582302971933,5.175710687646977
0.0009109375,34.97063662725622,21.17327729924692,24.772266829738626,-0.6023888002983746,4.2013783307900825
0.00091171875,34.51829340322558,56.01823124897165,24.93080023504316,-30.677988893943635,-0.40944211998485686
0.0009125,34.31942971667749,56.034565385535174,25.172559510641143,-25.86798252462944,-4.994023350264589
0.00091328125,34.14590369355319,56.04403939585852,25.55918371598538,-19.877666143486604,-10.607189536386535
0.0009140625,34.01405696044497,56.05342861600569,26.051701262987066,-14.181597900607215,-15.820129452411408
0.00091484375,33.921707361298786,56.06273342068002,26.61290970685944,-9.4491193900363,-20.00070432378428
0.000915625,33.86162139102653,56.07195379589102,27.2119539065116,-5.8660671249322505,-22.99393276444717
0.00091640625,33.82557178026163,56.081089727752925,27.825616902383924,-3.35719988130646,-24.89827294406254
0.0009171875,33.806162116392606,56.0901412025072,28.437842095040875,-1.73153419482144,-25.920764912644884
0.00091796875,33.79757994652507,56.09910820652251,29.038467069349476,-0.7694292726456715,-26.291211864527362
0.00091875,33.79583888235383,56.10799072629468,29.621757502046247,-0.2689223142022505,-26.217310910046184
0.00091953125,33.799010570221114,56.11678874844681,30.185055201305612,-0.06565551374723379,-25.86607803339396
0.0009203125,33.80872661151522,56.12550225972923,30.72767661426154,-0.03715559887903963,-25.360670046588652
0.00092109375,33.84510627788494,56.13413124701958,31.25009762608329,-0.0990849021051363,-24.784948718831156
0.000921875,33.853358758418466,4.886381614666293,31.60063586096033,46.36259985928821,-19.64834561299417
0.00092265625,34.24294922644113,0.00028043378359897224,31.82843953288761,46.862964730099456,-15.034805630995443
0.0009234375,34.59462274062605,1.6094352477319435e-08,31.785637109553225,38.30130000614191,-6.515662912683033
0.00092421875,34.86513187577241,9.395416386638207e-13,31.51498118758706,28.710918000382122,2.8040631872040005
0.000925,35.06063535639417,7.992308969659327e-16,31.079564196594394,20.002561399558775,11.077002797035618
0.00092578125,35.191606567191094,1.0769317644067721e-14,30.536791376730243,12.975510157466779,17.561281219263453
0.0009265625,35.27018013447434,2.083243920469553e-15,29.93292678850089,7.775504874645589,22.1574219138553
0.00092734375,35.30239378695294,-9.815833559410754e-16,29.30205393323624,4.2106046869786455,25.091449246257596
0.000928125,35.19371883855162,1.225627929166146e-14,28.66728373894431,1.9539573702811595,26.71332636866314
0.00092890625,35.127708651977024,56.178706097743856,28.295494149712695,-49.331688509321,21.448476561289837
0.0009296875,34.72710807549364,56.223465771086865,28.07407418680971,-43.27842971594154,15.129038131664386
0.00093046875,34.41185982797324,56.231081620258706,28.11692073700563,-34.17580997642477,6.061649093171695
0.00093125,34.17264658616911,56.23861065958015,28.364343417132368,-24.92103758055029,-2.953229661897487
0.00093203125,34.002530122082725,56.24605500444821,28.7552413808147,-16.92426733602105,-10.56654628761246
0.0009328125,33.889197219517285,56.253414643773915,29.23677102400989,-10.688207897512093,-16.328435722251932
0.00093359375,33.818689691040184,56.26068956647381,29.767795706732635,-6.203425548070182,-20.28946831167099
0.000934375,33.7780568465523,56.26787976159194,30.31887103419303,-3.2135727080792735,-22.73543601931964
0.00093515625,33.756560839003875,56.27498521830005,30.87055277913432,-1.3794427117614014,-24.02498972740433
0.0009359375,33.74583062913927,56.28200592589744,31.411134941214247,-0.37040330876509614,-24.500467675918095
0.00093671875,33.73906719055404,56.28894187381103,31.934436581656502,0.09251820952242551,-24.44702350167695
0.0009375,33.727070907079096,56.29579305159541,32.43792913541465,0.22321672915792648,-24.081080645338684
0.00093828125,33.586317007629496,56.30255944893284,32.92124735850944,0.17463668554001827,-23.55594877596342
0.0009390625,34.01108725076616,23.4757228640187,33.21879892821443,28.92477259742793,-19.181696533232195
0.00093984375,34.19843707746477,23.53247111079248,33.421556808708765,24.476359981030495,-14.587274283114207
0.000940625,34.36208787072749,23.59558116482065,33.47116508861676,18.772316709777986,-8.89673278598188
0.00094140625,34.48572421862518,23.658656051473695,33.40519524279408,13.283325032246815,-3.536785840926433
0.0009421875,34.57097608663859,23.72169530863936,33.25995534923297,8.688498198915667,0.8497618416779389
0.00094296875,34.62440953034078,23.784698841360612,33.06584998747749,5.188484660773589,4.09266648534329
0.00094375,34.653269003074776,23.84766655475523,32.845991593214315,2.723170195240252,6.275154843218832
0.00094453125,34.66215773586853,23.91059835399499,32.61657734426534,1.1146973272146425,7.591281663055708
0.0009453125,34.62969778426408,23.973494144305747,32.3880574305208,0.15399669011301712,8.260566596102036
0.00094609375,34.84263503674409,0.05363336873136524,32.07109151101515,21.17430597458393,10.843152167699849
0.000946875,34.97163207308962,3.078066697584685e-06,31.709685706679025,18.444481921384355,13.265200707227974
0.00094765625,35.096004601202196,1.7665298337374667e-10,31.252864830461778,14.519419313988047,16.733445516297078
0.0009484375,35.19360725796897,1.013827171429792e-14,30.725691014476293,10.604710890697296,20.120980123778985
0.00094921875,35.26421910780169,5.818444239657751e-19,30.15345442050662,7.259643621090515,22.893810799416105
0.00095,35.31224897978796,3.339256859950009e-23,29.557723059664497,4.673317651070464,24.88440540859403
0.00095078125,35.34334356279145,1.9164291892189876e-27,28.955040537996023,2.8282204358021876,26.126820102193836
0.0009515625,35.36299087363255,1.0998557437553725e-31,28.35702252859793,1.6092026694750161,26.747819859122913
0.00095234375,35.37620511835511,6.312169861933024e-36,27.771117143679533,0.8703309742880094,26.900786169391523
0.000953125,35.388946067503156,3.622610382508261e-40,27.20157820712548,0.4716988416754248,26.729879365450053
0.00095390625,35.43147932780571,2.0790482940897594e-44,26.650412038641544,0.29611507325660247,26.354296965384943
0.0009546875,35.21474189510266,24.670226558863465,26.216338959499076,-21.890259057031212,23.436371457666823
0.00095546875,35.08143459787031,24.78781641640363,25.856899069761454,-19.269909982017012,20.338992635374836
0.00095625,34.952366417418546,24.85020132734996,25.624860136705927,-15.210259023625486,15.98491783298145
0.00095703125,34.85165866313002,24.91254564822364,25.493387666879894,-11.061289966791168,11.64213198544742
0.0009578125,34.780227134159475,24.974852451072106,25.434771899387382,-7.46608615709402,7.926005605409296
0.00095859375,34.73392189318328,25.037121642244102,25.42494698526354,-4.656796730985912,5.044622074005347
0.000959375,34.707393648813245,25.099353127963383,25.445083607040118,-2.6330155132651356,2.9787459923418727
0.00096015625,34.69629591447495,25.16154681451045,25.481608093218224,-1.281669849943873,1.6017311286516447
0.0009609375,34.701337659671566,25.223702608222737,25.52545746452587,-0.45137037982986644,0.7531252361330001
0.00096171875,34.834091130261214,25.28582041549474,25.57111922104133,0.004826364536332762,0.2804724410102544
0.0009625,34.43305137061606,56.464152194515506,25.773312947465264,-27.15560678568685,-3.5352324613633943
0.00096328125,34.257214008606766,56.47426468818132,26.045751074253978,-23.02084669576537,-7.407666918161971
0.0009640625,34.10300926777139,56.478228726908284,26.444809139699785,-17.76868520757384,-12.264734379634659
0.00096484375,33.98550103924882,56.48210736245922,26.936412341896393,-12.734671363921786,-16.811023656641037
0.000965625,33.90307337711069,56.485900936957265,27.48776239746686,-8.532020190326355,-20.46611834916405
0.00096640625,33.849513743535574,56.4896094447093,28.07153003652403,-5.338369181457455,-23.079710226727816
0.0009671875,33.81769057238512,56.4932328801304,28.667086471686133,-3.0946898329116888,-24.73145657553258
0.00096796875,33.801269192146734,56.496771237763745,29.260131809425875,-1.6357169064651385,-25.600922521872732
0.00096875,33.79558758544616,56.50022451228061,29.84160017090507,-0.7684437498030727,-25.890180591572467
0.00096953125,33.798594760100244,56.50359269848046,30.40637204564952,-0.3141709371622592,-25.78304971566868
0.0009703125,33.81533084028401,56.50687579129084,30.952080237364612,-0.12689388836579946,-25.427901665560427
0.00097109375,33.95090097874773,56.510073785767474,31.47817534144463,-0.09865151070301562,-24.93324693361983
0.000971875,34.028902171311536,0.03726182562278937,31.731296048417008,50.10097263317192,-18.406938410377702
0.00097265625,34.43470209078286,2.1384893021389933e-06,31.833672995590486,43.2777962196583,-11.444125362557116
0.0009734375,34.75033634247082,1.2274503897804366e-10,31.675629385131558,33.798040291696545,-2.122410906687733
0.00097421875,34.9879564607248,1.4753005074837822e-14,31.31925685427227,24.41136903537138,6.9078878189008766
0.000975,35.15631466272748,1.2592271872664693e-14,30.826409851918104,16.4210536579241,14.405356193993988
0.00097578125,35.269054009266114,8.716463659040328e-15,30.249756471225417,10.258072365299396,19.991684105926016
0.0009765625,35.3417165495349,9.151256359298028e-15,29.629812048230914,5.868601122497212,23.761210925733693
0.00097734375,35.391508861403075,1.2540478614670426e-14,28.99525424052231,2.9714975364293585,26.02375670409294
0.000978125,35.45831112818083,7.106713715181435e-15,28.36479301720248,1.215504218980317,27.149288798222155
0.00097890625,35.00260948597084,55.0856116018426,27.92708780404884,-49.695244701366676,22.536720903572913
0.0009796875,34.78389189330266,56.5395506313803,27.618490379896954,-46.73034772596817,17.809287474484826
0.00098046875,34.469617651276714,56.54181041991069,27.591975236805954,-38.006501543264875,9.05666636016014
0.00098125,34.21442762133204,56.543901749221305,27.794421911162065,-28.38077592723213,-0.36870391082711224
0.00098203125,34.026695396896,56.545907919656614,28.162373580107626,-19.703181949991535,-8.680352389557454
0.0009828125,33.898638975524825,56.54782893297623,28.638509975582714,-12.734091084147245,-15.17522787324627
0.00098359375,33.81740503812064,56.549664786287416,29.176841680736267,-7.5964593052566585,-19.77636380029449
0.000984375,33.769729147525304,56.5514154768254,29.743593787311738,-4.086583373205623,-22.721238316308035
0.00098515625,33.743922762645674,56.553081001953686,30.315873766251617,-1.8716788144729386,-24.36552842122913
0.0009859375,33.730083832626285,56.554661359164015,30.879456740383233,-0.6042003255873791,-25.071004293193404
0.00098671875,33.71693719775254,56.5561565460764,31.426460149422113,0.020658447053244867,-25.150354843707532
0.0009875,33.59241109777218,56.55756656043912,31.953254077269992,0.244370635808593,-24.84868311897772
0.00098828125,33.972054520764495,27.38024678707095,32.310987001671016,25.90503333356284,-20.974293118962773
0.0009890625,34.141223626683576,27.435289517489473,32.579913862442986,21.96250936763906,-16.817885022685548
0.00098984375,34.28937235895373,27.495977638215678,32.70817753798485,16.857749891426433,-11.645549991657258
0.000990625,34.40183205823137,27.55662467686164,32.72950461074249,11.926483043024092,-6.753603109143248
0.00099140625,34.48013536800417,27.617230215747604,32.6766150378362,7.788714825913906,-2.7293300038253068
0.0009921875,34.530467511090414,27.67779416358394,32.57698728689076,4.630928569530849,0.2682645537759754
0.00099296875,34.56013955767395,27.73831642916247,32.45156912747649,2.4026582243937185,2.3105944739202964
0.00099375,34.57611355983412,27.798796921337768,32.315093141685985,0.9458223955294642,3.5704738248187513
0.00099453125,34.58494392489367,27.859235549027265,32.177124844291036,0.07287655488701006,4.245012740376764
0.0009953125,34.59665014686999,27.9196322212115,32.04331684800087,-0.3911189717148588,4.514803598504232
0.00099609375,34.908015868570054,27.979986846934185,31.91670224391092,-0.5926913668519468,4.529406763828679
0.000996875,34.74633689093738,0.0016057963120641996,31.63709401830399,23.70936647808729,7.926121743904639
0.00099765625,34.93094729370637,9.215807748392572e-08,31.302351314190883,19.946672877601117,11.355678344431686
0.0009984375,35.07512116137804,5.289033971323323e-12,30.861417932610824,15.328192672353268,15.533225260252266
0.00099921875,35.1826292629083,3.0354236018748745e-16,30.344192965111137,10.96134465758152,19.382848307529617
0.001,35.25836470772679,1.742056582123584e-20,29.779035051032192,7.3459808915915445,22.433054159440648
0.00100078125,35.30913372678189,9.997817548251386e-25,29.18935610432613,4.616277336845786,24.573078767480343
0.0010015625,35.3422060421079,5.737836345492036e-29,28.59268798916692,2.7098613600106947,25.882826629156224
0.00100234375,35.36504702658855,3.292995273094135e-33,28.001080711954113,1.4780345821559575,26.523046129798157
0.001003125,35.39046195556194,1.88987925337742e-37,27.42209096263746,0.7515388329934087,26.67055212964405
0.00100390625,34.83411368439794,20.151308234990058,26.916371459490023,-17.907086037725264,24.67214926222523
0.0010046875,35.10561994628306,28.640602914564397,26.50191432194663,-24.253165682391668,22.1144770897739
0.00100546875,34.944254612581545,28.700929682591223,26.22271593469859,-20.178118287297536,17.699904539404905
0.00100625,34.80868329303262,28.760729484052398,26.07461786096525,-15.317428611183814,12.631316988096668
0.00100703125,34.70718037386939,28.82048594461228,26.02529937922437,-10.775560239727929,7.980373674340019
0.0010078125,34.63701849838866,28.880199002039607,26.04446232285373,-7.041840643422811,4.206103964236934
0.00100859375,34.59200277890709,28.939868566409146,26.107166620612546,-4.237319862532902,1.4046179167363022
0.001009375,34.565290705532554,28.999494547859626,26.194675049031495,-2.2871268052353315,-0.5176926935928009
0.00101015625,34.5505921291064,29.059076856595404,26.29397029347791,-1.0321704986786757,-1.7329360644388185
0.0010109375,34.542267758891605,29.11861540288659,26.396697746596367,-0.2953856187272223,-2.4265320375629997
0.00101171875,34.53314724045123,29.178110097069222,26.497981026513507,0.083599631585939,-2.763728702141654
0.0010125,34.469336625460386,29.237560849545346,26.595325576403123,0.23460330390199574,-2.8768385770442197
0.00101328125,34.43452718890841,56.538303862401364,26.810259741017507,-23.986837489270627,-5.74120663211323
0.0010140625,34.24142176433385,56.554820743555965,27.083973763170654,-20.73059100780895,-8.740255972576358
0.00101484375,34.09170480890378,56.55325033008292,27.470193332024664,-16.228849593329873,-12.85420740472838
0.001015625,33.97944981933407,56.551593715279026,27.939848894040246,-11.78014712269242,-16.83159769854636
0.00101640625,33.90065896598525,56.54985193473771,28.464024693321857,-7.9984008053097115,-20.087426436106142
0.0010171875,33.84929058255143,56.54802499114136,29.01817662266842,-5.0852389027372675,-22.444609465735674
0.00101796875,33.81901593936011,56.54611288724131,29.583521340192267,-3.0134573772887543,-23.949134169760285
0.00101875,33.80480377657641,56.54411562591716,30.146876894186356,-1.648843977050705,-24.748394754680096
0.00101953125,33.80525858111791,56.54203321017675,30.69977636002082,-0.8246347750198583,-25.017622075136067
0.0010203125,33.838065597669576,56.53986564315616,31.237363046356386,-0.3824823552681083,-24.920020241531667
0.00102109375,33.84603996669119,4.920991253381661,31.603506085499717,46.696755321512114,-20.01424048939406
0.001021875,34.240181418842965,0.00028242006152434884,31.84579657040402,47.33671131449329,-15.4911971641508
0.00102265625,34.5974030534251,1.6208346922770117e-08,31.814379363693856,38.76040445677498,-6.946025109289469
0.0010234375,34.87379123646816,9.442548994149666e-13,31.552004058157664,29.09777782484373,2.454226233312988
0.00102421875,35.075647377735066,7.740274825139097e-15,31.122244188694953,20.299595016066235,10.822649172628712
0.001025,35.214247290139916,1.2258728717170823e-14,30.583107431098384,13.187052132943457,17.396055298154916
0.00102578125,35.30401519554109,8.625765535873635e-15,29.981433603588464,7.915863205831673,22.065570397756783
0.0010265625,35.35956409950888,1.4209559746811865e-14,29.351789594915367,4.2967579264467615,25.05503166846859
0.00102734375,35.39490673777372,9.059538586090062e-15,28.71770346619215,2.0004107695313644,26.717292696660778
0.001028125,35.428885844360565,1.877253934356932e-14,28.093857376523573,0.6768319096285268,27.41702546689503
0.00102890625,35.676732376624436,1.7267552738784902e-14,27.488517109878277,0.014012134481131967,27.474504975397128
0.0010296875,34.947144608780896,56.49622143829865,27.19178080336102,-49.9258415894833,20.62140095454567
0.00103046875,34.62222288425766,56.503939534782525,27.050958585287148,-42.62422804459281,13.171247095097435
0.00103125,34.33575876850065,56.5005808817875,27.168726132679733,-33.014102440644876,3.68224769153711
0.00103203125,34.116733574471276,56.497136509117865,27.4819470352302,-23.673003412816975,-5.342186061070692
0.0010328125,33.96287238476439,56.49360705274546,27.928973003454754,-15.80673143658653,-12.757902612704177
0.00103359375,33.86297931157875,56.48999251802181,28.457878524473387,-9.78773687872189,-18.24437711482653
0.001034375,33.803934371471115,56.48629291039031,29.029033359581465,-5.530987283592985,-21.92627226721586
0.00103515625,33.774210786045785,56.4825082354225,29.614577275531257,-2.741908886735949,-24.126022073155294
0.0010359375,33.76723538466134,56.47863849881808,30.196469777544287,-1.0667155991439146,-25.215453122129876
0.00103671875,33.82353922094751,56.47468370640475,30.764148582217036,-0.17430108437586764,-25.536234039811845
0.0010375,33.85879693358231,31.132999786697955,31.198357516787514,22.75462443193919,-22.689266701849633
0.00103828125,34.0432910047479,31.17420287535608,31.551838674647,19.755057375450907,-19.377421576159986
0.0010390625,34.18722022870033,31.23210581826826,31.775094554250582,15.413609503977916,-14.870620767995593
0.00103984375,34.29514846878064,31.289962687307344,31.896865432809854,11.053155239316553,-10.446252493814043
0.001040625,34.37062854645858,31.34777243428328,31.9461869777928,7.310444601463863,-6.712030057954341
0.00104140625,34.419625540592044,31.40553497208044,31.948023933350537,4.405374378919666,-3.862885417649568
0.0010421875,34.44880524867619,31.4632502137095,31.921759746706126,2.324161373757937,-1.8656518407613107
0.00104296875,34.46435322798305,31.520918072252357,31.88126719042931,0.9417198840271794,-0.5813707658502288
0.00104375,34.471509769015455,31.578538460862234,31.835735351457274,0.09697927996121081,0.1602176106338302
0.00104453125,34.47477007460034,31.636111292763886,31.79074453902749,-0.3654374170238768,0.520070663287482
0.0010453125,34.479587282050225,31.69363648125365,31.749307475670744,-0.5758473290872246,0.6315183235043151
0.00104609375,34.51133038718142,31.751113939699657,31.712752696572046,-0.6339571520877115,0.5955959089601024
0.001046875,34.52770761037993,0.24075377724563696,31.56881189356113,27.915649868434247,3.412408247881244
0.00104765625,34.769467119330066,1.3817073243511191e-05,31.362908174128155,25.16703956506768,6.195854791987234
0.0010484375,34.95658067042222,7.929741132234417e-10,31.017127800148938,20.18361909100495,10.833508708351015
0.00104921875,35.10025113608116,4.5509489105285444e-14,30.56304726469423,14.940079409621138,15.622967855073046
0.00105,35.204512535641655,2.6118300258315025e-18,30.034823629273518,10.326017275266398,19.70880635400712
0.00105078125,35.27641266409807,1.498952464188996e-22,29.462520462033137,6.682072822576058,22.78044763945708
0.0010515625,35.32471351498443,8.60262140980232e-27,28.86977592423682,4.033817256923734,24.835958667313086
0.00105234375,35.360366482981384,4.937120881977368e-31,28.27360193677995,2.2503824966186388,26.023219440161313
0.001053125,35.42615412320417,2.8334575523087105e-35,27.68525883290199,1.1434604273825308,26.541798405519458
0.00105390625,35.146941086391465,32.25108162945871,27.239862762351493,-28.425177364650636,23.41395849754342
0.0010546875,34.97302162104479,32.38018695372484,26.88574827194065,-25.30940171294086,19.814963031156672
0.00105546875,34.80244494888648,32.43708906189846,26.69421483094601,-20.154320822455134,14.41144659150268
0.00105625,34.667721646963486,32.493938179394036,26.63136182563263,-14.784108112513312,8.921531758751906
0.00105703125,34.57054781113876,32.5507383613683,26.661474729188935,-10.082331239350982,4.1930676071716135
0.0010578125,34.50557811823593,32.60748952251882,26.75322183374089,-6.381212234159422,0.5269445453814953
0.00105859375,34.46538429838186,32.66419157737943,26.881930115861955,-3.6979713792138575,-2.0842900823036135
0.001059375,34.44268078347556,32.72084444055781,27.02973000559694,-1.8946530583840486,-3.7964613765768243
0.00106015625,34.431274067053685,32.77744802673581,27.184646496925527,-0.7779002214264494,-4.814901308383835
0.0010609375,34.426260261109256,32.83400225066945,27.339310134517593,-0.15528140094757817,-5.339410715204278
0.00106171875,34.42361416354287,32.890507027189074,27.48966889973528,0.13754083243473333,-5.538378959888529
0.0010625,34.41804992406743,32.946962271199524,27.633884951452465,0.22770059930873432,-5.540777919055792
0.00106328125,34.36436962905193,33.00336789768019,27.771462129042565,0.2065247221578929,-5.43843049079552
0.0010640625,34.33454523035061,56.26739158249301,28.007011211938337,-20.516484737195483,-7.743895633359191
0.00106484375,34.16937450576133,56.27572282307223,28.291031818127813,-17.777597013517312,-10.207093991427103
0.001065625,34.04109026398523,56.26862711298237,28.669629724463267,-13.95187424820731,-13.647123140311795
0.00106640625,33.944895803295445,56.26144578285448,29.1181674871164,-10.157502456132946,-16.985775839605136
0.0010671875,33.877667603773695,56.254179723955446,29.612042563995345,-6.92525681639583,-19.71688034356427
0.00106796875,33.83478000935709,56.24682894727839,30.13033316158071,-4.431543487179193,-21.684952298518482
0.00106875,33.812328693485675,56.23939346389345,30.65701337159196,-2.6556508497016225,-22.926729242599865
0.00106953125,33.8127456594656,56.2318732849983,31.1808361266159,-1.4843663384090757,-23.566670819973325
0.0010703125,33.93800666918993,56.22426842191821,31.694629439457753,-0.7771105363465358,-23.75252844611392
0.00107109375,34.01030701503225,0.03707159208717794,31.941779859177473,49.59230973224596,-17.687601465155662
0.001071875,34.4112862547597,2.1275716341475756e-06,32.04100111900435,43.04708953727086,-11.006090545838141
0.00107265625,34.72375736082818,1.2210917940529534e-10,31.881515752647037,33.73642060059722,-1.8549048480722932
0.0010734375,34.958826484365886,1.5271203412403426e-14,31.52427035242193,24.441687274439175,7.082583077982739
0.00107421875,35.12439845185296,1.5422905746472916e-14,31.030493402105233,16.49270915151754,14.537784250587677
0.001075,35.23315963349705,1.5635035934107393e-14,30.452568290784605,10.340612743316004,20.111955547468586
0.00107578125,35.29898634869435,1.1049903360443861e-14,29.830931219982666,5.945735757190672,23.885195462791984
0.0010765625,35.334283584761884,1.762701112775472e-14,29.194289895268735,3.036202210762379,26.158087684506338
0.00107734375,35.3484100331529,1.584191869906866e-14,28.561420439096704,1.2666455212844445,27.294774917812244
0.001078125,35.3456349264834,5.0299502784045876e-15,27.943470318791622,0.3057362192778101,27.637734099513807
0.00107890625,35.31015911814394,8.710427252437172e-15,27.34616905615798,-0.1232089362733575,27.46937799243133
0.0010796875,35.299743931488955,51.24106971306395,26.924389877278706,-46.7771089837677,22.460429147982452
0.00108046875,34.90682959461957,56.11742395210793,26.630249067955457,-47.30042175662026,17.81324687246779
0.00108125,34.55163178953743,56.10891512884878,26.61172473364774,-38.6786931426156,9.18150274741456
0.00108203125,34.27779858827403,56.10004146479515,26.825601968084182,-28.99592562368399,-0.27851387302697433
0.0010828125,34.079147818416054,56.091083299003856,27.20811067728969,-20.192544337333974,-8.690428284380193
0.00108359375,33.944762531764916,56.08204066105387,27.701150357354578,-13.082604470583627,-15.298285833115663
0.001084375,33.86123638697987,56.07291356456416,28.257844030278832,-7.817262030784173,-19.997807503501157
0.00108515625,33.8176402438037,56.063702023280015,28.843613328805468,-4.204629175323052,-23.015459519151495
0.0010859375,33.842616607822535,56.054406051073784,29.43494384284803,-1.9145550897684094,-24.704907118457346
0.00108671875,33.86013782285769,34.68617050626635,29.92112086624403,18.408817882452986,-23.173867522475305
0.0010875,34.009988368067255,34.726872462976466,30.340116849159745,16.45794075729739,-20.84469637111411
0.00108828125,34.12927137798692,34.78164508010863,30.646422439028363,13.095261033295174,-17.230483674375442
0.0010890625,34.219927359526615,34.83636612724099,30.86239631526292,9.537423171270575,-13.51139298324865
0.00108984375,34.28373519151705,34.891034711482064,31.01184833823023,6.3961595074365825,-10.275345880688418
0.001090625,34.324992443022474,34.945650750455414,31.115854810248223,3.9081758018100916,-7.737971742017283
0.00109140625,34.34888443557752,35.00021416191028,31.191139684120795,2.0943589779330694,-5.903433455722554
0.0010921875,34.360314613370456,35.054724863675155,31.249915011638578,0.8679704529061212,-4.672780304942697
0.00109296875,34.36330808180977,35.10918277365788,31.300451805678698,0.10256083004088197,-3.9112917980200623
0.00109375,34.36076988942221,35.16358780984586,31.34792296256041,-0.3293997379069019,-3.486265109378546
0.00109453125,34.354318237691345,35.21793989030607,31.395256895916756,-0.5376363079652038,-3.2850466864241095
0.0010953125,34.34352414899204,35.27223893318528,31.443873393492876,-0.6074604574561363,-3.220905082236266
0.00109609375,34.3192221865564,35.326484856710096,31.494253839689303,-0.5999860916616229,-3.2322449253591685
0.001096875,35.009414419225294,10.436103825718675,31.4764632628958,22.07550571698655,-1.0351462798094289
0.00109765625,34.67212909758079,0.0005989372735353647,31.370317824669712,29.78289161401777,1.5868272733784055
0.0010984375,34.86977438251893,3.437354242738889e-08,31.121488558073505,24.752204158968652,6.369284364731311
0.00109921875,35.035405814063395,1.9727281490316845e-12,30.734243853031018,18.827101098551356,11.90714275447769
0.0011,35.158962219426705,1.1321662171429556e-16,30.247218522042797,13.3223465945796,16.924871927463197
0.00110078125,35.24333505893757,6.497602540263659e-21,29.696398507087075,8.814445589091763,20.881952917995314
0.0011015625,35.29441519094424,3.7290318446156127e-25,29.111187870676822,5.439489502776934,23.67169836789989
0.00110234375,35.312539668523804,2.1401245170027065e-29,28.513452839220207,3.100605814979035,25.412847024241174
0.001103125,34.9285460216062,1.2282364804391165e-33,27.917991625319786,1.6055456026372916,26.312446022682494
0.00110390625,35.13941503529525,35.863949295279454,27.540529013859494,-30.405467908982168,22.082047627562208
0.0011046875,34.90188338651429,35.91966071327475,27.261042712344736,-25.96264398242189,17.304025981491876
0.00110546875,34.71439445437231,35.9732629734139,27.14648531086684,-20.110648987054077,11.283871324507015
0.00110625,34.5741121833003,36.02681094052721,27.158111522141407,-14.418428506400062,5.549729088014257
0.00110703125,34.47582988701037,36.08030465190756,27.258085429846062,-9.622692492762562,0.8004732707010647
0.0011078125,34.411405038910544,36.13374402700114,27.41449250156842,-5.951711034420306,-2.767540491012416
0.00110859375,34.37211179039377,36.18712898532924,27.602914771342867,-3.354474199524245,-5.229740014462127
0.001109375,34.35010912945477,36.24045944649505,27.80611548064244,-1.6519149152485788,-6.782429050604032
0.00111015625,34.33906470814534,36.2937353301839,28.0128525421051,-0.6286184925523571,-7.652264295526442
0.0011109375,34.334228598927595,36.34695655616323,28.216440229570225,-0.08250350676831318,-8.048012819824692
0.00111171875,34.33217431772417,36.400123044282864,28.413395535469235,0.15301095713497548,-8.139738465948605
0.0011125,34.33022398395979,36.45323471447501,28.602320058298318,0.2033637360693149,-8.054278392246008
0.00111328125,34.324572774689834,36.50629148675446,28.783056202126033,0.15604846632853794,-7.8792837509569695
0.0011140625,34.2785356697019,36.5592932812187,28.956083368975982,0.06799817872053637,-7.671208090963254
0.00111484375,34.251444891055904,55.638652372786446,29.207717129270485,-16.95739031225248,-9.473544931263481
0.001115625,34.11273543675588,55.638744991087144,29.497622711570585,-14.71385706848943,-11.427265211027127
0.00111640625,34.003534393741205,55.62616910884929,29.863722578360406,-11.56827369194341,-14.194172838545473
0.0011171875,33.91934413039016,55.613508732358355,30.285827371305494,-8.444346969771123,-16.88333439128174
0.00111796875,33.85613907256253,55.60076460288689,30.743745610795635,-5.7811576465580305,-19.075861345533223
0.00111875,33.805382685290795,55.58793673966875,31.220298409736674,-3.7251821453623855,-20.64245618456969
0.00111953125,33.73343658063417,55.575025162022456,31.702317874299876,-2.2596910443280014,-21.61301624339458
0.0011203125,34.17383880426827,1.426863327513459,32.00604054312609,47.80782124730332,-17.22864403169069
0.00112109375,34.381969217078655,8.188895449146538e-05,32.193728037092505,45.05438271978584,-12.860736571647823
0.001121875,34.68538671717519,4.699693196406186e-09,32.113791637153696,36.68565741860553,-4.571865786151524
0.00112265625,34.93230291373255,2.8296726431810526e-13,31.81692687042142,27.423235646110953,4.393691224310183
0.0011234375,35.114370308534916,2.2332933904078395e-14,31.364038755744538,19.061122877724298,12.302915878020217
0.00112421875,35.23898343583471,1.1087261144220583e-14,30.810216193033362,12.33938887683107,18.470827316202282
0.001125,35.318487395231635,9.560629639183598e-15,30.19967663240698,7.380913603762451,22.81876302864452
0.00112578125,35.36563754432142,1.4377162456716585e-14,29.564884532865882,3.9917350453493095,25.57314948751656
0.0011265625,35.39160676206786,3.0196426992251555e-14,28.92781891435386,1.8521716677893645,27.07564724656447
0.00112734375,35.40547308450449,9.479914335996615e-15,28.302100304843286,0.6275343528825442,27.67456595196073
0.001128125,35.4149154419268,2.055083393308642e-14,27.6952286185313,0.023943937651037573,27.67128468088024
0.00112890625,35.4300979410153,1.8938419415240774e-14,27.11055431601984,-0.19051941089972788,27.30107372691955
0.0011296875,35.51634854209,9.656063882677172e-15,26.548860109071956,-0.1851174800994727,26.733977589171417
0.00113046875,35.02416751487138,55.26167812409118,26.22947052195569,-49.677823656067936,20.645616053932443
0.00113125,34.72071359931665,55.37131218274001,26.05603036249802,-43.58900631056898,14.273724490326993
0.00113203125,34.428025287111716,55.3570710092792,26.146587388558633,-34.36643643362737,5.155952812906801
0.0011328125,34.19967471953803,55.34273936454591,26.441023704663525,-25.006701274110696,-3.8950143857716912
0.00113359375,34.03767028583564,55.32832437423959,26.877649545312643,-16.927779168118192,-11.522895660808757
0.001134375,33.934401563382316,55.31382606047663,27.403177730221522,-10.632865391587314,-17.277782938667794
0.00113515625,33.90948414411803,55.299244445091254,27.976193019019885,-6.109785850382718,-21.213265575688652
0.0011359375,33.896278189760515,38.032116805304284,28.489512141526532,12.253654451139736,-21.79625911491749
0.00113671875,34.002705966451934,38.07207446573692,28.96097310733596,11.98016101038877,-21.091262368789728
0.0011375,34.092774578222325,38.12338953088677,29.345186385355056,10.071964401484273,-18.850167547015985
0.00113828125,34.16477329992514,38.174647838003054,29.65493462332274,7.649870396048624,-16.169583610728935
0.0011390625,34.21784011084251,38.225848654827196,29.906562573228832,5.326155527464066,-13.645441609062429
0.00113984375,34.253970538832306,38.276991904214086,30.11580439607222,3.383540635401582,-11.544728143543445
0.001140625,34.276512048355784,38.328077509142915,30.2958612657675,1.904357943178829,-9.936574186554244
0.00114140625,34.289051335543306,38.379105392679705,30.456832186331056,0.861963544272237,-8.784236750620886
0.0011421875,34.294815673235725,38.430075477977326,30.605882724937743,0.18071065177882276,-8.004903404818405
0.00114296875,34.29644679784915,38.480987688275825,30.747747293001648,-0.22793592925379969,-7.505304466020376
0.00114375,34.296023868740505,38.531841946902276,30.88532101900127,-0.44604110292584526,-7.200479824975161
0.00114453125,34.295299233888905,38.582638177271114,31.02021010241355,-0.5407464578246653,-7.021681617032897
0.0011453125,34.296386831921545,38.63337630288415,31.153183192752472,-0.5623238918967574,-6.917869218234924
0.00114609375,34.305066082910955,38.68405624733062,31.284511189806604,-0.5456968223915197,-6.8538482351325
0.001146875,34.39482939496863,38.73467793428752,31.414233215693052,-0.514159874655227,-6.806284843939238
0.00114765625,34.44576713110665,0.025549001371937833,31.368089625112756,34.00959668472321,-2.6670560609823983
0.0011484375,34.7224130242337,1.4662798951414192e-06,31.228956215984855,29.46097136492863,1.7679833847763335
0.00114921875,34.938464695481954,8.41511063229811e-11,30.92052859324372,23.080058101021024,7.840470492138547
0.00115,35.10239906320216,4.829506780285415e-15,30.48432645602455,16.74116747272213,13.74315898330242
0.00115078125,35.220747213699575,2.7716968629387027e-19,29.96186294578179,11.335633756094095,18.62622918968769
0.0011515625,35.30528858796941,1.590701462804497e-23,29.38852466877342,7.16124397518183,22.22728069359159
0.00115234375,35.386009190531944,9.129177066952308e-28,28.79152948695152,4.185040052305863,24.60648943464566
0.001153125,35.0927221307298,38.13304254604656,28.313037456229537,-32.36713411070712,22.547129020890097
0.00115390625,34.9544531293879,39.18758133078818,27.917741023633614,-31.25949859973831,19.989658292583748
0.0011546875,34.74382535011184,39.23767391041973,27.71747728394393,-25.83294284383776,14.312746217361957
0.00115546875,34.57017906402938,39.28764975615006,27.67933280280336,-19.53245445748246,7.924137504135756
0.00115625,34.441021265048946,39.3375664320817,27.761572472949013,-13.71490252571344,2.1389085665807515
0.00115703125,34.35214576107194,39.387423866349025,27.925551863213045,-8.968550814586232,-2.49332118854975
0.0011578125,34.29543353918133,39.437221983867815,28.139728188998937,-5.424583229741919,-5.872910565126958
0.00115859375,34.2622275697904,39.48696070964301,28.380581439573213,-2.9737596759453804,-8.132619594124414
0.001159375,34.24490224310925,39.536639968768995,28.631905834387894,-1.4059886085010653,-9.498745525880038
0.00116015625,34.23743977705784,39.58625968642969,28.88341321940927,-0.49247858214270307,-10.210367884877721
0.0011609375,34.23546141899447,39.63581978789872,29.12920369163092,-0.028249833753315558,-10.47836626251448
0.00116171875,34.23598551561698,39.685320198539436,29.366391703509805,0.15067895697723088,-10.469607452006862
0.0011625,34.23705560850136,39.734760843805134,29.5940050265231,0.16485068819695245,-10.30560650547899
0.00116328125,34.23721606564225,39.78414164923912,29.81217421254952,0.09643128419830874,-10.068398720887906
0.0011640625,34.23404261306617,39.833462540474734,30.021578967339465,-0.0028068412719918,-9.809076731863275
0.00116484375,34.19957870275518,39.882723443235655,30.223087627703592,-0.1029514139224169,-9.556684401609644
0.001165625,34.180318745201184,54.6560846383032,30.483796931740105,-13.291056723399956,-10.881230983163137
0.00116640625,34.07570031333078,54.64793804532845,30.77257354016466,-11.541338065120616,-12.334026440043175
0.0011671875,33.99615400054899,54.6299619660259,31.11880030364625,-9.089942414500092,-14.421219247879561
0.00116796875,33.941067541475185,54.611903055588165,31.50681681990558,-6.6560773130924575,-16.449008922590128
0.00116875,33.920171389584716,54.59376190057928,31.9209672202492,-4.581697568528843,-18.09109711180124
0.00116953125,34.50350540306956,54.57553852835159,32.34818574595025,-2.9865003356320976,-19.240852446769242
0.0011703125,34.176415119602886,0.0031321386596025506,32.464209404518016,45.51417358829997,-13.053096322441554
0.00117109375,34.53172965730257,1.7975623655498225e-07,32.452930537983185,38.73895895427377,-6.286028596046819
0.001171875,34.81133431442609,1.0345684265203958e-11,32.2117621007829,29.952315128647918,2.2594469721246355
0.00117265625,35.02028916080071,1.5885511529247443e-14,31.79829533314075,21.45707600953675,10.341219323603989
0.0011734375,35.166727562274446,9.488027333769174e-15,31.268431140065776,14.326231075931355,16.942200064134408
0.00117421875,35.26296826502608,1.4438444153258627e-14,30.669077299141318,8.883717442389976,21.785359856751327
0.001175,35.32209863384609,1.5787633757826365e-14,30.035909495232882,5.043807256729643,24.992102238503225
0.00117578125,35.355844287947534,1.5647226768165306e-14,29.393905853650267,2.5345019974605707,26.859403856189683
0.0011765625,35.37368919232623,7.751976922211599e-15,28.75914904399001,1.0325931205812644,27.72655592340874
0.00117734375,35.38283115161524,1.2073102631043014e-14,28.14098370206507,0.23649305850152588,27.904490643563534
0.001178125,35.388716124497904,1.9399616292233164e-14,27.544035923832592,-0.10156823708697332,27.645604160919547
0.00117890625,35.39643731707964,1.3703885923540665e-14,26.969875788585842,-0.16768056320044594,27.137556351786273
0.0011796875,35.41702296968889,9.89587792405114e-15,26.418269986133925,-0.09137966138965226,26.509649647523567
0.00118046875,35.65188143139715,2.2509530566620657e-14,25.888139259496956,0.04162526124565318,25.846513998251282
0.00118125,34.9524275651971,54.28177600963477,25.65309380018419,-47.56195776027105,18.933275550820472
0.00118203125,34.644407356407086,54.272805197384365,25.563847457561984,-40.39738246041766,11.688424720595279
0.0011828125,34.37477980310976,54.25318903854249,25.718154354725478,-31.15495960038592,2.61992491656891
0.00118359375,34.17227652637788,54.23349056912326,26.0553570864245,-22.24059948565722,-5.937533997041541
0.001184375,34.05898012032659,54.21371042501256,26.516707690376123,-14.76890160117734,-12.928101133459093
0.00118515625,33.98282698174714,41.15084910949945,26.99429944057482,2.533025911464507,-16.689575580389132
0.0011859375,34.02051434771572,41.1898237559493,27.47901013408482,4.93049085229944,-18.641304474163917
0.00118671875,34.06324462567479,41.237374699250964,27.919204234324244,5.329707391388701,-18.64787785631542
0.0011875,34.104358543532925,41.284864035572895,28.312369379782236,4.705492027493668,-17.677986683284328
0.00118828125,34.138851714103595,41.332291197664155,28.6629386126149,3.673799418843286,-16.34315200389254
0.0011890625,34.165003449995886,41.37965611407182,28.978113810237723,2.5918507944752096,-14.99339309830931
0.00118984375,34.183125921544644,41.4269587134652,29.265451313119403,1.640106173165438,-13.801613573511233
0.001190625,34.19452063000021,41.474198924607435,29.53163828416244,0.8874025281916857,-12.829963168636679
0.00119140625,34.20080820707663,41.521376676355615,29.78202228649814,0.3385702369972265,-12.0779246268547
0.0011921875,34.20355981059556,41.568491897660905,30.020573708443365,-0.033286699225838844,-11.5146314899917
0.00119296875,34.204142377708216,41.61554451756863,30.250063524565167,-0.26658346603667055,-11.098897526966791
0.00119375,34.20371628494738,41.66253446521838,30.472320009312035,-0.39980380563487794,-10.790410650271467
0.00119453125,34.20338225927071,41.70946166984416,30.68848696253881,-0.4659406867975512,-10.555034020507797
0.0011953125,34.2046613443216,41.75632606077445,30.899245784438243,-0.49059561471047114,-10.366484661625735
0.00119609375,34.21164952537217,41.80312756743233,31.10498896593031,-0.49214614146372215,-10.205992460038294
0.001196875,34.25576841498789,41.849866119335545,31.305955972764036,-0.48317714348055035,-10.06073300309096
0.00119765625,34.27999334617683,0.31721794588875746,31.354025677183444,37.101095804421476,-6.06428807312679
0.0011984375,34.600987019444645,1.8205419838664505e-05,31.309600388555317,33.38634504565718,-2.0767628625217003
0.00119921875,34.84958964637744,1.044825224416112e-09,31.070894208355167,26.716697620909162,4.354196586401179
0.0012,35.040884830759886,5.996344820665556e-14,30.680484753170557,19.713576300486388,10.966908452684109
0.00120078125,35.18129112361758,3.441355584463067e-18,30.184277828599583,13.557307804170222,16.62697002442936
0.0012015625,35.28443787461523,1.9750245546086932e-22,29.622659484552493,8.698177998404132,20.92448148614836
0.00120234375,35.408663383618624,1.1334841447126633e-26,29.02743240306573,5.167330190181969,23.860102212883763
0.001203125,35.06768843015407,42.127199397610894,28.58923627245578,-35.02575606927723,21.487792944122113
0.00120390625,34.8537344521823,42.26766312797254,28.251154800855613,-32.02492443658533,18.008416109468403
0.0012046875,34.63708530657595,42.313773688387,28.11375296462299,-25.97579762382411,11.775776900060098
0.00120546875,34.46289366278944,42.35981511366388,28.137514105789677,-19.360819777360607,5.138518769486407
0.00120625,34.335319165027556,42.40579274551416,28.278630441004236,-13.42333575067449,-0.7038265538354367
0.00120703125,34.24869954769625,42.45170651500692,28.497695931929417,-8.668640829039418,-5.285369754038084
0.0012078125,34.194178021449574,42.49755635299685,28.763158559136244,-5.171656156886755,-8.562741636973856
0.00120859375,34.1627673386057,42.543342190434956,29.05186238417952,-2.7879090969907425,-10.703570709264696
0.001209375,34.1467505297644,42.589063958368556,29.34810129244176,-1.2873332832587723,-11.953629382668021
0.00121015625,34.14015095709691,42.63472158794152,29.642087357477628,-0.4314296147120664,-12.561204615751825
0.0012109375,34.13870044160315,42.680315010394246,29.92835562717537,-0.011883384220016113,-12.740075998998858
0.00121171875,34.139571668633856,42.72584415706392,30.204367411105792,0.1350523746829282,-12.656529120641054
0.0012125,34.14103027525831,42.77130895938443,30.469410588222253,0.12798821821995432,-12.42988658938213
0.00121328125,34.14207695281551,42.81670934888661,30.723802004146272,0.046608638145359295,-12.1395159828857
0.0012140625,34.142040819235945,42.86204525719832,30.96835096878328,-0.059722321877568166,-11.833971966537469
0.00121484375,34.13955544181194,42.90731661604446,31.204026191070575,-0.16342199649989553,-11.53986842847399
0.001215625,34.115371141508255,42.9525233572472,31.431761521910676,-0.2512127136250399,-11.269549121711485
0.00121640625,34.1028967335466,53.32593692168693,31.698845479596336,-9.508942020650691,-12.118149421439906
0.0012171875,34.03304263723863,53.3096029248916,31.983480260261366,-8.263355925388012,-13.06276673924222
0.00121796875,33.99015624128918,53.28634096562858,32.306317366084876,-6.525211290574916,-14.45481230896879
0.00121875,34.07269234487497,53.26299836510468,32.65639212077109,-4.80318611735836,-15.803420126975235
0.00121953125,34.11360141180565,0.03511641202477542,32.783591488645904,44.005272909831035,-11.256797833209907
0.0012203125,34.47410747857908,2.0153621103507887e-06,32.792942625153174,38.76608934921168,-5.973148739420623
0.00122109375,34.75772947953917,1.1568341196258078e-10,32.5729751057534,30.70591413310872,1.8670609725289937
0.001221875,34.97344773185049,2.0255329097477468e-14,32.176241842179124,22.454276686542467,9.721965155636633
0.00122265625,35.127312320435024,1.547138964149089e-14,31.65694851892483,15.298021622783688,16.358926896141124
0.0012234375,35.23020410438493,2.536509624764243e-14,31.062128940985453,9.703410525443942,21.358718415541485
0.00122421875,35.29453473053594,3.3724888747538804e-14,30.42844687067705,5.6719112225941375,24.75653564808288
0.001225,35.33183713647722,1.4551819459589776e-14,29.782141735763123,2.979467015614593,26.802674720148516
0.00122578125,35.35162548869531,2.9776234218550137e-14,29.140506129577485,1.324894082113871,27.815612047463585
0.0012265625,35.361122484100115,2.7344015604661464e-14,28.513893344201627,0.412902679381423,28.100990664820173
0.00122734375,35.36548641742682,3.172510614767759e-14,27.907693142380975,-0.006503901863640494,27.914197044244585
0.001228125,35.3683136211598,1.3433891627181394e-14,27.324008013298826,-0.12543933176779085,27.449447345066602
0.00122890625,35.37241096215995,2.3226897461466113e-14,26.76294322899864,-0.08035242858811104,26.843295657586726
0.0012296875,35.381566692726274,1.0898665317182262e-14,26.223524556910604,0.03888136590317686,26.184643191007417
0.00123046875,35.41113982126167,1.6035062447416075e-14,25.704307577657268,0.1777286484351862,25.526578929222065
0.00123125,34.37394605799999,37.277328285003605,25.30818777195318,-33.51375836084079,21.544617847790363
0.00123203125,34.87358634827506,52.85303532972364,25.06302453113019,-44.75268521302318,16.962674414429728
0.0012328125,34.573850564013796,52.82914970978348,25.047932156112182,-36.9903527378269,9.209135184155606
0.00123359375,34.31171945759302,52.804289260179665,25.25444389379618,-27.944644192722752,0.39479882633926594
0.001234375,34.204480570919685,44.03760185572046,25.588270143620452,-11.732865930324532,-6.716465781775476
0.00123515625,34.12502827207091,44.0614948648225,26.009580639146407,-5.901696867696501,-12.150217357979592
0.0012359375,34.08992548853385,44.10499680850717,26.4546236919765,-2.286675598085164,-15.363697518445504
0.00123671875,34.078345087904694,44.1484334600461,26.89948298357375,-0.258458181360223,-16.990492295112126
0.0012375,34.07914887639931,44.19180362490691,27.330952418152805,0.7075389810235223,-17.568390187777627
0.00123828125,34.08530469292799,44.235107237710096,27.742962605586538,1.0183475561134032,-17.510492188236963
0.0012390625,34.09263391362952,44.278344233241214,28.13384597850093,0.9655259323517342,-17.11002418709202
0.00123984375,34.098912679400236,44.321514546386126,28.504375257680657,0.7427566774055407,-16.55989596611101
0.001240625,34.10317117365543,44.3646181121311,28.85645877154269,0.46844064694413134,-15.976599987532538
0.00124140625,34.10517276619432,44.407654865562975,29.19234180882379,0.20746715299424637,-15.42278020973343
0.0012421875,34.10504781919963,44.45062474186915,29.514168177875355,-0.010543243334114294,-14.925913320659681
0.00124296875,34.1030447754916,44.493527676337784,29.823779514713614,-0.17732700480779046,-14.49242115681638
0.00124375,34.09934999069181,44.536363604357845,30.122658801159677,-0.296164068941902,-14.117540734256266
0.00124453125,34.093897994768945,44.57913246141917,30.41195199897315,-0.3754601098979438,-13.791720352548078
0.0012453125,34.085953842029916,44.62183418311265,30.692524440950294,-0.42489369463833637,-13.504416047524016
0.00124609375,34.07232525329716,44.664468705130275,30.965025439179875,-0.45334248484564343,-13.246100781104756
0.001246875,34.029848193920884,44.707035963265184,31.2299402098177,-0.46776953904889496,-13.009326214398591
0.00124765625,34.39180309768877,1.1486825342339062,31.347088470038656,39.071540292887825,-8.873134357083073
0.0012484375,34.56132406348463,6.592391151918913e-05,31.371483888720267,36.427058702954376,-5.05564073814563
0.00124921875,34.80419569938281,3.783431871268366e-09,31.18391714684929,29.474175356325244,1.7097417867406137
0.00125,34.99904959678525,2.171345175773229e-13,30.82651253086993,21.93600241392362,8.890510116946094
0.00125078125,35.13849542495247,1.2461542939778362e-17,30.34871409975742,15.199708372488644,15.149005727268776
0.0012515625,35.222770530721895,7.151790243789326e-22,29.79476650706046,9.822385973659005,19.972380533401456
0.00125234375,35.17690091627992,4.104475981693314e-26,29.199870260265964,5.879701560099441,23.320168700166523
0.001253125,35.15065666911403,45.01546401229734,28.79198370732776,-36.85531328263158,20.631832977661993
0.00125390625,34.84555253614812,45.08710216444219,28.49187600569683,-33.20178920480677,16.60656304606141
0.0012546875,34.60113400524545,45.128994978020735,28.39856537193682,-26.702289836794616,9.971860230710698
0.00125546875,34.412692787749926,45.170818124933874,28.469379843817517,-19.771313577511812,3.069875296395455
0.00125625,34.276744514051366,45.21257324531349,28.65844449421882,-13.628404185958807,-2.9257245651358645
0.00125703125,34.18487732563422,45.254260276374886,28.92502782605822,-8.751449114514621,-7.577783335802048
0.0012578125,34.126865618348354,45.295879155338156,29.236809574038187,-5.190129835013863,-10.868939746286106
0.00125859375,34.092943407917254,45.337429819525994,29.570253427875596,-2.779408166198342,-12.987768225452056
0.001259375,34.07493085696631,45.37891220636388,29.90952269827913,-1.2738723717986933,-14.195517136286055
0.00126015625,34.06657540818847,45.42032625338007,30.24484554876033,-0.4244134994588034,-14.751067205160934
0.0012609375,34.06344685522665,45.46167189820576,30.57084840823596,-0.0159273508005505,-14.874896139169245
0.00126171875,34.06262584223591,45.50294907857517,30.885113547023426,0.1192946564107829,-14.737130187962528
0.0012625,34.06233437993688,45.5441577323256,31.187052696719064,0.10188415918603795,-14.458989194792574
0.00126328125,34.06158994214918,45.585297797397565,31.477095839415757,0.012314795863825624,-14.120516753845635
0.0012640625,34.05992366194235,45.62636921183487,31.756149453800106,-0.09997338753904046,-13.770246370495721
0.00126484375,34.05720677052459,45.6673719137847,32.02526335209594,-0.20769191925834463,-13.434416642430413
0.001265625,34.053957085859956,45.708305841497754,32.28544680406829,-0.2982209699004784,-13.12463806752898
0.00126640625,34.07068103699121,45.749170933328244,32.53759247464499,-0.3680966617301117,-12.843481796953146
0.0012671875,33.976966682381054,51.659419474675396,32.812253198798196,-5.579913095590779,-13.26725318028642
0.00126796875,33.858711158394776,51.63225079793891,33.093693093018416,-4.790313783465748,-13.748243921454744
0.00126875,34.28409982424363,0.11537411656961077,33.18791795180791,42.449181916774684,-9.376638081536385
0.00126953125,34.54184556826675,6.621423116892866e-06,33.17710850254422,37.8873435352936,-4.710241654172498
0.0012703125,34.79768115044816,3.800367600440192e-10,32.943633648413226,30.245765156446183,2.697868491587012
0.00127109375,35.0006079426023,3.7548621530414356e-14,32.5369687886316,22.262598294677016,10.274370493954548
0.001271875,35.14772066894778,1.6229511950855373e-14,32.00948719601206,15.263579557090413,16.74590763892163
0.00127265625,35.246839133284055,2.9573564598101776e-14,31.407141556407133,9.749769523041119,21.657372033365984
0.0012734375,35.30894671053393,2.0849072121504702e-14,30.766030695106128,5.750477446574499,25.015553248531607
0.00127421875,35.34481220493853,1.4483953554190872e-14,30.112157879694674,3.0621198520330326,27.05003802766163
0.001275,35.36351118528278,1.3903507618539526e-14,29.46277045264585,1.3974742417578854,28.06529621088795
0.00127578125,35.37198907871679,1.4085521746651842e-14,28.828273232493796,0.4700503793757491,28.358222853118033
0.0012765625,35.37517551361471,1.3736910130119455e-14,28.214144849040345,0.03488552446789726,28.179259324572435
0.00127734375,35.37635376165855,1.3168999833006626e-14,27.622579887414815,-0.09764664685624247,27.720226534271042
0.001278125,35.377624840746186,1.6159246651562303e-14,27.053761916807318,-0.0630938854717722,27.116855802279073
0.00127890625,35.380426825092904,1.9179855538631608e-14,26.50677446052345,0.04869247924705736,26.458081981276372
0.0012796875,35.386288292030926,1.4650432378432218e-14,25.980205462144934,0.1829222135757334,25.797283248569187
0.00128046875,35.39908394596115,1.464589507929043e-14,25.472516822128508,0.3096463557024691,25.162870466426025
0.00128125,35.44515805168908,8.289487931758705e-15,24.98225527994855,0.41497893265336927,24.567276347295174
0.00128203125,35.02912587339618,49.79651045636194,24.668671337120774,-44.66919901496982,19.54135989572865
0.0012828125,34.82752132345571,51.07932587196061,24.467871708348312,-41.52356907171194,14.912114908099637
0.00128359375,34.58850382887294,46.640636842268854,24.497642136729525,-29.52417309743895,7.381178391899621
0.001284375,34.38843193223962,46.66992968481848,24.71689668177462,-21.37551184301969,-0.5775211600241662
0.00128515625,34.24796844927353,46.70912392033071,25.05912124418783,-14.408511669138168,-7.241491007004715
0.0012859375,34.15543696968374,46.74824838502986,25.478258057526233,-9.013288941072643,-12.256701386430985
0.00128671875,34.099143661032016,46.78730244774462,25.938730896445854,-5.157338332954346,-15.691233218344422
0.0012875,34.0681969564641,46.826286049627456,26.415241116251078,-2.603593650588036,-17.807451282788342
0.00128828125,34.05364949305607,46.86519913196974,26.891200709985522,-1.0498919857622724,-18.924106436221944
0.0012890625,34.0487945172656,46.90404163616909,27.356716711761152,-0.20593623697616437,-19.341388687431774
0.00128984375,34.04898712218796,46.94281350372939,27.806647914680138,0.17110058075580314,-19.307266169805054
0.001290625,34.051262055796705,46.981514676260915,28.23897606706171,0.26613626055669787,-19.008674869755904
0.00129140625,34.05391083347903,47.02014509548039,28.653563747485936,0.2094397089113013,-18.576021056905752
0.0012921875,34.056104595000996,47.05870470321109,29.051278351447905,0.08606384455198396,-18.09349019631517
0.00129296875,34.05760270782139,47.09719344138299,29.433419607924456,-0.05308468711492083,-17.610689146343613
0.00129375,34.05856715717254,47.135611252032696,29.801376673008942,-0.18097318583060185,-17.15326139319315
0.00129453125,34.059517979750574,47.173958077303695,30.1564459750519,-0.2860339889648351,-16.73147811328696
0.0012953125,34.06158546512623,47.21223385944637,30.499753418233308,-0.3658702141186849,-16.346610227094377
0.00129609375,34.067972048774806,47.25043854081808,30.832239032932865,-0.42290606389097585,-15.99529344399424
0.001296875,34.096773145988145,47.288572063883265,31.154679608465663,-0.4617497683538687,-15.672142687063733
0.00129765625,34.10259283247725,4.118405363441035,31.33895404733626,38.76218263897183,-11.541633955076604
0.0012984375,34.43097325316453,0.00023635894399727585,31.425822048541868,39.281792212128224,-7.8562065225303535
0.00129921875,34.72904832518517,1.3564849857525984e-08,31.289930580418016,32.15624405650482,-0.8663134896516511
0.0013,34.96107344850904,7.784987889408724e-13,30.96657891060443,24.14732349768841,6.819255412915242
0.00130078125,35.13421304335009,4.4678737379916775e-17,30.508323875802922,16.863422275755607,13.644901600047318
0.0013015625,35.26587610551543,2.5641524459907475e-21,29.963059900764634,10.979715219925373,18.98334468083926
0.00130234375,35.54337353444173,1.4715898773889168e-25,29.369488155683953,6.620114874852411,22.74937328083154
0.001303125,34.97151997226722,47.58182016098543,28.9971981919326,-38.22585564563903,19.6412336765862
0.00130390625,34.72124213245558,47.62856167647001,28.736309596461744,-34.005305363125615,15.113053283117353
0.0013046875,34.49051977499453,47.665981006555185,28.68593966893659,-27.129925541660192,8.149884204041598
0.00130546875,34.308615034270254,47.70332802164238,28.800900331458976,-19.96110431052915,1.05867662034575
0.00130625,34.17704509495866,47.7406031963492,29.033767963372547,-13.68152034716649,-5.025314885810161
0.00130703125,34.08857574996357,47.77780647457041,29.342939355354062,-8.736622411383962,-9.698244707832385
0.0013078125,34.03330241164722,47.8149378002785,29.695683228119684,-5.150477149435382,-12.968777422723434
0.00130859375,34.00156292691114,47.851997117554376,30.068341182983186,-2.7394240831367966,-15.044231851434393
0.001309375,33.985233468611085,47.88898437058739,30.44511820966934,-1.2454962135005743,-16.198369947417476
0.00131015625,33.97811208613045,47.92589950367539,30.816363412650215,-0.4117752618422008,-16.69776082918297
0.0013109375,33.97581788519951,47.96274246122486,31.176850794757303,-0.01877101437897786,-16.767120652088582
0.00131171875,33.97547187709085,47.99951318775098,31.524307235193202,0.10332103076421384,-16.57852698332199
0.0013125,33.97531455333795,48.036211627877705,31.858271940741194,0.07581690917720103,-16.253756596313714
0.00131328125,33.97433748453496,48.072837726337816,32.179280589066295,-0.020907848286202582,-15.872649288985318
0.0013140625,33.971947567542585,48.10939142797309,32.48832420921913,-0.13787573893773983,-15.483191479816213
0.00131484375,33.96761494830917,48.14587267773432,32.78651907523455,-0.24836792100419702,-15.110985681495572
0.001315625,33.960265124116034,48.1822814206814,33.07492629018908,-0.34028934797328536,-14.767065782519026
0.00131640625,33.94600369681094,48.2186176019834,33.35446917048507,-0.41033812349226084,-14.45381030800607
0.0013171875,33.88416968724078,48.25488116691871,33.6258955936953,-0.4595259846055562,-14.169459588617853
0.00131796875,34.29563514376301,1.2754170139919905,33.74181671416155,42.20543221435104,-9.739032514181481
0.00131875,34.476009517803696,7.319731596013766e-05,33.75857044445809,39.43402508920113,-5.675527842059002
0.00131953125,34.740361702468036,4.200873638875277e-09,33.54640879004107,31.929985374569515,1.6164234112706823
0.0013203125,34.95440903806672,2.555209315847584e-13,33.15065889355424,23.769963855509936,9.380695038044045
0.00132109375,35.11141830341635,1.9365798738091587e-14,32.62481189478101,16.467282330835847,16.15752956394514
0.001321875,35.21817958100815,1.4648114568673435e-14,32.01680705773205,10.632111862986783,21.38469519474525
0.00132265625,35.28557390632127,1.9211178129610112e-14,31.364859992571255,6.349189988299213,25.015670004272025
0.0013234375,35.32465065700138,1.8061047976807516e-14,30.696844795461647,3.4363750399711623,27.260469755490465
0.00132421875,35.34488313986567,1.9269384273974838e-14,30.03148692430223,1.6083304066714932,28.42315651763072
0.001325,35.35358993400228,1.9390187872443332e-14,29.380262106500933,0.5707012111261527,28.809560895374762
0.00132578125,35.355973790511165,1.478696380151038e-14,28.749364364064984,0.06706409394005419,28.682300270124916
0.0013265625,35.355443723318636,1.2372002159609354e-14,28.14142448725549,-0.103763264072213,28.245187751327695
0.00132734375,35.354020316532605,1.564731569842743e-14,27.55686034522331,-0.08726849104714579,27.64412883627044
0.001328125,35.35271066905039,1.6211835088127832e-14,26.99485444345585,0.018972817014901014,26.97588162644093
0.00132890625,35.35178530465415,1.464928760594232e-14,26.454010065711064,0.154640351771047,26.299369713940003
0.0013296875,35.35088093450024,1.561349096837112e-14,25.93275705399977,0.286151495906995,25.64660555809276
0.00133046875,35.3486755648106,1.4377509835807682e-14,25.42957753862166,0.3977269415610494,25.031850597060597
0.00133125,35.34055507935212,1.5609198019282204e-14,24.94311084433554,0.48453264377978944,24.458578200555735
0.00133203125,35.28981907950037,2.1273729366037933e-14,24.472171932562635,0.5481470893174475,23.924024843245167
0.0013328125,35.26319451224156,48.594009794712086,24.189054441426432,-43.3184479306148,18.913492577329148
0.00133359375,34.89051801883459,48.99952462225271,24.02238254528899,-38.91679916621665,13.93965708925293
0.001334375,34.603499719013534,49.034198284647445,24.090485940814787,-31.077562260702777,6.133849916870118
0.00133515625,34.384935086852735,49.06877682375668,24.343036777435927,-22.862582604739725,-1.8631574415810264
0.0013359375,34.22866075746309,49.10328146495359,24.72592212889094,-15.648442711725544,-8.728916624337106
0.00133671875,34.12413836472682,49.137712157495955,25.191566607618626,-9.958510462892052,-13.987635086985279
0.0013375,34.05910992677351,49.17206884953182,25.70251522962291,-5.827337401069675,-17.642216218839234
0.00133828125,34.02204964015762,49.20635148932065,26.231711074515815,-3.0475496045611643,-19.927090810243673
0.0013390625,34.00339368436786,49.24056002523341,26.761130705747554,-1.324297212286094,-21.15513210719976
0.00133984375,33.99589137124278,49.27469440575264,27.279819741156295,-0.3626969596253304,-21.632177704971014
0.001340625,33.994456994399144,49.3087545794726,27.78192011665226,0.08977314794791554,-21.616607610768256
0.00134140625,33.99579628346353,49.34274049509927,28.26497699937892,0.22880880559013442,-21.306572301310485
0.0013421875,33.997979310136735,49.376652101450496,28.728624755526024,0.19443236157113458,-20.842459707495607
0.00134296875,34.00005742030904,49.41048934745599,29.173645690402846,0.07955119415616926,-20.316394851209317
0.00134375,34.001779411843096,49.44425218215747,29.601344950490212,-0.05912398280757565,-19.78378324885968
0.00134453125,34.00346245504357,49.47794055470875,30.013168727865036,-0.19058650206813196,-19.274185324775583
0.0013453125,34.00618912979174,49.511554414375716,30.41049555941224,-0.30075834232545473,-18.80030051263802
0.00134609375,34.013289451566706,49.545093710536506,30.794542255286856,-0.3858238532007926,-18.364727602048855
0.001346875,34.04374590499691,49.578558392681565,31.16634470165085,-0.4476957553758979,-17.96451793565482
0.00134765625,34.04997716170042,4.317417062217027,31.391787435314818,40.65396014037573,-13.579589767277941
0.0013484375,34.3942579383063,0.0002477804022595814,31.513781018681325,41.181427318701765,-9.6678940804227
0.00134921875,34.70668452473546,1.4220337497900448e-08,31.401057331159684,33.698970049335536,-2.297912732396187
0.00135,34.94981585727367,8.161178071797e-13,31.09074451395261,25.294447802495544,5.796296711456251
0.00135078125,35.13118879259951,4.6837726270149384e-17,30.638033764661085,17.65308078070667,12.984952983954415
0.0013515625,35.26906829981569,2.6880587371798358e-21,30.093206160216422,11.481797904709957,18.611408255506465
0.00135234375,35.559676593907106,1.5427007991064485e-25,29.496888717948757,6.909764288893683,22.587124429055073
0.001353125,34.96068983921627,49.83389322014955,29.131510178437388,-40.0624976101577,19.36011456844554
0.00135390625,34.69857138879636,49.87637406673428,28.88201371836654,-35.638434672714844,14.644074324347105
0.0013546875,34.45700694998509,49.90909041156813,28.852234838712906,-28.433634224284834,7.37677865142961
0.00135546875,34.26665182411942,49.94173103813117,28.99485317891234,-20.921975246258192,-0.02490261296063352
0.00135625,34.129099749868,49.97429645331791,29.26020878234482,-14.342391783321133,-6.37169588765196
0.00135703125,34.03678024509323,50.006786608117324,29.604741312520503,-9.161438798921116,-11.240606496675703
0.0013578125,33.979330312745034,50.039201453599844,29.99418623575159,-5.404218000902957,-14.640797216945296
0.00135859375,33.94664767720266,50.071540940949276,30.40378465247465,-2.8782259083761996,-16.78953038009843
0.001359375,33.93025109727082,50.10380502146296,30.817015609251296,-1.3131351015139558,-17.973654310697707
0.00136015625,33.92368675388088,50.13599364655176,31.22379449142704,-0.43973837599532306,-18.4724607791294
0.0013609375,33.922430722197674,50.16810676774019,31.618671618112273,-0.028057715287585785,-18.521377434340334
0.00136171875,33.923569718481595,50.20014433666648,31.99928992812676,0.09981819978011285,-18.300672608319836
0.0013625,33.9254306043261,50.23210630508262,32.36519002596364,0.07099187759550282,-17.93790815671448
0.00136328125,33.92726041445089,50.26399262485446,32.71695546674525,-0.03033304744131582,-17.51670411066789
0.0013640625,33.92903856794955,50.2958032479618,33.05564595330087,-0.15285452994063464,-17.087302764720295
0.00136484375,33.931598344940255,50.32753812649839,33.38245177941238,-0.2686024119279395,-16.676483935158075
0.001365625,33.93797168445402,50.359197212672086,33.69850583007184,-0.36496590818278496,-16.295725474417466
0.00136640625,33.96607999954142,50.39078045880488,34.00480444009554,-0.43878536376054883,-15.947190654948797
0.0013671875,33.96925437146997,7.131265186771926,34.17317171542026,38.832878624560294,-11.790972095911957
0.00136796875,34.35708969577197,0.9041312267140034,34.23881637382851,41.23509683152163,-7.900411684407117
0.00136875,34.62430880692497,5.188889465435548e-05,34.074424063814014,34.74317772194253,-0.6688055470231689
0.00136953125,34.87028421738217,2.977965632024666e-09,33.710910332252105,26.27338253352619,7.437527795747951
0.0013703125,35.05129376286744,1.9217303524730842e-13,33.20132678736858,18.459310525705895,14.742016261662489
0.00137109375,35.17581972190154,1.4659006564715757e-14,32.596983845432234,12.08863982193162,20.508344023500598
0.001371875,35.2559057214028,1.9625980041690114e-14,31.93964717064136,7.335601074925342,24.604046095715997
0.00137265625,35.303712646539,1.966849027285143e-14,31.260312768268044,4.052037455269681,27.208275312998342
0.0013734375,35.329759459293804,1.4821312395199564e-14,30.580167279155763,1.9548036410434209,28.62536363811233
0.00137421875,35.34227696364344,1.5704179821855228e-14,29.912469263926436,0.7360080806345763,29.176461183291845
0.001375,35.34721397766571,2.1607849940958792e-14,29.264606355944466,0.12001111932847622,29.144595236615967
0.00137578125,35.348565746889186,1.3827735867653333e-14,28.639941805044913,-0.11357819609541907,28.753520001140316
0.0013765625,35.3488145798193,2.619541636718293e-14,28.03929333027846,-0.12669265370777047,28.165985983986207
0.00137734375,35.34936420953815,1.5742780412408778e-14,27.46202097676293,-0.029651008719230012,27.491671985482146
0.001378125,35.35091240964151,1.5692062803730484e-14,26.90676887222877,0.10810750761415205,26.798661364614603
0.00137890625,35.353746754941206,1.9345428913441464e-14,26.371932390267904,0.24694502955494238,26.124987360712943
0.0013796875,35.357971922624166,1.4212123828136983e-14,25.855924853657054,0.3673719264000519,25.48855292725699
0.00138046875,35.36366695320884,1.4301533768866088e-14,25.35730852198646,0.4624715519741727,24.894836970012275
0.00138125,35.37036384117532,1.9705158083607328e-14,24.874840457327146,0.5324287672985889,24.342411690028534
0.00138203125,35.386965381115765,3.944900821704485,24.419227295624324,-3.002669982301967,23.476996456221805
0.0013828125,35.43484766221772,4.388535870571769,23.986201629871967,-3.0782140010851893,22.67587976038539
0.00138359375,34.99809001794908,50.96210439102753,23.771819647581683,-44.20629160262887,17.016006859183026
0.001384375,34.7251553849473,51.09614933975059,23.692525160892636,-38.48369350279017,11.080069323932213
0.00138515625,34.46565197403096,51.12590440072981,23.84386072019512,-30.18496239643794,2.902918715903252
0.0013859375,34.26373365016113,51.15557648614784,24.171752713603485,-21.878425365796303,-5.105398406748048
0.00138671875,34.119701610552106,51.18517153184892,24.621514600081404,-14.764428877356579,-11.79922805441094
0.0013875,34.02429196072939,51.21468949360668,25.146291550552608,-9.253318936544964,-16.815079006509105
0.00138828125,33.96575664392335,51.24413032696761,25.709882929069497,-5.313531954393699,-20.22071544350441
0.0013890625,33.93298491198359,51.27349398759438,26.2865735146566,-2.7038236241983733,-22.283096848739405
0.00138984375,33.916810335821545,51.3027804312658,26.859539425663147,-1.1159737257454663,-23.32726727985719
0.001390625,33.9103335281466,51.331989613877056,27.418792445846808,-0.253588534570849,-23.6596086334594
0.00139140625,33.90873796126648,51.36112149143965,27.959196211539414,0.1313975621119166,-23.53332284201215
0.0013921875,33.90888707610945,51.390176020081455,28.478802523019613,0.22797155695626065,-23.1393450540181
0.00139296875,33.90886419176905,51.4191531560469,28.977582118790203,0.16931962518374133,-22.610890662440443
0.00139375,33.907524292561476,51.44805285569697,29.456529252474198,0.04243489703291832,-22.033958500255693
0.00139453125,33.90403708990305,51.476875075509206,29.917076310998613,-0.10058556498999863,-21.459213199520594
0.0013953125,33.89720283476697,51.505619772077864,30.36074290401875,-0.23204414291380557,-20.912832725145307
0.00139609375,33.88323470985054,51.534286902113976,30.788948490080696,-0.3400215494102241,-20.405316862623057
0.001396875,33.835453417992106,51.56287642244534,31.20292274867372,-0.42167268384228196,-19.93828098992934
0.00139765625,34.25344380458045,1.3245043341603169,31.4416484314443,45.11168664322799,-14.994542545944007
0.0013984375,34.449147903257675,7.60144808767389e-05,31.569129188357657,42.00755787133126,-10.438504697454476
0.00139921875,34.729048668908256,4.362538614585397e-09,31.448371315298942,33.95017104166791,-2.5017997307315007
0.0014,34.95331148074438,2.5036996825130673e-13,31.128340984646663,25.230531854039768,5.897809130606647
0.00140078125,35.11350830587104,1.4368954991615065e-17,30.666354592697168,17.445382044207985,13.220972548489184
0.0014015625,35.20999920841284,8.246470972262143e-22,30.113661953251235,11.23435294431058,18.879309008940655
0.00140234375,35.15664358069703,4.7327229806235546e-26,29.511031701708553,6.682358675203265,22.82867302650529
0.001403125,35.12585621882671,51.75465910451812,29.120792146446878,-42.462087598962796,19.828220640891555
0.00140390625,34.77437455592564,51.81668064420795,28.851936169666025,-38.24977470975471,15.285030235212785
0.0014046875,34.492759541360265,51.84449367765782,28.818393025580207,-30.76452408611874,7.738423434041126
0.00140546875,34.27559073994239,51.87222667545909,28.971123687190566,-22.78465417835778,-0.11644880991074302
0.00140625,34.118845215019086,51.89988155451199,29.257411904241952,-15.71319479713378,-6.92927485313626
0.00140703125,34.012829973964216,51.92745827328122,29.630466567026133,-10.099664040256435,-12.19732766599865
0.0014078125,33.94576587947077,51.95495679023673,30.053179567202132,-6.000857262993481,-15.900919960041115
0.00140859375,33.906402641013685,51.98237706396624,30.49855236621702,-3.226553032199025,-18.257271665550196
0.001409375,33.88531294477706,52.00971905317533,30.948446324273707,-1.49411923458322,-19.567153494318404
0.00141015625,33.87528122298902,52.036982716687454,31.391700138411736,-0.5167404703208753,-20.128542107954843
0.0014109375,33.871175987354825,52.06416801344404,31.82221113423391,-0.046789400698733316,-20.195167478511394
0.00141171875,33.86957722641515,52.09127490250448,32.23727488777651,0.10877901377109692,-19.962779028499067
0.0014125,33.86831853381502,52.11830334304632,32.636288802852135,0.08880809322194066,-19.570822633416128
0.00141328125,33.86600203818654,52.14525329436524,33.01981853054076,-0.014086705864913741,-19.111348057959567
0.0014140625,33.86139447823127,52.17212471587505,33.38897448883635,-0.14300620790359128,-18.64014401913511
0.00141484375,33.85202376485216,52.19891756710792,33.74502803288622,-0.266524749288034,-18.187364784933667
0.001415625,33.825302535640866,52.225631807714265,34.08919552519296,-0.36995259319081986,-17.766483689330478
0.00141640625,34.70451614941703,20.603772277591126,34.33386693847369,28.2647219912482,-14.534627330365637
0.0014171875,34.27944920756558,7.4267182905167815,34.45511679576623,37.82285327336334,-10.794454768113894
0.00141796875,34.5356159788362,7.494771785111061,34.385450475059315,31.247185033580877,-4.356506343632623
0.00141875,34.74682678688143,0.6568241273941426,34.111215069591196,29.853738031334235,3.600652910862813
0.00141953125,34.95600600938603,3.7695720431503e-05,33.688839540778524,22.901996919789976,10.786804925268115
0.0014203125,35.11165808548232,2.1634060284000796e-09,33.144677654823695,16.0221939427425,17.122483709917795
0.00142109375,35.217700933455575,1.3380093543353335e-13,32.522034434724866,10.45499431992642,22.067040114798306
0.001421875,35.285427625979935,2.2187769695382518e-14,31.85729022023729,6.326561065733877,25.53072915450339
0.00142265625,35.325538874394454,2.0747438363790386e-14,31.177248337075024,3.4911236682204945,27.686124668854507
0.0014234375,35.347180230128316,2.1225855401923574e-14,30.500084186157828,1.6920522029151657,28.808031983242643
0.00142421875,35.35746579533065,2.0869091844807138e-14,29.837051259636652,0.6558575372015668,29.181193722435065
0.001425,35.3615124142593,2.118665517155339e-14,29.19430871201699,0.14018271297909132,29.05412599903788
0.00142578125,35.36274067590411,2.1289522279616703e-14,28.57454498920984,-0.047405609520529884,28.62195059873035
0.0014265625,35.363268270677345,1.9811710929662922e-14,27.978269031238526,-0.04748125159784769,28.025750282836352
0.00142734375,35.364297317887576,1.774689985179148e-14,27.404754540042966,0.04472800154120685,27.360026538501742
0.001428125,35.36645568792351,1.5730125642544233e-14,26.85268014405716,0.16966659345314417,26.683013550604002
0.00142890625,35.370106076527954,1.9367509748982908e-14,26.320529943067122,0.2936347961450349,26.02689514692207
0.0014296875,35.37576700026889,1.9270433688135498e-14,25.80682019901987,0.4003113160421203,25.406508882977732
0.00143046875,35.38596507863745,2.0148009658088236e-14,25.3102096639554,0.48412397786914596,24.826085686086234
0.00143125,35.22275298810751,6.109602708324018,24.846654429027073,-4.997509062780245,23.7345607834833
0.00143203125,35.3136778406428,8.731241173767732,24.42025140809969,-6.876180056718894,22.565190291050854
0.0014328125,35.28087115284544,8.799969228780695,24.04350388391702,-5.647465058490423,20.890999713626744
0.00143359375,35.31283408129341,8.868537518156348,23.714827809271515,-4.204335641645446,19.050625932760614
0.001434375,34.89596926049071,52.74489670802426,23.598696779215892,-42.18848491294244,13.04228498413408
0.00143515625,34.637240143313605,52.86781814140771,23.61041438502126,-36.35414023959775,7.096736483211299
0.0014359375,34.39358902138988,52.892480367026224,23.837112942506245,-28.31283810258325,-0.742529321936729
0.00143671875,34.20538511500907,52.91705730291129,24.226441366428627,-20.40313188596919,-8.28748405051347
0.0014375,34.07212145160928,52.941554546340996,24.726404241243504,-13.696583466066953,-14.51856683903054
0.00143828125,33.98464016479011,52.9659720607463,25.29291885787773,-8.539575242761545,-19.13347796010703
0.0014390625,33.931695510335246,52.9903098093549,25.89220356631846,-4.877194079204564,-22.220912163831873
0.00143984375,33.90280440659351,53.01456775551456,26.50044902719137,-2.4678902928171182,-24.046228435506077
0.001440625,33.88941472212593,53.03874586269329,27.102220057096073,-1.0143540355208427,-24.922171770076375
0.00144140625,33.88517347074386,53.062844094479246,27.688472046629098,-0.23497216775901775,-25.13939988009113
0.0014421875,33.88574408509567,53.08686241458096,28.2546658221295,0.1037869185956859,-24.935983511047148
0.00144296875,33.88844930183484,53.110800786827284,28.799201359792963,0.17858260312688712,-24.490182030161208
0.00144375,33.89191451132443,53.13465917516744,29.322231382107212,0.11311180527727081,-23.9255395983375
0.00144453125,33.89585803030118,53.158437543671134,29.824829857347858,-0.012387484168783837,-23.321220202154493
0.0014453125,33.901341060579476,53.18213585652858,30.308452415026746,-0.15029141516155853,-22.723392026340278
0.00144609375,33.91321612211036,53.20575407805053,30.774616993743315,-0.2756808304908788,-22.15545625381634
0.001446875,33.971378896538894,53.229292172668394,31.22475106726371,-0.37867171658138843,-21.625869388823297
0.00144765625,34.003266166900794,0.40333687887784686,31.471631331241596,47.29872310626223,-16.230428653898482
0.0014484375,34.411699298375765,2.314786194020309e-05,31.593085061504016,42.4737574498874,-10.880695536245327
0.00144921875,34.72738304833458,1.328476369166779e-09,31.460559074655983,33.91773608975645,-2.4571770164289477
0.00145,34.96967828171195,7.624243949586403e-14,31.12891998563063,24.96077160582891,6.1681483798016465
0.00145078125,35.146898606518725,4.375621362332811e-18,30.657102061396827,17.098909401914405,13.558192659482424
0.0014515625,35.27646886302476,2.5112079877168503e-22,30.09688908168281,10.89979400680161,19.1970950748812
0.00145234375,35.432367151916225,1.44120458224723e-26,29.489052011175676,6.39875998974549,23.090292021430187
0.001453125,34.999490343148665,53.295358409390936,29.075193759260564,-44.4705509311392,20.25038628100883
0.00145390625,34.72732443048085,53.43751665491007,28.78347301810196,-40.65375821450601,15.999714577697905
0.0014546875,34.45186637237081,53.460258399980304,28.741275581974286,-32.978651320112306,8.259668502106287
0.00145546875,34.23024729320863,53.48291278606703,28.898649167058004,-24.59009574944379,0.005832130434760075
0.00145625,34.06769896606121,53.5054866274606,29.200220822392005,-17.062747619393942,-7.242518185674652
0.00145703125,33.95701488753963,53.52797989055823,29.59620638775273,-11.036063329559155,-12.895710173246343
0.0014578125,33.88694331985624,53.5503925414855,30.046779821096965,-6.604280769088668,-16.899331951299867
0.00145859375,33.84606601411047,53.57272454648939,30.5227556972765,-3.583797764704414,-19.466171084508474
0.001459375,33.82456800250963,53.59497587193829,31.00438686813519,-1.6827098367844038,-20.907879167018695
0.00146015625,33.814825249037604,53.61714648432209,31.479421402628073,-0.5985585379649586,-21.53916654372906
0.0014609375,33.81134998068796,53.639236350252254,31.941079832088796,-0.06723329353762596,-21.630923224625832
0.00146171875,33.81042188071425,53.66124543646186,32.386284579252745,0.11883295019237146,-21.39379380740149
0.0014625,33.80957428870376,53.683173709805615,32.81426619710119,0.10996876099334069,-20.978876273697768
0.00146328125,33.80692001380869,53.70502113725993,33.22555262570308,0.007155273786119832,-20.48662378534297
0.0014640625,33.7997176908435,53.726787685922986,33.62128913577749,-0.1270436594790461,-19.978454890666452
0.00146484375,33.7759358417887,53.748473323014736,34.00281310427489,-0.2575576139824,-19.488102604757444
0.001465625,34.60127351892932,24.09018068657997,34.28826086222476,26.559824204898224,-16.361744029253437
0.00146640625,34.202642787655954,11.73578648360814,34.45553353017407,35.485355558775616,-12.765608512209685
0.0014671875,34.4397353524855,11.802974576473613,34.44163326604787,29.28744205480298,-6.648783365228724
0.00146796875,34.639287942159,11.870857780934521,34.25332459492553,22.07360213280971,0.3088646811813021
0.00146875,34.79891504763762,11.938723149011313,33.93794753260098,15.406183461487036,6.593040922102631
0.00146953125,34.9069460411143,0.09070092771315158,33.49688449399618,20.731165564733374,12.675018001549653
0.0014703125,35.063056327858554,5.205406870747097e-06,32.98295015042055,15.647256935107732,17.335688009905944
0.00147109375,35.171661449868466,2.9876381682732065e-10,32.39340608011392,10.96501420453651,21.42839187527865
0.001471875,35.24562885652837,3.192525383699774e-14,31.758393700793025,7.1922746373240845,24.566119063468907
0.00147265625,35.29327905594715,1.9751697613066763e-14,31.102288025832458,4.404841714549412,26.697446311283024
0.0014734375,35.32212313879225,1.982387664312437e-14,30.442916083981203,2.497711838747742,27.94520424523344
0.00147421875,35.338471895416035,2.1270356051239005e-14,29.792241622906214,1.2933256454143618,28.49891597749183
0.001475,35.34719895239185,2.1305083970233064e-14,29.157545374934703,0.60447131536096,28.55307405957372
0.00147578125,35.35180230983894,1.7242792007736908e-14,28.542675767079764,0.26616550288320895,28.27651026419654
0.0014765625,35.354632790587154,1.9789087750546632e-14,27.949153815283275,0.14791411921530928,27.801239696067945
0.00147734375,35.357188210655856,2.134294677954681e-14,27.377048323777434,0.15469982319961184,27.2223485005778
0.001478125,35.360436437116704,1.6178491496360673e-14,26.825613753693005,0.22236207696316265,26.603251676729826
0.00147890625,35.36526541834504,1.765601235727065e-14,26.293721230275843,0.31092049934011556,25.982800730935708
0.0014796875,35.374049727709945,1.9670705695859492e-14,25.780127662487267,0.39784548635600514,25.38228217613124
0.00148046875,35.434749285753526,2.087922362505969e-14,25.283647510030782,0.4717824857389908,24.81186502429177
0.00148125,35.2725454973306,13.01953272588193,24.86910157189532,-10.923455423028464,22.773024269041855
0.00148203125,35.204624740977145,13.089600106194888,24.500449401819083,-9.259615135034952,20.67046443065915
0.0014828125,35.14748056400375,13.157126377582669,24.200836637354357,-7.0954957164732555,18.13920597624494
0.00148359375,35.11211995930807,13.22463268987075,23.955614481468984,-5.00148026216866,15.732462053766893
0.001484375,35.14443905309331,13.292119086092685,23.750570506062985,-3.243483395720763,13.701934815691061
0.00148515625,34.76092167628451,54.19226305288789,23.736294615873867,-38.55438687069568,8.09841843368166
0.0014859375,34.52510646685379,54.30327926542725,23.833249867808867,-33.18468060787571,2.7146512102573297
0.00148671875,34.30258459833233,54.322691818692576,24.123209353355172,-25.82981867135343,-4.369663793983975
0.0014875,34.13056909231212,54.34201731044375,24.558402040742425,-18.6124974771141,-11.171117792587225
0.00148828125,34.008535166173075,54.36126096379749,25.091489360434082,-12.50169568964899,-16.76807591371442
0.0014890625,33.9280689103611,54.38042275007463,25.6824071533473,-7.807949729956841,-20.890065866770488
0.00148984375,33.878865955144505,54.399502640417865,26.300507897108744,-4.478002654435564,-23.620992088873557
0.001490625,33.85131776497279,54.41850060609324,26.924239629809207,-2.2899029152573926,-25.20435806102664
0.00149140625,33.837558722198935,54.437416618490175,27.539677386609434,-0.9718203840180101,-25.925918847862732
0.0014921875,33.83168542649661,54.45625064912147,28.138709690159434,-0.2668113124400592,-26.05072964652198
0.00149296875,33.82954621775472,54.475002669623436,28.717318666726115,0.03792503256768712,-25.79560903546501
0.00149375,33.8283211643171,54.49367265175586,29.27415291504738,0.10320746665202213,-25.3227272033605
0.00149453125,33.8259506456628,54.51226056740208,29.809447545258024,0.04154462660409493,-24.744357648748153
0.0014953125,33.82013163215623,54.53076638856904,30.324267712589503,-0.07413473601149541,-24.132363939968045
0.00149609375,33.804578904914905,54.549190087387316,30.820016589332656,-0.2005174978806532,-23.528656000174006
0.001496875,33.71739553953783,54.56753163611113,31.29811946495471,-0.31417882636686895,-22.955233344789548
0.00149765625,34.20021782696852,0.12197356637212392,31.543081812487753,48.48266634975681,-17.061558103641183
0.0014984375,34.49805906466198,7.0001713768187715e-06,31.64952828430889,42.5884106754197,-10.938889391282187
0.00149921875,34.7870028974728,4.017460566442199e-10,31.500437941000513,33.6195740265827,-2.1191360859839286
0.0015,35.01498802313513,2.3056563238388738e-14,31.15419938712104,24.50512033523591,6.649079051885107
0.00150078125,35.18170959569761,1.3232366555288936e-18,30.67082076882655,16.63223169648145,14.038589072345099
0.0015015625,35.300954473797404,7.594172767344548e-23,30.102171309206046,10.494722832298201,19.607448476907845
0.00150234375,35.413895547490675,4.3583632435897454e-27,29.48860036339873,6.082088665535027,23.406511697863706
0.001503125,35.00307191898603,53.306580629421134,29.03079717054927,-45.20670530884253,20.930921849970666
0.00150390625,34.80833668931498,54.728823685313216,28.680739335208916,-43.74753925169912,17.699454901594823
0.0015046875,34.51219651432336,54.74642284797162,28.595809848076094,-36.2095009062632,10.058887906367673
0.00150546875,34.26772500542153,54.76385895447541,28.730603319224883,-27.423210137747862,1.3899545024973374
0.00150625,34.0855398039406,54.781212582971094,29.027190689346007,-19.29619176382871,-6.457830129796379
0.00150703125,33.95983442194672,54.79848371195036,29.431845794057438,-12.65823026779673,-12.708407650096193
0.0015078125,33.87930263156084,54.815672315403496,29.90070296983805,-7.697486861285807,-17.21748248427964
0.00150859375,33.83187536108767,54.83277836744476,30.401077402493044,-4.264054621837788,-20.167646343113926
0.001509375,33.80693439553071,54.84980184231274,30.910494021882602,-2.0656868154769206,-21.873621004953222
0.00151015625,33.79614348228761,54.8667427143704,31.414745379906822,-0.7831325234084241,-22.66886481105516
0.0015109375,33.79353607661034,54.88360095810509,31.905758086359473,-0.12992852389465218,-22.847914347850967
0.00151171875,33.79527809362076,54.90037654812861,32.37967322029755,0.12332559739366636,-22.644028925224735
0.0015125,33.7994401219837,54.91706945917721,32.83530654034974,0.1453961250097424,-22.227159043837215
0.00151328125,33.80639045525385,54.93367966611167,33.273014519820215,0.051385732010809385,-21.712050878302268
0.0015140625,33.823999706278485,54.950207143917325,33.69392245013476,-0.08624820848416731,-21.1700364852984
0.00151484375,34.26243171330533,54.96665186770409,34.09960604450314,-0.23009582955469213,-20.636949993646255
0.001515625,34.040283420962446,15.976322162476691,34.26682895249335,33.51068999370707,-15.22018320369041
0.00151640625,34.30018244667732,16.04066334493337,34.333627554767745,27.998444924857797,-9.70548071502342
0.0015171875,34.50187318289435,16.107221754093448,34.23105966936739,21.290937768487467,-3.167099853213525
0.00151796875,34.651196585449796,16.173756034703665,34.00317956217958,14.970595992470443,2.8588275350054753
0.00151875,34.75739025431808,16.240265957936955,33.69163030124997,9.74781345226544,7.703550891047581
0.00151953125,34.86090067833249,16.306751423623236,33.33081602838941,5.808765142521605,11.215299462244568
0.0015203125,34.92120765911622,0.01076321485435458,32.87308705127416,17.61980528382885,15.242518552590958
0.00152109375,35.05822228829589,6.177104895081087e-07,32.37117514614885,13.952026999450815,18.419147528987548
0.001521875,35.158143405208,3.5470742074734046e-11,31.804185198772537,10.236371641338543,21.567813557398523
0.00152265625,35.22930642958052,2.3339560657512935e-14,31.195984603326238,7.038416001824238,24.157568601501975
0.0015234375,35.27740380348266,1.4192206533849685e-14,30.567094631268986,4.553112743006067,26.013981888262904
0.00152421875,35.30820916602378,2.0838632907301586e-14,29.933323509116157,2.772403933878506,27.16091957523763
0.001525,35.32692763250332,2.127500392311221e-14,29.30580008167524,1.5909809203534335,27.714819161321785
0.00152578125,35.33777215766323,2.292039527764414e-14,28.691668161472464,0.8715297051276846,27.820138456344758
0.0015265625,35.343850223867626,2.2319279560603466e-14,28.095001182614446,0.4809593236206334,27.61404185899379
0.00152734375,35.34721163462749,2.1574559118315062e-14,27.517691965428142,0.3073580842339695,27.210333881194153
0.001528125,35.3488585026482,2.1224643479565177e-14,26.960202266995672,0.26517230165177536,26.695029965343874
0.00152890625,35.348088662802205,2.623476313806113e-14,26.42213610756139,0.2939402669371502,26.128195840624215
0.0015296875,35.332534461663094,1.4690733956784198e-14,25.90264062696268,0.35420103625192156,25.548439590710743
0.00153046875,35.325701108810186,17.104608148975316,25.461666210300088,-15.03412304082019,23.39118110214496
0.00153125,35.19771764698641,17.30102302767004,25.07354417213351,-13.480693673933283,21.253214818396753
0.00153203125,35.100354082359566,17.367111059494547,24.779295963917388,-10.718464687089579,18.13064959151242
0.0015328125,35.02797783481046,17.433165458685416,24.560756651027734,-7.824542707587097,14.952133899929416
0.00153359375,34.97951595161639,17.499193603414966,24.39845098608089,-5.283252960797192,12.182510343463116
0.001534375,34.95543494899309,17.565195394675193,24.275225106008186,-3.2787761036999883,9.988805815032979
0.00153515625,34.99421441707946,17.6311707330686,24.177523574380167,-1.8238057294384882,8.370158570750057
0.0015359375,34.64894639206581,55.29499904326632,24.24516555969494,-34.59412884192678,3.5442953583553996
0.00153671875,34.43798231104333,55.393404038302165,24.406672062606564,-29.908080482937976,-1.078651492757625
0.0015375,34.23757966852045,55.40744346699556,24.7391695736365,-23.361117592829643,-7.307156300529417
0.00153828125,34.08228594221449,55.42139461605322,25.200261103264147,-16.89255358703491,-13.328579925754164
0.0015390625,33.97199371192728,55.435262301214564,25.747622941876287,-11.39413970203779,-18.293499657300487
0.00153984375,33.89933400553317,55.4490465018727,26.34530030213871,-7.158573400208226,-21.945172799525764
0.001540625,33.855162407759686,55.4627471972689,26.965724589269364,-4.146111197214705,-24.35091141078483
0.00154140625,33.830940151609994,55.47636436677014,27.589479892563602,-2.161572410034734,-25.725312064171806
0.0015421875,33.81972704853923,55.48989798986923,28.204012418490798,-0.9624787289866877,-26.32340684239174
0.00154296875,33.816448145998635,55.503348046184755,28.802013247222924,-0.31827339338300276,-26.38306140557883
0.00154375,33.81784139541741,55.516714515461196,29.379875401566217,-0.03731706186420191,-26.09952205203078
0.00154453125,33.82244772035737,55.52999737756888,29.936408985010843,0.02561365440939505,-25.619202046967434
0.0015453125,33.83145328663081,55.54319661250406,30.471866688278382,-0.027654461819795074,-25.043675462405883
0.00154609375,33.85632241909624,55.55631220038892,30.987263180327467,-0.13109381652927274,-24.437955203532184
0.001546875,34.480758334129746,55.56934412147164,31.484172490596464,-0.2511577730571749,-23.834013857817997
0.00154765625,34.166445658970844,0.003189174045800631,31.6440320568317,47.895522314569895,-16.254679431783995
0.0015484375,34.53885299615964,1.8302953283334544e-07,31.6625482893505,40.17025723493949,-8.507709128618524
0.00154921875,34.82919463971346,1.0504227554875472e-11,31.440878285072873,30.71462647088815,0.7262518141742204
0.00155,35.04519108084001,6.028469548959202e-16,31.041137127717093,21.7827604223681,9.258376705348995
0.00155078125,35.197580376428114,3.4597922515359305e-20,30.522188921230452,14.390619129240319,16.13156979199013
0.0015515625,35.30281471261769,1.9856055216957466e-24,29.932725613204084,8.809266377989008,21.123459235215076
0.00155234375,35.390526699016284,1.1395566557611543e-28,29.309387444567506,4.909548210715822,24.399839233851683
0.001553125,34.32822685131277,39.24695578011569,28.787550682890284,-33.22050269597752,22.761097598752116
0.00155390625,34.86689686724001,55.68192064177317,28.41443273706591,-46.68861155160858,19.42112364690132
0.0015546875,34.555176426462985,55.695057348809385,28.28406395284039,-39.4066431922641,11.995649796295105
0.00155546875,34.28968685998976,55.7071677215958,28.393358583821186,-30.282998771524895,2.969189633750279
0.00155625,34.08866901559846,55.71919414630585,28.682246056934673,-21.57998608163662,-5.45696200773456
0.00155703125,33.948202420705144,55.731136658913385,29.093222207817306,-14.333259460669282,-12.3046549904268
0.0015578125,33.85712652758628,55.742995241436276,29.578402457069046,-8.835476042568986,-17.329116741798245
0.00155859375,33.80279700727328,55.75476987601574,30.101551304818386,-4.977069392742745,-20.67614917845461
0.001559375,33.773790672515545,55.76646054491937,30.637387324251506,-2.4692370054106565,-22.659836215257204
0.00156015625,33.760999533836205,55.778067230541254,31.169667598275492,-0.9777918024328074,-23.630607829832954
0.0015609375,33.757869170781674,55.7895899154019,31.688955960086375,-0.19457140826053665,-23.906062547054987
0.00156171875,33.76031890923757,55.801028582148376,32.19055889606594,0.1316816598624873,-23.742151345944926
0.0015625,33.767055927790544,55.812383213554256,32.672839770612484,0.1885169768903769,-23.328060419832152
0.00156328125,33.78421870883697,55.823653792519664,33.135960908558275,0.10556676819483263,-22.79325965215622
0.0015640625,34.18688624969587,55.8348403020713,33.581166916645756,-0.037871182626614826,-22.215802202798926
0.00156484375,33.98397017985746,20.11970768210652,33.80415108846648,30.828366530055572,-17.14392312369561
0.001565625,34.221975276247456,20.18252082072285,33.931718524518246,25.728700132401173,-11.979502428605777
0.00156640625,34.40569344252889,20.247356894670858,33.90112504303122,19.538035268593987,-5.884267120233623
0.0015671875,34.539873785053366,20.312162594307726,33.75311313047123,13.710434689688398,-0.2694841535248969
0.00156796875,34.6306513588703,20.376937704201563,33.526156639016804,8.89766421113338,4.251554723681865
0.00156875,34.68578727013353,20.441682126795484,33.25201941864681,5.2697800729308515,7.540557218920471
0.00156953125,34.7085023317285,20.506395764585548,32.954569929593454,2.73894462639648,9.709229538611424
0.0015703125,35.12980252412415,6.06654936482243,32.609706043398106,14.264365889608428,12.27879078896725
0.00157109375,34.94310251170902,0.00034816465965389903,32.216271734826215,17.778366195415927,14.437557374750634
0.001571875,35.061422211744194,1.998150052232282e-08,31.748866945400177,14.349766048088696,17.399100877329982
0.00157265625,35.15832816400848,1.1633693295014367e-12,31.212975940364622,10.698695155849894,20.514280784513566
0.0015734375,35.23005342748859,2.7262940961156744e-14,30.63207181037358,7.46679993182479,23.165271878548765
0.00157421875,35.27972210025421,2.3222537631452236e-14,30.026923380089176,4.904558750839377,25.122364629249773
0.001575,35.31228416185589,2.6156653676541895e-14,29.413878498232005,3.037008045024819,26.37687045320716
0.00157578125,35.332745769978565,2.1313256949668475e-14,28.804673762098115,1.7763086101227437,27.02836515197535
0.0015765625,35.34545839231559,2.1313953417984247e-14,28.20701047424361,0.9925308742209712,27.214479600022617
0.00157734375,35.354017368922854,1.9720058915800653e-14,27.62541902730029,0.5540151467772123,27.071403880523054
0.001578125,35.36184911925937,3.268138304568913e-14,27.062138844074138,0.34717825551160697,26.714960588562498
0.00157890625,35.37651312671954,1.6744733027394006e-14,26.517880876554926,0.28346432730077276,26.234416549254135
0.0015796875,34.95993343536723,15.049990591866333,26.034588166882525,-13.355137821373347,24.33973539638954
0.00158046875,35.16356393814969,21.408738532011093,25.62364796607752,-17.945607010297504,22.16051644436393
0.00158125,35.04503459882593,21.473339974689395,25.31672299020299,-14.839259833904647,18.682642849418244
0.00158203125,34.94639779267409,21.537547854094782,25.110145747809728,-11.19654904581661,14.769146939531556
0.0015828125,34.873700626769974,21.601723277611313,24.97956413862307,-7.818211848518439,11.196052709530193
0.00158359375,34.82514766945314,21.66586616932178,24.902319506248496,-5.054252335142332,8.290705672069048
0.001584375,34.797096446844385,21.729976432629375,24.859833506186455,-2.9860622683280043,6.1159193418850855
0.00158515625,34.788325316726336,21.794053970985125,24.838178837488194,-1.5531605160380069,4.597285382541076
0.0015859375,34.83324068334526,21.858098687889495,24.827702818515178,-0.6354187106136053,3.6050228412392897
0.00158671875,34.52638953683231,56.04609193833902,24.95807788979755,-30.730883834992092,-0.35713021354937524
0.0015875,34.338768081048094,56.131259919006425,25.166833036919144,-26.74859423719702,-4.2158326448902645
0.00158828125,34.15866358610733,56.13983694076513,25.52588649123822,-21.0021723925558,-9.611778056971108
0.0015890625,34.01796403144067,56.14832502617219,25.99814724521007,-15.262449653463761,-14.887728127498356
0.00158984375,33.916985637992866,56.156728552964466,26.546155312049095,-10.353215123868196,-19.257358117047175
0.001590625,33.84931479536089,56.16504750873841,27.13789212405202,-6.5542939424113875,-22.472861442275004
0.00159140625,33.80677983831108,56.17328188096583,27.748706446900094,-3.841624086287634,-24.582951347778103
0.0015921875,33.7815976976839,56.18143165724591,28.36118316482521,-2.0472938349689223,-25.772954657451777
0.00159296875,33.76722213002043,56.18949682530523,28.964034139476457,-0.9577906948948964,-26.267671990933874
0.00159375,33.7584172012854,56.19747737299779,29.550674622898335,-0.3681795895043936,-26.27862316059506
0.00159453125,33.75064463763386,56.205373288305026,30.11785189892614,-0.10712792727240394,-25.98039346210648
0.0015953125,33.73755332486583,56.213184559335865,30.66449573210443,-0.044179741843642734,-25.50450908538779
0.00159609375,33.688660653706066,56.220911174326645,31.19083234174504,-0.08712774223246583,-24.94295109034914
0.001596875,34.14764024607552,1.4437797844194893,31.52116142082485,49.512684068113195,-19.435302431707836
0.00159765625,34.364221052079266,8.285980497191309e-05,31.72560781079671,46.051410718539685,-14.325885767547948
0.0015984375,34.6724453655825,4.755397848117144e-09,31.65539888743193,37.186874555680724,-5.531475673004191
0.00159921875,34.92043205322014,2.7291650881320014e-13,31.364533848692325,27.61006076315263,3.7544730855394195
0.0016,35.1006661605795,1.5662920992462616e-17,30.916048027780416,19.066689619896554,11.849358407883862
0.00160078125,35.22068542038727,8.989089560135117e-22,30.36626446968353,12.254304362923813,18.111960106759714
0.0016015625,35.291460794662264,5.1589183881483476e-26,29.760023496882884,7.262176958893114,22.49784653798977
0.00160234375,35.31827469662092,2.9607491123022138e-30,29.130024920990053,3.871965412917055,25.258059508072996
0.001603125,35.20586078103798,1.6992002288961728e-34,28.49821534532027,1.7487896360018464,26.749425709318423
0.00160390625,35.13754097515892,56.256403625735075,28.130933069166062,-49.51170197322196,21.386231416652947
0.0016046875,34.73514768708856,56.300311273765296,27.914768987512034,-43.386636411113216,15.001094124859954
0.00160546875,34.41892988371276,56.30702327508318,27.963361293639103,-34.2333528732322,5.8896908917881206
0.00160625,34.17936886956677,56.31364834921639,28.216688475082208,-24.945496936740366,-3.1514629373938208
0.00160703125,34.00941232348561,56.32018861589066,28.613436011936937,-16.9289468519808,-10.77780575197292
0.0016078125,33.896703932097275,56.326644065378694,29.100635662455975,-10.682425952539596,-16.543582450383123
0.00160859375,33.82732497838089,56.33301468795871,29.63708849921139,-6.193229699683154,-20.502696489064164
0.001609375,33.78848400537137,56.33930047403666,30.193328256691935,-3.202557319637002,-22.943414897707726
0.00161015625,33.76982662991795,56.34550141414627,30.749912807186284,-1.3695005353145633,-24.22608807164542
0.0016109375,33.76391148895075,56.35161749894903,31.295150896233437,-0.36234126769762787,-24.69412533501797
0.00161171875,33.766674887179924,56.357648719234234,31.822882192664945,0.09850130825250826,-24.633267834821797
0.0016125,33.78159178105374,56.36359506591897,32.33060421548251,0.22708338126368327,-24.26007423170015
0.00161328125,34.1457749905501,56.369456530048154,32.81817473176639,0.17166152172574017,-23.722943320007506
0.0016140625,33.96398335427876,24.14289270958594,33.10085710624448,28.019448064596872,-19.06148366793833
0.00161484375,34.18021204853901,24.203802541942864,33.293198869268295,23.375043579363076,-14.285647252037641
0.001615625,34.34743996263355,24.26652893270532,33.33895067715615,17.734908389156633,-8.662486644705806
0.00161640625,34.47008814612774,24.329218884859586,33.275326702119976,12.42446285184526,-3.4783550345848675
0.0016171875,34.55414873716601,24.391872197655992,33.13747750637165,8.038010338028633,0.7075949706870276
0.00161796875,34.607912308465295,24.454488776733687,32.95444073833106,4.730811127909662,3.7691408336877092
0.00161875,34.6402355565607,24.51706852779322,32.74806092312623,2.4229746070296825,5.808017788303333
0.00161953125,34.66056211016646,24.579611356590647,32.533502516524685,0.9320760811785039,7.0218150787555365
0.0016203125,34.692988862013486,24.642117168937563,32.32046793265906,0.05199532045902355,7.626355443262469
0.00162109375,34.70813397714617,0.18691738776979347,32.02713838196365,21.749943965148024,10.090277029045836
0.001621875,34.8952794983973,1.072735502761709e-05,31.691685589397903,19.398688245691563,12.292986616351309
0.00162265625,35.03860003832671,6.156730809591981e-10,31.25489532841148,15.461579968564681,15.793315359231123
0.0016234375,35.14765405824047,5.818109224781139e-14,30.74153797854641,11.40514094325736,19.336397035288996
0.00162421875,35.22591267386787,1.97772907054858e-14,30.177837442388743,7.8758464851657015,22.30199095722302
0.001625,35.27872052191923,2.57070534057494e-14,29.586586967361026,5.111185660119647,24.475401307241352
0.00162578125,35.31206256004477,1.8697188003442845e-14,28.98552033518454,3.1162635016056406,25.86925683357888
0.0016265625,35.33131797298943,2.3947689756585372e-14,28.387254656972527,1.7828065964774806,26.60444806049502
0.00162734375,35.34032596058458,2.0099498319288652e-14,27.80000303445177,0.9631502890847371,26.83685274536701
0.001628125,35.3391614534186,2.3006822582086123e-14,27.228557007075636,0.5117924181183583,26.716764588957258
0.00162890625,35.28240211141669,1.6692757632088317e-14,26.67523938138499,0.30573475178565385,26.36950462959932
0.0016296875,35.25002456854289,25.37255507461997,26.254758527730377,-22.32829976010602,23.210503213216427
0.00163046875,35.07009251835599,25.451280519798473,25.912650767782353,-19.332122620836458,19.793492868820337
0.00163125,34.93042311621782,25.513259202501928,25.698084606262675,-15.100393176076725,15.285218579837471
0.00163203125,34.825956048672964,25.575198503786247,25.582956261407837,-10.885896467152131,10.893654224773721
0.0016328125,34.753109242587236,25.637099289228804,25.539118243585875,-7.286216870339375,7.188235824696445
0.00163359375,34.70621180866868,25.698961465663153,25.54248043972524,-4.50268833141991,4.346207305481995
0.001634375,34.67920720228627,25.760784939925934,25.574394265382633,-2.515622207933669,2.3292315333903675
0.00163515625,34.66716401243734,25.822569618912187,25.621541412294874,-1.2010195924062064,0.9999913857888956
0.0016359375,34.668738714209915,25.88431540957524,25.67511430198167,-0.4021641450121209,0.1929630374185507
0.00163671875,34.715058797321916,25.946022218927073,25.729783799408473,0.030611505537706307,-0.24684992505630704
0.0016375,34.44521952703041,56.44076523688426,25.90385559440255,-27.094768949228353,-3.442140693253357
0.00163828125,34.28004876159725,56.51215458580623,26.143557052764912,-23.73042224918693,-6.638175283854389
0.0016390625,34.12057549064249,56.51521465590593,26.51438218696712,-18.722327744864092,-11.27850472407472
0.00163984375,33.99576195257464,56.518185698519986,26.98410500740415,-13.669342404137229,-15.864738286978607
0.001640625,33.90630202189764,56.52107162554302,27.51982546779677,-9.322930295108703,-19.678315862637547
0.00164140625,33.84682297539182,56.52387243285362,28.093264136581446,-5.945673978529794,-22.484934317742383
0.0016421875,33.810391713459545,56.52658811623384,28.68256746190847,-3.5254486077242015,-24.31857204660117
0.00164296875,33.79055810133492,56.529218671593924,29.27225371918535,-1.918712074927521,-25.338252877481054
0.00164375,33.78241142575388,56.53176409497229,29.85226588397276,-0.9388526975318761,-25.740645513467655
0.00164453125,33.7836197117239,56.534224382535584,30.41672820877887,-0.4052163892204055,-25.712279784536307
0.0016453125,33.79896189529656,56.53659953057864,30.96273985157645,-0.16607699516667954,-25.40778268383551
0.00164609375,33.93336602725948,56.53888953552455,31.489402417491004,-0.10674828188586752,-24.942738836147676
0.001646875,34.01013542282595,0.03728067631539339,31.74301935072379,50.13424172203613,-18.428503047627732
0.00164765625,34.414647693729,2.13957114654889e-06,31.84577375839854,43.31405489268034,-11.468283273852945
0.0016484375,34.728519471274474,1.2279188962176493e-10,31.687888370372022,33.83050995228584,-2.1426215820366084
0.00164921875,34.96362728756507,7.04713567539184e-15,31.331478614542224,24.437331703997412,6.894146910544805
0.00165,35.12825367894898,4.0444137947835413e-19,30.838441356473403,16.44014817465985,14.398293181813552
0.00165078125,35.235091603700674,2.3211250211279488e-23,30.261489655899492,10.27114435271761,19.990345303181883
0.0016515625,35.29733909073154,1.332114278379512e-27,29.64117782877478,5.876990100829891,23.764187727944886
0.00165234375,35.324400245887354,7.645122233873628e-32,29.00621139769078,2.976690625841614,26.029520771849167
0.001653125,35.30540911737761,4.3876035952388016e-36,28.37529846370336,1.2194958412211605,27.1558026224822
0.00165390625,35.302849034052656,51.634498436229414,27.913367979382723,-46.632626750343505,22.911496293496814
0.0016546875,34.90939099595742,56.55817673805309,27.577820689038823,-47.65276707952906,18.672411030514795
0.00165546875,34.55080824929098,56.55972729012137,27.5210114154985,-39.21442950344163,10.175713628818755
0.00165625,34.272645944944095,56.56091018386476,27.701026082143514,-29.552816790088247,0.6929326883669994
0.00165703125,34.069578959781445,56.562007881687784,28.054201159167715,-20.688718485566255,-7.819088236953814
0.0016578125,33.930947568928104,56.56302039814821,28.52198946700119,-13.486919533263436,-14.554111397883583
0.00165859375,33.842874738114695,56.56394773172212,29.056856218970097,-8.127645292569241,-19.379446220182786
0.001659375,33.79166850362749,56.564789881012985,29.623549830915284,-4.433372244272376,-22.507867805825324
0.00166015625,33.765840552966026,56.56554684475254,30.197947886077813,-2.0786663304151163,-24.28893262825961
0.0016609375,33.757392944418605,56.5662186218008,30.764893784235205,-0.7131682758811521,-25.088156561684443
0.00166171875,33.765869116446964,56.5668052111461,31.31585679815533,-0.024847672537307432,-25.226100740453457
0.0016625,34.087293465334135,56.56730661190501,31.84696519288659,0.23200546140370704,-24.952346880422127
0.00166328125,33.92672024150635,28.021841666070735,32.192652088655166,25.026065015321695,-20.85525459273726
0.0016640625,34.11929268123488,28.080484300607704,32.45364326762834,20.931888307634022,-16.55872934061339
0.00166484375,34.268280082255984,28.140726264020373,32.58007041165459,15.902542324410257,-11.46319817677604
0.001665625,34.377202215952536,28.20092594222173,32.6052211819606,11.143990511415437,-6.739695271676566
0.00166640625,34.45110800740215,28.261083150343673,32.56069585282111,7.201208736280131,-2.901596033802691
0.0016671875,34.49704477474287,28.321197797785125,32.47269526465469,4.221126710611233,-0.06962924374167159
0.00166796875,34.522193501991495,28.38126979401453,32.36100030627023,2.136599558374773,1.8431309538809246
0.00166875,34.53262335731775,28.441299048564545,32.239401264734695,0.7863565449039389,3.011745671266208
0.00166953125,34.53233821829098,28.501285471032162,32.11676816495548,-0.013319289419289504,3.6288019833426093
0.0016703125,34.520169414769576,28.561228971078936,31.998276785921252,-0.43057782350558116,3.8676256383478957
0.00167109375,34.392907764463544,28.621129458431078,31.886489755495965,-0.6006948941915682,3.8660551912564545
0.001671875,34.758451678970054,0.00556913703376537,31.637086230602165,24.597728210945824,7.033788882622573
0.00167265625,34.91846898994916,3.196177435944741e-07,31.32774211312797,20.99344102841112,10.334300765099108
0.0016734375,35.059861069971696,1.8369184818564122e-11,30.905359796464307,16.299030478878368,14.606329317567571
0.00167421875,35.1683283931911,2.2003214339165874e-14,30.400302566811245,11.755423879532437,18.644878687278787
0.001675,35.244966623929585,2.2165365954238964e-14,29.842096679307783,7.939871073675153,21.90222560563261
0.00167578125,35.2951062393611,2.4190436450484822e-14,29.25548660042872,5.027428312398199,24.228058288030496
0.0016765625,35.324732913536224,2.514513800965959e-14,28.65922389073818,2.9730431058024114,25.686180784935743
0.00167734375,35.33803088795133,2.1231080105183595e-14,28.06634642439694,1.6314586233421005,26.434887801054817
0.001678125,35.32884326685435,1.9549438916525e-14,27.48513629617448,0.8298386713608314,26.655297624813628
0.00167890625,35.32881288840658,26.67597724041836,26.999770104197964,-23.82516448404263,24.148957347822236
0.0016796875,35.12731541625865,29.277024353724432,26.587721277240906,-24.36488534188634,21.675582265402813
0.00168046875,34.94382636106888,29.336547537254397,26.327276692757586,-20.032163235534178,17.022892391037367
0.00168125,34.80177645386506,29.395880682687277,26.196629168000822,-15.069669643487519,11.870418128801063
0.00168203125,34.698411635082024,29.45516955008418,26.16276763771286,-10.515984626342306,7.2235827139709885
0.0016828125,34.628261567096104,29.51441405852758,26.195315732877614,-6.815761203463655,3.4966628778136872
0.00168359375,34.584215832011964,29.5736141187968,26.269562784534006,-4.0618901249805335,0.7578387907177402
0.001684375,34.55927660904645,29.632769641737625,26.367118181383287,-2.163389441780005,-1.1022620185743335
0.00168515625,34.54760937907705,29.69188053826288,26.47531946184925,-0.9532160840654506,-2.263344992348178
0.0016859375,34.54521668760615,29.750946719352626,26.5861214075362,-0.2514636671245519,-2.9133616446918738
0.00168671875,34.55161608731188,29.809968096054313,26.694893837020484,0.10213060165145293,-3.2172048606852828
0.0016875,34.59475015528746,29.868944579482758,26.7993591403253,0.2349368247941911,-3.3045222639516467
0.00168828125,34.36049121798567,56.47650905296776,27.00443481356237,-23.590015962509128,-5.882058276896261
0.0016890625,34.21659587016075,56.53366577661755,27.264318037771886,-20.74431048557712,-8.525037253268549
0.00168984375,34.07719177887079,56.53118943484411,27.636840092725475,-16.421013095602586,-12.473336246516048
0.001690625,33.967873555555435,56.52862454061257,28.09426002998586,-12.03087995802446,-16.403484552602247
0.00169140625,33.889494238371164,56.52597451509794,28.608059617767516,-8.24116558849177,-19.676749308838655
0.0016921875,33.83760491131975,56.52323936248723,29.153641135408677,-5.288899426342807,-22.080698800735746
0.00169296875,33.80651524410416,56.52041908689952,29.711956013800986,-3.168510525620396,-23.639952547478142
0.00169375,33.79144239896237,56.51751369258212,30.26949171167406,-1.7576392712714193,-24.49038270963664
0.00169453125,33.791056697381684,56.51452318391049,30.81746563291107,-0.8949305438673613,-24.80212700713206
0.0016953125,33.82301312790411,56.51144756538828,31.350757132315742,-0.4235447294958714,-24.737145703576665
0.00169609375,33.830090904577155,4.918458516228489,31.713113383793214,46.65192175703926,-19.857266889474534
0.001696875,34.22299365436472,0.0002822747054745617,31.951960604394845,47.30420958331974,-15.352531253630369
0.00169765625,34.57874451148097,1.6199996215856882e-08,31.917428230031412,38.73968968842806,-6.822261474596644
0.0016984375,34.853314502613586,9.297321804040573e-13,31.65218905237993,29.08580974091729,2.566379311461711
0.00169921875,35.05279812612343,5.3358156123072945e-17,31.21975357132097,20.293666916828016,10.926086654492956
0.0017,35.188123403690206,3.062272001402483e-21,30.678084761193396,13.185011719935781,17.493073041257613
0.00170078125,35.27305338760989,1.7574651172248023e-25,30.073992319276996,7.916144084272142,22.157848235004852
0.0017015625,35.32073555673853,1.0086248500614606e-29,29.442023488686345,4.298321145465808,25.14370234322054
0.00170234375,35.34109787876909,5.788587654974066e-34,28.805692871280883,2.002674447013875,26.80301842426701
0.001703125,35.33559275192689,3.322121900652789e-38,28.179667449543558,0.6797427389888924,27.499924710554666
0.00170390625,35.20409646785259,1.906595283793167e-42,27.572058133786484,0.021509349074551667,27.550548784711932
0.0017046875,35.126379968722276,56.43066785678617,27.240190155919986,-50.431769688804344,21.24129198793816
0.00170546875,34.71961389523283,56.46371967362292,27.063799883678307,-43.695945408928246,14.296025618983634
0.00170625,34.402902252140606,56.45945519869758,27.15297621043158,-34.19388917717564,4.887410188909637
0.00170703125,34.16496440410804,56.45510356011805,27.445404773657987,-24.73464360050493,-4.275055185955128
0.0017078125,33.99766255794235,56.45066690105019,27.878670294180367,-16.65752134077553,-11.914475266094295
0.00170859375,33.88807948312807,56.446145228298164,28.399448998268376,-10.413042437229919,-17.63365379279987
0.001709375,33.82224590090566,56.44153854867152,28.966607430856392,-5.956129827239536,-21.51880129057559
0.00171015625,33.7882221605185,56.43684686910783,29.55094796038967,-3.0079455674775755,-23.877953341240588
0.0017109375,33.78079976385661,56.4320701966727,30.133366698703384,-1.2164573291864642,-25.08224616878285
0.00171171875,34.05206763989127,56.42720853855971,30.702612449383825,-0.24724703368360898,-25.477349055492276
0.0017125,33.91108535143838,31.733380677419085,31.11058013831547,21.618091325696575,-22.24089186480019
0.00171328125,34.0783001501544,31.78940576741916,31.441736465520066,18.27016596323244,-18.617835265131536
0.0017140625,34.209027892674406,31.846803401948424,31.65173869275458,13.979293712026255,-14.174358421220099
0.00171484375,34.30550718977585,31.904153157286387,31.76909294736147,9.848797979512193,-9.983858189437107
0.001715625,34.371726202489064,31.96145486555095,31.821340360330183,6.389884772090738,-6.529999277311507
0.00171640625,34.41371131012542,32.0187084404421,31.831578067763303,3.7538579500813314,-3.9409883227601243
0.0017171875,34.437863861587125,32.07591379573698,31.817413210107112,1.8958069943993126,-2.154307580029179
0.00171796875,34.44996158886097,32.13307084528536,31.791245420200596,0.6821538984052445,-1.0239793234900076
0.00171875,34.45482029208818,32.19017950300978,31.761152793826867,-0.04447132388706159,-0.3845553852958503
0.00171953125,34.45656634061396,32.24723968290559,31.73194319399988,-0.4303661715656631,-0.08493031734004575
0.0017203125,34.460395014305746,32.30425129904125,31.706135212092793,-0.5954659996942212,-0.002650087254232858
0.00172109375,34.491887444569294,32.36121426555822,31.684772399862837,-0.6299612814794415,-0.04648058421594037
0.001721875,34.50772713955782,0.24537374909997958,31.55328904859272,28.475963243898367,2.8319520555943756
0.00172265625,34.75311832512178,1.4082217557749138e-05,31.357943666638004,25.673528822450454,5.684400761969995
0.0017234375,34.942495608614685,8.082122881995651e-10,31.01935054410975,20.589236039088846,10.430114504212689
0.00172421875,35.087071614729645,6.606758158375061e-14,30.569744922346896,15.23853210056156,15.331212821785266
0.001725,35.19060535187657,2.3696457699042487e-14,30.044000283010913,10.529667348545997,19.51433293446489
0.00172578125,35.2595237616156,1.959311229767502e-14,29.472815450469835,6.810558439736628,22.662257010733185
0.0017265625,35.30071122687723,2.4564799473504594e-14,28.880332578941907,4.10750865715699,24.77282392178489
0.00172734375,35.317202395915764,2.5079236670077863e-14,28.28392869556485,2.287181819683981,25.996746875880845
0.001728125,35.25310549393775,2.2097787972339128e-14,27.6950661710738,1.158721511433886,26.536344659639894
0.00172890625,35.21499609752354,32.90646530409235,27.268468778050106,-28.752225606381355,23.11422908033911
0.0017296875,34.98181530533062,32.98457029602308,26.93727964246755,-25.173156387185315,19.125865733629787
0.00173046875,34.79883452108607,33.04094404134996,26.767556319541676,-19.836917546053915,13.563529824245629
0.00173125,34.660446567723,33.097266783287516,26.724026120637713,-14.42611365648483,8.052872993835027
0.00173203125,34.56252900928352,33.153539681268036,26.770700013729563,-9.757704818972138,3.3748651514336645
0.0017328125,34.497881378479015,33.20976265061692,26.876473913852358,-6.121016230679913,-0.21227250608465412
0.00173359375,34.45839657613076,33.26593560666345,27.017114136369212,-3.508013289148204,-2.740808181146031
0.001734375,34.43662226862195,33.322058464812145,27.175231288794752,-1.7676644252509703,-4.3791627507664215
0.00173515625,34.42651597092442,33.378131140542976,27.33928270618636,-0.7013202052013021,-5.337528229155313
0.0017359375,34.42369795468968,33.43415354941154,27.50224735621728,-0.11579393345930403,-5.816112259734959
0.00173671875,34.42559552761073,33.49012560704907,27.660332514932705,0.15168756922701584,-5.981480661343384
0.0017375,34.43261501981083,33.54604722916266,27.81188227857525,0.2257399982522369,-5.959904948839647
0.00173828125,34.469127634200134,33.601918331535416,27.956550318372496,0.1942849403201269,-5.839652953483046
0.0017390625,34.269467234572396,56.153096077314856,28.184273217632413,-20.076998989875683,-7.89182386980676
0.00173984375,34.14562813274774,56.19565669314305,28.456816953245927,-17.697775890526106,-10.041063849371016
0.001740625,34.02500437476868,56.18765968754785,28.823501374515928,-14.041838891141493,-13.322319421890427
0.00174140625,33.92921524874141,56.17957516766273,29.26093650885253,-10.316250468661417,-16.602388190148783
0.0017421875,33.85862870159905,56.17140604218645,29.744982923565658,-7.093909327255497,-19.33251379136529
0.00174296875,33.8085607567196,56.16315232358781,30.254783048070454,-4.58007023404583,-21.328299041471524
0.00174375,33.77164087350702,56.15481402429674,30.774170662725496,-2.7722677385800676,-22.608375622991176
0.00174453125,33.73327633796827,56.14639115687059,31.291672310392954,-1.5676057120469964,-23.28711313443064
0.0017453125,33.48205617337356,56.13788373399406,31.799739704516014,-0.8270106329652838,-23.51113339651276
0.00174609375,34.202598115967106,0.010920319506926752,32.00957346121816,48.94276620208083,-16.944113060369602
0.001746875,34.522475234984206,6.267268418214836e-07,32.071679978265024,41.86547871176371,-9.79379936022553
0.00174765625,34.80556776638341,3.59684104490154e-11,31.882783933225188,32.47820356657442,-0.5954196333852014
0.0017484375,35.02302224864838,2.0642590422149884e-15,31.50444221601514,23.327496490024153,8.176945725990981
0.00174921875,35.17701277907703,1.1846966102120273e-19,30.99694182198259,15.60881490940133,15.388126912581257
0.00175,35.27868380918621,6.799079134670425e-24,30.411136386263244,9.695725164862345,20.7154112214009
0.00175078125,35.3413831336118,3.9020519414871385e-28,29.785867138517624,5.509702878651206,24.276164259866416
0.0017515625,35.377664116305056,2.2394222882951646e-32,29.148445112563792,2.7643523793871356,26.384092733176658
0.00175234375,35.398367704278535,1.285224353882343e-36,28.51654771990064,1.1136599989168274,27.402887720983813
0.001753125,35.41381433166557,7.376016789891718e-41,27.90052865475907,0.23241038290532856,27.668118271853743
0.00175390625,35.44493763854928,4.233161589291292e-45,27.305600446931482,-0.1479583520678574,27.45355879899934
0.0017546875,34.342986088684135,39.498967023696345,26.84430371362889,-36.06595139665987,23.411288086592414
0.00175546875,34.868902405495945,56.01865000881785,26.547653872054433,-48.02578741638953,18.55479127962611
0.00175625,34.549448214167775,56.00990884335414,26.499725264860505,-39.75741551947428,10.247231940980644
0.00175703125,34.28264738702139,56.00013475187012,26.691199125798008,-30.08907938507096,0.780143758998846
0.0017578125,34.08396746330019,55.99027627075559,27.058451784632098,-21.1342028449336,-7.797621641189889
0.00175859375,33.94788022120104,55.980333469293726,27.542394097201765,-13.814163781037122,-14.62377559105484
0.001759375,33.86300188142072,55.97030636246134,28.094756882060175,-8.340551733610559,-19.534997746790612
0.00176015625,33.820572779286636,55.96019496535908,28.67957626147168,-4.55052694082535,-22.73009176306205
0.0017609375,34.02678534312846,55.94999929321453,29.272229774329283,-2.1252451929442286,-24.55252432594102
0.00176171875,33.89769231996086,35.25533602108745,29.73793818407721,17.2465955839513,-22.763993420961544
0.0017625,34.03344111780517,35.308408857741895,30.14061019321136,15.060386081777239,-20.228184746307775
0.00176328125,34.142256593719246,35.362619254632435,30.43904071264219,11.78961079229621,-16.713189334286454
0.0017640625,34.22408792501583,35.41677646439472,30.655067300299088,8.463392720938467,-13.225101885034102
0.00176484375,34.28104525889135,35.470880337135625,30.810992656440284,5.588107453381486,-10.24799513407683
0.001765625,34.317441134220694,35.52493079137181,30.926145001591028,3.3444539607311308,-7.943239750511911
0.00176640625,34.33820943248684,35.578927745704206,31.01563872047697,1.7292843786044771,-6.29257340383171
0.0017671875,34.34789312996294,35.63287111881441,31.09037869440531,0.6507779641721783,-5.193270388581274
0.00176796875,34.350153846300444,35.68676082946466,31.15766697911502,-0.012679087328027095,-4.516414763021612
0.00176875,34.34758476722602,35.74059679649805,31.22201431617797,-0.37966822838000847,-4.1389142519400774
0.00176953125,34.34156180346917,35.79437893883859,31.285934286007404,-0.5502583378144976,-3.9581863150166914
0.0017703125,34.331470475445904,35.84810717549129,31.350614625799317,-0.601149231648725,-3.896343318043251
0.00177109375,34.3078986836962,35.90178142554247,31.416429697235426,-0.5865854365470569,-3.8987662917599852
0.001771875,35.010644570669136,10.605681563311837,31.412281296444775,22.4567639674158,-1.6501642342828633
0.00177265625,34.669478356387955,0.0006086694906326172,31.317685162976712,30.284091240812508,1.032985252673572
0.0017734375,34.872309362644245,3.493210256869326e-08,31.077478397275765,25.165327037463243,5.912151324880418
0.00177421875,35.043232893477516,2.0237023530831224e-12,30.696057763571858,19.137970923175295,11.55808684039454
0.001775,35.17253768467574,2.2209708694611423e-14,30.212741941036587,13.538770968881536,16.67397097215503
0.00177578125,35.26435864310536,2.2063610536457326e-14,29.664150734329912,8.953747466359285,20.710403267970605
0.0017765625,35.328278529285086,2.4633030292598833e-14,29.080207881337746,5.521069566778401,23.55913831455932
0.00177734375,35.382902796238525,2.7940645872683608e-14,28.483176119004128,3.141851235234002,25.3413248837701
0.001778125,34.68743153407678,25.650733081134067,27.960163511162985,-21.655488859737147,23.964919289766065
0.00177890625,35.0391490396397,36.434921019928815,27.541151146216837,-30.41247206572896,21.51870219201698
0.0017796875,34.83562217663171,36.48861196534964,27.28691827853619,-25.636442831839673,16.434749145026224
0.00178046875,34.66253682636948,36.54163212997026,27.19508499213925,-19.67188831677985,10.325341178948841
0.00178125,34.531687037707336,36.594597228210276,27.2261460865428,-13.989723796772019,4.621272655104545
0.00178203125,34.440443311499315,36.64750721564617,27.342333668777208,-9.262067145759596,-0.04310640110936675
0.0017828125,34.381480189707595,36.700362012598504,27.51219437737849,-5.677525681491355,-3.51064195372866
0.00178359375,34.34652099393095,36.753161539468906,27.711897367178302,-3.1632196662404057,-5.878044506050198
0.001784375,34.328092530787075,36.80590571674223,27.924771058373455,-1.5299826172287228,-7.351152041140053
0.00178515625,34.32022725989321,36.85859446498672,28.140047966912128,-0.5594589338356002,-8.159087564238993
0.0017859375,34.318597451010135,36.91122770485405,28.35140609232495,-0.050520760691268055,-8.50930085183783
0.00178671875,34.3204009237843,36.9638053570795,28.5556213712893,0.16070495266879448,-8.568888938458995
0.0017875,34.32429507175051,37.01632734248214,28.751467751933916,0.19647801665446715,-8.461337607202694
0.00178828125,34.33126548021041,37.068793581964734,28.938895869566352,0.1412963705179016,-8.271194082916285
0.0017890625,34.361683189856436,37.12120399651412,29.118472604858617,0.04897307732462446,-8.051704468980128
0.00178984375,34.19987314342982,55.47258302286138,29.36388077881745,-16.474427850011576,-9.634274394032353
0.001790625,34.100104197587505,55.50027687082736,29.64425221560711,-14.53926990231035,-11.316754752909905
0.00179140625,34.00380160222354,55.48681005757912,29.99982258197241,-11.555253280822294,-13.931734194784418
0.0017921875,33.929299676438106,55.473257324747635,30.41156990621205,-8.51106238910056,-16.550625029435025
0.00179296875,33.87858765115694,55.45962105005785,30.859835913409984,-5.876526249074014,-18.72325888757385
0.00179375,33.85349592625285,55.445901254181024,31.32763252540705,-3.8204758439531377,-20.297792884820836
0.00179453125,33.8911123372055,55.43209795777895,31.80181704018426,-2.3420395155567224,-21.288241402037965
0.0017953125,33.911362455987025,0.41988317236043127,32.0769381975956,48.34040384845197,-16.6833488232168
0.00179609375,34.32987852199164,2.4097468428512694e-05,32.22701749029943,43.946467221193956,-11.71947382836295
0.001796875,34.65499693268701,1.3829751294836333e-09,32.11395228163558,35.38253522265432,-3.268582942401714
0.00179765625,34.90436044251876,7.93701717856476e-14,31.792559326745216,26.213278439236106,5.579280887509033
0.0017984375,35.083772961209625,4.555124698182623e-18,31.323155716702058,18.070625879449818,13.25252983725224
0.00179921875,35.20446683809703,2.6142265474780515e-22,30.75937801634478,11.598011331324269,19.16136668502051
0.0018,35.2799260100986,1.5003278492607837e-26,30.14378302324883,6.867220512898105,23.276562510350725
0.00180078125,35.32295924073649,8.61051486696521e-31,29.507312985158997,3.662610396512248,25.84470258864675
0.0018015625,35.34415580483067,4.941651007195418e-35,28.870711101312754,1.6601938161617262,27.210517285151028
0.00180234375,35.35126018442501,2.83605743143236e-39,28.246678810470847,0.5300250952954834,27.716653715175365
0.001803125,35.34873859960665,1.6276385650607808e-43,27.64208226837581,-0.013302681693096475,27.655384950068907
0.00180390625,35.33542296974807,9.341162379547185e-48,27.059864360929303,-0.19254210630791704,27.252406467237222
0.0018046875,35.27242594463187,5.3609761082190365e-52,26.500524751333067,-0.16760055785233308,26.6681253091854
0.00180546875,35.23670738014996,54.81163394627174,26.15869411586256,-49.574845000074276,20.921905169665095
0.00180625,34.81114883286207,55.215018867323934,25.953120452991264,-44.441589746539,15.179691332206332
0.00180703125,34.48321274336691,55.19990648957036,26.016307282652072,-35.43033096765485,6.246731760736559
0.0018078125,34.23319079138478,55.184686968595486,26.29035935382083,-26.018796855384792,-2.875530759389863
0.00180859375,34.05328301795098,55.169384339101214,26.713267667334335,-17.76792579710789,-10.68819087465899
0.001809375,33.92851890546961,55.15399862551107,27.23060904125344,-11.26744619701796,-16.65594338723967
0.00181015625,33.78353023505371,55.13852985099575,27.799557668763917,-6.550858311390096,-20.788113870841737
0.0018109375,33.95607973857369,38.56894474195573,28.305245539917863,11.181219622826738,-21.444918824864608
0.00181171875,34.030075564553556,38.616470240647175,28.772444740971245,10.945493713674104,-20.789519213350033
0.0018125,34.10512549361287,38.66716940181297,29.15856111787096,9.2071786164477,-18.71578690038971
0.00181328125,34.16718446607336,38.71781051639733,29.47529623116238,6.9910331002222605,-16.23354738545721
0.0018140625,34.213294546794764,38.768393322669425,29.737645519190934,4.861096279566008,-13.891844083044498
0.00181484375,34.24458482389356,38.818917744441805,29.960070257087413,3.0784503322893952,-11.937297819643787
0.001815625,34.263825113588474,38.8693837056256,30.15472208492305,1.719798276936858,-10.434459897639407
0.00181640625,34.274156086734514,38.91979113021999,30.330912943586384,0.7614379107644264,-9.350316097398034
0.0018171875,34.27845904097009,38.970139942312294,30.495264926524086,0.1343966028449973,-8.609271618633205
0.00181796875,34.27911737839224,39.02043006607813,30.652168261841034,-0.24233633733813492,-8.125925466898961
0.00181875,34.278027461193965,39.07066142578146,30.804322931734816,-0.4439704004807794,-7.822368093565863
0.00181953125,34.276822036647836,39.12083394577476,30.95324311317617,-0.5321013537144325,-7.63548947888416
0.0018203125,34.27755200241794,39.170947550499164,31.099671353383343,-0.5528873029316799,-7.518388894184141
0.00182109375,34.28602136329774,39.221002164484446,31.24389075725971,-0.538424061365501,-7.438687345859235
0.001821875,34.37670865093349,39.27099771234926,31.38597237128804,-0.5102200755987681,-7.374805265462456
0.00182265625,34.42802300044315,0.02590253371207587,31.349288963229633,34.48643753286002,-3.163051103342468
0.0018234375,34.70815520429616,1.4865694535565292e-06,31.217907537197043,29.87032166725198,1.3475843833756131
0.00182421875,34.9268377745482,8.534045176419675e-11,30.9145100773149,23.39746677743315,7.517043299796413
0.001825,35.09266744508698,3.2396663996559153e-14,30.481227371209865,16.96815400417749,13.513073367032343
0.00182578125,35.212268574283314,2.86300281844453e-14,29.960176767149857,11.485935702028797,18.47424106512103
0.0018265625,35.29758541913116,1.6250210442100235e-14,29.38725829661704,7.2525473105360225,22.134710986081
0.00182734375,35.37901537661332,3.2103928056853505e-14,28.79008537515868,4.234399811104431,24.555685564054215
0.001828125,35.08135138859148,38.65067571541528,28.312768225806384,-32.8149017214201,22.4769942318112
0.00182890625,34.94080519758301,39.718228841321974,27.91953066057059,-31.691608478824055,19.89291029807267
0.0018296875,34.72691679617584,39.76768803087022,27.723737855865423,-26.190631490643923,14.146681315639126
0.00183046875,34.55051069527103,39.81702890511598,27.692034447072608,-19.803914346466197,7.678919888422823
0.00183125,34.4191944436436,39.86630981228268,27.782123571368036,-13.906822882578979,1.8226366416643345
0.00183203125,34.328704027976045,39.91553068150708,27.954841505395187,-9.095623410444514,-2.865065765667379
0.0018328125,34.27081132156092,39.964691438663635,28.178223220884995,-5.503265925267937,-6.283202292510703
0.00183359375,34.23674641081178,40.01379200971712,28.428435937626148,-3.0189995816176807,-8.566356490473295
0.001834375,34.21879141955151,40.06283232072299,28.68906079300054,-1.4298508316563912,-9.943920696066058
0.00183515625,34.210871055128756,40.111812297827385,28.94967709565718,-0.5038958527703116,-10.658239349399892
0.0018359375,34.20859845142953,40.16073186726738,29.204312029672316,-0.03335165341244633,-10.923068184182618
0.00183671875,34.20906558858845,40.209590955370984,29.450047995732312,0.1480030752797518,-10.907546034918424
0.0018375,34.2105699472791,40.25838948855726,29.685906586592846,0.16235411889392282,-10.73483702085834
0.00183828125,34.21246215496799,40.307127393336536,29.91202717115629,0.09297774834045036,-10.488077970520699
0.0018390625,34.21575807168187,40.35580459631038,30.129106744016724,-0.0076948365281724225,-10.219003015765484
0.00183984375,34.23615174094082,40.404421024171825,30.33805291016747,-0.10990080942046872,-9.956467304583885
0.001840625,34.10870741007389,54.439297545290586,30.59547939067219,-12.753148340039836,-11.09066981457856
0.00184140625,34.02746763811596,54.45194850909833,30.877889883444837,-11.262289988981847,-12.311768636671646
0.0018421875,33.94661730493217,54.43309752906832,31.216091723610525,-8.966105382637249,-14.250900422820548
0.00184296875,33.876882627287955,54.414162770558846,31.595523799325928,-6.624303172590252,-16.194335798642665
0.00184375,33.80328970620927,54.39514606520015,32.00113166422377,-4.597652613826415,-17.796361787149966
0.00184453125,34.841329294204826,16.04287158573732,32.31250406934134,31.762871027148858,-15.493238543544841
0.0018453125,34.310040640455355,0.0009207146582386351,32.489398608794765,44.57339583705539,-12.084917942918864
0.00184609375,34.607464848950116,5.284063251177151e-08,32.442001786654,37.43859433183887,-4.996592598025506
0.001846875,34.85984256490325,3.032570861406234e-12,32.17326676469986,28.665592940644572,3.5076738240522545
0.00184765625,35.050322394034566,1.7404193690152006e-16,31.740729640917937,20.362127806359652,11.378601834558285
0.0018484375,35.18303266533499,9.988421436716779e-21,31.199027611888795,13.481864107317847,17.717163504570948
0.00184921875,35.26880600345605,5.732443833575373e-25,30.593401052547847,8.28242824969564,22.310972802852206
0.00185,35.31975168860031,3.289900462579781e-29,29.957902450971076,4.647022694573052,25.310879756398023
0.00185078125,35.34672883204598,1.8881031141184303e-33,29.31614198332486,2.2941314022037207,27.02201058112114
0.0018515625,35.35833487521501,1.0835991575101532e-37,28.683155250510666,0.9028465749966017,27.780308675514064
0.00185234375,35.36068684965179,6.218871868684729e-42,28.06754632371139,0.1792843486189952,27.888261975092394
0.001853125,35.357476050558255,3.5690658350069744e-46,27.473455993329534,-0.11509910622066855,27.588555099550202
0.00185390625,35.34960940320658,2.048318602407244e-50,26.902161957178176,-0.15772243029655897,27.059884387474735
0.0018546875,35.33121808866735,1.1755482501373826e-54,26.353268717712464,-0.07080061619346338,26.424069333905926
0.00185546875,35.20079891497331,6.746575883151171e-59,25.825486834759364,0.06893657372587399,25.75655026103349
0.00185625,35.12661900082872,54.0440888940465,25.560136488228927,-47.87435430976238,19.390401903944806
0.00185703125,34.7391417855353,54.05935040360739,25.43948571463625,-41.277831308743444,12.657966619772303
0.0018578125,34.4377833365516,54.038865720386106,25.568098509516474,-32.17212962867736,3.701362417807728
0.00185859375,34.20869894201984,54.018297608776194,25.886325318435603,-23.176399304296943,-4.95557298604365
0.001859375,33.997899284584,53.997648146468855,26.334864048550294,-15.528383914867783,-12.13440018305078
0.00186015625,34.05425545648946,41.649288216098626,26.80074958644564,1.2074688103478666,-16.05600744000085
0.0018609375,34.06207072952173,41.69382638243145,27.279094376948663,3.7451738848759315,-18.159905890358722
0.00186171875,34.08933549595964,41.74071158079703,27.720135757741552,4.38482462082129,-18.405400443876772
0.0018625,34.11991075887289,41.78753405670712,28.119800343241195,4.012335778694443,-17.68006949216037
0.00186328125,34.14698561796458,41.83429360135407,28.480862439085385,3.2016121471134387,-16.555043309382125
0.0018640625,34.16796701124573,41.8809901443109,28.809066518779435,2.293908190690485,-15.36583181622195
0.00186484375,34.18254274046068,41.92762361525344,29.110821860945872,1.4686602434166245,-14.285461997724191
0.001865625,34.191528003287296,41.97419394395252,29.3919871163045,0.8010735278588975,-13.38328035550692
0.00186640625,34.19617095700292,42.0207010602741,29.657357960096743,0.3050151787771551,-12.668358278954512
0.0018671875,34.197769517392935,42.067144894179286,29.910569303592535,-0.03737895001571916,-12.119196640571031
0.00186796875,34.19750023185482,42.11352537572451,30.154212630991527,-0.25679245844908966,-11.70252028628389
0.00186875,34.196398634358154,42.159842435061584,30.390040874434533,-0.38571892795004037,-11.384082632677009
0.00186953125,34.19549075055445,42.20609600243788,30.61918641779654,-0.45286626169698824,-11.13404332294435
0.0018703125,34.196263671414314,42.25228600819634,30.842354368271096,-0.48099345011476374,-10.928938189810482
0.00187109375,34.20283350001835,42.298412382775666,31.0599769322048,-0.4867438479135913,-10.751691602657274
0.001871875,34.24697904694647,42.34447505671038,31.272337760948567,-0.481758853477578,-10.590378442284234
0.00187265625,34.270991800097285,0.32096238142606737,31.329609553842097,37.54212241253287,-6.5334752401168394
0.0018734375,34.595272147945984,1.8420316346408602e-05,31.292947457167624,33.77977277061065,-2.486843733759372
0.00187421875,34.846300300717964,1.0571807219508285e-09,31.05939836879056,27.02856816256832,4.03083020516506
0.001875,35.03933967829142,8.56020047962875e-14,30.67207180023378,19.940787639811255,10.73128416042244
0.00187578125,35.1808858845366,2.3914853055209774e-14,30.17743870816376,13.710530257983107,16.46690845018063
0.0018765625,35.28472878684302,2.3866024734962634e-14,29.616380194999405,8.793224250802794,20.823155944196586
0.00187734375,35.40988505171032,2.693841744433834e-14,29.021088905400628,5.220226497396003,23.800862408004598
0.001878125,35.06444114421515,42.61528032416881,28.584430551934872,-35.439293861233864,21.40844408899993
0.00187890625,34.84748537222463,42.75615570409754,28.24883756891719,-32.40302879763483,17.895710662454483
0.0018796875,34.627798481172164,42.80158304660735,28.116047898841188,-26.283074626167277,11.597539478401117
0.00188046875,34.45105260371573,42.84694045655431,28.14609061117503,-19.590788283733175,4.889938438353898
0.00188125,34.321450263209684,42.89223333946911,28.294654076482278,-13.58398048943841,-1.0135987735484207
0.00188203125,34.233257477392144,42.93746162745563,28.521879986120798,-8.773809484347584,-5.641772156987251
0.0018828125,34.17750821330519,42.982625252400915,28.795855701861846,-5.236046728225884,-8.950722822313184
0.00188359375,34.14510413397808,43.02772414628937,29.0931624967605,-2.8245178378669324,-11.11004381166194
0.001884375,34.128231864686505,43.07275824120285,29.39791816307528,-1.3064621411238677,-12.368377937003702
0.00188515625,34.120839312202,43.117727469320826,29.700227452469914,-0.44059229492078206,-12.97690772193013
0.0018859375,34.11860570946916,43.1626317629205,29.994568226259624,-0.01616056367147962,-13.151902972989394
0.00188671875,34.11867726966176,43.207471054376754,30.278378444441117,0.13249106256532883,-13.061583672500966
0.0018875,34.11933372513146,43.25224527616245,30.550943658436168,0.12535612655422526,-12.826657744280503
0.00188828125,34.11968639262566,43.29695436084842,30.81259014471331,0.043046225541232636,-12.527410441676338
0.0018890625,34.11950604776373,43.3415982411036,31.06414227488305,-0.06450591827626884,-12.212950047944279
0.00188984375,34.11959325119857,43.3861768496951,31.306586265930868,-0.1694266169264431,-11.910163966837784
0.001890625,34.1306324898952,43.43069011948834,31.5408864193746,-0.2586650171040419,-11.631138683009697
0.00189140625,34.039099011576425,53.0598107217334,31.806073021275246,-8.931261988961232,-12.32247571149692
0.0018921875,33.976363801875756,53.05733834882573,32.08609813412558,-7.891391917349518,-13.079848297350631
0.00189296875,33.902669224705434,53.03322308296307,32.402118668118234,-6.298683745891566,-14.332420668953269
0.00189375,33.63165122775581,53.00902671250573,32.74404105651123,-4.674617218072778,-15.590368437921724
0.00189453125,34.28494051876019,0.010311280123726582,32.833002885659646,43.326567074274976,-10.503875468739052
0.0018953125,34.56708910894151,5.917735303422878e-07,32.80426533078289,37.55060742492676,-4.746342685917395
0.00189609375,34.82066878038082,3.396240883883688e-11,32.55414516999997,29.41561376361807,3.138531406347939
0.001896875,35.017022730506454,1.9491328269940377e-15,32.13579122401447,21.313268696633955,10.822522527380517
0.00189765625,35.15674946610553,1.11862465212461e-19,31.602432456772842,14.393519220771573,17.20891323600127
0.0018984375,35.24906329288673,6.419886295131046e-24,30.99953107509988,9.043707269418261,21.95582380568162
0.00189921875,35.30543009025917,3.6844298008390615e-28,30.36211667738813,5.225846126818485,25.136270550569645
0.0019,35.33661839367397,2.1145270076833758e-32,29.71499945222078,2.701229688256973,27.013769763963808
0.00190078125,35.35145013276502,1.2135458423455842e-36,29.074347960776553,1.168156321534937,27.906191639241616
0.0019015625,35.35648181371794,6.964647441830032e-41,28.44970141136004,0.33774503063786415,28.111956380722173
0.00190234375,35.35614731603145,3.99707306443693e-45,27.845903141055487,-0.031152854953491273,27.877055996008977
0.001903125,35.35304603729215,2.293955755246273e-49,27.26471779963706,-0.12188694882878225,27.386604748465842
0.00190390625,35.348082499062194,1.3165215952260288e-53,26.70606250079994,-0.06342927476814282,26.769491775568085
0.0019046875,35.339726707130524,7.555634439472494e-58,26.168873317544403,0.06016792087864076,26.108705396665762
0.00190546875,35.31679683296507,4.336245754718644e-62,25.651667267615533,0.19882938103415457,25.452837886581378
0.00190625,34.72643478513462,2.488609976560515e-66,25.15265086605535,0.33148528478419337,24.821165581271156
0.00190703125,35.024793517288145,52.58248513089853,24.973115340397325,-45.212738937592476,17.603369147091268
0.0019078125,34.67157488752573,52.5598767222126,24.927631482458118,-37.870837003238925,10.238591763484443
0.00190859375,34.364968899561994,52.534170110776415,25.10958566956444,-28.89993842109881,1.4753539798868318
0.001909375,34.268505549225665,44.480807750033776,25.419291166591588,-13.372173846995693,-5.689342736446495
0.00191015625,34.175855798414716,44.52209250114051,25.82311323635466,-7.468615737906958,-11.230363526878893
0.0019109375,34.126617183126406,44.56488363204396,26.260417869498397,-3.585778240679696,-14.718687521865863
0.00191171875,34.10369213803315,44.60760773933853,26.70558850156407,-1.2414801735536547,-16.66053906422081
0.0019125,34.09600899651181,44.650264668387194,27.14333282329859,0.018506764795204324,-17.52543860988381
0.00191328125,34.09613711079202,44.6928543549442,27.56563548353431,0.5702875603388905,-17.69750643174878
0.0019140625,34.09937164313086,44.73537673487022,27.969233979234467,0.6980503474766611,-17.464193103112418
0.00191484375,34.10297445807518,44.77783174412736,28.35370868066277,0.600585802514539,-17.024708865979132
0.001915625,34.10553703088159,44.820219318779124,28.72014514652853,0.406717969118494,-16.506792141369086
0.00191640625,34.1064804315777,44.86253939499058,29.07026622870284,0.19283814195690396,-15.985111308244639
0.0019171875,34.10568618006575,44.90479190902847,29.40591677031854,-0.0010609967690243139,-15.497814141940902
0.00191796875,34.103232916240366,44.94697679726127,29.728793412172735,-0.158382005897505,-15.059801379191033
0.00191875,34.09919789030753,44.98909399615932,30.040332169393636,-0.27625661468941587,-14.672505212076267
0.00191953125,34.093448796276775,45.03114344229483,30.341688741308765,-0.35888540689181103,-14.33056929409425
0.0019203125,34.08520770120163,45.07312507234214,30.633766606486486,-0.4132881284326317,-14.02607033742302
0.00192109375,34.07123410949992,45.11503882307767,30.917263715387527,-0.44681509460527596,-13.750960013084867
0.001921875,34.028126592181025,45.156884631380045,31.19271403587325,-0.46566758537843356,-13.49850301012836
0.00192265625,34.39351361794012,1.1602222916419136,31.318570360160024,39.46702934967915,-9.308681281161043
0.0019234375,34.56454017533436,6.658618847756453e-05,31.350437067394896,36.792434828907695,-5.442064347701278
0.00192421875,34.80966061539979,3.821457765478739e-09,31.16793847496611,29.767090205112005,1.400848266032648
0.001925,35.00629288220757,2.4208961849044074e-13,30.813648594415696,22.151387103958452,8.662261490457004
0.00192578125,35.14697755376186,1.5344624671252127e-14,30.33752892105731,15.346254888427735,14.99127403262956
0.0019265625,35.23195955051619,2.8373454081706224e-14,29.784284670657296,9.914208191608541,19.870076479048727
0.00192734375,35.18552980841169,2.4366193330380604e-14,29.189482606922645,5.931523667360557,23.257958939562062
0.001928125,35.158948637758556,45.459223627923855,28.783344046739042,-37.22546050356379,20.549580922378976
0.00192890625,34.85078512715247,45.53042741207595,28.485863780505824,-33.53527856273987,16.49071493116974
0.0019296875,34.603944924575856,45.57159206706572,28.397042753271307,-26.971006911322924,9.796457597528509
0.00193046875,34.41367661204705,45.61268637202427,28.47379113712789,-19.971082377074126,2.832187142177743
0.00193125,34.27646549993634,45.65371198500276,28.669784766918816,-13.767124683467882,-3.2168025346160607
0.00193203125,34.18382225858677,45.69466884431605,28.94389419585621,-8.84173857278731,-7.909036075672526
0.0019328125,34.1254281731372,45.73555688828385,29.26348477034157,-5.2450777531380375,-11.226994364804245
0.00193359375,34.09143186046132,45.77637605532952,29.60479292438561,-2.8104506569892522,-13.361132473954658
0.001934375,34.07358815107303,45.81712628398013,29.951830991362733,-1.28999943385777,-14.575295858759626
0.00193515625,34.06560441666211,45.857807512866586,30.294736151264527,-0.43213637221528817,-15.130934989386772
0.0019359375,34.06303743635694,45.89841968072365,30.628087269520837,-0.019619066537610766,-15.2507133446652
0.00193671875,34.06298331091818,45.938962726390166,30.949448144024295,0.11692667759788976,-15.10644125996376
0.0019375,34.063711447764625,45.97943658880904,31.25822994704164,0.09932931501290271,-14.820535956780299
0.00193828125,34.06432579370804,46.01984120702734,31.554871974225282,0.008859570159616225,-14.473828802961675
0.0019390625,34.06449008246262,46.060176520196464,31.840294528897232,-0.10455437198341891,-14.115327619315815
0.00193984375,34.064211621851435,46.10044246757216,32.11556244455743,-0.2133559255237973,-13.771524097490929
0.001940625,34.06347469255153,46.14063898851464,32.38169906577318,-0.30479378144368025,-13.454146141297779
0.00194140625,34.05435254042375,46.18076602248865,32.639596358849616,-0.37503232307532924,-13.1661373405637
0.0019421875,34.060486284701426,51.35104632150437,32.91310098588602,-4.989845917376002,-13.44809941824235
0.00194296875,34.14345425174882,51.32531574363639,33.19153150311806,-4.349851741690128,-13.783932498828205
0.00194375,34.182322439281485,0.033837796501762635,33.25487129160327,42.14908893537574,-8.928055440274232
0.00194453125,34.526385304331065,1.941981214221445e-06,33.207875415967315,36.88014741487067,-3.6722739408845744
0.0019453125,34.79530278992315,1.114520277995214e-10,32.94457527387433,29.076692290210907,3.867882983551974
0.00194609375,34.99878388781495,6.3963309272305115e-15,32.51581829630475,21.183276741512817,11.33254155479193
0.001946875,35.1431698494243,3.670911165855094e-19,31.973405912734904,14.383038866861614,17.59036704587329
0.00194765625,35.23910019363765,2.106768542920633e-23,31.361973669186813,9.092279127487103,22.26969454169971
0.0019484375,35.298480204113,1.2090931904657076e-27,30.71613241509947,5.295738097587094,25.420394317512375
0.00194921875,35.33225647371961,6.939093276966672e-32,30.06052900848435,2.7711467611659546,27.289382247318397
0.00195,35.349370961448805,3.982407302111899e-36,29.411313512747245,1.2278283039477629,28.183485208799482
0.00195078125,35.356510598199684,2.2855389439075193e-40,28.77807715297957,0.383718096000149,28.39435905697942
0.0019515625,35.35829214017443,1.3116911123951937e-44,28.165739756548202,0.0014635094044642472,28.16427624714374
0.00195234375,35.35762742539621,7.527911869202258e-49,27.576141239843437,-0.10050029932438563,27.67664153916782
0.001953125,35.356102445302376,4.32033552525913e-53,27.00926068736863,-0.050596766055085146,27.059857453423717
0.00195390625,35.354243399763014,2.4794789544732107e-57,26.464079460440093,0.06697470009873428,26.39710476034136
0.0019546875,35.35145564884394,1.4229950080802632e-61,25.939147381212077,0.20156584458045473,25.737581536631623
0.00195546875,35.34464086682532,8.166694818555385e-66,25.43292283413668,0.3261052031854192,25.10681763095126
0.00195625,35.314624564113,4.686938737009081e-70,24.943948449659988,0.4290505787123635,24.514897870947625
0.00195703125,35.31094753558957,46.36632774674838,24.609107496620013,-41.61031466176321,19.853094411634842
0.0019578125,34.969777597021064,50.75658521939428,24.383848921526912,-42.06634366932238,15.693607371455009
0.00195859375,34.65836873094082,47.048320305663125,24.38551924261742,-31.063827007456645,8.40102594441094
0.001959375,34.44125158072013,47.084371881203154,24.583776323688276,-22.90862078687522,0.4080252293603408
0.00196015625,34.28483903672521,47.12281319956696,24.91464889773315,-15.715160529632755,-6.4930037722010585
0.0019609375,34.17992894083367,47.16118369304467,25.330626376244048,-10.022760491042968,-11.807796825757654
0.00196171875,34.11451367452358,47.19948316264014,25.794171171284113,-5.878108374683334,-15.527203616672693
0.0019625,34.07714891735331,47.23771155066697,26.278071815216933,-3.081307546720291,-17.87833218872975
0.00196328125,34.058288235867074,47.27586879955388,26.764128762034776,-1.341652270026223,-19.170087767492884
0.0019640625,34.05066725830368,47.31395485183677,27.241217882528506,-0.3661915324594851,-19.706545436848778
0.00196484375,34.04917117641557,47.35196965015869,27.703330743896156,0.09701493079719048,-19.745653837059727
0.001965625,34.05046799247717,47.38991313727009,28.14788542317625,0.2438200105926067,-19.48584772468645
0.00196640625,34.05258120479809,47.427785256028734,28.574411377041997,0.21473955513305898,-19.068113434119795
0.0019671875,34.05449794636228,47.46558594939992,28.983604798947262,0.10326735691661781,-18.58524850736928
0.00196796875,34.055859417083035,47.50331516045645,29.37669949358098,-0.03333757162036193,-18.093278095255112
0.00196875,34.05675788842317,47.540972832378834,29.75508128326828,-0.16361550732947877,-17.622276041781078
0.00196953125,34.05767797865684,47.57855890845531,30.12007606943289,-0.27314137850287495,-17.185341460519542
0.0019703125,34.05974007048166,47.61607333208191,30.47285279279998,-0.3578325628024175,-16.785387976479512
0.00197109375,34.066166576585,47.65351604676261,30.814396724010738,-0.4192380884452092,-16.419881234306665
0.001971875,34.09520607034158,47.690886996109334,31.145526240375087,-0.4616114480301288,-16.083749307704117
0.00197265625,34.101076316543725,4.153372383934349,31.337063295418762,39.09268189690345,-11.90899098541904
0.0019734375,34.43225735467057,0.0002383657324056726,31.430142222953094,39.61404493791507,-8.184141080694381
0.00197421875,34.73288822753592,1.3680046054763854e-08,31.298368162813322,32.42605768199719,-1.12768953286392
0.001975,34.96692542256694,8.049310264906087e-13,30.97735976123019,24.347813129355142,6.629546631874241
0.00197578125,35.14159863913202,2.1658309801670155e-14,30.520135347686733,17.00122178870841,13.518913558978301
0.0019765625,35.274467869069234,2.3328943579419175e-14,29.97500777152899,11.067056828962121,18.907950942566842
0.00197734375,35.55441241867492,2.8391518133034125e-14,29.381015990168486,6.670169628427736,22.71084636174072
0.001978125,34.97795826877982,47.9779355863228,29.010007132584704,-38.549747742289384,19.581819288551287
0.00197890625,34.72580239718902,48.023986314354474,28.751190181542952,-34.29343074987465,15.02063461706313
0.0019796875,34.493414421069865,48.060637068190424,28.70451220021074,-27.360143785450646,8.004018917470962
0.00198046875,34.310306740815975,48.097214908253335,28.824410146760993,-20.131052457671522,0.8582476961791798
0.00198125,34.178016888702814,48.1337203147491,29.063067119908926,-13.798726697541575,-5.2719264972985975
0.00198203125,34.089260549020516,48.170153232731934,29.3785357002382,-8.812327102107028,-9.979290430386706
0.0019828125,34.034064479198776,48.20651360733456,29.73781490916374,-5.196103401221804,-13.272595296949016
0.00198359375,34.002705227250345,48.24280138379886,30.117052727349307,-2.764841416980214,-15.360907239469341
0.001984375,33.987018245771125,48.27901650747613,30.500326376797595,-1.2584019406763418,-16.52028819000219
0.00198515625,33.98078852441574,48.315158923827056,30.877908577037438,-0.41770700353455087,-17.019543343255066
0.0019859375,33.97965552097325,48.3512285784218,31.244533883915665,-0.021423415242674083,-17.08527127926346
0.00198671875,33.98080316988743,48.38722541694012,31.59791431529774,0.10167747648890071,-16.89098857813128
0.0019875,33.98259687740373,48.42314938517141,31.937589246246876,0.07392741584570502,-16.559487554770243
0.00198828125,33.984258953207664,48.459000429014836,32.26410273778151,-0.023627682694159092,-16.171270008539167
0.0019890625,33.98563831167554,48.49477849447938,32.57845794008583,-0.14160642862410136,-15.774714125769442
0.00198984375,33.98714477108324,48.53048352768391,32.881784367433745,-0.25307977541987353,-15.395619384830292
0.001990625,33.99009684203631,48.566115474857305,33.175156444487676,-0.34588529976273014,-15.0450737306069
0.00199140625,33.99903832436976,48.601674282338486,33.45951244883271,-0.41681048289046907,-14.725351350615302
0.0019921875,34.04965137348231,48.637159896576534,33.735646082771765,-0.46784088165319454,-14.433672932151575
0.00199296875,34.07686569903631,0.3731684446893552,33.83257339660445,43.1512074935061,-9.691802541591002
0.00199375,34.44891989129116,2.141646869024739e-05,33.820453700682236,38.80275220899705,-4.982319924783505
0.00199453125,34.73582485843348,1.229110171794304e-09,33.581058218034244,31.01966693229545,2.561391284509682
0.0019953125,34.95475695694889,7.053972511799624e-14,33.16410133808875,22.855422680424113,10.308678657664563
0.00199609375,35.111825054027484,4.048337515959632e-18,32.623133494939815,15.682257062609182,16.940876432330633
0.001996875,35.21749900595328,2.3233768795825657e-22,32.00524146197961,10.022801373274412,21.982440088705197
0.00199765625,35.28397409117232,1.3334066399597715e-26,31.347470339065918,5.9127275444830305,25.43474279458289
0.0019984375,35.32273027107798,7.652539211840012e-31,30.676538172107605,3.1465230056420044,27.5300151664656
0.00199921875,35.34330796086109,4.3918602648113213e-35,30.010187768128098,1.4312925988628764,28.578895169265223
0.002,35.352960158775154,2.5205276381708032e-39,29.35913769328786,0.47387361607036244,28.885264077217496
0.00200078125,35.35680461946468,1.4465532124701657e-43,28.729043132259623,0.023105184096426968,28.705937948163196
0.0020015625,35.35820566544416,8.301897447259641e-48,28.122179509631753,-0.11571602455511538,28.23789553418687
0.00200234375,35.35921943894612,4.7645327272215776e-52,27.538749541761582,-0.08194062707918946,27.62069016884077
0.002003125,35.36101720573827,2.7344076764353123e-56,26.977819687632387,0.0319438647800439,26.945875822852344
0.00200390625,35.36426348115149,1.569300867266483e-60,26.43794216119968,0.169462960420978,26.2684792007787
0.0020046875,35.36949372598428,9.006357147204255e-65,25.917534946943558,0.29971876020757976,25.61781618673598
0.00200546875,35.3777145844985,5.168828409831187e-69,25.41508981643228,0.4086498095359275,25.00644000689635
0.00200625,35.392491518055124,2.966436561820269e-73,24.929267582105542,0.49234917202972356,24.43691841007582
0.00200703125,35.439679307424655,1.702464306721193e-77,24.45893322404814,0.5521154212575204,23.906817802790616
0.0020078125,35.040239526576165,48.08061820856387,24.158637819993444,-43.009993210475855,19.08801282190543
0.00200859375,34.852113783105914,49.36528470777493,23.966904140005767,-40.028369586664084,14.629989018894918
0.002009375,34.5839160028079,49.3992185267429,24.01440205680179,-32.3329825471322,6.948166077191086
0.00201015625,34.36761194082537,49.43300617498706,24.25424318609117,-24.007362981982112,-1.1714000069137753
0.0020109375,34.20956843877795,49.46671937389797,24.631620109473744,-16.575248698356138,-8.259850566068094
0.00201171875,34.10268316317458,49.50035807682322,25.097526675203447,-10.64669420092244,-13.756137200697333
0.0020125,34.03580276898548,49.533922233103794,25.61292955325451,-6.301228482109588,-17.619764197739695
0.00201328125,33.99765863207653,49.56741179219267,26.149351330729644,-3.3497795315872225,-20.068280929875804
0.0020140625,33.97861411674939,49.60082670365517,26.687631056191453,-1.5002399198067402,-21.41295572765698
0.00201484375,33.9712375701998,49.63416691716907,27.215979664506015,-0.45253266934007463,-21.965654583322976
0.002015625,33.970253657915485,49.66743238252456,27.727973239429392,0.05415850918602701,-21.993617652281195
0.00201640625,33.97221047192686,49.7006230496245,28.220804715108482,0.22413465226197787,-21.703952986777992
0.0020171875,33.97506375162988,49.733738868484295,28.693912289965294,0.20493756568940286,-21.244764144208403
0.00201796875,33.977791303487756,49.76677978923215,29.147987752393735,0.09538706083515365,-20.714179097673572
0.00201875,33.98010135061876,49.799745762109076,29.584311678022964,-0.04352245370676258,-20.17191163037935
0.00201953125,33.98229505998824,49.83263673746884,30.004342830537773,-0.17790585105775564,-19.65038805587331
0.0020203125,33.98545798823587,49.86545266577826,30.40949008530395,-0.29190164706279803,-19.16406093341151
0.00202109375,33.992946990301164,49.89819349761714,30.80100634439313,-0.3806981301024557,-18.716489023121557
0.002021875,34.0238861840205,49.930859183678386,31.17996266442751,-0.4457383225912061,-18.30515819665967
0.00202265625,34.0303615993022,4.348028560192564,31.411318348305095,40.94494962073808,-13.881659832625548
0.0020234375,34.377224450887375,0.00024953722335735505,31.538312898569178,41.473676556921106,-9.935613195575288
0.00202421875,34.69195195867922,1.432118440576027e-08,31.42876709873001,33.936318311459466,-2.507551227050641
0.002025,34.93684319175244,8.45177295835625e-13,31.12008972098311,25.470921098209487,5.649168622772779
0.00202578125,35.1194925726861,2.5993391758474867e-14,30.667876680432606,17.774540773764773,12.893335906667808
0.0020265625,35.25829606827243,2.36244146970874e-14,30.122775734093647,11.558999931270158,18.563775802823464
0.00202734375,35.55084311099373,2.2654873581302662e-14,29.525709698423654,6.954275411710213,22.57143428671342
0.002028125,34.9475681135953,50.1797156207836,29.16107886576976,-40.34453633997568,19.325899584961846
0.00202890625,34.683459815019965,50.221460158624936,28.91303090054737,-35.88916837356727,14.580739115489706
0.0020296875,34.440003194417145,50.25337225993654,28.886125249124213,-28.63372220405612,7.266475193243791
0.00203046875,34.24805970404541,50.28520812062606,29.03271331614809,-21.069359491233442,-0.18313531324452584
0.00203125,34.10922422991754,50.316968252668765,29.302790971776123,-14.443656554095583,-6.57052072679706
0.00203203125,34.015860265919024,50.34865260826663,29.652496646374868,-9.226410170923009,-11.469745790968757
0.0020328125,33.95751475657824,50.38026113970357,30.0473297327373,-5.442880117801149,-14.890051289165122
0.00203359375,33.92399052270763,50.411793799377705,30.462361775231326,-2.899203329499018,-17.050228694647362
0.002034375,33.90671261174676,50.44325053980143,30.880959834125754,-1.323152357896402,-18.239138347779278
0.00203515625,33.89913168285599,50.47463131360146,31.29297222170511,-0.44363082263479897,-18.738028269261555
0.0020359375,33.896615435263065,50.505936073518924,31.6929144614319,-0.029047937327416663,-18.783973674759608
0.00203671875,33.896107538604035,50.53716477240939,32.078416161634536,0.09975522253377847,-18.55850383330863
0.0020375,33.89571446203104,50.56831736324304,32.449017679668565,0.07077356986042105,-18.190073253434896
0.00203828125,33.89429231530905,50.599393799104625,32.805309387024934,-0.031195018050163982,-17.762889394029532
0.0020390625,33.89102038808571,50.630394033193575,33.14836079336675,-0.1544788834955682,-17.32755435633126
0.00203984375,33.88476385134375,50.661318018824105,33.47937221302384,-0.2708852517855544,-16.91106055401471
0.002040625,33.87202952840546,50.69216570942527,33.79948380783493,-0.36762537186924205,-16.52505652972109
0.00204140625,33.82838945281098,50.722937058540985,34.1096805823351,-0.44095106926735855,-16.172305406938527
0.0020421875,34.20839950686643,4.949857822558342,34.263111507801035,41.05069279441081,-11.737439109168115
0.00204296875,34.370943849278504,3.811650357193269,34.318231821523746,38.16642951063316,-7.659848046302681
0.00204375,34.676917436458126,0.0007431567321267223,34.13064028589739,34.18941474282112,-0.059517613655856394
0.00204453125,34.90580043079387,4.265042532947191e-08,33.755338527465945,25.767641858423396,7.987696626392121
0.0020453125,35.07666908523878,2.4477458147747426e-12,33.23738479791865,18.04922379791433,15.188161000001879
0.00204609375,35.194383168092784,1.4047830771823753e-16,32.627449672431034,11.783879309035399,20.843570363395635
0.002046875,35.26974927184668,8.062174928566226e-21,31.966593520586517,7.125731219629876,24.84086230095664
0.00204765625,35.31427729885842,4.626953843234787e-25,31.285175310033825,3.9183705401685955,27.36680476986523
0.0020484375,35.33806161529748,2.65544993219745e-29,30.60386908518337,1.8773350738789703,28.7265340113044
0.00204921875,35.34903138546299,1.5239863161197373e-33,29.93555466096828,0.6969683715915324,29.238586289376748
0.00205,35.35291816890559,8.746292910890072e-38,29.28736012356049,0.10526692072674422,29.182093202833745
0.00205078125,35.353564461099204,5.019575233316963e-42,28.662484153844705,-0.11436724018538912,28.776851394030093
0.0020515625,35.35335109298233,2.880778837346867e-46,28.06164949897116,-0.12054283004804277,28.182192329019202
0.00205234375,35.35362268650935,1.653304577371902e-50,27.484168531548782,-0.02095950935881348,27.505128040907596
0.002053125,35.35505745005956,9.488461905240526e-55,26.92866740830517,0.11684436593579904,26.811823042369372
0.00205390625,35.357973947643075,5.445512615123467e-59,26.393540447209002,0.25451011053886535,26.139030336670135
0.0020546875,35.362615376261,3.125228086239245e-63,25.87720823407716,0.3733408858093412,25.503867348267818
0.00205546875,35.36960101921691,1.793596173828194e-67,25.378243388028903,0.46685808114687294,24.91138530688203
0.00205625,35.382377210333715,1.0293607845571074e-71,24.895414865301312,0.5354066538349315,24.36000821146638
0.00205703125,35.355172997668284,4.928074596524483,24.443567469625666,-3.887072876946352,23.402565750047536
0.0020578125,35.379158468914554,5.12640168783829,24.015917272920333,-3.6151754435192203,22.504691028601265
0.00205859375,34.976997572341865,50.19416308710998,23.770452392621564,-43.67500590653653,17.25129521204812
0.002059375,34.7783916247106,51.409434627690715,23.645302523462746,-40.050956400364015,12.286824296136047
0.00206015625,34.509650730714654,51.43842822529686,23.757699902296856,-32.07149688535399,4.3907685623539825
0.0020609375,34.29477600801143,51.46727628045755,24.05872740042773,-23.64834836435789,-3.7602005156719245
0.00206171875,34.13863796378137,51.49604682292329,24.492979617902687,-16.22329530651842,-10.779771898502183
0.0020625,34.033414748517565,51.52473981327293,25.01155718334487,-10.351624926193152,-16.16155770373491
0.00206328125,33.96763010806468,51.553355208295564,25.57586921002934,-6.079145147667996,-19.89834085059823
0.0020640625,33.929911612695335,51.581892964896944,26.157988827344926,-3.1981111758290375,-22.22579296172298
0.00206484375,33.91062637094529,51.61035304009971,26.73928746137462,-1.4077212701513675,-23.463344308573724
0.002065625,33.90238123387565,51.63873539104352,27.30843126171316,-0.40529106292471795,-23.92501306640564
0.00206640625,33.899925486082914,51.66703997498504,27.859356468493427,0.06927748145154027,-23.87696098794315
0.0020671875,33.89978042167903,51.69526674929809,28.38952572954804,0.21805819903695323,-23.523799218787005
0.00206796875,33.89978124010941,51.72341567147365,28.89857138934491,0.1859547215567716,-23.010799003685516
0.00206875,33.89861582575593,51.75148669911998,29.38732152441647,0.06933001966826993,-22.43349519437178
0.00206953125,33.8953490376769,51.77947978996259,29.857151645697883,-0.07283350598194716,-21.849494638282764
0.0020703125,33.88871802132922,51.80739490184442,30.30958749086786,-0.2081467343019739,-21.289660676674586
0.00207109375,33.874887398679306,51.83523199272578,30.746086062061707,-0.3217364199322674,-20.767409510731806
0.002071875,33.82701478260587,51.86299102068453,31.167926032656506,-0.40906869101045945,-20.285996297017565
0.00207265625,34.24758374657235,1.332197429560927,31.413199175881473,45.38383757853271,-15.302835832212166
0.0020734375,34.44454987638223,7.645599448111646e-05,31.546323128786046,42.25717587684327,-10.710929204051705
0.00207421875,34.72618101026286,4.387901770594859e-09,31.429543717840414,34.14958529862311,-2.7200415851706
0.002075,34.95184048895119,2.6974734308752306e-13,31.112140823093952,25.37690109535332,5.735239727740363
0.00207578125,35.11306082465464,2.3322883484615805e-14,30.65178602905954,17.544950574779943,13.10683545427957
0.0020765625,35.21021328989578,2.60095796202472e-14,30.10004334971841,11.296872491537947,18.803170858180437
0.00207734375,35.15667691595531,2.533526462592788e-14,29.49793039809399,6.71788686651083,22.780043531583136
0.002078125,35.12585950726251,52.04791968921918,29.109275896500133,-42.70574083289546,19.767097040176413
0.00207890625,34.772554753808144,52.10930061175131,28.84256247221797,-38.469049594078825,15.202311454545487
0.0020796875,34.48955241202393,52.13627870067841,28.81236992209425,-30.940788971330303,7.616880192746141
0.00208046875,34.271409510595426,52.16317630340659,28.96938280418664,-22.91515775075956,-0.2786357484603869
0.00208125,34.1140905695748,52.18999534922091,29.260587720086676,-15.803194131912807,-7.126213497221426
0.00208203125,34.00786146029022,52.216735797845395,29.638930497912497,-10.15754190770322,-12.420263392229677
0.0020828125,33.94089568786935,52.24339760900945,30.06709543995074,-6.035306111218488,-16.14099605784022
0.00208359375,33.90190724665634,52.26998074256085,30.517934237926628,-3.2451655434641546,-18.506880961170065
0.002084375,33.88145704263605,52.29648515846588,30.973209083717443,-1.5028633416135164,-19.82041273313492
0.00208515625,33.8723525790322,52.32291081680938,31.4216992933109,-0.5199386843244542,-20.381272839174027
0.0020859375,33.869535986794034,52.349257677794775,31.857271600719397,-0.047345800960377465,-20.444640276115
0.00208671875,33.869742792559464,52.37552570174416,32.27721028291191,0.10906391307036359,-20.20737933190261
0.0020875,33.871116849230894,52.40171484909839,32.6809133529341,0.08892414995238057,-19.809725646116675
0.00208828125,33.87291659633557,52.427825080417044,33.068953734941104,-0.014629122982226761,-19.344242222493712
0.0020890625,33.87551366023734,52.453856356378644,33.44245251670793,-0.14439404379921614,-18.8670097958715
0.00208984375,33.88156335462877,52.47980863778049,33.802694185954536,-0.268836675492291,-18.408277776333666
0.002090625,33.907877686531435,52.50568188553896,34.15091963009847,-0.37358010182200624,-17.98118215361848
0.00209140625,33.911360429687875,11.959662516724872,34.36731857818846,36.40009511743064,-13.992439055967049
0.0020921875,34.21614501390386,8.159595429585748,34.49089562859257,36.77623857966553,-10.444938380658709
0.00209296875,34.48799973997213,8.228061351037724,34.404438098069704,29.993325266055468,-3.8169485190234838
0.00209375,34.863617968165975,2.445192953066676,34.1252749060217,27.713520840978177,3.9665611119768514
0.00209453125,34.93975844800673,0.00014033179671598265,33.69830191051326,22.66939001949775,11.028771559218795
0.0020953125,35.091705340267595,8.053766531936708e-09,33.1559923600503,15.966836327550553,17.189156024445982
0.00209609375,35.19766705929393,4.622128189680367e-13,32.535621892935104,10.493426857512318,22.042195035422324
0.002096875,35.26613748560392,2.6526804467350808e-17,31.872932684754527,6.404912666574586,25.468020018179942
0.00209765625,35.3071113289752,1.522396883799373e-21,31.19445442793531,3.5775508269453895,27.616903600989918
0.0020984375,35.329456801950506,8.737171017544379e-26,30.518304294574758,1.7699637905667942,28.748340504007963
0.00209921875,35.340165723702086,5.014340097656005e-30,29.855790119306562,0.7184401823455403,29.137349936961023
0.0021,35.34429944596875,2.8777743464643275e-34,29.213171983502008,0.18634231085498243,29.026829672647025
0.00210078125,35.34524507142555,1.6515802733523165e-38,28.59324717337609,-0.015832854526360053,28.609080027902447
0.0021015625,35.34507695735739,9.47856597122642e-43,27.99662150310598,-0.027501517494881257,28.02412302060086
0.00210234375,35.344910468504004,5.439833250643702e-47,27.42264566266626,0.056241106079515296,27.366404556586744
0.002103125,35.3451861967584,3.1219686484895533e-51,26.870054384541923,0.1754573608394443,26.694597023702478
0.00210390625,35.34583119467765,1.7917255535357358e-55,26.33736944709349,0.29587398917321933,26.04149545792027
0.0021046875,35.3461090249553,1.0282872189463248e-59,25.823129951377634,0.4005962801051311,25.422533671272504
0.00210546875,35.34213723991018,5.901431737476629e-64,25.326004487150364,0.4836271623884528,24.842377324761912
0.00210625,35.34215594513838,8.577646999429922,24.87039248186263,-7.24665355838539,23.539399040818097
0.00210703125,35.27649149856271,9.462178604397664,24.44755910589226,-7.363287475629491,22.348667977124087
0.0021078125,35.210902629321005,9.530660291929411,24.081764865746493,-5.97047107448209,20.52157564829917
0.00210859375,35.12015462047437,9.599080793446792,23.765610046733435,-4.401787438685155,18.5683166919718
0.002109375,35.062934479316624,52.77360966623755,23.642032102728017,-41.92497697380259,12.79339941029306
0.00211015625,34.708850684387414,53.126696374115284,23.63827930389084,-36.82355481442297,7.3351377441985255
0.0021109375,34.43917403432814,53.15052031305814,23.851740350742812,-28.969889442592233,-0.3288905197230918
0.00211171875,34.23637180756857,53.17424531618671,24.23195455083544,-21.056916459100137,-7.885374306251137
0.0021125,34.09300856047752,53.197890238778584,24.726929270006067,-14.255007193087582,-14.215953775684932
0.00211328125,33.9981896803259,53.2214550463091,25.291960762105862,-8.971702772641468,-18.957791511561773
0.0021140625,33.939922484097536,53.244939703290136,25.892433664837082,-5.186188743102732,-22.16631729535032
0.00211484375,33.90723550010596,53.268344174354226,26.503722704319937,-2.672991864419626,-24.091629605614663
0.002115625,33.89119214150045,53.29166842425466,27.109703755828928,-1.1398307944603658,-25.042133873965366
0.00211640625,33.88512746330928,53.31491241786554,27.70080493204318,-0.3040422070430154,-25.310065278779348
0.0021171875,33.88445846155264,53.33807612018185,28.272114979909073,0.07175173152249884,-25.13771287179528
0.00211796875,33.886321443194014,53.361159496319445,28.821791514653484,0.16885946363910664,-24.708227445305067
0.00211875,33.889207539819715,53.384162511515186,29.349843579698856,0.11534815073869709,-24.149667082555027
0.00211953125,33.89274399763699,53.40708513112695,29.85727087723128,-0.004937124288807659,-23.54487712960686
0.0021203125,33.8979368292908,53.429927320633695,30.34549997973283,-0.1416537493457759,-22.942773591555092
0.00212109375,33.90962272861702,53.45268904563548,30.81604671345193,-0.26798534316425987,-22.368656989019293
0.002121875,33.967858476711044,53.47537027185358,31.27035068894274,-0.3728236172129485,-21.83219596569789
0.00212265625,33.9997291132608,0.405197840450673,31.520338598344058,47.52244910124347,-16.40730834335008
0.0021234375,34.40990916616288,2.325466419806603e-05,31.644214245132293,42.672832233809835,-11.028641243341742
0.00212421875,34.726933596065486,1.334629200653979e-09,31.512848110087102,34.07535494060698,-2.562506831854506
0.002125,34.97025356816209,9.619919364264379e-14,31.181375246350882,25.075566211981553,6.1058090343692335
0.00212578125,35.148223402110496,2.3942816155901162e-14,30.709013825960717,17.176379796214654,13.532634029746038
0.0021265625,35.27835089192581,2.4110592795268493e-14,30.147795464387283,10.94797860706349,19.199816857323768
0.00212734375,35.43495164299458,2.1932164129513564e-14,29.538685608645977,6.425768727038932,23.112916881607024
0.002128125,35.000173344757144,53.53403249423098,29.124377931685828,-44.671975760629316,20.262321198084166
0.00212890625,34.72687017361012,53.67586638626733,28.83271107108127,-40.837567703231244,15.994412388045184
0.0021296875,34.450314014785945,53.697747645957065,28.791642800047555,-33.12749006794618,8.221385222036666
0.00213046875,34.22790138474526,53.71954115826029,28.95099534710719,-24.700816176875897,-0.06772963427720242
0.00213125,34.0648997145737,53.741253769510536,29.2551462160062,-17.139306711254058,-7.346800842250278
0.00213203125,33.95408755128752,53.76288544740379,29.65408731399121,-11.085293022821602,-13.023505110590978
0.0021328125,33.884188189314784,53.78443615936319,30.107813928740786,-6.633424689113482,-17.04319754150892
0.00213359375,33.84377051324756,53.805905872933714,30.587010219305114,-3.599258174576346,-19.619637479052255
0.002134375,33.82303497863859,53.82729455578239,31.071841367842154,-1.6895614121479405,-21.06589177579229
0.00213515625,33.814419417186194,53.84860217569824,31.550001686777033,-0.6005039434456452,-21.69809654547556
0.0021359375,33.812575741705786,53.869828700592365,32.01468269705279,-0.06677972516248243,-21.788366278377094
0.00213671875,33.814070633453035,53.89097409849802,32.462794564056395,0.12011455621140499,-21.548294090653027
0.0021375,33.81705237146138,53.9120383375706,32.89356611168823,0.11117934880505516,-21.129651574687422
0.00213828125,33.82114385180052,53.93302138608775,33.30752978085019,0.007831476394221682,-20.633323081631787
0.0021390625,33.828427493378506,53.953923212449375,33.705839675607045,-0.12714922654261188,-20.120934310299717
0.00213984375,33.85446981752576,53.97474378517771,34.08985393889278,-0.2589059453114878,-19.62598390097344
0.002140625,33.85891338612605,16.012930716495376,34.347705519682535,34.13155865358373,-15.796783850396574
0.00214140625,34.14552936080807,12.458627328080674,34.516250031754495,34.44522721633549,-12.387604512661666
0.0021421875,34.4033489481491,12.526125609873185,34.48605561961997,28.063696430628198,-6.103766420881415
0.00214296875,34.59961428199924,12.59381288704041,34.288964542252025,20.935641885033604,0.7595097701780091
0.00214375,34.73261662023096,12.66148121008226,33.97178976089287,14.472160511577869,6.838148039232741
0.00214453125,34.93402455379216,0.32621094740325063,33.537079320893056,20.510804158022594,12.700064215467204
0.0021453125,35.04462777120871,1.8721536188016654e-05,33.0343989038088,15.9555634937356,17.078816688537014
0.00214609375,35.15038892452484,1.074445600398402e-09,32.45482228509173,11.382277096770725,21.07254518724656
0.002146875,35.22559209020647,6.16633879090764e-14,31.827093358999463,7.602353805925074,24.22473955307433
0.00214765625,35.27519942837966,3.538916634788508e-18,31.175619654458167,4.752503320107837,26.42311633435033
0.0021484375,35.30575615790243,2.0310157084540248e-22,30.518637118592142,2.765166168001176,27.753470950590966
0.00214921875,35.32325610930274,1.1656179655199825e-26,29.868641282638407,1.4834886164119057,28.385152666226503
0.00215,35.33249622720823,6.689585097188327e-31,29.233427248643807,0.7298767600471067,28.5035504885967
0.00215078125,35.336976088352145,3.839212340259436e-35,28.617274954317892,0.3422089038712926,28.2750660504466
0.0021515625,35.339035663156764,2.2033580826702476e-39,28.022034268976974,0.18916690406697045,27.832867364910005
0.00215234375,35.34006728069841,1.2645267857573738e-43,27.448005348092053,0.1732423251785029,27.27476302291355
0.002153125,35.34068465631901,7.257231606947949e-48,26.894592969779495,0.22733639621984392,26.66725657355965
0.00215390625,35.34064030217353,4.164989717109058e-52,26.36075694923033,0.3087457761652303,26.052011173065097
0.0021546875,35.33702881010277,2.3903246145563743e-56,25.84529797172906,0.392766644441997,25.452531327287062
0.00215546875,35.18594803455464,1.371828540052184e-60,25.34696386831889,0.46836429445828004,24.878599573860612
0.00215625,35.26546319040261,13.740727155940025,24.94364799325287,-11.402667974903412,22.605588812216258
0.00215703125,35.175131839689975,13.808842215351117,24.586659724078878,-9.52863376255297,20.306451271280732
0.0021578125,35.10305335713178,13.87615179672339,24.3000301557299,-7.226393622415611,17.65027198142212
0.00215859375,35.04378576061958,13.943440435828208,24.06818495774181,-5.048107755351315,15.172852277264917
0.002159375,34.964812223123296,14.010708076361144,23.87632253230251,-3.242948111502722,13.108562567444086
0.00216015625,34.91846110382789,54.181145120596554,23.8551554468423,-38.116473813786904,7.7904841400326506
0.0021609375,34.595635800038586,54.50605613615527,23.936794396968615,-33.483994101289525,2.9147323621028662
0.00216171875,34.35026246570041,54.52460690383619,24.212703606982124,-26.35019581501649,-3.9617074818375713
0.0021625,34.16576729579414,54.5430579808685,24.637178305654675,-19.165276840122896,-10.740602835090925
0.00216328125,34.03529811782997,54.56142691603242,25.163116837111474,-12.990736137414931,-16.407573941506012
0.0021640625,33.94893860448462,54.579713682673386,25.750041661702113,-8.195801028849823,-20.633870992121448
0.00216484375,33.895798442197574,54.59791825325192,26.3666359673781,-4.761054076392641,-23.470228209481178
0.002165625,33.86592822473016,54.616040600352264,26.990651122976438,-2.481469543891801,-25.143919933484025
0.00216640625,33.85124031461788,54.63408069668249,27.607552913276045,-1.0915110946126383,-25.935016688793805
0.0021671875,33.84573137749137,54.65203851507454,28.20875113019263,-0.33447078863633806,-26.108816596245568
0.00216796875,33.84533057306733,54.66991402848427,28.78988183814388,0.0051854057450807295,-25.88521759608547
0.00216875,33.84762458882644,54.68770720999147,29.3493622652322,0.09205268844599052,-25.43039763320526
0.00216953125,33.85169267480935,54.70541803279994,29.887285808060387,0.042370280125338416,-24.860502504864893
0.0021703125,33.858558719076974,54.72304647023749,30.404641184535784,-0.06778837137930614,-24.250616914322404
0.00217109375,33.875402519234896,54.740592495756026,30.90280286482984,-0.1928314415234894,-23.644958189402697
0.002171875,34.00570595487742,54.75805608293154,31.383267489541904,-0.3096719654208457,-23.065116627968788
0.00217265625,34.07968375179524,0.03610894151793148,31.601410530741227,48.30173027957626,-16.736428690352966
0.0021734375,34.47145155145517,2.072324265569999e-06,31.675906523394335,41.71142226437373,-10.03551781330366
0.00217421875,34.77648550136025,1.1894957233373863e-10,31.500313302661283,32.56964287625346,-1.069329573711127
0.002175,35.00703991735622,2.800843158414887e-14,31.134478115425793,23.522818645767288,7.611659469658477
0.00217578125,35.17258616037199,1.6041762258530183e-14,30.637986278056196,15.824392141753322,14.813594136302857
0.0021765625,35.28994215884641,2.0335457418658415e-14,30.06155417403655,9.888030498221154,20.173523675815378
0.00217734375,35.40142498958804,1.6608696322875817e-14,29.44419164987199,5.660548275328459,23.783643374543512
0.002178125,34.98808452975011,53.48535096559554,28.985927644994536,-45.639618216950865,21.140194896349858
0.00217890625,34.79219639213188,54.911433454420575,28.637502776835476,-44.056263259398925,17.782332581813826
0.0021796875,34.49504032306042,54.92815211671726,28.55603540713888,-36.411231748193586,10.03911503861521
0.00218046875,34.2500287858334,54.94470717831293,28.69542445695298,-27.543747832391375,1.2944651110314256
0.00218125,34.06766778777173,54.96117948953081,28.99720429605135,-19.359736888898823,-6.604238304580633
0.00218203125,33.942023466174966,54.97756903020535,29.407273941890594,-12.684728523689747,-12.885566564625012
0.0021828125,33.861681343128645,54.993875775654516,29.88152644839422,-7.701953477008016,-17.410395850252282
0.00218359375,33.81449213451269,55.0100997013206,30.38713632632466,-4.256955413534232,-20.366007961461705
0.002184375,33.789785210269926,55.02624078277069,30.90155796277976,-2.0537767198574954,-22.07090610013344
0.00218515625,33.7791969363927,55.04229899569661,31.41055859546105,-0.770395433806073,-22.86134496642949
0.0021859375,33.77675844259879,55.05827431591497,31.906066128350698,-0.11843126007776555,-23.033776927486507
0.00218671875,33.77867140614191,55.07416671936723,32.38423665254422,0.13274342140306583,-22.822673488226076
0.0021875,33.78314752482319,55.08997618211973,32.843906422285045,0.15260999919414503,-22.39867975902883
0.00218828125,33.791198539874586,55.10570268036368,33.28545325096098,0.056628757396219954,-21.87687818679892
0.0021890625,33.816711896785094,55.121346190415274,33.71002452666096,-0.082678558298133,-21.328643105456184
0.00218984375,33.822048099045325,19.970533403460962,34.01424712308602,31.720491216334207,-17.676777496709143
0.002190625,34.08842652113235,16.683228068826406,34.23260628792741,31.962556956387335,-14.413178737286328
0.00219140625,34.32806852527865,16.749355458247354,34.26416090337167,26.0101232074397,-8.495317762315388
0.0021921875,34.51139111174822,16.81565008136795,34.138758571636146,19.3748488856626,-2.0517403953944084
0.00219296875,34.642506326691745,16.88191939146875,33.9000519327424,13.363833793806174,3.654298747467479
0.00219375,34.72731940899538,16.94816327770467,33.587663208991785,8.520864803520139,8.118635127766973
0.00219453125,34.75620182068382,17.01438164031298,33.23346549544475,4.941846112083748,11.277237743048016
0.0021953125,34.939305710217916,0.03808256753358948,32.793085431994704,17.789566360851797,14.965436503609315
0.00219609375,35.048661349162295,2.1855923962335387e-06,32.311424508944114,14.47156139664292,17.839860926708802
0.002196875,35.14555965282599,1.2543309004206794e-10,31.76129952615397,10.838839527708865,20.92245999831967
0.00219765625,35.21793876185162,7.198716514852087e-15,31.1659206065109,7.594574990432858,23.571345616078034
0.0021984375,35.268183925012195,4.131407385708525e-19,30.546107201934092,5.006973753040626,25.539133448893466
0.00219921875,35.30104705284903,2.3710514161061748e-23,29.91834793412797,3.111523132666291,26.806824801461676
0.0022,35.32145020588733,1.360767480173093e-27,29.294539454419436,1.8258094588802807,27.468729995539157
0.00220078125,35.33364979485955,7.809565505490124e-32,28.682525519167395,1.022114369708541,27.660411149458856
0.0022015625,35.34098882528055,4.481979050291768e-36,28.08694616832886,0.5691160314301374,27.517830136898723
0.00220234375,35.3459752947563,2.572247610079247e-40,27.510114961742516,0.3526213043285504,27.157493657413966
0.002203125,35.35064503809292,1.4762357640042247e-44,26.95278358894205,0.28315185020858447,26.669631738733468
0.00220390625,35.357883756918746,8.472248248519112e-49,26.414742205569677,0.29605554000138173,26.118686665568294
0.0022046875,35.38847616741077,4.862298566039195e-53,25.895261185765317,0.3477825970892468,25.54747858867607
0.00220546875,35.231834859031,17.898702001379743,25.464604541768196,-15.65504859784003,23.220951138228482
0.00220625,35.135831237960474,18.004524229115695,25.091281677747585,-13.733370133713017,20.820127582344906
0.00220703125,35.04244210492528,18.070322973420783,24.81322816702305,-10.797204272067715,17.54010946566998
0.0022078125,34.968581271651885,18.1360922087189,24.61089088942826,-7.809311057704325,14.284109738413683
0.00220859375,34.91383507936339,18.201834131258146,24.464176197134236,-5.226314403705459,11.488656469581551
0.002209375,34.87167755666094,18.267548642164147,24.35566030762888,-3.2113449746622535,9.299456640126989
0.00221015625,34.810237256834995,18.33323564247201,24.27169821275711,-1.7615127893982927,7.69997535968339
0.0022109375,34.77664528862493,55.2441209238647,24.33384469986919,-34.08857658429037,3.178300360294861
0.00221171875,34.48665563285283,55.53879000753149,24.481685476140495,-30.108927011601534,-0.9481775197894621
0.0022125,34.26570307836344,55.55194963217215,24.80121078813757,-23.789859465201758,-6.960879378832826
0.00221328125,34.09895193182195,55.565009445302785,25.252086886691345,-17.370142950253914,-12.942779608357524
0.0022140625,33.98053941830524,55.57798557760642,25.792334967910186,-11.826727936655224,-17.95892267304101
0.00221484375,33.90174968642702,55.59087801046814,26.38571078894667,-7.507121812007191,-21.698045409514275
0.002215625,33.85290312411342,55.60368672447222,27.004090156149395,-4.403766242905528,-24.195830325417298
0.00221640625,33.825114671931196,55.61641170032897,27.627452688637547,-2.3380691463862897,-25.650889865305132
0.0022171875,33.81115909864339,55.62905291887481,28.242703674274473,-1.0741953140175688,-26.31215393058277
0.00221796875,33.80571560501267,55.641610361072296,28.842102197847623,-0.38245480768223006,-26.417053355542443
0.00221875,33.80531357864757,55.65408400801012,29.421724542659902,-0.06915013994510022,-26.16320932540512
0.00221953125,33.80832074901149,55.66647384090324,29.980165822368917,0.01412261002039671,-25.700430628554717
0.0022203125,33.815781178969864,55.67877984109275,30.517544304178568,-0.027541998864940933,-25.13369353804924
0.00222109375,33.839055410117076,55.69100199004605,31.03479894524115,-0.12527588072184934,-24.53092716408305
0.002221875,34.46311618195205,55.70314026935682,31.533468304806316,-0.24332034675988723,-23.92635161779062
0.00222265625,34.14577807279513,0.0031968527256611957,31.694211947940047,48.01867946363777,-16.32766436842338
0.0022234375,34.516187046401015,1.8347023259180464e-07,31.713208760939775,40.27327793385646,-8.560069356386919
0.00222421875,34.803305785141426,1.0545528263266294e-11,31.491388274657652,30.793131812239153,0.6982564624079544
0.002225,35.01409089858017,1.978506015308841e-14,31.091026947979564,21.83818814771901,9.252838800260534
0.00222578125,35.157484695944355,1.7882767202004286e-14,30.571140949871833,14.427040220159626,16.14410072971219
0.0022265625,35.24447989169993,2.6078250403351403e-14,29.980545937302356,8.831513950691056,21.149031986611277
0.00222734375,35.27678999969458,2.0738562816565368e-14,29.355963566070074,4.922489566232926,24.433473999837126
0.002228125,34.68027730465434,2.3058902313394385e-14,28.722605038380795,2.400694054291828,26.321910984088944
0.00222890625,35.009253204133266,55.805405422403545,28.417934506131342,-47.539520608906415,20.15204969263421
0.0022296875,34.63882708001725,55.81990608929482,28.256026558956968,-40.64209597416921,13.07821644383136
0.00223046875,34.34604785760742,55.831120807632054,28.341757709794265,-31.525977481740757,4.036614383902968
0.00223125,34.12669314092207,55.842251261551326,28.615150027954805,-22.64751224274263,-4.579588990853894
0.00223203125,33.97275165436362,55.85329761803883,29.017550873534013,-15.161843213792142,-11.673903530712673
0.0022328125,33.871579746659656,55.86425986046952,29.499491915424173,-9.428690591487095,-16.93607735355825
0.00223359375,33.80959024929706,55.87513797233444,30.023171498697298,-5.370486842549691,-20.481479631087453
0.002234375,33.77455218498173,55.88593193725136,30.561976891004242,-2.7088286479463104,-22.615126398300806
0.00223515625,33.75656246256536,55.89664173896476,31.09864026980245,-1.1079605865768636,-23.69004088258545
0.0022359375,33.748137482123305,55.90726736134587,31.62299751861159,-0.25257224120228794,-24.031697601531995
0.00223671875,33.74371253081675,55.917808788392705,32.12987664468136,0.11742833507160418,-23.905360478782946
0.0022375,33.73826939732694,55.92826600423005,32.617352323543855,0.1980033598509489,-23.508917040537142
0.00223828125,33.7200152703123,55.93863899310955,33.08542612869908,0.12596792671786547,-22.97918079112833
0.0022390625,34.41177696262206,31.131842013925983,33.46557412535515,22.505457003383395,-20.171724891954234
0.00223984375,34.07948320773664,20.80857903621602,33.73984708476188,29.87797683072937,-16.946708782183517
0.002240625,34.277755444506425,20.872520220398165,33.85629233342847,24.600374392836684,-11.616602279806383
0.00224140625,34.44277151074444,20.93702610361892,33.821353441802614,18.48483016274054,-5.60050282455684
0.0022421875,34.56530065747774,21.001500490269315,33.67531828204052,12.843609739736491,-0.16979194796528674
0.00224296875,34.64949731037391,21.065943249041503,33.4554485018093,8.244308234207645,4.145197018560156
0.00224375,34.704147874979405,21.130354282883836,33.19210684552987,4.812252532639098,7.2495000300069385
0.00224453125,34.742266402431795,21.194733494794498,32.907877542749254,2.440322936304941,9.272821111649817
0.0022453125,34.994711491930595,21.25908078781956,32.61835337640591,0.9219571713838001,10.437315417202553
0.00224609375,34.878958821039646,0.0012200775401971303,32.210661359747924,18.551823943537315,13.657617338670413
0.002246875,35.020985008307605,7.00213343629782e-08,31.76458867925294,15.22835289811174,16.53623571111987
0.00224765625,35.129389228830426,4.018586609814824e-12,31.24424052488349,11.50146569107995,19.742774833799523
0.0022484375,35.20856406372212,2.306302570138015e-16,30.673578661441177,8.11727468812151,22.556303973319668
0.00224921875,35.26306563430584,1.3236075420234169e-20,30.074381592715202,5.387554558138594,24.68682703457661
0.00225,35.29835541334585,7.596301317898765e-25,29.464113822382483,3.36924558661563,26.094868235766853
0.00225078125,35.31970089597894,4.359584837670079e-29,28.85551962552018,1.9875756326430416,26.86794399287714
0.0022515625,35.33147499825205,2.5020044836899847e-33,28.2571098363759,1.114674148200574,27.142435688175325
0.00225234375,35.336764393221635,1.435922609491039e-37,27.674011341903082,0.6153139113965956,27.058697430506488
0.002253125,35.33669299391473,8.240887471978787e-42,27.10886985356826,0.37015136446605335,26.738718489102208
0.00225390625,35.324600276183936,4.7295185601881655e-46,26.5626460552749,0.28478691636120707,26.277859138913694
0.0022546875,35.32254938389396,20.112770680856375,26.095186357005357,-17.97959720278953,23.962012878938513
0.00225546875,35.17043458666133,22.092536994410104,25.687274314811326,-18.2194119612503,21.814149281651524
0.00225625,35.032658678576574,22.156537221977143,25.39662036962917,-14.87864427015718,18.118727417809207
0.00225703125,34.926195482859264,22.220394136590723,25.20615271929424,-11.118626743476613,14.10438532618013
0.0022578125,34.848450853789885,22.28421758138242,25.090733710899766,-7.696463242682569,10.502979372199913
0.00225859375,34.79476363463285,22.34800746654482,25.02741742666205,-4.93058069460111,7.60999065471834
0.002259375,34.75879914982493,22.411763696011832,24.997621124904953,-2.881021993460224,5.466879422353346
0.00226015625,34.732117091087865,22.47548617376775,24.98755012725307,-1.473914664367206,3.985978617852527
0.0022609375,34.68503404370671,22.539174803847672,24.98770617033499,-0.5808026583988881,3.029334024886208
0.00226171875,34.660301938150035,55.95577718621179,25.11100234399533,-30.204179292685993,-0.6405955495304654
0.0022625,34.40101592660304,56.21833041899819,25.30520197684077,-26.874289134373637,-4.038839307783786
0.00226328125,34.2023746347574,56.22601521326304,25.650073875706056,-21.348574194109716,-9.227367143447267
0.0022640625,34.051453959388176,56.23360070989783,26.110485838797636,-15.666020884129578,-14.457093986970614
0.00226484375,33.94334420174655,56.241101518907016,26.64937241022951,-10.726418153166344,-18.865310955511163
0.002265625,33.87041978783825,56.24851762983367,27.23451831922503,-6.859033784467984,-22.154965526140657
0.00226640625,33.82404210778778,56.255849031509314,27.840816459298,-4.069254133021684,-24.34577843918963
0.0022671875,33.796137537112656,56.26309571289298,28.450335398277595,-2.204688127693415,-25.608072186921966
0.00226796875,33.779928910817446,56.27025766307128,29.051315353981593,-1.0583610119419276,-26.160581297147758
0.00226875,33.76999003009388,56.27733487125846,29.636789177306923,-0.4265810444276637,-26.213964649523874
0.00226953125,33.76163360371043,56.284327326796394,30.2032197934777,-0.13651362132599595,-25.944593911992698
0.0022703125,33.748400696622056,56.29123501915454,30.74934084070567,-0.05508568461305688,-25.486808493835813
0.00227109375,33.69971431120533,56.29805793793006,31.275253208074037,-0.08730802912111164,-24.935496700734912
0.002271875,34.1599811213513,1.4457462765440316,31.60494394625774,49.585303661734,-19.426105992020293
0.00227265625,34.37796818410517,8.297266372393529e-05,31.80859760834552,46.12075135148372,-14.312236715801923
0.0022734375,34.68831111173781,4.761894665664656e-09,31.737225306279868,37.243769971825756,-5.5065446703077825
0.00227421875,34.93920897900894,2.9314347117425593e-13,31.444900069481225,27.65271454737163,3.7921855221093006
0.002275,35.1237155565325,2.5491984546904527e-14,30.994749140281026,19.09626876907667,11.898480371204332
0.00227578125,35.25067104607148,2.044636039849849e-14,30.443180289013632,12.273226951837367,18.169953337176242
0.0022765625,35.334572754413635,1.7990572927458426e-14,29.835103446824263,7.273073932997497,22.562029513826747
0.00227734375,35.394641816796,1.928148517196152e-14,29.203275055386257,3.8770127559030443,25.326262299483194
0.002278125,35.505936596638996,2.3498353263805078e-14,28.569757995272024,1.747525333649957,26.822232661622042
0.00227890625,35.01470624129032,56.23566267715569,28.172010287085545,-49.93970662127784,21.8760542312077
0.0022796875,34.706961427984005,56.367504911675,27.920882085515057,-44.499560132516066,16.052937306356124
0.00228046875,34.40533038150281,56.37331701104637,27.941438804243653,-35.47829929869588,7.046421091893167
0.00228125,34.16662481335372,56.37903698511146,28.174858936805666,-26.074650002026107,-2.129528046279687
0.00228203125,33.993796518110535,56.38467205295092,28.559087359589473,-17.83888729254397,-9.986697400817476
0.0022828125,33.87746732666699,56.39022220649325,29.039706861050945,-11.354554983801407,-15.995960361640897
0.00228359375,33.80460817404622,56.395687437380005,29.573936376847662,-6.65272846938992,-20.169022591142422
0.002284375,33.762436289416925,56.40106773738068,30.13089156901105,-3.4922048592399904,-22.777971309129637
0.00228515625,33.74007134105473,56.40636309839263,30.689996592141583,-1.5344514389983264,-24.18191506725272
0.0022859375,33.72884561867318,56.41157351244114,31.23872803510019,-0.4423978603388622,-24.730447617002085
0.00228671875,33.7213533034652,56.416698971679416,31.77035923593916,0.07189300369617513,-24.71823273943643
0.0022875,33.70488254377222,56.42173946838861,32.28202659345684,0.23125451944457961,-24.370967394376347
0.00228828125,34.32844921850925,34.094792360227984,32.710663824320925,20.45587421093042,-21.84000274683748
0.0022890625,34.03069751811264,24.80915417357904,33.039673795192414,27.089497606121967,-18.858977984508595
0.00228984375,34.210052715930196,24.87098696140872,33.222379933448465,22.300492852620213,-13.949099880580462
0.002290625,34.35882918146235,24.933318755792428,33.26493756379023,16.744112996016,-8.412494188018202
0.00229140625,34.46848785576579,24.995613031836687,33.204045912493136,11.615531660081027,-3.407098779424576
0.0022921875,34.542404444982694,25.057869664941236,33.07367184251892,7.4323284372663085,0.5834737403113763
0.00229296875,34.58747009601992,25.12008856134691,32.901518605714614,4.30949767846875,3.471932365898951
0.00229375,34.610746317648896,25.1822696273532,32.70821788198886,2.1503589220728565,5.3755893325628
0.00229453125,34.61704429997237,25.24441276931652,32.5079563413297,0.7695303268972329,6.494013245115948
0.0022953125,34.59848179050025,25.306517893650422,32.30970317088471,-0.03458597491442257,7.037771252148712
0.00229609375,34.80457818364538,0.6508243399451914,32.038881479804026,21.975844080187244,9.412213059671595
0.002296875,34.899678248691416,3.7351387282732666e-05,31.728801667843058,20.35431559464021,11.374448721815567
0.00229765625,35.03626000053047,2.1436293118081192e-09,31.312418529164155,16.430483797045138,14.881934729975388
0.0022984375,35.14672266932765,1.2302479133264375e-13,30.813109585715736,12.240951562569862,18.57215802314575
0.00229921875,35.2281375630971,7.06050211156812e-18,30.257968986939034,8.526793852932963,21.73117513400607
0.0023,35.28428344804759,4.052084911297903e-22,29.671017468173172,5.578758924684035,24.092258543489137
0.00230078125,35.320964733750166,2.3255275430717804e-26,29.07121178917362,3.427546824235026,25.643664964938594
0.0023015625,35.34418964506724,1.3346409248500269e-30,28.47221347412414,1.973389263069602,26.498824211054536
0.00230234375,35.35977554787129,7.659622882520959e-35,27.883043235539297,1.0676055183722362,26.81543771716706
0.002303125,35.37586658127599,4.395925646370493e-39,27.309071523019757,0.5591301616075229,26.749941361412233
0.00230390625,35.491088093089,2.522860796778263e-43,26.75306953110635,0.3163975490936037,26.436671982012747
0.0023046875,35.156536486285255,26.04372323474819,26.34793739607523,-22.670514433921905,22.974728595248948
0.00230546875,35.00815986056542,26.11038213848368,26.0230310451583,-19.345133392128975,19.257782298803598
0.00230625,34.87711605930275,26.17194551194383,25.825416068598045,-14.958586525919296,14.612057082573514
0.00230703125,34.77667255663939,26.233469180746706,25.72592581114082,-10.69109876770887,10.183555398102982
0.0023078125,34.705705402377404,26.29495334240243,25.69606120453689,-7.095423516528884,6.496531378663345
0.00230859375,34.65890097685474,26.35639790433363,25.71176491446593,-4.342954336444356,3.6983213465766585
0.002309375,34.62982345214675,26.417802774005906,25.75460429675121,-2.395587727208685,1.732389249953991
0.00231015625,34.61204988658226,26.47916785894465,25.81153568952796,-1.1191321365764832,0.4514999671597963
0.0023109375,34.598261317990904,26.54049306673511,25.87401441079147,-0.3520723705997455,-0.3144062853438939
0.00231171875,34.562734424916115,26.601778305022666,25.93690779050984,0.057392151589223776,-0.7222626661020499
0.0023125,34.54433508563471,56.311588199794144,26.10323618186339,-26.556983919551545,-3.651368098379207
0.00231328125,34.31542121488493,56.54035590029936,26.328478998074925,-23.779352651915268,-6.432524250309169
0.0023140625,34.139106590563465,56.54251699349683,26.684868183296324,-18.979615455281944,-10.878033354918564
0.00231484375,34.00436759171681,56.544579934417726,27.141995536938744,-13.990373157999509,-15.412211239479475
0.002315625,33.90714504065685,56.546557719477036,27.66739450809707,-9.628382196667792,-19.250781014712178
0.00231640625,33.84082004612503,56.54845034644229,28.23268388990195,-6.199292060555356,-22.116474395984984
0.0023171875,33.797731111637226,56.55025781246327,28.81566219464719,-3.717066351330552,-24.017529266485532
0.00231796875,33.77053493352397,56.551980114817965,29.400429525027487,-2.0522646571479046,-25.099285932642573
0.00231875,33.752665085857224,56.55361725091262,29.976535710155556,-1.024528516373974,-25.552553024383094
0.00231953125,33.73753688627044,56.555169218281755,30.537778695108965,-0.45471969599521755,-25.562670827177573
0.0023203125,33.71238282293444,56.55663601458811,31.08100390382248,-0.18994190228460492,-25.28569020848102
0.00232109375,33.4663536542627,56.558017637622726,31.604989611082935,-0.1096959926301798,-24.84333203390961
0.002321875,34.19497905908012,0.011002288798851938,31.823221521415483,49.60841014590086,-17.79619091328423
0.00232265625,34.51698177483178,6.314311445900734e-07,31.89023374175512,42.22802433436515,-10.337791224041176
0.0023234375,34.80006751592796,3.625176231289149e-11,31.703679277463035,32.64064505441105,-0.9369657769842686
0.00232421875,35.015778746756006,1.1061212084697337e-14,31.326466252761758,23.368568284242944,7.957897968518804
0.002325,35.16649861954843,1.7002188091794986e-14,30.819703727046264,15.584145595325694,15.23555813172055
0.00232578125,35.26315612990038,7.503411674322865e-15,30.234692728498803,9.641756831341741,20.592935897157055
0.0023265625,35.31801522720306,9.680480350265022e-15,29.610475847752454,5.448357576470585,24.16211827128186
0.00232734375,35.33978181590898,1.0888926638348994e-14,28.974416274445627,2.707414975254979,26.26700129919064
0.002328125,35.317011347937026,1.1016941492850748e-14,28.344155340055366,1.0665948405023813,27.277560499552973
0.00232890625,35.3117296736053,51.643647469774514,27.88386994129463,-46.715037688041974,22.95526015956209
0.0023296875,34.91615924176271,56.56731098758175,27.550421186502327,-47.68524199322056,18.668352192141136
0.00233046875,34.55586290264842,56.56795295365745,27.49585952630488,-39.21683948207085,10.14474605471828
0.00233125,34.27616729359598,56.56822719772525,27.67807438470935,-29.539515712663842,0.6493628996479445
0.00233203125,34.07155677937113,56.56841623485047,28.033299823252236,-20.668931644803372,-7.866184766794861
0.0023328125,33.931182134320196,56.568520080962216,28.502948298022144,-13.466058226324623,-14.599513556615449
0.00233359375,33.840921011704076,56.56853873590503,29.039481045808863,-8.108491008150947,-19.42056668194522
0.002334375,33.78666053100039,56.56847219965082,29.607661153164443,-4.417026061481738,-22.54378498500464
0.00233515625,33.755977449949675,56.5683204722998,30.18338806921957,-2.0652438461191447,-24.319688556961086
0.0023359375,33.73808462518846,56.56808355408046,30.751527039139443,-0.7022541648857521,-25.114302350055265
0.00233671875,33.71835958762581,56.567761445349575,31.303561183444295,-0.015646119118493507,-25.248554142786787
0.0023375,34.2671980937074,36.854051336545005,31.780265386263427,18.128618527809124,-23.202404478090703
0.00233828125,34.00456267783053,28.661512816516954,32.16518132219977,24.101770330190273,-20.598101824507456
0.0023390625,34.1638273389968,28.720867802451778,32.41639432240157,19.893568244576343,-16.198041724626545
0.00233984375,34.296199893222024,28.780653121258045,32.539308114329366,14.957569909625953,-11.198914916554632
0.002340625,34.39385280670344,28.840395124100354,32.56662713245388,10.37898305421577,-6.6527510458622405
0.00234140625,34.45969692718404,28.900093693830378,32.52877744680477,6.63225156715254,-3.003567814178153
0.0023421875,34.49992174419574,28.959748740541585,32.45067112844882,3.8277968713797605,-0.3368744834725263
0.00234296875,34.52113218496763,29.019360174394528,32.350932842999484,1.8837118767223893,1.4478607918825646
0.00234375,34.52893082009447,29.07892790561551,32.242429964495926,0.6366280954109542,2.52687396346946
0.00234453125,34.52692857219887,29.138451844496586,32.13335812966083,-0.09282788864001663,3.0877341738042547
0.0023453125,34.513566343745076,29.19793190139579,32.02843876642572,-0.46596290201349577,3.296469767043428
0.00234609375,34.383086816330874,29.257367986737208,31.929953628038422,-0.6109555840084255,3.2835412253096403
0.002346875,34.75672040804985,0.0056928934924556545,31.69020694919513,25.158846941913215,6.525667113789459
0.00234765625,34.92055138146875,3.2672021703116816e-07,31.388538730054176,21.476176243583843,9.912362159750117
0.0023484375,35.0656286166706,1.8750763624570855e-11,30.970676971076927,16.674257522880676,14.296419448177497
0.00234921875,35.177424304892774,1.0761229889578243e-15,30.46769826031679,12.024534576690183,18.443163683626608
0.00235,35.25727995203043,6.175965472926306e-20,29.909836201237567,8.118791872305147,21.79104432893242
0.00235078125,35.31113840313762,3.5444414731551414e-24,29.32243753901098,5.136835920186118,24.18560161882486
0.0023515625,35.34635723837837,2.0341864622940545e-28,28.724718512506506,3.0329294704706946,25.69178904203581
0.00235234375,35.37133659523168,1.1674376893285163e-32,28.130049069067084,1.6585579145798999,26.471491154487182
0.002353125,35.40657090761436,6.700028653851537e-37,27.5469415449167,0.8365610662826516,26.710380478634047
0.00235390625,35.16670167313386,29.083379903629726,27.073981773187324,-25.9764610146863,23.967062884243898
0.0023546875,35.052263820403915,29.908193294227175,26.67705766286953,-24.424196521358937,21.19306089000129
0.00235546875,34.887354719238324,29.96713871197598,26.436518744867378,-19.844468843659058,16.313848876550455
0.00235625,34.75348172515933,30.02599504849678,26.324170566476646,-14.79074097582492,11.088916493804785
0.00235703125,34.655037095904866,30.084806163889287,26.306391180228008,-10.234454496999739,6.456039513338459
0.0023578125,34.58791592169568,30.143571972107246,26.352790200554416,-6.574985000828757,2.784203229275926
0.00235859375,34.54534244466658,30.202292384650573,26.438936472516595,-3.877033965842404,0.11367805370842561
0.002359375,34.52031307211612,30.2609673130874,26.54682247142036,-2.033767671945207,-1.6803771697218324
0.00236015625,34.506631623792536,30.319596669054306,26.664165177239582,-0.8705473285451657,-2.7848841632695582
0.0023609375,34.49902223831938,30.378180364256618,26.783243365170563,-0.20495362971187278,-3.3899833693741814
0.00236171875,34.49181556802693,30.436718310468258,26.899676811103888,0.1230137730938786,-3.66005527245825
0.0023625,34.46343437142573,30.495210419532185,27.01134610542182,0.2397113035712579,-3.7235756176816253
0.00236328125,34.44839144326727,56.309291219547546,27.20941748113089,-23.03668864489292,-6.063185093523737
0.0023640625,34.24944128142281,56.50281856213268,27.456287807545976,-20.70854772779093,-8.337983026795774
0.00236484375,34.09561888369077,56.49944221100364,27.815374008437395,-16.58120821447983,-12.102859988086417
0.002365625,33.977584515239045,56.49596947714124,28.260610328780494,-12.262576780536506,-15.972782367824236
0.00236640625,33.8919086655282,56.49241166072154,28.763960295413003,-8.473694952977347,-19.254756412331187
0.0023671875,33.832786251618636,56.48876876775077,29.300831511165818,-5.487832836235657,-21.700104420349295
0.00236796875,33.79326274909443,56.48504080371512,29.851947352509086,-3.3219281616522816,-23.311165289553756
0.00236875,33.766026380190844,56.48122777422883,30.403485232891327,-1.8662179848635159,-24.211524556473986
0.00236953125,33.74180291054579,56.47732968503425,30.94635394440726,-0.9652578089906833,-24.565717931636307
0.0023703125,33.68742795725398,56.47334654200182,31.47514824094954,-0.4634796449162014,-24.53471865613608
0.00237109375,34.14687961730576,1.4500739590111973,31.809748722297293,49.67325117965377,-19.31357641636767
0.002371875,34.36521970422288,8.322103324801611e-05,32.01844218037691,46.358017354730315,-14.339658395386659
0.00237265625,34.67699515226913,4.7761300707317924e-09,31.950691992156838,37.518589250610624,-5.567897263229915
0.0023734375,34.929241478438094,2.785368640044401e-13,31.660294623331307,27.90739910394031,3.752895519390719
0.00237421875,35.114448049354756,7.003758226864064e-15,31.210503391601964,19.30574713845515,11.904756253146807
0.002375,35.24084792903121,7.114478313793406e-15,30.658023025369797,12.431847255538635,18.226175769831155
0.00237578125,35.321571969397894,6.2810932634563135e-15,30.04809980806996,7.3854275659166255,22.662672242153327
0.0023765625,35.370266103964916,1.1444218463245476e-15,29.413794978584498,3.9520691163847674,25.46172586219973
0.00237734375,35.399737297114434,4.324321396365991e-15,28.777389745261424,1.7958678606203535,26.981521884641065
0.002378125,35.42486609271354,4.36935616646233e-15,28.15262275929955,0.570240789829785,27.58238196946976
0.00237890625,35.515832498309706,1.8423010961322207e-15,27.54703311548112,-0.027487152124285787,27.574520267605404
0.0023796875,35.01369135477201,56.2928138458425,27.18806234099651,-50.76421607235022,21.65946456750423
0.00238046875,34.701652539329345,56.41382145030587,26.97972314090994,-44.70738821286383,15.273289903467907
0.00238125,34.39946558677795,56.40865547840717,27.043180129241314,-35.34846763735142,5.982992288185564
0.00238203125,34.16211481832998,56.403397319754895,27.31739380035156,-25.791226530614523,-3.294776988788811
0.0023828125,33.99131043766625,56.39805421819027,27.739328603120114,-17.513383266138902,-11.14534234893125
0.00238359375,33.87684269105323,56.39262618217522,28.25433717213327,-11.04727033426374,-17.091018675778212
0.002384375,33.80497214270839,56.387113219884256,28.819813834571512,-6.39045575398236,-21.176843631330385
0.00238515625,33.761605449535736,56.38151533961983,29.405229110121308,-3.281616391008936,-23.694669838489588
0.0023859375,33.72924655624964,56.375832549812245,29.99040352578864,-1.371410915624028,-25.014018108399576
0.00238671875,34.19488283113062,39.39313439488237,30.515612783121234,15.084531726199145,-23.962053337960278
0.0023875,33.96671315969976,32.34263994850277,30.961280406854748,20.69301775609237,-22.074377297740394
0.00238828125,34.10458928664644,32.39916253004888,31.28828201034837,17.29265460953798,-18.40353512923849
0.0023890625,34.220460516422634,32.456044199860585,31.499886039509672,13.116524443697944,-14.072682604048858
0.00238984375,34.306670908272004,32.51287701486491,31.623873472540048,9.164868603078382,-10.053872145403247
0.002390625,34.365250375846536,32.569660866065405,31.686621333590015,5.890107156860634,-6.773146689336025
0.00239140625,34.4013493148778,32.62639566794522,31.71002100408947,3.4142815757973546,-4.330656239653103
0.0023921875,34.420684951786534,32.6830813350628,31.710630478743397,1.6817422049129036,-2.654193061232309
0.00239296875,34.428324634128685,32.73971778205053,31.700030393549103,0.5586974144403332,-1.5983848029417644
0.00239375,34.42813606817054,32.796304923614954,31.68571235525798,-0.10729886876514741,-1.0032936995918278
0.00239453125,34.42243521911834,32.85284267453687,31.672097551364658,-0.4558251561144516,-0.7249199670577625
0.0023953125,34.410802393004865,32.90933094967143,31.66147165547673,-0.6001433242604236,-0.6477159699342736
0.00239609375,34.37736250069256,32.96576966394832,31.654739270662574,-0.6242954918263138,-0.6867349014594354
0.002396875,34.64258904626633,0.8474097410142575,31.548274352147182,28.595517877399857,2.105346733733069
0.00239765625,34.7664684667163,4.8633598163291285e-05,31.382022971463364,26.72997242492663,4.652001912938572
0.0023984375,34.94540968133815,2.7911254211894827e-09,31.06727711212492,21.684362082280217,9.382915027053576
0.00239921875,35.09013431359538,1.601851685053885e-13,30.634324644618847,16.194612809425585,14.439711835193103
0.0024,35.1960092470966,9.193169183405809e-18,30.118945151955145,11.280606329702747,18.838338822252396
0.00240078125,35.26721828362622,5.276041497679556e-22,29.553198818317966,7.3538246672915,22.199374151026465
0.0024015625,35.309975632827516,3.027967105781475e-26,28.962612590367435,4.471742487769733,24.4908701025977
0.00240234375,35.32715058824419,1.737777232746759e-30,28.365759723205137,2.5120174950773304,25.853742228127807
0.002403125,35.2618421095293,9.973257981855117e-35,27.775034238793303,1.2834399713461053,26.491594267447198
0.00240390625,35.22266816204188,33.505332833751524,27.348521040319728,-29.227057796650502,23.070246003218706
0.0024046875,34.98463909969133,33.58329898208443,27.018520086114606,-25.616897973238963,19.05211907726914
0.00240546875,34.79758678182843,33.639137624967596,26.852534811049573,-20.203109401082806,13.416506587164784
0.00240625,34.65585624637091,33.69492434090284,26.81479225885704,-14.703565209856363,7.823433127810567
0.00240703125,34.555272672836104,33.75066031281823,26.868723468272577,-9.95375717822929,3.0718203336836356
0.0024078125,34.48849459019225,33.806345456849144,26.982691338613307,-6.250936990785608,-0.5727171274502268
0.00240859375,34.4472197112362,33.86197968913477,27.132030138025392,-3.5887161547518396,-3.141233396357538
0.002409375,34.42375725556984,33.91756292589092,27.29903100925632,-1.8144275927270284,-4.80410432390757
0.00241015625,34.41174756275367,33.97309508341028,27.47193376354233,-0.7264293291702608,-5.774731990697685
0.0024109375,34.40627641579191,34.0285760780624,27.643581846345246,-0.12831122054613683,-6.256683011171018
0.00241171875,34.40352125809093,34.08400582629389,27.810107274997826,0.14558155225654187,-6.4194801035526075
0.0024125,34.39939213915356,34.13938424462863,27.96981872694126,0.22220852615412975,-6.3917740438415
0.00241328125,34.3763341313537,34.19471124966765,28.122342298256648,0.1917079762398309,-6.264076927650833
0.0024140625,34.36400939011739,55.94890085289144,28.345419905669768,-19.494489126397838,-8.108991820823835
0.00241484375,34.19661105275325,56.105957119499706,28.607896910156796,-17.561814601196982,-9.936245608145928
0.002415625,34.06754955809409,56.097064795616305,28.9635015467915,-14.091319837745202,-13.042243411079605
0.00241640625,33.96932799018347,56.08807847147924,29.390387902862052,-10.448068524767896,-16.249622043849293
0.0024171875,33.89959272693266,56.079007679163325,29.8649684644493,-7.246224120188344,-18.96781509452568
0.00241796875,33.854526230221516,56.06985243287528,30.36652154329849,-4.719967776294868,-20.98336311328192
0.00241875,33.83121617947752,56.06061274640277,30.87879554107217,-2.8856520346398837,-22.296165170690717
0.00241953125,33.8367499454616,56.051288633660604,31.39014348954087,-1.6518121460665434,-23.009332998053193
0.0024203125,34.455709212673604,56.04188010869072,31.893165370204006,-0.8935446257877978,-23.255170112698917
0.00242109375,34.133323410612675,0.003216293306074062,32.06077474853334,48.17303281465122,-16.115474359423953
0.002421875,34.50636812602365,1.8458593345675802e-07,32.0868236386113,40.64966194893217,-8.562838494906808
0.00242265625,34.79763919749881,1.0598563238109455e-11,31.869815000045595,31.22500370567881,0.6448112943561881
0.0024234375,35.01345764711798,3.932571430267122e-15,31.471632158293882,22.236830977309296,9.234801180984585
0.00242421875,35.163041489918946,5.138017800522965e-15,30.95149965195676,14.75419332190149,16.197306330055266
0.002425,35.25960481838243,6.925595487001833e-15,30.358703156466582,9.078842261144347,21.27986089532223
0.00242578125,35.31682515176281,4.1376126277198584e-15,29.730497399906525,5.0972081059011565,24.633289294005365
0.0024265625,35.34658078037679,5.020598233407714e-15,29.092826564491336,2.5107117076789938,26.58211485681234
0.00242734375,35.35775416536811,6.669318135910584e-15,28.462304360543307,0.974001689711553,27.488302670831747
0.002428125,35.35494731101824,3.827580951061654e-19,27.848519593910833,0.1687041698577355,27.679815424053096
0.00242890625,35.33081523602012,-1.3651932995177054e-16,27.256164797495018,-0.16459899660508048,27.420763794100097
0.0024296875,34.70080770772097,1.5806583014446197e-15,26.686533982601244,-0.2137957478452293,26.900329730446472
0.00243046875,35.01486592271046,55.90868495553918,26.46119403469094,-48.6611493290106,19.21365840816236
0.00243125,34.638234680055355,55.90130545691811,26.383186017430553,-40.80684928747769,11.288729847990133
0.00243203125,34.34518764104607,55.890632704139605,26.55139468480236,-31.186243471383104,1.8470054520458583
0.0024328125,34.12833769175962,55.87987559690707,26.902555249926362,-22.095517054765367,-6.881803292215342
0.00243359375,33.97744945357541,55.869034335581176,27.37669330558319,-14.570147682889292,-13.922193347108697
0.002434375,33.877756439200574,55.85810893649925,27.924179051288192,-8.887011343509135,-19.046918541701924
0.00243515625,33.80949348715023,55.84709941611474,28.507650112995965,-4.9153919167669065,-22.424057386351866
0.0024359375,34.1726078255656,41.696872376818696,29.061560646077176,10.48216034882462,-23.11747207956614
0.00243671875,33.96939010009708,35.83054353565991,29.558452186823576,16.257396113171705,-22.529487462008042
0.0024375,34.07847074007455,35.8838960318615,29.958432814065223,14.08973054491732,-20.015193762713594
0.00243828125,34.17363008240206,35.937534226433975,30.259898302542645,10.967055287844202,-16.64469121173553
0.0024390625,34.24644262230871,35.9911183192273,30.483734185048668,7.830061212132202,-13.33744534631083
0.00243984375,34.297319254815555,36.04464821004802,30.651007165999474,5.136677379650867,-10.530318423699411
0.002440625,34.32984785211048,36.09812381827989,30.77985326847466,3.0451670173694394,-8.363437567174666
0.00244140625,34.34850855703522,36.151545063389676,30.884390784399105,1.5457837961353182,-6.8129380751258894
0.0024421875,34.357561357767544,36.20491186492595,30.97477021843536,0.5487342787351395,-5.7788759252257265
0.00244296875,34.360587249254415,36.25822414251924,31.057768229436647,-0.061679107887428766,-5.138776805195163
0.00244375,34.36043194384734,36.311481815882246,31.13755997777487,-0.39708975869162466,-4.776832079415752
0.00244453125,34.35946999721762,36.364684804809855,31.216467060214885,-0.5511254814963049,-4.597092263098664
0.0024453125,34.36052960492272,36.41783302917932,31.295586424763044,-0.5952471538189357,-4.526999450597342
0.00244609375,34.37227577308558,36.47092640895042,31.37527332381655,-0.5799835501344025,-4.515669534999465
0.002446875,34.77894598569977,36.52396486416542,31.455640265850732,-0.5421590647829192,-4.526165533531769
0.00244765625,34.569748793274655,0.0020961428038435833,31.325986448725274,31.259655508591415,0.06423479733001684
0.0024484375,34.81300009741587,1.2029949843742517e-07,31.1137292680195,26.317754911636413,4.795974236083587
0.00244921875,35.00328124549065,6.904095130236164e-12,30.752702545673447,20.20953670128502,10.543165844381523
0.00245,35.14544314316223,3.962321554660918e-16,30.28273847118398,14.416737372344802,15.866001098839178
0.00245078125,35.24633621025012,2.274011554935436e-20,29.741737343890062,9.611290568236775,20.130446775653287
0.0024515625,35.316615172400574,1.3050754414156595e-24,29.161090370373476,5.976878425360781,23.184211945012695
0.00245234375,35.37572122428986,7.48994394548992e-29,28.56440696713702,3.4339930193459978,25.130413947791023
0.002453125,34.671799467425075,26.048233061029606,28.041002790540713,-21.845662243031164,23.83843197254227
0.00245390625,35.03033788717916,36.99820075517753,27.621983670302157,-30.80716372038503,21.43094663550966
0.0024546875,34.824341892844494,37.05131099844566,27.369545211488894,-26.0023620665701,16.320596279613337
0.00245546875,34.64877949095949,37.103740065973184,27.281583127182387,-19.9727143594547,10.1505574206639
0.00245625,34.515767591898936,37.15611322004776,27.318171695297618,-14.217218557618152,4.379277032868012
0.00245703125,34.42272234081192,37.208430417685236,27.441064236033018,-9.422783031155234,-0.34458315049698457
0.0024578125,34.36224575427956,37.260691580098964,27.618370652658758,-5.784241302764424,-3.858079624675783
0.00245859375,34.325933560603104,37.31289662858455,27.82590791086422,-3.229893452892034,-6.257095264828291
0.002459375,34.30615589300648,37.365045484522156,28.0467451695173,-1.5691367317314464,-7.749163583273407
0.00246015625,34.29675704230919,37.417138069376506,28.26993925113166,-0.5811169556808176,-8.566081862564028
0.0024609375,34.29315092617002,37.46917430469713,28.48905940585782,-0.0620506467869558,-8.918064252052352
0.00246171875,34.2920862333926,37.5211541121184,28.700821977448676,0.15428804865382706,-8.974620183323553
0.0024625,34.29116843938781,37.57307741335967,28.903974553856486,0.1920347708332616,-8.861137630336447
0.00246328125,34.2876653115592,37.62494413022539,29.09846114925259,0.13709694744666054,-8.663579928419459
0.0024640625,34.267817035620844,37.676754184605194,29.284839096301,0.04465068562593047,-8.436565773930127
0.00246484375,34.25585421096409,55.232708966834466,29.52635119199398,-15.8703509515352,-9.836006823305285
0.002465625,34.11799358098009,55.35229537362134,29.798105779430774,-14.311802101877682,-11.242387492312883
0.00246640625,34.01013807320021,55.33794362684068,30.14356646599636,-11.50213184387158,-13.692245316972743
0.0024671875,33.92555421608061,55.323500860071434,30.545116701892468,-8.549421185331202,-16.228962972847764
0.00246796875,33.86046879001511,55.308974776668805,30.98370637479346,-5.952923918896083,-18.372344482979262
0.00246875,33.804997922144175,55.294365398949694,31.44259300840149,-3.9032839957884904,-19.94848839475971
0.00246953125,33.69201812046888,55.27967274891558,31.908622566934078,-2.4134426060030307,-20.95760757597847
0.0024703125,34.166830958483466,0.1235375118856837,32.152840213981904,48.08707108304236,-16.057768380946147
0.00247109375,34.46115125277387,7.089927603204726e-06,32.263827995335106,42.782270512648836,-10.51844960724133
0.002471875,34.75019531013398,4.0690430904080956e-10,32.11854061388334,34.073120627035486,-1.9545800135590543
0.00247265625,34.978811069681235,2.8358462316715818e-14,31.77357866471118,25.021892764548316,6.751685900162838
0.0024734375,35.144211219619045,4.999597355827894e-15,31.288494383622915,17.107949753830084,14.180544629792827
0.00247421875,35.25546304142249,1.2456833328785222e-17,30.715407080612074,10.884826796607989,19.830580284004085
0.002475,35.32511825492141,-3.5280444204470298e-15,30.095209267746945,6.377732716370584,23.717476551376365
0.00247578125,35.36547277554667,5.320602949270906e-15,29.457347274763315,3.3521458750496183,26.105201399713692
0.0024765625,35.386976413761346,5.38169373289313e-16,28.821365615284602,1.4813391920655203,27.340026423219083
0.00247734375,35.39789609787709,-5.402898818643355e-15,28.199084182233367,0.4408379560923328,27.75824622614104
0.002478125,35.40491929717134,5.00885522814203e-15,27.596769258917426,-0.046119622673453625,27.642888881590878
0.00247890625,35.415741969255166,5.421992902033687e-15,27.016990117022843,-0.1934285003387416,27.210418617361576
0.0024796875,35.46109620731798,-1.3567718296226476e-15,26.460065399490507,-0.1540786625493624,26.61414406203987
0.00248046875,35.009029274643304,53.65111039643271,26.098042116144462,-48.68958692344745,21.1365186431592
0.00248125,34.794457931117414,55.04922450662758,25.861858785534587,-45.2269929526468,16.03962723155381
0.00248203125,34.490154811202,55.03328374774527,25.896769275384116,-36.47576909341202,7.339254621050863
0.0024828125,34.2443961578597,55.01717896062441,26.149403100343985,-27.03846351335322,-1.8293123469272061
0.00248359375,34.063298796904355,55.00099131396911,26.55761656686485,-18.62709902754973,-9.81627571955453
0.002484375,33.934196706705585,54.98472083681462,27.06593118297996,-11.923902431382489,-15.99488722245217
0.00248515625,34.17148289168631,43.75150213809806,27.59877212592651,3.162738707302525,-19.315468719474076
0.0024859375,33.97856012892188,39.10438591302949,28.11535614594373,9.859625952124702,-20.848655719210463
0.00248671875,34.04722858256716,39.15424958186497,28.56997245448545,9.589302087646683,-20.1735792150262
0.0024875,34.11408427772818,39.20432385233846,28.951777985759918,8.030020079514353,-18.282565946092895
0.00248828125,34.16887071678175,39.25433909727943,29.271334147066327,6.069345730414743,-16.052350680627843
0.0024890625,34.209345740030514,39.30429522589603,29.541961957107567,4.195140035894482,-13.957473304682942
0.00248984375,34.23664503444416,39.35419216295432,29.776438180847535,2.6315258366126812,-12.209279818719466
0.002490625,34.253272026202346,39.40402983331041,29.985471026120276,1.4425682085763336,-10.861127015766469
0.00249140625,34.2620199311545,39.453808161909734,30.177256989979877,0.6055328450570614,-9.882084016986918
0.0024921875,34.26543600038991,39.50352707378695,30.357625535996355,0.05887141589974263,-9.204772953690336
0.00249296875,34.26562380277262,39.553186494066296,30.530448016518744,-0.2689395676372161,-8.753798909910335
0.00249375,34.26426463749424,39.602786347961604,30.698116015581725,-0.44398573305167616,-8.460684599328205
0.00249453125,34.26283643832227,39.65232656077637,30.86198472114941,-0.5202262822193834,-8.270115557407582
0.0024953125,34.26328863569057,39.70180705790396,31.022735886499255,-0.538001262044272,-8.141069909360436
0.00249609375,34.27140217066015,39.751227764827604,31.180650961964268,-0.5253066777578482,-8.045270125105485
0.002496875,34.36256290110995,39.80058860712063,31.335831330404375,-0.5009844060779017,-7.963772870638355
0.00249765625,34.41341452316457,0.02625162778635287,31.309317191166148,34.961654476155175,-3.678588912775378
0.0024984375,34.69557611488474,1.506604249516524e-06,31.18635963645775,30.27786636893274,0.9084917609207592
0.00249921875,34.91451701272391,8.646535685841365e-11,30.888647843846684,23.713329078248723,7.175318765511495
0.0025,35.07820898210441,4.962323675279681e-15,30.458923074044723,17.194044678234295,13.264878395810426
0.00250078125,35.1914690461954,2.847921659372078e-19,29.939904492820524,11.635662064237971,18.304242428582555
0.0025015625,35.259739702215064,1.6344475509174612e-23,29.368000654195832,7.3438824803066955,22.024118173889136
0.00250234375,35.26297514992902,9.380239754520122e-28,28.771194358274446,4.285129434031526,24.48606492424292
0.002503125,35.26499491110049,39.88900484486144,28.311498189232406,-33.77913600128516,22.201629345656126
0.00250390625,34.969458872914714,40.242112579272,27.94392642941595,-31.43196968305426,19.133783533198205
0.0025046875,34.736130918237386,40.290888165096774,27.77376083455269,-25.688783903262607,13.171656572718522
0.00250546875,34.554732277550066,40.339585611157744,27.76404559487148,-19.258414697539862,6.6828746812535975
0.00250625,34.42267376283722,40.38822230552962,27.872178948199085,-13.420130673917567,0.904087316587037
0.00250703125,34.332755366102525,40.43679817596855,28.059389420587642,-8.708945815376424,-3.6684629400044795
0.0025078125,34.27566148651291,40.48531314932021,28.294385888140607,-5.22220212080633,-6.9687251403732775
0.00250859375,34.24222599532745,40.53376715252192,28.554050031788787,-2.831083616654074,-9.148633504079056
0.002509375,34.2246268050757,40.58216011260281,28.82259537547054,-1.3156502839920023,-10.44391445314026
0.00251015625,34.216798331155324,40.630491956684,29.090103866998085,-0.44339261620335346,-11.096995473482558
0.0025109375,34.214383134484095,40.678762611978584,29.350971076655547,-0.009118918814691224,-11.318672616508344
0.00251171875,34.21445434902658,40.72697200579182,29.602530595307382,0.14963372210000614,-11.274075132584446
0.0025125,34.215142632407485,40.775120065521236,29.843963044677672,0.15126866128238703,-11.082425682125953
0.00251328125,34.2151826218492,40.82320671865673,30.075499871232573,0.07581706795487407,-10.823523915379027
0.0025140625,34.21298688104387,40.87123189278066,30.297884293839964,-0.02678289947972843,-10.546564699460973
0.00251484375,34.19860532171944,40.91919551556802,30.512031021902956,-0.1282494816816076,-10.27891501198346
0.002515625,34.19085805504343,54.16527011307213,30.76592129952428,-12.141164893660795,-11.258183919887058
0.00251640625,34.08944898458006,54.246626162072744,31.040877321757467,-10.952236167884687,-12.25351267243059
0.0025171875,34.013378138755726,54.22690626091369,31.369717643075077,-8.816352000028955,-14.040836617809653
0.00251796875,33.96144437015294,54.20709889886369,31.73912869752462,-6.573472009526478,-15.894498191812591
0.00251875,33.952466717167965,54.18720990156974,32.1347260023085,-4.602313057707652,-17.450170841553586
0.00251953125,33.931151385268265,4.715063306952888,32.396517085064296,41.87390484566451,-14.192451067553101
0.0025203125,34.289492001619045,0.00027060167365077083,32.560918808629275,43.56033232122413,-10.999684114268504
0.00252109375,34.6197829461752,1.5530075694193e-08,32.4770311485738,36.12533687841093,-3.648305745367203
0.002521875,34.87775766375826,8.913731967805829e-13,32.180485903179935,27.396236210792143,4.784249692386908
0.00252265625,35.067585552846275,-3.4811657869151327e-15,31.728569085138663,19.29675817957129,12.431810905567374
0.0025234375,35.19856141394122,5.167647589701126e-15,31.174571341621775,12.668734977297749,18.505836364324022
0.00252421875,35.28324841717665,7.0630909745588106e-15,30.562052043051168,7.708660213592161,22.853391829459
0.002525,35.33432828936741,-4.570441895540359e-15,29.923462897789452,4.271954521041113,25.651508376748342
0.00252578125,35.362828180429496,6.92601274503003e-15,29.281082766655242,2.069476114519571,27.211606652135664
0.0025265625,35.37747246755244,5.046536180793397e-15,28.648938371677925,0.7835557627787154,27.865382608899207
0.00252734375,35.38474728371814,9.237115375206507e-16,28.034926720545208,0.12834562299893762,27.90658109754627
0.002528125,35.38942273464953,1.528962423984237e-15,27.44273014927254,-0.12550010919959842,27.568230258472138
0.00252890625,35.39566282535008,-4.0914946919851333e-16,26.873355628116574,-0.14698791034091982,27.020343538457492
0.0025296875,35.41090057501584,4.706109942977285e-16,26.326271788390173,-0.0516390652472964,26.37791085363747
0.00253046875,35.496994989469236,4.877262596280964e-15,25.800210010557862,0.08686912839753519,25.713340882160324
0.00253125,35.02132931822771,53.73750655560707,25.507567934287696,-48.00953663906137,19.779598017742
0.00253203125,34.729452978517834,53.83662939592875,25.35442390310522,-42.10477317323858,13.622567680415044
0.0025328125,34.44845113619153,53.81528312058498,25.455725095295005,-33.17664388933772,4.817085864047744
0.00253359375,34.23264138886052,53.79384889122084,25.75330876109392,-24.121161367868314,-3.9193787622586047
0.002534375,34.20596859911238,53.77233364889592,26.18757563126057,-16.308834682874583,-11.275923334760769
0.00253515625,34.03535903746053,42.14508046273882,26.640098322387317,-0.14868392923475687,-15.356298211116746
0.0025359375,34.04959541371456,42.190685244061534,27.11183688697205,2.563179884248017,-17.642028241337503
0.00253671875,34.07494834359609,42.23689640631024,27.553509939956598,3.4575368281271737,-18.14092329448081
0.0025375,34.10296564160918,42.28304399900353,27.959379305246586,3.3413235013198093,-17.664988195076756
0.00253828125,34.128180317975726,42.329127914198914,28.330528702228975,2.7507331137271898,-16.74933232569713
0.0025390625,34.1481951192588,42.375148082492636,28.671249117468786,2.0139416474895784,-15.717840612513427
0.00253984375,34.162561105839096,42.42110443457914,28.986823565338774,1.3111236720971549,-14.745404541337521
0.002540625,34.17187403005941,42.466996901249026,29.28230808256152,0.7248134893830326,-13.909502308070536
0.00254140625,34.17717405781641,42.51282541338904,29.56197097833079,0.2783488021293636,-13.229203237187612
0.0025421875,34.179595539042026,42.55858990198227,29.829131885740875,-0.03698694733993762,-12.692471068901462
0.00254296875,34.1802016391515,42.60429029810825,30.086217869673938,-0.24420099134781595,-12.273871437086498
0.00254375,34.17995900400836,42.64992653294298,30.334916814279097,-0.3699269836722152,-11.945082734991667
0.00254453125,34.1798605888831,42.695498537759114,30.576356066630098,-0.4387356954231173,-11.6804067757059
0.0025453125,34.18139102159217,42.741006243926066,30.811267890326267,-0.47067889221366743,-11.459059461386131
0.00254609375,34.18871035980791,42.78644958291005,31.040125630345635,-0.48077547074887833,-11.265548481815541
0.002546875,34.23396850649792,42.831828486274176,31.263257252716954,-0.47980489461150744,-11.088766338945712
0.00254765625,34.25879856423912,0.3246518217115897,31.3291543734354,37.977200201451005,-6.972697649727195
0.0025484375,34.58729656064066,1.863205657891569e-05,31.299713538959082,34.16795073072563,-2.8682558238231257
0.00254921875,34.84165760575973,1.0693102861080372e-09,31.070830994969153,27.336402592503436,3.7344284013964058
0.00255,35.03733184822487,6.136866765799586e-14,30.686139682695785,20.165225940066478,10.520913742629245
0.00255078125,35.18089942679449,3.522002377649476e-18,30.19266674993025,13.862083452647177,16.330583297283074
0.0025515625,35.286316370670164,2.0213084659582552e-22,29.631780456992892,8.887467373500899,20.744313083491992
0.00255234375,35.41327530185935,1.1600468927795647e-26,29.036057113593987,5.272944329787097,23.76311278380689
0.002553125,35.064320297517035,43.09605934182719,28.600554724922663,-35.84603980153586,21.35053518463133
0.00255390625,34.84531168861891,43.237322233051906,28.26706371032223,-32.77486472740867,17.804606204678993
0.0025546875,34.62355778246811,43.28205857391579,28.1384770047056,-26.585139814175257,11.441558244965067
0.00255546875,34.445251152199596,43.32672419677412,28.17437576179965,-19.816703056459534,4.664354621485059
0.00255625,34.31464613543954,43.37132457005113,28.329951644958356,-13.741614540632035,-1.2997583844607357
0.00255703125,34.22594876735126,43.4158596268971,28.564900481144647,-8.87680728273179,-5.974151863020664
0.0025578125,34.17009737549195,43.46032930024312,28.84695408215969,-5.298889779069383,-9.314485439014044
0.00255859375,34.13789758597556,43.504733523118624,29.15243456653087,-2.860010871811275,-11.492288084776476
0.002559375,34.12145564988291,43.54907222865166,29.465285993934096,-1.324755539875711,-12.759030694841853
0.00256015625,34.114659800828825,43.59334535006895,29.775507144628072,-0.4490896980757711,-13.36874850736511
0.0025609375,34.11314859834787,43.63755282069596,30.077519307555967,-0.019868844407790933,-13.540164668732203
0.00256171875,34.114039332797944,43.681694573957046,30.368737207403164,0.1304477142228933,-13.443405080776774
0.0025625,34.11557761843729,43.72577054337553,30.648443857304464,0.12321659855095675,-13.200543284622027
0.00256328125,34.116787894796296,43.769780662573794,30.91697451651661,0.039965420402712226,-12.892771566459897
0.0025640625,34.1171233053113,43.81372486527339,31.175167825531986,-0.06880250420184951,-12.569754535539559
0.00256484375,34.11584900229351,43.85760308529515,31.424025269556402,-0.17487673333179715,-12.258701082406956
0.002565625,34.106742243070876,43.901415256559275,31.664518388059765,-0.26483850830939293,-11.972058360190116
0.00256640625,34.10326028065585,52.753372563764316,31.92892660290211,-8.293733003632244,-12.53071295722996
0.0025671875,34.04053146586504,52.79598087920536,32.20486694486578,-7.484226285749131,-13.106887648590451
0.00256796875,34.00897514444117,52.771018230435246,32.514322717420086,-6.0415515981482715,-14.215143914866886
0.00256875,34.55970322305958,52.74597223607081,32.84864210092812,-4.535058859254599,-15.362271275888094
0.00256953125,34.23126869979129,0.0030271382240604694,32.894699370920726,42.558524861691254,-9.666852628994587
0.0025703125,34.56441188883424,1.7373014817675975e-07,32.82870594829487,36.32419711792337,-3.495491343358652
0.00257109375,34.82680054668534,9.975617227958298e-12,32.549372071962836,28.14695241063085,4.402419661322014
0.002571875,35.02316411145115,5.622885067609795e-16,32.11020289451699,20.206763594915984,11.903439299601008
0.00257265625,35.16095157191577,-3.5804590689340675e-15,31.56336627857613,13.524910288042367,18.038455990533766
0.0025734375,35.251585032890894,-5.1759454130995955e-15,30.95274283646332,8.41549844839343,22.537244388069894
0.00257421875,35.30725084339566,-5.269656044300004e-16,30.31175657986558,4.804684005979448,25.507072573886134
0.002575,35.33887255222072,1.6556994388171384e-16,29.663831852525657,2.4411721031131237,27.222659749412532
0.00257578125,35.35524399166457,-4.883831918016924e-15,29.024057601703554,1.0237595564782567,28.0002980452253
0.0025765625,35.36290989898806,-1.9140871125368745e-15,28.401197549277402,0.27033508750552965,28.130862461771876
0.00257734375,35.36645673969212,4.879454217541492e-15,27.79957895715426,-0.051415017314126746,27.850993974468384
0.002578125,35.36901097991807,-3.8656624782726913e-16,27.220650915583956,-0.11627815537494968,27.336929070958906
0.00257890625,35.37291655607672,-1.9900096080942815e-15,26.664158347022934,-0.046037876282281336,26.710196223305218
0.0025796875,35.381037116033035,1.0037656530564332e-15,26.128961104452095,0.08070566922751113,26.048255435224583
0.00258046875,35.40267882859744,1.027863867921797e-17,25.61356530153933,0.21749749402307827,25.396067807516253
0.00258125,35.63117383881371,-6.7666179501012076e-15,25.116519279626484,0.3380181591884295,24.77850112043806
0.00258203125,34.95967139119971,52.297888089294055,24.90150827210402,-45.5666947983433,18.170314981153265
0.0025828125,34.66683509196117,52.28159758126044,24.824958475494903,-38.70848778077737,11.251848675011827
0.00258359375,34.48931282638298,52.25504950175474,24.981428558727906,-29.847929091003962,2.574308147977126
0.002584375,34.248977289204014,44.9333453314401,25.27068507277542,-14.964517621272472,-4.698142637392209
0.00258515625,34.158699121293324,44.97506247907056,25.662294504502484,-8.86186719219937,-10.450900782368706
0.0025859375,34.10595159190908,45.01713449224686,26.096084656478524,-4.682032408253642,-14.239017427514694
0.00258671875,34.07941753778305,45.059138734685405,26.544488844633655,-2.0365560644504215,-16.478093825601327
0.0025875,34.06913650944165,45.10107511887672,26.990222364619715,-0.5167137419478255,-17.59413901230918
0.00258828125,34.06779319865514,45.14294358166397,27.423548688134638,0.23748650692420026,-17.956881400453533
0.0025890625,34.07048373107291,45.18474405999403,27.839866154000337,0.5106799759714534,-17.855557881965147
0.00258984375,34.07419484465668,45.22647649091612,28.237796605439616,0.5100673172029957,-17.4987472026795
0.002590625,34.07726319758558,45.268140811581944,28.617792186566714,0.37553387599643884,-17.02588250101167
0.00259140625,34.07890972922046,45.309736959245804,28.98119368064161,0.1942278840865207,-16.522771162690713
0.0025921875,34.078875504644074,45.35126487126465,29.32964320377735,0.015205546075929988,-16.036827213563225
0.00259296875,34.07715028123698,45.39272448509817,29.664753214093125,-0.13799561166017257,-15.589975659344873
0.00259375,34.073761288224524,45.434115738309,29.98794746582123,-0.25759400058278564,-15.188574271904987
0.00259453125,34.068551644181035,45.47543856856258,30.30040827251755,-0.3445655429913849,-14.830464753053647
0.0025953125,34.06073018149588,45.516692913627544,30.603082889194354,-0.4039873743327775,-14.509622650100415
0.00259609375,34.04702918472833,45.557878711375544,30.89671710494996,-0.4421676883897391,-14.218993918035844
0.002596875,34.003827763083756,45.59899589978154,31.181889676933334,-0.46484955992821714,-13.952256662919991
0.00259765625,34.373036801466256,1.1715632509330305,31.3157057172501,39.8549860775739,-9.710843611256827
0.0025984375,34.54592166644584,6.723705618554788e-05,31.35434580723474,37.15124787149727,-5.796969301318714
0.00259921875,34.793564395404466,3.858794410714187e-09,31.176284141369745,30.055044974739346,1.1212391627716058
0.0026,34.99219255809794,2.2145964069378185e-13,30.824533567624563,22.363406192238735,8.461127375385606
0.00260078125,35.134279841030825,1.2709765599339563e-17,30.349561641473613,15.490798430869388,14.858763210604227
0.0026015625,35.2200784117002,7.294247434164243e-22,29.796524331144695,10.005083280202227,19.791441050942467
0.00260234375,35.17315562671208,4.1862334293227546e-26,29.20134693350941,5.983155312909041,23.21819162060037
0.002603125,35.146233311815855,45.89519403960644,28.796473039075444,-37.58836268666436,20.489641686133368
0.00260390625,34.83498224842204,45.96595125536389,28.501135794522515,-33.86213461302553,16.397319152184156
0.0026046875,34.58560337164234,46.006380698413174,28.416300926053836,-27.234205657780446,9.644125885421108
0.00260546875,34.39329456043269,46.04673912011955,28.49846741863459,-20.166527026745463,2.618255325260506
0.00260625,34.254500111292394,46.087028196169314,28.700869166934517,-13.902579529115073,-3.483579500119726
0.00260703125,34.1606395617561,46.1272478659875,28.981985220756798,-8.929600306454498,-8.215662338776202
0.0026078125,34.101282594444434,46.16739806900401,29.308871552205204,-5.298205542629837,-11.560320974168969
0.00260859375,34.0664667523327,46.20747874475336,29.657540848744997,-2.84007823459839,-13.709859661409974
0.002609375,34.04784550869782,46.24748983287483,30.011856654322173,-1.3049564784676777,-14.930676700084977
0.00261015625,34.03903509746519,46.28743127311237,30.361866312486917,-0.4388164403689224,-15.48674852025653
0.0026109375,34.035505742996534,46.32730300531491,30.702101517049215,-0.022313973723586147,-15.602887514542108
0.00261171875,34.03426063988466,46.36710496943638,31.03010747481983,0.11556298539584944,-15.452560480012403
0.0026125,34.033452065759256,46.406837105535715,31.345294355056172,0.09782096104835958,-15.159363711527902
0.00261328125,34.032011774840626,46.446499353777064,31.648110120908527,0.006517350908981712,-14.804906583777518
0.0026140625,34.02931666902334,46.48609165442975,31.93948811381756,-0.10793424392733969,-14.43866929668485
0.00261484375,34.0248452487876,46.5256139478685,32.220507278839655,-0.21770448116826666,-14.087402187860576
0.002615625,34.0175681073565,46.565066174573474,32.49220424700448,-0.3099053622845114,-13.762956565284481
0.00261640625,34.00234873733645,46.60444827513031,32.755484695447855,-0.38069368498886325,-13.468269894693591
0.0026171875,33.97698723743911,51.00599514218772,33.026665904730365,-4.372877518088231,-13.606451719369126
0.00261796875,33.71975840511728,51.00958476068751,33.29963517048289,-3.946755659013313,-13.76319393119131
0.00261875,34.3489979657572,0.009922187659361696,33.32701494074415,41.627140964931996,-8.310048211847208
0.00261953125,34.61829082560071,5.694431679165751e-07,33.24314511016174,35.781319002786525,-2.5381744620679503
0.0026203125,34.85885432377421,3.268127428745545e-11,32.95014972579568,27.866470968909688,5.083678756853317
0.00262109375,35.04421967771637,-4.016732538634553e-15,32.499714582302765,20.093120260139475,12.406594322163293
0.002621875,35.1755623158735,-4.362200953443309e-16,31.942859839910067,13.507921214544808,18.43493862536526
0.00262265625,35.26199767285999,-5.0593080629771375e-15,31.322792950784144,8.447340240762657,22.87545271002149
0.0026234375,35.31459991220293,4.842300325056327e-15,30.672588203916067,4.855235571816805,25.817352632099258
0.00262421875,35.34367019862515,3.983196547953246e-16,30.015524440631214,2.4932167803117053,27.52230766031951
0.002625,35.357607511599014,4.444571792285333e-15,29.366662387218057,1.0688066803547016,28.297855706863352
0.00262578125,35.36265357785364,-5.175484849446309e-15,28.734795962364377,0.3053418532274883,28.42945410913689
0.0026265625,35.363079046192475,-1.9141038507578127e-15,28.12430421748475,-0.02641388908035083,28.150718106565105
0.00262734375,35.361544137375255,-6.96335828433302e-15,27.53668873904434,-0.09975886290745956,27.636447601951808
0.002628125,35.35947149163659,3.0366022036431075e-16,26.971737406460033,-0.035965107556285146,27.00770251401632
0.00262890625,35.357319252922174,-1.644374448323147e-15,26.42833953615048,0.08635079963783597,26.341988736512647
0.0026296875,35.35459603167642,-5.4495266004332675e-15,25.90501459069052,0.22055925000551896,25.68445534068501
0.00263046875,35.34898826021574,-6.619225029879595e-15,25.400225476593327,0.34226335531621577,25.057962121277118
0.00263125,35.32924799956917,-1.5979569526118218e-15,24.91253929501478,0.4414688206041277,24.471070474410652
0.00263203125,34.76454998591939,-1.8019027827321437e-16,24.440475091184947,0.5217239326701005,23.918751158514848
0.0026328125,35.0406471726701,50.422683999672955,24.273283555168007,-43.19822476770907,17.048824323204123
0.00263359375,34.744527701170924,47.45357742262118,24.218464075506983,-33.60598070362659,10.370867356512395
0.002634375,34.50164676744259,47.490746736262686,24.37417872748301,-25.473397419662646,2.3568294108829697
0.00263515625,34.324661875668085,47.52842822736891,24.678917440785767,-17.92140456278798,-4.928106223795163
0.0026359375,34.20329443338175,47.56603817502008,25.082837562378433,-11.738107912365471,-10.745092700276178
0.00263671875,34.125534302886564,47.60357648907933,25.545155354162123,-7.109013766430666,-14.949407368486542
0.0026375,34.07949724289926,47.64104311301264,26.035442557716213,-3.9005904099633435,-17.705010145333087
0.00263828125,34.05493482196217,47.67843799039602,26.53276309069346,-1.843836267380269,-19.30183863232229
0.0026390625,34.04382946120164,47.71576106491345,27.023885977297343,-0.6427353804466599,-20.04913970716945
0.00263984375,34.04038883089003,47.75301228035702,27.50130742762867,-0.030715609456711736,-20.220989243271635
0.002640625,34.04073448273551,47.79019158062712,27.961464802804155,0.20621259243686796,-20.034939370259835
0.00264140625,34.0424841942138,47.827298909732356,28.4033004318897,0.2257945795554143,-19.64979305739807
0.0026421875,34.04434528211949,47.86433421178977,28.827201582996288,0.1358380475528506,-19.17297067634633
0.00264296875,34.04578019544323,47.90129743102488,29.234275285117224,0.004445592084473304,-18.671467737992128
0.00264375,34.04677743327091,47.93818851177171,29.62588986247614,-0.12932007762132222,-18.18297857167425
0.00264453125,34.047770331917214,47.975007398473025,30.003411838670754,-0.24609451503061167,-17.725501044771658
0.0026453125,34.049864778918625,48.0117540356802,30.368075623957154,-0.33885693309560455,-17.30482147862744
0.00264609375,34.05630446133461,48.048428368053465,30.720936994043043,-0.4076108991518652,-16.919880474858555
0.002646875,34.085492546157965,48.08503034036194,31.06287947755191,-0.455963408070889,-16.56618745473914
0.00264765625,34.0912733723768,4.187627745451259,31.263710211714134,39.42005467691094,-12.343972210648062
0.0026484375,34.425009399994266,0.00024033167802150557,31.36494696003455,39.94176771582202,-8.57706108746549
0.00264921875,34.72790856130593,1.379284859390205e-08,31.23918673232853,32.691700181378046,-1.4525134628423644
0.00265,34.9636356933492,7.915838390529706e-13,30.92237038449873,24.544971628112336,6.377398756385604
0.00265078125,35.139483865332046,4.5429700035050573e-17,30.46797524214161,17.136632336180707,13.331342905960902
0.0026515625,35.27315864512629,2.607250860179027e-21,29.924729227114394,11.15285621215337,18.771873014961024
0.00265234375,35.555071229450526,1.4963244403241877e-25,29.332006209767904,6.719352500468782,22.612653709299124
0.002653125,34.97362490529299,48.36583023938853,28.963867427898883,-38.866800208309165,19.46483739681952
0.00265390625,34.71907661614848,48.41118228941208,28.70863293046066,-34.57546178482299,14.872912425871569
0.0026546875,34.484427638177465,48.44705818708084,28.667064860777398,-27.585465606852548,7.805472280549103
0.00265546875,34.29942222931836,48.48286058469487,28.793235322425993,-20.29735398582092,0.607728723552043
0.00265625,34.16560078520356,48.51858996796609,29.03894454408687,-13.91338630309137,-5.566259120787852
0.00265703125,34.0756076995813,48.55424628311764,29.36191023930681,-8.886357873357932,-10.305978170452903
0.0026578125,34.01937312961654,48.58982947645176,29.72886948331003,-5.2406958223633895,-13.620264170778341
0.00265859375,33.98707402782849,48.625339494380825,30.115782760023855,-2.7896618934141912,-15.719894840942779
0.002659375,33.970451401078336,48.66077628342735,30.5066042188418,-1.2709869435506704,-16.88318512103488
0.00266015625,33.96320004498449,48.69613979022422,30.891533747638544,-0.42347533339078236,-17.381130709194895
0.0026609375,33.96086576526199,48.73142996151459,31.26526915251572,-0.02398625418098064,-17.442174554817893
0.00266171875,33.96052038964981,48.76664674415213,31.62550967107092,0.10010687169369917,-17.241243944774915
0.0026625,33.960371805154026,48.80179008510099,31.971796485362507,0.07213490191936245,-16.902128501657845
0.00266328125,33.95938646783842,48.83685993143594,32.30468333115667,-0.026192715017905502,-16.50598388526137
0.0026640625,33.95693957328083,48.87185623034243,32.62518641074095,-0.1450862500070409,-16.10158356959444
0.00266484375,33.95242813392418,48.906778929116626,32.93444881550901,-0.2573837768658024,-15.714946336741816
0.002665625,33.944524287560505,48.941627975165616,33.233557076309566,-0.35078755551480023,-15.357283343341251
0.00266640625,33.927961755733186,48.976403316007364,33.52345675999764,-0.4219243473019691,-15.031022208707752
0.0026671875,33.847272033234674,49.01110489927081,33.80490767138014,-0.4716073825609093,-14.734589845329758
0.00266796875,34.27893018518472,0.10956868872018304,33.88371351810002,43.423192666018565,-9.649047836638722
0.00266875,34.54452131469531,6.288244423487463e-06,33.84426153884012,38.18637207766999,-4.342116827074292
0.00266953125,34.80201026149411,3.608862771846951e-10,33.58086765712533,30.17564386842632,3.4052237883381262
0.0026703125,35.00410321348246,2.0529536741087486e-14,33.14548843103081,22.022226273557806,11.123262157472984
0.00267109375,35.149353078823665,-2.2078300402347475e-15,32.59162277544742,14.973972983035054,17.61764979241236
0.002671875,35.24637759855397,-5.690204337900005e-16,31.965533142770035,9.476794394161749,22.488738748608284
0.00267265625,35.30656316831664,-1.9560646538101816e-15,31.303183531221713,5.523793730884882,25.779389800336833
0.0026734375,35.34083626584159,-4.472972986177728e-16,30.630241859907493,2.889567693649983,27.74067416625751
0.00267421875,35.35828506287731,-1.5682369488114505e-15,29.963566938653003,1.2751835969309213,28.68838334172208
0.002675,35.365786946051564,-5.031646241488745e-15,29.313201132580872,0.389024928339272,28.924176204241604
0.00267578125,35.36815782038233,-5.448746563813433e-15,28.684321560280353,-0.01506851581989821,28.699390076100258
0.0026765625,35.36852878913508,-2.0928640575481863e-15,28.078890554140234,-0.12584313528641858,28.204733689426657
0.00267734375,35.368780470294396,-1.954203238233157e-15,27.496922921710567,-0.07708485640980456,27.574007778120375
0.002678125,35.36994981049743,-5.138878695372616e-15,26.93738510805682,0.043293944007609754,26.894091164049215
0.00267890625,35.37258349727062,-2.0839792883253305e-15,26.398786487008092,0.1822571235662565,26.21652936344184
0.0026796875,35.377066543598,-5.0705980961764e-15,25.8795362423876,0.3113007917776003,25.568235450610004
0.00268046875,35.384067492650416,-6.658125538612396e-15,25.37813520356985,0.41790990706088,24.960225296508977
0.00268125,35.39578117624641,-5.63088734932624e-15,24.89326029236952,0.4991043089238943,24.394155983445632
0.00268203125,35.423075891111736,-6.567763669677169e-15,24.423787372651713,0.5568470962498964,23.866940276401824
0.0026828125,34.47754696132167,35.449921820950486,24.07047737893755,-31.542940988683938,20.163496546671002
0.00268359375,34.92625777130089,49.72189135581111,23.856489794367345,-41.75400587607678,15.888604314633017
0.002684375,34.64814784532748,49.75577442716786,23.857482582150354,-34.53627792352548,8.63798607850798
0.00268515625,34.41608386316474,49.78876543508885,24.064857639748567,-26.125178552328972,0.40127075698868925
0.0026859375,34.243071836929104,49.82168141513296,24.423316211054498,-18.347297941419324,-7.051067262659135
0.00268671875,34.12391561624692,49.854522364622554,24.88158616027337,-11.996557241942005,-12.97637896240718
0.0026875,34.04786503691605,49.887288234102414,25.397838435992636,-7.2525929905309745,-17.236856807578803
0.00268828125,34.0033749973069,49.9199789742278,25.94094822267645,-3.9714542313891017,-20.00757652016225
0.0026890625,33.980262454744214,49.952594535767,26.489562680206873,-1.8730157814440993,-21.590016074116026
0.00268984375,33.970502129657056,49.98513486960158,27.03023968090218,-0.651396649833063,-22.303498538866336
0.002690625,33.968289156725746,50.017599926726376,27.555403892918534,-0.03218837489144673,-22.430007658916395
0.00269140625,33.96974998142743,50.049989658249615,28.061508241391394,0.20432455620551482,-22.192805973063734
0.0026921875,33.97253204011707,50.08230401539294,28.54755933225463,0.21976680315428682,-21.7545114862926
0.00269296875,33.975404554277176,50.11454294949151,29.01403141162784,0.12437180449484836,-21.224883342358517
0.00269375,33.97794620063475,50.146706411994074,29.462124942444827,-0.012386536032535745,-20.67219493351671
0.00269453125,33.980387000573955,50.178794354463044,29.893299002451414,-0.15078455942683036,-20.134710792584798
0.0026953125,33.98378373896224,50.21080672857454,30.30900391188281,-0.2712416492148691,-19.63056116747686
0.00269609375,33.991503382525245,50.24274348611854,30.710550091670747,-0.3667891282354703,-19.165404266212324
0.002696875,34.0228017540599,50.27460457899884,31.099067681360037,-0.43778181253061066,-18.737755085108194
0.00269765625,34.029439276548906,4.37789504585798,31.338636258650233,41.23255656955959,-14.271815356767338
0.0026984375,34.378782899696446,0.0002512512874899068,31.47283569746335,41.760725830785034,-10.288141384609178
0.00269921875,34.695757813627196,1.441953468598152e-08,31.36861325163313,34.16854126104271,-2.7999280238291164
0.0027,34.942413625536894,8.275499108380762e-13,31.06366326055027,25.64291447983356,5.420748780715882
0.00270078125,35.126405470290834,4.749382485926532e-17,30.613985265485606,17.892339923346597,12.72164534213901
0.0027015625,35.26626218819876,2.7257128183099117e-21,30.07059126623372,11.63331693463338,18.437274331600342
0.00270234375,35.56091245835702,1.5643108109136801e-25,29.47469755650382,6.996535945410644,22.478161611093174
0.002703125,34.95373594105704,50.51693998547188,29.1126309044552,-40.62079695731739,19.21648787630071
0.00270390625,34.6880441411708,50.55794106185817,28.86776631257686,-36.13492228319416,14.444747533912846
0.0027046875,34.44318741573918,50.589043451673234,28.845371863055902,-28.83009178906265,7.086420200445317
0.00270546875,34.250243101950765,50.6200690915784,28.997481269855147,-21.214336893763306,-0.4082509279599464
0.00270625,34.110826792347,50.65101849854196,29.273757049572996,-14.543669526731655,-6.833591922237307
0.00270703125,34.01726381329051,50.681891625987035,29.63004609047683,-9.291050681321986,-11.76079485418822
0.0027078125,33.959048963619246,50.71268842741927,30.031619745944393,-5.481894481906384,-15.199174199568496
0.00270859375,33.92594205253589,50.7434088564592,30.453386352533133,-2.9210111341786558,-17.36901136974741
0.002709375,33.9093472546817,50.77405286684244,30.878605865836047,-1.334319351413928,-18.561127649592464
0.00271015625,33.90272560327925,50.80462041241965,31.29706325087241,-0.4488800834135773,-19.058677078133666
0.0027109375,33.90149709250444,50.83511144715667,31.703242120819365,-0.03153052948077004,-19.100338796856537
0.00271171875,33.90271904635317,50.86552592513457,32.09476107991959,0.09810240865040268,-18.86886725386538
0.0027125,33.90471507774144,50.895863800549655,32.471162250196514,0.0688785496663932,-18.49358010001954
0.00271328125,33.90676228486708,50.92612502771367,32.83304475656424,-0.03383557276240996,-18.059244698387015
0.0027140625,33.908935755779325,50.9563095610537,33.18149012214232,-0.15803112381671924,-17.61678831509466
0.00271484375,33.91236799166065,50.986417355112444,33.5177120202731,-0.2753564901968052,-17.193348844642536
0.002715625,33.92144273950935,51.01644836454809,33.842866100577126,-0.3730455867147702,-16.80053667725619
0.00271640625,33.97124350351496,51.04640254413447,34.15797689792275,-0.44811356572546324,-16.440312080486258
0.0027171875,33.998540478401274,4.833973658297117,34.29897837197882,41.283544290287765,-11.818539576606064
0.00271796875,34.36458945513475,4.550051340893383,34.33398697550752,37.02104064343458,-7.237105008820442
0.00271875,34.64430292063855,0.0030115823110314277,34.12974305396604,33.60618924573807,0.5205422259169339
0.00271953125,34.88522810173995,1.728373782381117e-07,33.743929803653536,25.252247013503847,8.491682617312307
0.0027203125,35.05969691855179,9.91872612811201e-12,33.21891013304936,17.639712190165046,15.5791979428744
0.00272109375,35.17873143708207,-4.928356572960806e-15,32.60464573430348,11.484439967075382,21.120205767228104
0.002721875,35.25467727270535,-6.4905683180219845e-15,31.94146110811443,6.922571985063728,25.01888912305071
0.00272265625,35.29954653579578,-2.0582789443692858e-15,31.259069747173005,3.7909692069591046,27.468100540213904
0.0027234375,35.32357609544123,-5.0495597335871304e-15,30.577636922333856,1.804857581450267,28.77277934088359
0.00272421875,35.33469838907038,-2.1373948012046116e-15,29.909673108303505,0.6614241858177679,29.24824892248574
0.002725,35.338594983094445,-1.2084252272958369e-14,29.262057753722388,0.09262989718365162,29.169427856538746
0.00272578125,35.339037394229386,-5.626921408040791e-15,28.637835171893578,-0.11418508352050907,28.752020255414095
0.0027265625,35.33832039071765,-5.023986622524925e-15,28.037641645793258,-0.11426967170706136,28.15191131750032
0.00272734375,35.33767592869844,-7.10433346670891e-15,27.460748439497028,-0.012726408364506982,27.473474847861542
0.002728125,35.33761144271647,-7.371539327888506e-15,26.90576849379191,0.1247614336056273,26.78100706018629
0.00272890625,35.33814428715233,-5.449855287515663e-15,26.371098297232408,0.2610657588297528,26.110032538402663
0.0027296875,35.33889240592212,-2.0961670375415257e-15,25.855167632593577,0.3782450015492856,25.476922631044296
0.00273046875,35.33880415420771,-2.5197942358932196e-15,25.356559951871464,0.4702503759590556,24.886309575912414
0.00273125,35.3324952624834,-7.075108913894778e-15,24.87405094435449,0.5377282373128779,24.33632270704162
0.00273203125,35.32449142340624,5.7506975200198145,24.427101810799293,-4.6121320632439,23.288536354023382
0.0027328125,35.25386685654988,5.863379956871176,24.006754614161217,-4.12215321176676,22.265527869056797
0.00273359375,35.215548532488434,47.70267342485058,23.75097164216736,-41.1716062997395,17.219904517056282
0.002734375,34.873536158026425,51.713812751282774,23.614310406504963,-40.67964095727718,12.580138612499367
0.00273515625,34.56896621429308,51.74213833434466,23.711528506393897,-32.90928211575288,4.878672287802117
0.0027359375,34.33581007487012,51.77015742193051,24.0025993194105,-24.46744635723293,-3.3001117452870816
0.00273671875,34.167441151177044,51.79809853147688,24.432022790191578,-16.915994345296735,-10.450081395988569
0.0027375,34.05348503698905,51.82596163402223,24.95007563156263,-10.883884631358919,-15.99200137110068
0.00273828125,33.98144991496633,51.85374668760595,25.517108501823934,-6.457538438720926,-19.87909974706109
0.0027390625,33.93933380007408,51.88145365038427,26.10417597777486,-3.447955748390723,-22.32932192421869
0.00273984375,33.91702213764599,51.909082480631,26.691798235634298,-1.5597831544004455,-23.657501090596256
0.002740625,33.906736597525004,51.936633136737626,27.26799516127146,-0.4885554574240521,-24.180082518042113
0.00274140625,33.90292466985285,51.96410557721333,27.82625046963241,0.030855016927418568,-24.16871012450834
0.0027421875,33.90188032521996,51.99149976068515,28.36373466580557,0.2064040327782024,-23.834169127657784
0.00274296875,33.90127483866569,52.018815645897945,28.87990905378399,0.18844515181446156,-23.327351743928418
0.00274375,33.899682800958566,52.046053191714456,29.375515265999997,0.07779873661521322,-22.748336662329674
0.00274453125,33.89609329332535,52.07321235711544,29.851897052432836,-0.06321708259021364,-22.158098222092388
0.0027453125,33.889191731951456,52.100293101199696,30.310580655679352,-0.19990052003652467,-21.58981192548382
0.00274609375,33.87509455040284,52.12729538318409,30.753040284774123,-0.3158937863201686,-21.0583613120898
0.002746875,33.82679410372778,52.154219162403706,31.180578470651902,-0.4057916429283168,-20.567849048823486
0.00274765625,34.24957684982703,1.3396622597901051,31.430399521576586,45.64144311289451,-15.55070585110803
0.0027484375,34.44752001182554,7.688440770007923e-05,31.56730308674292,42.49482040841588,-10.927594206080663
0.00274921875,34.7306134982068,4.412464488115201e-09,31.45278129473911,34.33988626092974,-2.887104970603089
0.00275,34.95743376960192,2.5323525850427647e-13,31.136406391489096,25.516659322369158,5.619747069119686
0.00275078125,35.11946755259071,1.453339654572954e-17,30.676185678436017,17.639889690242338,13.036295988193679
0.0027515625,35.217090474683864,8.340845441625436e-22,30.12398149631467,11.356218830971125,18.767762665343547
0.00275234375,35.163209936711816,4.7868853273343065e-26,29.5210482077503,6.751245101974408,22.769803105775893
0.002753125,35.1321912139856,52.33226213082486,29.132665791508625,-42.942978204957676,19.743381865641442
0.00275390625,34.77693742174057,52.39299191889422,28.866819150354893,-38.6825726814268,15.156399912887474
0.0027546875,34.49239318324438,52.4191304407419,28.838716327494836,-31.11255583471501,7.532141721467944
0.00275546875,34.27308603021074,52.44518803963123,28.99877153381198,-23.042510305931337,-0.4039061998879163
0.00275625,34.114958706099806,52.47116665690152,29.293681081257514,-15.89123151884187,-7.286254056802132
0.00275703125,34.00822457120117,52.49706625354307,29.676133662321647,-10.214390186092935,-12.606542405128486
0.0027578125,33.94099400861375,52.522886790551574,30.108610305012697,-6.069390216064846,-16.34488626947403
0.00275859375,33.90192210510212,52.54862822904179,30.563815550481802,-3.2638439111540523,-18.720968767405935
0.002759375,33.88152281515024,52.574290530247545,31.02341356010975,-1.511919323338212,-20.038957646799584
0.00276015625,33.87257185906978,52.59987365552189,31.476124251994456,-0.5235603995417947,-20.60018900398564
0.0027609375,33.8699961504851,52.6253775663371,31.915782927473746,-0.0483456954301289,-20.661248943433225
0.00276171875,33.870535086766765,52.65080222428475,32.33966117683535,0.10894479665294057,-20.420085844102346
0.0027625,33.87236430599888,52.67614759107577,32.74715588437978,0.08871441177371722,-20.017706118469704
0.00276328125,33.874832988942245,52.701413628540486,33.138845244191565,-0.015388849289238138,-19.547179535059684
0.0027640625,33.878590074081025,52.726600298628696,33.51585862339755,-0.14585194461941775,-19.06488973061173
0.00276484375,33.8875447264358,52.75170756340975,33.87949006477081,-0.27098443646546677,-18.601233062173474
0.002765625,33.934650805367035,52.77673538507254,34.230996917146896,-0.37653691217232016,-18.16920155575332
0.00276640625,33.95974104741078,9.15616176438708,34.41582540743858,38.98097185424112,-13.721308211189616
0.0027671875,34.2960949019842,8.891409779332283,34.49856088160938,34.92771937412066,-9.32056827184357
0.00276796875,34.55750215653844,8.959941100254072,34.3732062842777,27.80419228843889,-2.390927104415262
0.00276875,34.85455101513593,9.028478055860074,34.08539188514061,20.362480924226787,4.694432905053751
0.00276953125,34.943211619138616,0.0005181523795798358,33.63172350707405,21.73804334911081,11.893162005583665
0.0027703125,35.09714975115236,2.9737216994915982e-08,33.08652586648973,15.410125013207068,17.676400823545446
0.00277109375,35.20256402058987,1.6995402924058525e-12,32.46694610806673,10.198345973891533,22.268600134173496
0.002771875,35.27097818180709,-6.829711354081084e-15,31.806968424547065,6.27921364550658,25.527754779040492
0.00277265625,35.31253913091269,-6.93786247679154e-15,31.131983582629083,3.5521564528444376,27.57982712978465
0.0027734375,35.335924715064344,-8.196388710450728e-15,30.459434070356906,1.7969583709299173,28.662475699426995
0.00277421875,35.347944573793086,-6.9267454447848934e-15,29.800275573024226,0.7670524609417442,29.03322311208249
0.002775,35.353550320525784,-6.575445634201847e-15,29.16062344739235,0.23853403740787657,28.92208940998448
0.00277578125,35.35609626479128,-2.5589735614492235e-15,28.543252044549284,0.030664574981433646,28.512587469567855
0.0027765625,35.357696796940466,-2.061356223014743e-15,27.948807001743372,0.009608747570688792,27.939198254172688
0.00277734375,35.359588284494485,-2.2143783383389676e-15,27.376703946345366,0.08350622978890102,27.293197716556467
0.002778125,35.36245946920765,-6.474319094947046e-17,26.82574581261223,0.1940506708507627,26.631695141761465
0.00277890625,35.366779944092876,-5.688974401310742e-16,26.294514844897922,0.30758458195932126,25.9869302629386
0.0027796875,35.373387463852815,-8.324649991333473e-15,25.781598975717195,0.4072349171214711,25.37436405859573
0.00278046875,35.387598793670115,-7.066575074095093e-15,25.28570687611236,0.48663761467720124,24.799069261435168
0.00278125,35.31154228946144,9.863862605477186,24.837502959448035,-8.400816440692727,23.374456794663576
0.00278203125,35.28090514468453,10.191426997586037,24.42388061396239,-7.8138404705403985,22.046294086916753
0.0027828125,35.23851310301065,10.259718321613319,24.071171564542567,-6.259999831962883,20.07145307489213
0.00278359375,35.23396362888988,10.327979315659263,23.76946045855762,-4.574622326852064,18.016103469750423
0.002784375,34.85281765429307,52.249970425631474,23.642136128291,-41.02880090348586,12.420966606145386
0.00278515625,34.666731685636,53.37644043986884,23.625973720028156,-37.212469424315216,7.462002704474535
0.0027859375,34.418272985458984,53.39945318926447,23.827141999156858,-29.587296172905134,0.014984982797521695
0.00278671875,34.221134862403,53.42232219626884,24.19887738474808,-21.696361553937603,-7.527083257583152
0.0027875,34.07891592630396,53.44511074658722,24.68936854770847,-14.813342770733707,-13.942399428145041
0.00278828125,33.98387741146481,53.46781880953448,25.25338956503968,-9.410618626523938,-18.80381061797086
0.0027890625,33.92517900475497,53.49044635091289,25.855539471083777,-5.504300652219012,-22.1306062276101
0.00278984375,33.892255407608666,53.51299333664577,26.470394159525554,-2.887010796512959,-24.155588380607256
0.002790625,33.87626078923583,53.53545973277778,27.081140436751426,-1.2728358079985318,-25.181483488027823
0.00279140625,33.87049201462051,53.55784550547494,27.677670868300584,-0.37888106914252884,-25.501293568031823
0.0027921875,33.8702869133561,53.58015062102468,28.254691260257395,0.03562821194514472,-25.361087572712428
0.00279296875,33.87270237285845,53.60237504583588,28.810106461593943,0.1564437794630237,-24.94871236370496
0.00279375,33.876166401111725,53.624518746438966,29.3437732898351,0.1159447505634148,-24.396690207167282
0.00279453125,33.88026403378769,53.64658168948595,29.856610897346208,0.0016047942762043022,-23.791575586415945
0.0027953125,33.8859805163961,53.66856384175039,30.35001264280829,-0.13345769215487166,-23.18509350678723
0.00279609375,33.898160997313916,53.69046517012762,30.825489832037967,-0.2604630853450573,-22.60451225274459
0.002796875,33.95703500636045,53.71228564163458,31.284493109790144,-0.36701788462166435,-22.06077464722277
0.00279765625,33.989362048531646,0.40698937345946745,31.538131406030594,47.73795520570358,-16.60681317313245
0.0027984375,34.401610523801686,2.3357481850358398e-05,31.664972204800343,42.864499952964586,-11.199551105646094
0.00279921875,34.72023346775712,1.3405066421080798e-09,31.53533262106317,34.2269993353785,-2.691666715655839
0.0028,34.96477356542598,7.693286755174367e-14,31.204607668881536,25.185881050876816,6.018726618004641
0.00280078125,35.143626650158375,4.415245642070407e-18,30.73229027027495,17.250678481416283,13.481611788858666
0.0028015625,35.274380431287106,2.5339487140148705e-22,30.170651916298137,10.994019508367327,19.17663240793081
0.00280234375,35.431672857117704,1.454255687175474e-26,29.560846408102513,6.451377144196318,23.109469263906195
0.002803125,34.995003181767906,53.76353379819706,29.146617415992477,-44.866069403134226,20.249153020929644
0.00280390625,34.72045641410136,53.90501903424338,28.855496634411352,-41.014719964599,15.965197564766974
0.0028046875,34.4425951369755,53.92603605931141,28.815992573184104,-33.271003710310666,8.160960224183363
0.00280546875,34.21905350492263,53.946964963625,28.9777111971442,-24.807661335924635,-0.16159243055616487
0.00280625,34.05510818479586,53.96781262438776,29.284790572762827,-17.213287625056747,-7.469734426568188
0.00280703125,33.94348748982129,53.9885790106,29.687007777532777,-11.132979019127276,-13.168592213939943
0.0028078125,33.87283858255401,54.00926409098795,30.144186777491086,-6.661780329480163,-17.2032969840167
0.00280859375,33.831640284507095,54.029867834400235,30.62688679279237,-3.614437490525097,-19.788543551082768
0.002809375,33.8099879989157,54.050390209807986,31.115189143163157,-1.6964395877000074,-21.238761478944824
0.00281015625,33.800185412864806,54.070831186304915,31.596736843463667,-0.602633560464858,-21.87146078237639
0.0028109375,33.79668666297663,54.091190733107226,32.064693833108606,-0.06655866414665183,-21.95993823585197
0.00281171875,33.795717168046785,54.111468819553835,32.5159586530062,0.1211977470072327,-21.716707913554867
0.0028125,33.79473303024193,54.13166541510632,32.949758288547535,0.11230042358559125,-21.294207550144375
0.00281328125,33.79165185091503,54.151780489348965,33.366628409947324,0.008629302718467003,-20.793781382120105
0.0028140625,33.78287337619826,54.17181401198884,33.76772702501685,-0.12668558044435257,-20.277401406527634
0.00281484375,33.74692605982458,54.19176595285581,34.15440165229144,-0.25814158937021875,-19.779222711194155
0.002815625,34.081738920143,14.167935905043263,34.39886212235956,35.94976374183474,-15.718837524518438
0.00281640625,34.23929760142663,13.179691283025388,34.552855257424454,33.359718462230965,-11.986554487831903
0.0028171875,34.464202436783346,13.24713037667048,34.50780782350153,26.843686632065044,-5.583009185233995
0.00281796875,34.646527133663334,13.31461010814242,34.30335651510796,19.824031193695916,1.1647152132696206
0.00281875,34.78619674753417,13.382069791529336,33.98563514271285,13.570886321870725,7.032679029312792
0.00281953125,34.876541525371906,1.1691560454166658,33.559205359146794,19.74482896363645,12.645220350093679
0.0028203125,35.025021293912154,6.709890451404549e-05,33.06799582820819,16.29933421249805,16.76859451680562
0.00282109375,35.14102403830761,3.850858529859451e-09,32.49995741616476,11.846967756684023,20.652989655629877
0.002821875,35.222281462900554,2.0802264805292306e-13,31.880756204075173,8.05872537746358,23.822030826611382
0.00282265625,35.27649288621202,-7.0963838825230805e-15,31.234840943522666,5.1391146257984675,26.095726317724207
0.0028234375,35.310681188301494,-2.236083801562226e-15,30.58090555693813,3.062264629040678,27.518640927897458
0.00282421875,35.33105558291244,-5.7559574495047565e-15,29.932039581383837,1.6943709176304909,28.237668663753354
0.002825,35.342623167700644,-8.931780670940429e-15,29.296612271663253,0.868538926775851,28.428073344887412
0.00282578125,35.34911956047575,-2.0472235808810723e-15,28.679385130699668,0.4258212184203487,28.253563912279322
0.0028265625,35.35315687215945,-8.609706670162601e-15,28.082575072373874,0.23396905727390518,27.848606015099975
0.00282734375,35.35648204478347,-8.135171469628892e-15,27.50674064329762,0.19268577227369976,27.314054871023927
0.002828125,35.360311523492776,-1.2114651760837766e-14,26.951454911724852,0.23158086854401178,26.71987404318085
0.00282890625,35.36592415925699,-7.0150358606128326e-15,26.415778148247238,0.3048759386044566,26.110902209642788
0.0028296875,35.37763724756106,-1.4150102986475248e-14,25.89856645292926,0.38526546801179223,25.513300984917482
0.00283046875,35.09952071223461,10.148150161443711,25.427087838185876,-8.74872548975722,24.027663166499384
0.00283125,35.24020861575408,14.458371378469828,25.008515439647997,-11.840099287211416,22.390243348389586
0.00283203125,35.16438019788618,14.525718181853534,24.663921076211004,-9.762229829335224,19.900432723692695
0.0028328125,35.103343625822724,14.592799608684388,24.3907593596046,-7.329750555420174,17.127710306340386
0.00283359375,35.06403644029951,14.659859045048018,24.172597020628075,-5.075578470093949,14.588316445674005
0.002834375,35.06575681995523,14.726896403928052,23.99415852240578,-3.232598145288475,12.499860263766204
0.00283515625,34.719357393262726,53.657059000987324,23.96819620362902,-37.10267021004479,7.413807412686487
0.0028359375,34.55364566229791,54.69946476785964,24.036170679934326,-33.715270014994324,3.051975927069012
0.00283671875,34.32873734290873,54.717179476621226,24.297807707903804,-26.83755759339465,-3.5818141753227724
0.0028375,34.14998907937062,54.734752979096534,24.71112291024085,-19.706627821241145,-10.317002247614539
0.00283828125,34.020859734338465,54.75224404864825,25.229402739247014,-13.48042324039114,-16.042418069010097
0.0028390625,33.934426153775604,54.76965266230972,25.811838640833788,-8.59004785073191,-20.36776617074402
0.00283984375,33.880920592065955,54.786978793864094,26.42648335306022,-5.052362050893921,-23.30813338990995
0.002840625,33.85081036588931,54.80422241721851,27.05040396345005,-2.681001008396848,-25.072817445371612
0.00284140625,33.83611945619637,54.821383506404416,27.668454793027465,-1.2178691862775315,-25.93505952709942
0.0028421875,33.83082643627277,54.838462035577486,28.27155786688764,-0.40719161103820056,-26.159712557651645
0.00284296875,33.83079697514827,54.85545797901778,28.854992038350893,-0.031078573253253694,-25.96938736741363
0.00284375,33.83354917816635,54.87237131112971,29.416932420155753,0.07867643961675697,-25.534115330590716
0.00284453125,33.83810634754291,54.889202006442105,29.95732133425656,0.04201366489388363,-24.97389433707943
0.0028453125,33.84545668617885,54.90595003960824,30.477062701938042,-0.06178084235768751,-24.367106495312512
0.00284609375,33.86277855622807,54.922615385405905,30.97749093403639,-0.18460131471555885,-23.76052313665396
0.002846875,33.993881747860286,54.93919801873734,31.460090601976926,-0.3015506632585343,-23.177556753501882
0.00284765625,34.06840941074238,0.036228236661350936,31.679430454154588,48.46891569587188,-16.825713478378642
0.0028484375,34.4617143589207,2.079170699458735e-06,31.754586671522794,41.85472330940765,-10.100138717055557
0.00284921875,34.76793681381195,1.1932545428299967e-10,31.578779020983895,32.68075904292442,-1.1019800220598512
0.00285,34.99937579425152,6.8481938705422005e-15,31.212065870083475,23.602413196799247,7.609652673284221
0.00285078125,35.16553781576874,3.9302393249059936e-19,30.714240473061636,15.877326199342429,14.83691427371921
0.0028515625,35.283298596590605,2.2555992781516465e-23,30.136195137566148,9.920501062623902,20.215694074942245
0.00285234375,35.395112260527995,1.294508472132272e-27,29.517074442495026,5.678507881467034,23.838566561027992
0.002853125,34.9803847017719,53.65495686222531,29.057549152700425,-45.78502005443207,21.18761234490718
0.00285390625,34.78374479748219,55.084634432090326,28.708204530060883,-44.19619241276937,17.819762510739928
0.0028546875,34.485457123833164,55.100469729368555,28.626657734311053,-36.52635193036302,10.052539935305518
0.00285546875,34.23940975153702,55.116140909431536,28.766658581802595,-27.630206979491973,1.2807246518630337
0.00285625,34.05612433539178,55.131729080925865,29.069553236040925,-19.41978612085911,-6.642389724025827
0.00285703125,33.92962217103114,55.147234225032285,29.481066886347044,-12.723253073662505,-12.942914265022734
0.0028578125,33.84841393442327,55.16265631840058,29.95695110202975,-7.724412529803063,-17.481292686567766
0.00285859375,33.80025251742331,55.17799533780537,30.46427529048171,-4.268300676945677,-20.445419370377984
0.002859375,33.77433801412344,55.193251260146354,30.980421822039688,-2.0580006320053146,-22.154828806101353
0.00286015625,33.76211668963949,55.208424062448415,31.4911126222391,-0.7704490996182898,-22.946862340591025
0.0028609375,33.7572960633791,55.223513721861565,31.98825000854359,-0.11633247420411266,-23.11893123911386
0.00286171875,33.75542892223575,55.238520215661055,32.46797789394648,0.1357279715918594,-22.90627029330643
0.0028625,33.75313932461156,55.25344352124738,32.92912848532461,0.1557805981385066,-22.480095634061268
0.00286328125,33.74616849844127,55.26828361614631,33.37207868500654,0.059729330685172145,-21.95593426182494
0.0028640625,33.71412575188357,55.28304047800893,33.797963239608606,-0.07921327551112647,-21.405863962889196
0.00286484375,34.024375601412345,18.29867980251908,34.088908348144415,33.338016788214944,-17.547788242589608
0.002865625,34.17039167188653,17.38918809549199,34.29309048107905,30.8961692528305,-13.992266867243444
0.00286640625,34.37799230307832,17.45517776550129,34.31056999751986,24.83129677083199,-7.975904538813416
0.0028671875,34.54504103948451,17.52119713357446,34.17833698941929,18.30951655986026,-1.6523767040154285
0.00286796875,34.66728929877345,17.587190118254426,33.93932411833588,12.505138855419984,3.84699514466147
0.00286875,34.752035284881224,17.653156616944127,33.63180084390564,7.88416518291011,8.094479044051399
0.00286953125,34.821301025385004,17.71909653029896,33.28619089900701,4.502169183147255,11.0649251855608
0.0028703125,34.85988313653293,0.13448385391356,32.861718530850254,18.157568751684675,14.56966592525202
0.00287109375,35.00946598523182,7.718147890337842e-06,32.39867084007111,15.181304482488228,17.217358639434995
0.002871875,35.119363258060666,4.4294926671752767e-10,31.862830340676993,11.57031870844138,20.292511631792664
0.00287265625,35.19985103986645,2.316212611221e-14,31.276986320085868,8.231451522486996,23.045534797598847
0.0028734375,35.25578693267842,-8.15768785989502e-15,30.662576241255426,5.506449580949635,25.156126660305798
0.00287421875,35.29254679359273,-7.233140114054517e-15,30.036999382192455,3.4726102859400303,26.564389096252434
0.002875,35.31537750026245,-1.8176788446692777e-14,29.413073567427467,2.0679326870871195,27.345140880340367
0.00287578125,35.328759729131306,-9.01754109673185e-15,28.79943573692427,1.171803918672437,27.627631818251842
0.0028765625,35.33613278644472,-1.2114702400814862e-14,28.201342342123336,0.6525363625570777,27.548805979566268
0.00287734375,35.33982995780611,-1.3694571850906523e-14,27.6215482968182,0.3920045202528979,27.22954377656532
0.002878125,35.34095098208045,-6.949451924071275e-15,27.06109738174195,0.2956428336630239,26.76545454807893
0.00287890625,35.33802892038536,-7.466201815053688e-15,26.519955333948204,0.2939264213368546,26.226028912611355
0.0028796875,35.296535943152186,-9.14885612445539e-15,25.997461542042416,0.3398633928715924,25.657598149170834
0.00288046875,35.27416787716896,18.627150386490037,25.576346020503046,-16.1722015707583,23.12139720477131
0.00288125,35.144287756818656,18.704936856579792,25.21587256234149,-13.945815517028468,20.456751222790167
0.00288203125,35.044375559581255,18.77043863032564,24.95175518585642,-10.845371799136148,17.026688354666927
0.0028828125,34.970806030171424,18.835911432717197,24.76326209455228,-7.772692954141094,13.70004361597618
0.00288359375,34.92161141992231,18.901355868526164,24.62973779646897,-5.155674483849854,10.88405641179266
0.002884375,34.89524577637389,18.966771839234784,24.53354117567695,-3.136314632272862,8.703083968715028
0.00288515625,34.906045118191344,19.032159246327815,24.46102879031339,-1.6978162721258394,7.126685816111413
0.0028859375,34.595876495448664,54.72292079926439,24.517302288159073,-33.06004114601092,2.854422634905603
0.00288671875,34.44912001327881,55.674633242060004,24.650840981928074,-30.247385529586836,-0.7764067305450937
0.0028875,34.24602212654691,55.686937255243535,24.955126062724275,-24.186089699654147,-6.545721492865114
0.00288828125,34.0835079200396,55.69910349623321,25.393383237284155,-17.834035621925125,-12.471684637023925
0.0028890625,33.96512734532755,55.711185852285766,25.92410790112386,-12.256455827393845,-17.53062212376806
0.00288984375,33.884861117775216,55.72318430829906,26.51083766258064,-7.858232970726809,-21.35411367499161
0.002890625,33.83398695067927,55.73509884620382,27.124926851936564,-4.666001731917544,-23.94417026234971
0.00289140625,33.80388205619834,55.746929448056974,27.74576166960863,-2.5192160331373885,-25.481951745310955
0.0028921875,33.7872151791844,55.75867609604185,28.35970441791077,-1.1896661864648053,-26.209305491666278
0.00289296875,33.77826565435499,55.77033877246821,28.95857364128541,-0.4491386863022797,-26.36262644488052
0.00289375,33.77273053844748,55.781917459772245,29.53811791660341,-0.1022145555757163,-26.141584987593117
0.00289453125,33.76709742532894,55.79341214051671,30.096706012511113,0.002547855146252687,-25.69925398315185
0.0028953125,33.75686360529321,55.80482279739077,30.634309886833755,-0.02647033622846209,-25.14404257432855
0.00289609375,33.72537769168518,55.816149413210226,31.151771573055445,-0.1171772663433302,-24.547200573811452
0.002896875,34.82012439460177,16.46993222176619,31.540047416717535,35.48218054541083,-20.412065350459482
0.00289765625,34.291887868693564,0.0009452240476859747,31.7693639952716,47.38990890823674,-15.621490137012827
0.0028984375,34.605947639294634,5.4247248154616086e-08,31.75601382495585,39.22394609833491,-7.467932327626312
0.00289921875,34.86788258380508,3.113297783263923e-12,31.50874353718589,29.692113232259175,1.8166303049236037
0.0029,35.06217505184531,1.786749266921345e-16,31.090210556387465,20.87087043274222,10.219340123645246
0.00290078125,35.193742318032676,1.0254312838321026e-20,30.558556030462036,13.66408666307826,16.894469367383774
0.0029015625,35.272199446584345,5.885041272037881e-25,29.961237986673886,8.277802003675086,21.683435982998798
0.00290234375,35.298435273043886,3.377477488707077e-29,29.333581825602977,4.550300956183264,24.783280869419713
0.002903125,34.69646534439106,1.938364347744482e-33,28.69958443025394,2.1705029512527325,26.529081479001206
0.00290390625,35.023336345444555,55.92158065177431,28.396429852731185,-47.76814773575597,20.24299693671284
0.0029046875,34.6503232462,55.93519050550174,28.237095671264512,-40.785421859455404,13.08732702521818
0.00290546875,34.35577952122135,55.94550751854469,28.32620687845045,-31.606764141757097,3.9874635016628575
0.00290625,34.13523354584658,55.95574009451978,28.603372139682424,-22.685804950958996,-4.666563003878363
0.00290703125,33.98048856139061,55.96588840215096,29.00965951911508,-15.173485879219715,-11.782743003816165
0.0029078125,33.878760600309455,55.97595242616562,29.495427531560964,-9.425212546501289,-17.055312348103367
0.00290859375,33.81635875138449,55.98593215140755,30.02277864894221,-5.3596678932835395,-20.603485609181803
0.002909375,33.78097429253098,55.995827562847424,30.565056406147527,-2.6955117218604245,-22.735259434839474
0.00291015625,33.762637783342726,56.00563864558297,31.104981663541835,-1.0948675609577465,-23.80578942108339
0.0029109375,33.75378334467566,56.015365384838844,31.63239713392896,-0.24100383043186185,-24.141964420478022
0.00291171875,33.7486631039256,56.02500776596678,32.14214620093182,0.12705048154337534,-24.009912046578336
0.0029125,33.741505378077456,56.03456577444551,32.632321329511775,0.20575494306396536,-23.6079993879977
0.00291328125,33.7124685382792,56.04403939588083,33.102937721514394,0.13225787695324698,-23.073359551319687
0.0029140625,33.99570476692371,22.320102513389244,33.446264603727656,30.590409216061033,-19.464247125722625
0.00291484375,34.1289186484972,21.49479726703463,33.706417790061955,28.31824213441306,-16.106621611385737
0.002915625,34.317694265321215,21.55894327354452,33.79264985328305,22.734817595077832,-10.5011110153393
0.00291640625,34.468642911865885,21.623107860931203,33.73913156337119,16.738511404335817,-4.622487701895831
0.0029171875,34.5773866412928,21.6872398872379,33.585424450700906,11.405119979275975,0.4930645841870302
0.00291796875,34.648877984755885,21.75133925295343,33.36677573395957,7.160771922165487,4.454664558840657
0.00291875,34.69033920109485,21.81540586154513,33.111203395097746,4.055474199025585,7.240323334527028
0.00291953125,34.70612345916003,21.879439616529858,32.83912458318782,1.9497588366530403,9.009926130004919
0.0029203125,34.62206762170493,21.943440421473934,32.56423593464941,0.6332430017095794,9.987552511465898
0.00292109375,34.908582036983546,0.004270223052572265,32.18353562915227,19.244414887794388,12.934850518305309
0.002921875,35.03321232815556,2.450718664734345e-07,31.761164984442452,16.099540515635642,15.661624223734945
0.00292265625,35.141521133366965,1.4040038136623556e-11,31.258761696990454,12.332595124249805,18.926166572726608
0.0029234375,35.22397146326903,-3.410556792706012e-14,30.700520894540634,8.809513817567662,21.891007076973008
0.00292421875,35.282310293037376,-2.8412789035576742e-14,30.10913936742606,5.912963029055911,24.196176338370176
0.002925,35.32125370354293,-3.2993910217109064e-14,29.50319412430073,3.7382536881058486,25.764940436194912
0.00292578125,35.34607439637875,-2.8726031686755504e-14,28.896475849304647,2.2277109505876327,26.668764898717043
0.0029265625,35.36160130935439,-3.2522943107067474e-14,28.298359210423783,1.2577909880690499,27.040568222354764
0.00292734375,35.37201843823993,-2.847341657250662e-14,27.71462232289935,0.6907740019018214,27.023848320997555
0.002928125,35.38172202932059,-2.981312802220396e-14,27.148366265986958,0.4018484520560634,26.74651781393092
0.00292890625,35.40433059239114,-3.490779740889069e-14,26.600854536093966,0.2902724638426378,26.310582072251364
0.0029296875,35.22105477813184,22.126332932716274,26.14351050518992,-19.78651695144424,23.803694523917887
0.00293046875,35.13531104858864,22.77237521478773,25.74817086189276,-18.43901621464841,21.414811861753442
0.00293125,35.01237152688539,22.83593805064214,25.47465882645993,-14.880154337189845,17.51887511300763
0.00293203125,34.9137334362737,22.899433068941647,25.30089637224227,-11.015910406471114,13.417373709771736
0.0029328125,34.842555985642356,22.962893599190394,25.201054499053733,-7.559733312596508,9.797894212459848
0.00293359375,34.79586729153928,23.02631954773625,25.151967796018315,-4.798810149462918,6.924458397744982
0.002934375,34.769231348492966,23.08971081906102,25.135097222341138,-2.772452966242028,4.817839369522146
0.00293515625,34.75989863789136,23.153067317698557,25.13681682722417,-1.3941862793438058,3.377935788869417
0.0029359375,34.780553465890726,23.216388948235185,25.14785256465698,-0.5291694427629936,2.4606330591847896
0.00293671875,34.50827232906213,55.44077757743163,25.266062227105966,-29.207693609621984,-0.9670217407036816
0.0029375,34.380999902788126,56.295744374692624,25.447426201846817,-26.941764318243134,-3.9065538546026732
0.00293828125,34.20107119729078,56.30255944613921,25.778270660374687,-21.662384391002792,-8.861904394761735
0.0029390625,34.05662790176244,56.30924105563309,26.226764352983544,-16.0538489295573,-14.028627773092243
0.00293984375,33.95140543946848,56.31583786163426,26.756354937938525,-11.094145450126389,-18.465337473569342
0.002940625,33.88040049373058,56.32234985700119,27.33470074566456,-7.163928690547294,-21.82372042078934
0.00294140625,33.83610360584679,56.32877703192711,27.936277112740797,-4.299632208130513,-24.092867711055803
0.0029421875,33.81108947337633,56.335119376732806,28.542653930795677,-2.3655967560830278,-25.4268686898541
0.00294296875,33.7991997320789,56.34137688186681,29.141605059928438,-1.1622397305727616,-26.03753209136561
0.00294375,33.796065609787256,56.34754953790544,29.725779786948074,-0.4876793200411882,-26.134090430916174
0.00294453125,33.79963322572149,56.353637335552776,30.29135331826945,-0.16794567070694058,-25.894338346576383
0.0029453125,33.81274837680022,56.35964026564073,30.836862300170807,-0.06765188829019167,-25.455126077179727
0.00294609375,33.87610596796217,56.36555831912898,31.362312125798265,-0.09004308775699243,-24.91320310557372
0.002946875,33.911818864077475,0.4270294642782153,31.668991216131193,50.38251089114057,-19.140549139287593
0.00294765625,34.34578190239839,2.4507600472866008e-05,31.8394037441018,45.22002819450349,-13.380648958002162
0.0029484375,34.6806587337586,1.4065129720096052e-09,31.73782793330185,36.09550490452377,-4.357676972628434
0.00294921875,34.93643457695963,8.072102948722279e-14,31.42284116136619,26.550125153843,4.872716007523109
0.00295,35.120604980397424,4.63265162223658e-18,30.95730203861863,18.174810412230745,12.782491626387882
0.00295078125,35.24606434380341,2.6587199382049896e-22,30.396424251812284,11.572494026007185,18.8239302258051
0.0029515625,35.32870273881397,1.525863001629298e-26,29.78364882546287,6.780512696560044,23.003136128902824
0.00295234375,35.38815574933976,8.757063375817886e-31,29.150342141730597,3.5565976049230894,25.59374453680751
0.002953125,35.499556822827245,5.025756498860409e-35,28.517415807968494,1.5570301345735538,26.96038567339494
0.00295390625,35.008328615846516,56.29397714666061,28.121690949280545,-50.09178573247856,21.9194995350985
0.0029546875,34.701125323589515,56.42504535786034,27.8733066101646,-44.585855048300346,16.034116300604605
0.00295546875,34.400238292252645,56.42995146964243,27.897060236613225,-35.51959414712486,6.986702914095655
0.00295625,34.162422029515085,56.4347653632592,28.13383365806603,-26.087565788267035,-2.213365916926135
0.00295703125,33.99055339883429,56.439494266723976,28.521386114321956,-17.83557948240208,-10.082528669999942
0.0029578125,33.87519776604255,56.44413817333033,29.00519628353529,-11.343266352707003,-16.095675537088034
0.00295859375,33.803286644860165,56.44869707608466,29.54243428345365,-6.6386193705736645,-20.267643422057347
0.002959375,33.76200549319708,56.453170968121356,30.10220154705423,-3.47819858685925,-22.872770834207877
0.00296015625,33.74042781296413,56.4575598427028,30.663927537892384,-1.5219652128880767,-24.27166709192234
0.0029609375,33.72975166970719,56.46186369321943,31.215103521938495,-0.43191243450168604,-24.814847736779246
0.00296171875,33.72193246270633,56.46608251318972,31.749020381647,0.0804291385361637,-24.797491270078883
0.0029625,33.6971018546252,56.47021629626021,32.26282845413074,0.2382351946781654,-24.44562303680764
0.00296328125,33.95368558364825,26.208178987358405,32.658469250147405,27.651431659059156,-21.20114139627016
0.0029640625,34.076065110056916,25.471990795020496,32.97508632682406,25.61116729983189,-18.108071768028324
0.00296484375,34.24826339736537,25.533909912704225,33.13133811685448,20.561180023139997,-12.963751818989738
0.002965625,34.3863728938983,25.595836383070456,33.15824591258548,15.12754520590732,-7.565135676392294
0.00296640625,34.48659320380127,25.657724309198517,33.09175451031535,10.28977295017536,-2.85574274905853
0.0029671875,34.55377615332826,25.719573595257636,32.9639279744595,6.436975714062235,0.8073786651396333
0.00296796875,34.595449080788015,25.781384148103697,32.80028856797988,3.6161819343346724,3.40272248554151
0.00296875,34.619479669992096,25.84315587465116,32.61946966530877,1.7018307974638356,5.074482993193775
0.00296953125,34.63379105187252,25.9048886818729,32.43404011838733,0.5027251338147669,6.026426302699659
0.0029703125,34.65306237158099,25.966582476800454,32.25178086429894,-0.17678040146750582,6.461978788965988
0.00297109375,34.655809642138976,2.2641140145898375,32.00617416705689,21.08053296854979,8.661527183917263
0.002971875,34.83413841526504,0.00012993951547021318,31.721134483323528,21.298818282128607,10.422186261679451
0.00297265625,34.99536377041402,7.457309758270844e-09,31.32787767975411,17.427681965201582,13.90019570709522
0.0029734375,35.12018676495303,3.979439168275666e-13,30.84510187792558,13.120225496987025,17.724876380938156
0.00297421875,35.21183803451086,-2.5317354266316642e-14,30.300673896300527,9.222387725174086,21.078286171126468
0.002975,35.275517685773195,-3.24033672751122e-14,29.719835219841663,6.085191145925051,23.634644073916643
0.00297578125,35.317719588730455,-2.9948898482327636e-14,29.12280535671396,3.769347847205891,25.3534575095081
0.0029765625,35.34497444621127,-2.638606757857119e-14,28.524347156829563,2.186114760517858,26.33823239631173
0.00297734375,35.363555728239184,-2.8475987677241295e-14,27.934345748185027,1.1870466126390657,26.74729913554599
0.002978125,35.38207646527424,-3.253314978849585e-14,27.358796564469216,0.616047483391472,26.742749081077775
0.00297890625,35.50186682633869,-2.5364534730013784e-14,26.800890591403732,0.3346643991143367,26.46622619228942
0.0029796875,35.16038070491615,26.69864700868274,26.397106148237654,-23.249829252271184,22.948288391826097
0.00298046875,35.009736076808615,26.765009201430683,26.075159145907072,-19.849483003608686,19.159632948085076
0.00298125,34.876972441047734,26.826147393216935,25.883377934128312,-15.35563975901242,14.412870299923794
0.00298203125,34.77582710033683,26.887244887813235,25.791897623785733,-10.98069277132106,9.885345507293557
0.0029828125,34.705324430137544,26.948301890687574,25.771515757275402,-7.292955609953925,6.116169476541751
0.00298359375,34.660305932555396,27.009318309906313,25.797572598480787,-4.469153410077596,3.2574076986520724
0.002984375,34.63475195731031,27.07029405357975,25.851170816923517,-2.4707936660510263,1.251670429394794
0.00298515625,34.62351739675358,27.131229029879584,25.91893795054848,-1.1605896844478594,-0.051701394883245655
0.0029859375,34.62410071762974,27.192123147038767,25.992117120787967,-0.37310937755516077,-0.8268966486956402
0.00298671875,34.648224615055284,27.25297631335195,26.065467703345966,0.04678609245630235,-1.2342947024622888
0.0029875,34.410495073419064,55.806064196076306,26.228077489659775,-25.61472702947466,-3.96325967694187
0.00298828125,34.299594701700414,56.55884827074013,26.44268513484349,-23.772367293320144,-6.343795842576494
0.0029890625,34.141006427637585,56.560131060674756,26.786977380756753,-19.197112615387212,-10.576041064530791
0.00298984375,34.01327417246502,56.56128554763592,27.233507866093216,-14.285061256660777,-15.042716424881926
0.002990625,33.92004306104482,56.56235485184827,27.75034062249786,-9.91781278798218,-18.89420144136823
0.00299140625,33.85713748534588,56.56333897417629,28.30906517597755,-6.444259581637069,-21.81001421656167
0.0029921875,33.81813901413977,56.56423791313802,28.887184078012595,-3.904961592761163,-23.772092242364266
0.00299296875,33.79678397646863,56.565051667379706,29.468414690752986,-2.1851919341160775,-24.911445042510643
0.00299375,33.7882802732829,56.56578023567582,30.041937189378473,-1.1114440027964763,-25.41239904350087
0.00299453125,33.79083582217296,56.56642361692916,30.60124047243803,-0.506676278310632,-25.458506866180496
0.0029953125,33.813700757729286,56.566981810170816,31.14294245608249,-0.21770499449983305,-25.206334359588492
0.00299609375,34.44924551184113,56.567454814560136,31.666009458425467,-0.1306627289191553,-24.770782627215514
0.002996875,34.13023106150574,0.0032464565055373477,31.844818730260116,48.958869200133975,-17.117296926379396
0.00299765625,34.51048675659105,1.8631702410681847e-07,31.8780332728318,41.1033154144847,-9.22528232796992
0.0029984375,34.80683664536273,1.069289960078334e-11,31.664985326493927,31.451320882523035,0.21366444396019801
0.00299921875,35.02664013917609,6.136750112908665e-16,31.269092977263348,22.319311550495243,8.949781426768105
0.003,35.17999302669806,3.5219354295186347e-20,30.750554470340298,14.753975028673906,15.996579441666393
0.00300078125,35.28105438481409,2.0212700438309707e-24,30.159217755650317,9.037431218731056,21.12178653691926
0.0030015625,35.344949913259384,1.1600248419792438e-28,29.53262023914443,5.040614708736451,24.49200553040798
0.00300234375,35.38711672071934,6.657485664105062e-33,28.89681396563063,2.4536534941697874,26.443160471460843
0.003003125,35.433434176708445,3.820790190332619e-37,28.26842688728977,0.9233897888760126,27.34503709841376
0.00300390625,34.32804121731559,39.87879011106837,27.76875335214988,-36.054169837853884,23.944133078935394
0.0030046875,34.86138206921449,56.56607750673578,27.43391298283599,-48.53871102584009,19.406546501940298
0.00300546875,34.53854956934072,56.56648595091644,27.3514800511214,-40.39067880921849,11.175672909423453
0.00300625,34.267537049571104,56.5658515370672,27.51334844542908,-30.698370567851818,1.6458674762136951
0.00300703125,34.06471015886401,56.565131881106296,27.85570537494339,-21.65285240523876,-7.056574100924147
0.0030078125,33.92469193671359,56.564327039075856,28.318820922025406,-14.22272186294672,-14.02278425410373
0.00300859375,33.83536203740029,56.563437012191145,28.85365218137472,-8.645251847832819,-19.064532982983607
0.003009375,33.78359258883518,56.562461801792516,29.423501102475036,-4.769110409087013,-22.369850290230467
0.00301015625,33.75804573822109,56.56140140934862,30.003038869104365,-2.2763371924085454,-24.28202534783571
0.0030109375,33.751028270897464,56.56025583645638,30.576194506232465,-0.8139041405795127,-25.1701571896444
0.00301171875,33.76601069483353,56.55902508484102,31.133799637960273,-0.0626259362835782,-25.362599510597168
0.0030125,33.77174342823614,31.616784556512883,31.597121443267,22.890312176714346,-22.90997528996023
0.00301328125,33.96485225696044,29.29710411654623,31.988336593408192,23.160349236512666,-20.469116759650703
0.0030140625,34.13946169360736,29.356330179153836,32.23538694162656,18.886748390863815,-16.007691628391093
0.00301484375,34.273850656446896,29.4156485617493,32.36004702086663,14.063021734085055,-11.118623274967721
0.003015625,34.370972175957974,29.474922652745192,32.394320504682355,9.666410863631041,-6.747013011693882
0.00301640625,34.436368755994046,29.534152355040685,32.36745089278427,6.109201507080201,-3.275902969336615
0.0030171875,34.477142161662066,29.593337579436483,32.30310970866373,3.470608872853701,-0.7608367436264516
0.00301796875,34.50036765446109,29.652478236800697,32.21883531954564,1.6570004176133588,0.9093566651315825
0.00301875,34.512318192210735,29.711574238068575,32.12664357440644,0.5044037286759153,1.9106656076619446
0.00301953125,34.51858309574412,29.770625494242594,32.03411888950177,-0.1616986565195112,2.425192051778687
0.0030203125,34.52654735099348,29.82963191639264,31.945582352226594,-0.4958985427898778,2.6118489786238346
0.00302109375,34.594934062606235,29.88859341565611,31.863151680864494,-0.6215533251256972,2.5961115903340812
0.003021875,34.63256679440885,0.019717494080864196,31.653057654292308,26.00327125810477,5.630068902106672
0.00302265625,34.84426291823785,1.1316044785268308e-06,31.379189034607787,22.538967430539635,8.840220472463674
0.0030234375,35.009390163070826,6.490679597901227e-11,30.982153975187956,17.683823559898123,13.298330415224925
0.00302421875,35.134410022897804,-3.072123808002952e-14,30.493328606424143,12.862859904269573,17.6304687021546
0.003025,35.22380625702346,-4.0104314058541e-14,29.944078978141643,8.753269722673231,21.19080925546845
0.00302578125,35.28458786673363,-3.4087530043305926e-14,29.361109645201072,5.580961836650044,23.780147808551064
0.0030265625,35.32477483771201,-3.5799772033486766e-14,28.764908523150766,3.320611560696916,25.444296962453883
0.00302734375,35.35332691322767,-3.408825743697194e-14,28.1698922453704,1.8287274302796708,26.341164815090764
0.003028125,35.39148457767715,-3.4038041489016975e-14,27.585359951134926,0.9249860337410243,26.660373917393937
0.00302890625,35.14815978925634,29.693717057826817,27.112412337290007,-26.494248573555797,23.912943853018987
0.0030296875,35.032497026747826,30.53413477058531,26.71651913111032,-24.934990367794594,21.117374728319604
0.00303046875,34.865055042824984,30.592595165847868,26.479906247515423,-20.273062169272144,16.1603732509397
0.00303125,34.72915917438521,30.6509646146286,26.373893742692815,-15.119540117638266,10.842469245702482
0.00303203125,34.62936797720973,30.709287901035154,26.364208204431108,-10.469293920666983,6.124214224062936
0.0030328125,34.56154319743158,30.76756493980897,26.419844045232825,-6.732215068970915,2.3844941743947703
0.00303359375,34.51880931616819,30.825795643186012,26.515862808306508,-3.9757513367544415,-0.33418149812506076
0.003034375,34.49406147753908,30.88397992347191,26.633876698094586,-2.0916545448781485,-2.1584486804991756
0.00303515625,34.48104926357281,30.94211769304218,26.76134040057313,-0.9020582336871016,-3.2787190587819497
0.0030359375,34.47458139520941,31.000208864342397,26.890366989408268,-0.22090180703218398,-3.888940067901946
0.00303671875,34.469704647069925,31.05825334988831,27.01648303777755,0.11512575417349964,-4.156896066284259
0.0030375,34.45463886326338,31.116251062265967,27.137530319066656,0.23494189859286574,-4.213662641792178
0.00303828125,34.45271731802617,54.26376593276205,27.321611103811374,-20.741895963246677,-6.200258865703997
0.0030390625,34.27853457584492,56.462182636555326,27.547018450883794,-21.01861663474725,-7.896547550924282
0.00303984375,34.12094954191927,56.45801409244541,27.88132267308748,-17.23392297469888,-11.342768444659047
0.003040625,33.99937208801756,56.453634120141665,28.30616560638758,-12.98707408382323,-15.160394429930854
0.00304140625,33.91104919766861,56.449169122430774,28.794014879598876,-9.128399048599395,-18.526755194232503
0.0030421875,33.851295909323355,56.44461911329094,29.319822752726246,-6.014149140862107,-21.11064721970259
0.00304296875,33.814450695098344,56.43998409957479,29.863457627888145,-3.709923398466446,-22.866603073220194
0.00304375,33.7958504693318,56.435264088262564,30.41017161237652,-2.1310110120137047,-23.89408146387234
0.00304453125,33.7954242262512,56.43045908646254,30.950049952167024,-1.1320607741055888,-24.348348360189927
0.0030453125,33.85122959998455,56.42556910141094,31.477060756064525,-0.5596843038087195,-24.3888240415377
0.00304609375,33.88306165966344,0.4274431472366182,31.78831849614199,50.318943009365945,-18.958067660460575
0.003046875,34.31556297286863,2.4531342105505118e-05,31.96400915418608,45.3394935750116,-13.37550895216763
0.00304765625,34.64966666410887,1.4078755254068896e-09,31.86699178260953,36.28747025353209,-4.420478472330436
0.0030484375,34.904481387226056,8.079922763764793e-14,31.555346895633576,26.750764762661944,4.804582132971551
0.00304921875,35.08674455090634,4.637139483587262e-18,31.091868850772475,18.351936986385052,12.739931864387422
0.00305,35.20840790264299,2.6612955617195416e-22,30.531925360696476,11.713892832803007,18.81803252789347
0.00305078125,35.28340575659778,1.5273411748548822e-26,29.919194679046523,6.8854311695436685,23.033763509502855
0.0030515625,35.32458860746077,8.765546743330604e-31,29.285284449618956,3.6300358482336588,25.655248601385296
0.00305234375,35.34168868248783,5.030625178870995e-35,28.651286946317512,1.6068799777837601,27.044406968533753
0.003053125,35.338077711510586,2.887120499305554e-39,28.03004830075765,0.4735967453013723,27.556451555456277
0.00305390625,35.27770168215303,1.6569441135308452e-43,27.428443008358197,-0.06325865047565578,27.491701658833854
0.0030546875,35.24171611152192,55.93327375629136,27.048839722393943,-50.77472128285719,21.89028724895978
0.00305546875,34.80635953470255,56.354244839904254,26.81030835730442,-45.66517687409483,16.121240391495
0.00305625,34.47025028823719,56.348190424694664,26.84886743879146,-36.496003560994225,6.9966805750910215
0.00305703125,34.214198246558205,56.342026647626426,27.10557822055196,-26.86479946107864,-2.3716489659958264
0.0030578125,34.03130856577558,56.335778019078035,27.516943304772475,-18.3957869498484,-10.42304776445716
0.00305859375,33.90950576980986,56.329444549865975,28.027057694999133,-11.709198231149205,-16.593188623717637
0.003059375,33.8349033057685,56.323026249528425,28.591854011239292,-6.849441737404885,-20.88173050088425
0.00306015625,33.79545701513257,56.316523127731216,29.179454528781395,-3.5754181412977566,-23.561650457652064
0.0030609375,33.788776998025746,56.30993519426794,29.768587880331417,-1.5423651009205317,-24.998982213015996
0.00306171875,33.78346080370969,34.929690047219914,30.282594727184218,19.010573312359593,-23.65766863239529
0.0030625,33.944473472273884,32.947079301725296,30.73472945494272,19.74258311233478,-21.954932959117357
0.00306328125,34.09276770571722,33.00336790439663,31.059970047137135,16.327346162969558,-18.270744020229056
0.0030640625,34.20800846511853,33.05972382168561,31.27543825838803,12.281995844457661,-14.066281407755241
0.00306484375,34.291650554784454,33.116029958343674,31.40808738784073,8.512675663666768,-10.22061823416971
0.003065625,34.34780664782094,33.17228622285951,31.483108262033902,5.4189529429460785,-7.108130903771688
0.00306640625,34.38218324780539,33.228492530511765,31.52120817746033,3.097445772196967,-4.804730125248402
0.0030671875,34.40054962675517,33.28464879665475,31.53793626611332,1.4840262343404693,-3.230738764881899
0.00306796875,34.407850756289136,33.34075493671821,31.54409797227628,0.44585581354527265,-2.2425127779872045
0.00306875,34.407790307174025,33.39681086620727,31.54663794214095,-0.16412392666523298,-1.6860489974010848
0.00306953125,34.40253039328777,33.45281650070274,31.549623027786645,-0.47872858704621263,-1.424464885869881
0.0030703125,34.39150547856696,33.50877175586108,31.555132082960718,-0.6047621469800175,-1.3488775259203494
0.00307109375,34.35847397618889,33.56467654741475,31.563967080723792,-0.6208815924425735,-1.3798278742483845
0.003071875,34.629691673799876,0.862780065247786,31.470588031898263,29.129569531887398,1.4782384347630797
0.00307265625,34.75720162146156,4.951571469426204e-05,31.315683326781826,27.226267532547425,4.089366278519708
0.0030734375,34.94106737061056,2.8417196257501278e-09,31.00897769076175,22.08393796547932,8.925039722440713
0.00307421875,35.09059212890777,1.2241045209103056e-13,30.581360778845173,16.489492550557063,14.091868228287987
0.003075,35.20145768504693,-4.061432902279159e-14,30.069312442875496,11.481958307354722,18.587354135520812
0.00307578125,35.27881284736377,-3.550397930906801e-14,29.50552029597136,7.480481483038975,22.02503881293242
0.0030765625,35.33145620981811,-4.0843663534331276e-14,28.916013934069667,4.543514453864156,24.37249948020555
0.00307734375,35.37280989424444,-3.390562333004302e-14,28.31974021108491,2.5462082002295774,25.773532010855366
0.003078125,35.535215843244416,-3.7039505885750367e-14,27.729434793853617,1.2914154098929165,26.438019383960736
0.00307890625,35.10223654491282,34.11430234907219,27.325665084431865,-29.429515908505774,22.64087864386545
0.0030796875,34.90952795032296,34.17627425199355,27.020035391703573,-25.415777601121995,18.25953874083202
0.00308046875,34.737548815535554,34.23156731558011,26.876736219240325,-19.843608443692304,12.48877734735252
0.00308125,34.60483597817764,34.28680844669425,26.858894315665257,-14.320736020194198,6.892821889165204
0.00308203125,34.51068697558875,34.34199794247271,26.929785296710648,-9.616452423051047,2.2042397772889877
0.0030828125,34.44868978175846,34.39713571982287,27.05808208408102,-5.986006367537746,-1.3530472682041053
0.00308359375,34.41095855965864,34.452221695708246,27.21961188494894,-3.3987838270039195,-3.8338259837553865
0.003084375,34.39009224762188,34.50725578717039,27.397178080634006,-1.6899938549138338,-5.420083851622555
0.00308515625,34.37998003484989,34.56223791132895,27.579469812329563,-0.6534802092997116,-6.329287889699676
0.0030859375,34.375946078128536,34.61716798538185,27.75968606634831,-0.09265678937565368,-6.764825129657885
0.00308671875,34.374464653675254,34.672045926605335,27.93421908699463,0.15617735457895265,-6.894004194189655
0.0030875,34.372218994266284,34.72687165235426,28.10155555851538,0.21726940418535398,-6.842585498024238
0.00308828125,34.360063447639924,34.781645080062056,28.261438906891627,0.1779710658613979,-6.698177239031826
0.0030890625,34.3581516851909,54.17150387236332,28.471904034101648,-17.468512207824727,-8.23108763043694
0.00308984375,34.211626780843304,56.006554341672214,28.71533011860085,-17.729804734974866,-9.561419488096497
0.003090625,34.079019288203945,55.99685795527041,29.04860664732032,-14.56587114213775,-12.382380165812338
0.00309140625,33.976852040093945,55.98697137179158,29.456466446065654,-11.002565862213306,-15.527939063512623
0.0030921875,33.903143784545584,55.97700046686989,29.915872670254835,-7.7593359483431685,-18.301791848271886
0.00309296875,33.854632752387936,55.96694526159677,30.405832709535705,-5.138799675215524,-20.42231287684554
0.00309375,33.82864246651331,55.95680577111552,30.9094639248816,-3.1980881301604427,-21.849253716073477
0.00309453125,33.832252934118905,55.94658201069605,31.4144036766364,-1.8672468083674034,-22.664931525692243
0.0030953125,34.44883226660766,55.93627399573512,31.91259694246382,-1.030440093533537,-22.99323695973776
0.00309609375,34.12638397405914,0.003210232477389674,32.07703743882648,48.0019649926923,-15.928137786343212
0.003096875,34.4984478594336,1.8423809493769992e-07,32.100813382289495,40.53256609994665,-8.431752901895255
0.00309765625,34.78915514222488,1.0573588008141217e-11,31.882347505071213,31.150790486944967,0.7315570181156716
0.0030984375,35.0047174644863,6.068276129522139e-16,31.483233761440943,22.193966149815996,9.289267611624947
0.00309921875,35.154267522800055,3.4826376018977916e-20,30.96248455147734,14.732586436932904,16.229898114544437
0.0031,35.25095169784252,1.9987166713040643e-24,30.369241157067957,9.070552265198323,21.298688891869634
0.00310078125,35.30839870647326,1.1470812610453289e-28,29.740667328451277,5.096476570466969,24.64419075798431
0.0031015625,35.33845633235179,6.5832013027782e-33,29.102655073210833,2.513665311375112,26.58898976183572
0.00310234375,35.34999345637934,3.7781577351726955e-37,28.471792079717183,0.9782370881632123,27.49355499155397
0.003103125,35.34761600311432,2.1683183021945937e-41,27.857657403453125,0.17287544633780538,27.68478195711532
0.00310390625,35.324016296936506,1.2444171443300374e-45,27.264942986451988,-0.16113259766287769,27.426075584114866
0.0031046875,34.69589511828225,7.141820587573262e-50,26.694947159220945,-0.21125385265789876,26.906201011878842
0.00310546875,35.0100215719432,55.79140711773385,26.468568383670725,-48.55765170721299,19.234812973149868
0.00310625,34.63512580988885,55.78312379967105,26.389258290373093,-40.719405638502124,11.325540129204164
0.00310703125,34.344019677348804,55.77155408422847,26.55569260897764,-31.118488705935206,1.9026272306843781
0.0031078125,34.12963210255637,55.7599001940454,26.904734813066273,-22.046378328806743,-6.808787052172384
0.00310859375,33.98247140042363,55.74816233044979,27.37653230320447,-14.536436994209925,-13.835193033035393
0.003109375,33.890086336948364,55.7363405111292,27.921556706102542,-8.865003563801547,-18.94978024122511
0.00311015625,33.845746883422954,55.72443475388707,28.502527208199538,-4.901804405654861,-22.320103140032668
0.0031109375,33.818169462332285,38.03391626680259,29.040891775333186,13.720697096604765,-22.71372158807417
0.00311171875,33.939049294062904,36.400219860399865,29.536924527146773,15.384510214652659,-22.247805547905752
0.0031125,34.05636780420187,36.45323472003131,29.9298359342675,13.19684113712682,-19.720239922890627
0.00311328125,34.150449972162406,36.50629148675476,30.22963975125812,10.19193165178107,-16.468583387277715
0.0031140625,34.2205539683051,36.55929328121866,30.45646902346858,7.222375727582753,-13.325199985332834
0.00311484375,34.268866176073615,36.6122400180479,30.630293668223125,4.696399917363809,-10.678346267188582
0.003115625,34.29944030610746,36.66513161750535,30.768147383031362,2.7481862020168863,-8.645170436490876
0.00311640625,34.31678157691929,36.717967999937166,30.88320447682642,1.3597836681631656,-7.194547191273909
0.0031171875,34.32502025612018,36.77074908577279,30.984886298997083,0.44206870411743043,-6.22793149089314
0.00311796875,34.32757051595569,36.82347479552482,31.07945156393134,-0.11578103010489685,-5.628242201488582
0.00311875,34.32712395692487,36.87614504978926,31.170736484626723,-0.41918577081022745,-5.286222794352309
0.00311953125,34.32593281790863,36.92875976924569,31.260861268893755,-0.5558045115011967,-5.112093988850734
0.0031203125,34.326746273716125,36.98131887465729,31.350819087302536,-0.59210568138222,-5.038394105972533
0.00312109375,34.33826486785161,37.033822286871,31.440925578760726,-0.5748175045705523,-5.01807920353972
0.003121875,34.75054947935953,37.086269926817614,31.531294717275305,-0.5381445697200065,-5.016830639822302
0.00312265625,34.5371373509239,0.0021284139910963664,31.408010784075664,31.748815288724714,-0.34293291864014536
0.0031234375,34.782635637061524,1.2215152959450853e-07,31.20048832139987,26.726261333378943,4.474226865869396
0.00312421875,34.9735670828263,6.972904688898251e-12,30.84158272223826,20.520032993564826,10.321549728666461
0.003125,35.114293113947426,-4.0581267000494756e-14,30.3717752275575,14.634945995734157,15.736829231823382
0.00312578125,35.21040124659063,-3.248910420673013e-14,29.829579021323873,9.753303243441625,20.07627577788228
0.0031265625,35.2683614743373,-4.694001158387297e-14,29.246890462792667,6.061556341204503,23.18533412158821
0.00312734375,35.28311909986757,-3.760817323017979e-14,28.64768906755618,3.479145189618553,25.168543877937665
0.003128125,35.29875188405839,34.24069231908052,28.15059200209616,-29.295987115332778,23.205886798348416
0.00312890625,35.048022826028884,37.555588654983524,27.734307869173904,-30.727887385140573,20.906606599330953
0.0031296875,34.815380915890636,37.6076615058318,27.50451738129871,-25.61990008616042,15.516755961627332
0.00313046875,34.63286207043333,37.6594904671278,27.436429738346426,-19.50007167850863,9.277010949727254
0.00313125,34.498271535379395,37.71126270316513,27.489496561245478,-13.770338420567507,3.548572278647852
0.00313203125,34.40542047130256,37.76297814672174,27.625638616578705,-9.054147141072397,-1.0831923890706434
0.0031328125,34.345611450759215,37.81463671991571,27.813490866562784,-5.508035472446195,-4.493110380906733
0.00313359375,34.30995457749302,37.866238344950176,28.02949375368015,-3.039702688277191,-6.797041902992837
0.003134375,34.29068292946271,37.91778294411402,28.257298679364574,-1.4494817618735656,-8.211002502875884
0.00313515625,34.28166029903258,37.96927043978201,28.486441707530652,-0.5143488373569737,-8.968479894894385
0.0031359375,34.27839072644136,38.02070075441489,28.710853169968996,-0.03200485090010337,-9.277842733545791
0.00313671875,34.277756293722426,38.07207381055958,28.9275019455202,0.16073316971792992,-9.305305034757309
0.0031375,34.277580350244186,38.12338953084911,29.135299870357485,0.1846385132866587,-9.172728173778282
0.00313828125,34.27577572273605,38.174647838003,29.334289564810806,0.12257879374799217,-8.962937066940183
0.0031390625,34.26548640723497,38.225848654827146,29.525084509418733,0.02720472516153194,-8.727968870569947
0.00313984375,34.263238745049584,53.73474347344145,29.754581635392782,-14.112606751324902,-9.867555086723764
0.003140625,34.14550588823452,55.19475788570993,30.008917172538975,-14.320666304189812,-10.865174408981146
0.00314140625,34.03943863967943,55.17959532022969,30.333685384529282,-11.780203909414372,-13.065706026286035
0.0031421875,33.95882471467983,55.16426499832876,30.716681256365632,-8.917271941765511,-15.530311800197616
0.00314296875,33.9036365470381,55.148851595183146,31.139462907153362,-6.310745311266781,-17.698643376763002
0.00314375,33.87810021250038,55.13335513886342,31.585225528896235,-4.204356029339375,-19.34377358062781
0.00314453125,33.98216726648324,55.117775652707216,32.04050819925425,-2.645558060214819,-20.431709393238147
0.0031453125,34.04049378038847,0.036340684466963306,32.24795344896869,47.42156253002303,-15.209949765521309
0.00314609375,34.42585303102232,2.0856241789596314e-06,32.319259113203394,41.513002129762846,-9.19374510218363
0.003146875,34.72793324701132,1.196958252070181e-10,32.14238373264848,32.732731648608414,-0.590347916079633
0.00314765625,34.95650376851213,6.869449787034875e-15,31.774709103917786,23.840362414795194,7.9343466891225845
0.0031484375,35.11847330674577,3.9424382842908594e-19,31.274752604422204,16.17387032788503,15.100882276537172
0.00314921875,35.225723082333154,2.262600369359588e-23,30.692990086877924,10.20555837524999,20.487431711627934
0.00315,35.291584969865,1.2985264605979705e-27,30.06861319191332,5.920209174125953,24.14840401778737
0.00315078125,35.32828963924457,7.452358762543429e-32,29.429584708838807,3.0684614872523377,26.361123221586467
0.0031515625,35.34573110886075,4.2769749258773505e-36,28.7942847124065,1.323285792564054,27.470998919842447
0.00315234375,35.35105687124838,2.4545939211252465e-40,28.173691062556625,0.36700125662221245,27.80668980593441
0.003153125,35.348480369096826,1.4087132662787538e-44,27.573505259318082,-0.06787889736851214,27.641384156686595
0.00315390625,35.33795810289754,8.084730633081758e-49,26.995945478125783,-0.1860364314556108,27.181981909581395
0.0031546875,35.30077370595492,4.6398987625177e-53,26.441114160062032,-0.13206842379605063,26.57318258385808
0.00315546875,35.29111994981009,50.11297377286297,26.05731424169243,-45.522409191167014,21.466749659996474
0.00315625,34.90887030231183,54.873861818964144,25.79611725882084,-45.93957742929982,16.861832869156512
0.00315703125,34.5641606478523,54.85723132826119,25.801664235323294,-37.49874597707787,8.443178884139968
0.0031578125,34.299383801312096,54.8402440422672,26.03166709299594,-28.06332920269898,-0.7452477465722824
0.00315859375,34.109083630788106,54.82317415212123,26.424025290513303,-19.504097205084037,-8.895051656523894
0.003159375,33.987995326281485,54.806021699264875,26.92229398744091,-12.601865312429153,-15.28186239939481
0.00316015625,33.90738311017087,40.91091774108028,27.43965293712707,5.109448584017986,-18.580713387971198
0.0031609375,33.96482700160611,39.6358958112017,27.955855261953765,8.710574463695735,-20.39061501294367
0.00316171875,34.035014533948406,39.68532020290244,28.407917794719594,8.57721780898033,-19.854620217163177
0.0031625,34.09739923310063,39.73476084380534,28.793239151212752,7.229559147818427,-18.171080840411015
0.00316328125,34.14741165356838,39.78414164923906,29.1210006271013,5.486097776798679,-16.14923879893644
0.0031640625,34.18387978150635,39.833462540474684,29.403095946550366,3.80052512177372,-14.23089171569804
0.00316484375,34.20803162585198,39.88272344323559,29.651061352452736,2.3845156828684466,-12.616177773651302
0.003165625,34.22216308782402,39.93192428333576,29.874636904321783,1.3020017365506995,-11.359289115564676
0.00316640625,34.2287659770317,39.981064986679634,30.081325444784024,0.5361049561774379,-10.435844498073047
0.0031671875,34.23005244947473,40.03014547926216,30.276498682133166,0.033194990149197426,-9.78684178727819
0.00316796875,34.22773982578931,40.07916568716906,30.463753333609056,-0.2704708220941056,-9.344941531465897
0.00316875,34.222967999928954,40.12812553657672,30.645337378942354,-0.4343793686088218,-9.048408789025542
0.00316953125,34.216210464972804,40.17702495375252,30.822549083282382,-0.5074060143139878,-8.847069856156152
0.0031703125,34.206867655392784,40.225863865054805,30.996065391517092,-0.5262517637301131,-8.703546709807602
0.00317109375,34.190788878704886,40.2746421969331,31.166187997069024,-0.5164017362513675,-8.592052463612708
0.003171875,34.122320162791226,40.32335987592812,31.33299721625039,-0.4937270738570703,-8.496635585820659
0.00317265625,34.47585243958199,0.09016336392027012,31.33613669350132,35.690453318799634,-4.444479989218581
0.0031734375,34.69285149647661,5.174555556865767e-06,31.244553536536134,31.436939270931745,-0.19239090895116817
0.00317421875,34.90308291412592,2.969311932430282e-10,30.970865248540928,24.885797751402198,6.085067496841797
0.003175,35.067113310967095,-2.4376292694492016e-14,30.557493273018352,18.204090061378487,12.35340321163989
0.00317578125,35.18262428662853,-3.748155439321561e-14,30.04821845191809,12.421458371441783,17.626760080476345
0.0031765625,35.25293562546542,-4.2184109051091115e-14,29.48093739499406,7.907721547428196,21.57321584756591
0.00317734375,35.25700688570065,-4.06798093275105e-14,28.885112019712476,4.660054250070707,24.225057769641808
0.003178125,35.259308486742825,40.402678932742134,28.42584811849872,-34.01409637094114,22.037265556697726
0.00317890625,34.959723552377795,40.759059842055485,28.05838349592904,-31.723605100421977,19.02292875429553
0.0031796875,34.72277638861021,40.807184660689956,27.88994893917968,-25.965489489268453,13.048253767758176
0.00318046875,34.538178683874705,40.85523033687363,27.88351523468942,-19.489338336241605,6.517623234057393
0.00318125,34.40340788098641,40.9032144848036,27.99618648657465,-13.596898515711908,0.6898705174829609
0.00318203125,34.311240405287535,40.95113703323173,28.188838594815,-8.835282805982938,-3.927015632433793
0.0031828125,34.25228054072286,40.99899790998756,28.429851276287664,-5.307161812560044,-7.261984821139851
0.00318359375,34.217259750241496,41.046797042993475,28.695836830668163,-2.885000489418245,-9.465959722907066
0.003184375,34.19825222400012,41.09453436026487,28.970808142161502,-1.3479934769815032,-10.77573274112187
0.00318515625,34.1890973244134,41.142209789910154,29.24470968023222,-0.4618497955092979,-11.435650314168635
0.0031859375,34.18535398959957,41.189823260131035,29.511850871493245,-0.019408104139008665,-11.658564284498782
0.00318671875,34.18402252373917,41.23737469922247,29.769517344661,0.14357240452255413,-11.611429759084025
0.0031875,34.18317369150659,41.284864035572824,30.016868038745777,0.14692454778564754,-11.414920544612695
0.00318828125,34.1815240879702,41.3322911976641,30.25412942597114,0.0717342349564376,-11.149896006649396
0.0031890625,34.177748341135135,41.37965611407177,30.482049493483984,-0.03134236146105849,-10.866264259126726
0.00318984375,34.166830770297075,41.426958713465154,30.70155475862012,-0.13363037773460748,-10.591773577110429
0.003190625,34.16098708124992,52.95626227069651,30.947776067615457,-10.65134443505169,-11.357141768029365
0.00319140625,34.06793439352162,54.0319558082014,31.210520227040675,-10.794158862415765,-12.027276718744961
0.0031921875,33.98084993557924,54.01142348848312,31.523721391235213,-8.891307638965777,-13.596394458282127
0.00319296875,33.905435568757774,53.990746919830926,31.87829669308706,-6.749321551094846,-15.363128675649023
0.00319375,33.812239465550306,53.96998903847921,32.260516699835705,-4.799711204155175,-16.90976113448833
0.00319453125,34.221008239142286,1.3855228505155823,32.48841909604828,44.45018299868439,-13.34728675315169
0.0031953125,34.408974650851626,7.951638775993138e-05,32.618204573701554,42.366934842289496,-9.748809784975698
0.00319609375,34.693611081065605,4.563516162894679e-09,32.49866070466057,34.72794305970096,-2.229282359603905
0.003196875,34.92663371012241,2.619042483654558e-13,32.175699251370446,26.10125023970768,6.074449011662501
0.00319765625,35.09898797892338,1.5030917578336066e-17,31.705948747538997,18.23798441549862,13.46796433204038
0.0031984375,35.216989446256704,8.626377183904103e-22,31.141134551755165,11.877097966044403,19.264036585710762
0.00319921875,35.29188496047012,4.950754531861322e-26,30.52303485499255,7.16075725991405,23.3622775950785
0.0032,35.335412767313024,2.8412820251447384e-30,29.882471867699643,3.921407851504276,25.961064016195365
0.00320078125,35.35776445522868,1.6306370058253418e-34,29.240403186675827,1.8654357792291785,27.37496740744665
0.0032015625,35.36684097127493,9.358370697578267e-39,28.609874097448493,0.6803142068213062,27.929559890627186
0.00320234375,35.36817973212149,5.37085211487419e-43,27.99810641245448,0.089263172620084,27.908843239834397
0.003203125,35.365114360280444,3.082379761608852e-47,27.40835304889561,-0.12738736453901908,27.535740413434628
0.00320390625,35.35866247529303,1.7690051395128385e-51,26.841372140064745,-0.1300404638120196,26.971412603876765
0.0032046875,35.34527407422343,1.0152477714132972e-55,26.29650367246167,-0.0272681938401804,26.32377186630185
0.00320546875,35.28557820244722,5.826597189217416e-60,25.77238468473114,0.11353552303401943,25.65884916169712
0.00320625,35.25340022482347,53.220487596113315,25.457228379308916,-47.83744980974845,20.07419059294405
0.00320703125,34.843352542422686,53.60467221024507,25.27197975189658,-42.87365766925432,14.540965210905831
0.0032078125,34.529281838558376,53.58247954840017,25.345480427103094,-34.16534846922572,5.928349347928642
0.00320859375,34.296289410198135,53.560182874589415,25.621821791010152,-25.072794444148276,-2.865566639430986
0.003209375,34.12658060206772,43.543506497017276,26.01134668594181,-8.0243773322918,-9.507782478783664
0.00321015625,34.08844925118154,42.634776364247,26.471130833947214,-1.689597757174343,-14.474047773125447
0.0032109375,34.08624131894367,42.680315013537864,26.930937120091404,1.1573118132834992,-16.90668970672996
0.00321171875,34.09883005693369,42.72584415706407,27.369377097013196,2.3191964104430456,-17.675663470493916
0.0032125,34.1169732000731,42.771308959384385,27.778962595837207,2.4959521033969794,-17.488298466944155
0.00321328125,34.134898481107,42.81670934888657,28.158844809404012,2.1684924497280456,-16.826356989210602
0.0032140625,34.14976756404322,42.862045257198254,28.51157575847659,1.6424866440950288,-15.992956142816695
0.00321484375,34.16063936561016,42.9073166160444,28.84104675121508,1.094724277103962,-15.16099414193328
0.003215625,34.16765079815769,42.952523357247166,29.151293838696727,0.6141107618923599,-14.415340280442798
0.00321640625,34.17146005003901,42.99766541272598,29.4458953550592,0.23416882906195802,-13.785938886728738
0.0032171875,34.17290892244883,43.04274271449775,29.727743179380948,-0.04324778396666865,-13.271751751150132
0.00321796875,34.172851962725666,43.08775519467686,29.999028158370955,-0.23190823772988042,-12.856818798576024
0.00321875,34.1721174609762,43.13270278547534,30.261331568200777,-0.3511815195874197,-12.52018969768714
0.00321953125,34.171615246290486,43.17758541920291,30.515754983673684,-0.4203744341605704,-12.241456001368658
0.0032203125,34.17279162384991,43.22240302826716,30.76305034869937,-0.45600129855883226,-12.003351381008958
0.00322109375,34.17982448554933,43.267155545173566,31.00373234866647,-0.47088938960717375,-11.79253380689992
0.003221875,34.22521096679221,43.31184290252567,31.238177324501294,-0.4745980232623541,-11.59906755476202
0.00322265625,34.24992215880635,0.3282856345787563,31.313227317709128,38.40826353039876,-7.42332184726839
0.0032234375,34.58168362093109,1.884060428834006e-05,31.29151527238733,34.55217675877644,-3.2606803269933993
0.00322421875,34.83846141119082,1.0812411083514949e-09,31.0678095939063,27.640989896975306,3.4268196958497557
0.003225,35.03588217161962,1.9427548076601232e-14,30.686263274137158,20.387304637276937,10.2989586368602
0.00322578125,35.18060242887309,-3.570505589506221e-14,30.194454813161567,14.012122736050816,16.182332077110786
0.0032265625,35.286735170592856,-3.645254678090278e-14,29.634235000835623,8.98089787066712,20.65333713016854
0.00322734375,35.41463188142974,-4.246563484685249e-14,29.038560091363337,5.325377808551826,23.713182282811555
0.003228125,35.0613723603162,43.56945407157647,28.604648380782713,-36.24607522415,21.281269533356237
0.00322890625,34.83947756743293,43.711080269427924,28.273659361101856,-33.140541687697386,17.703120779371318
0.0032296875,34.61479786422679,43.75511794330419,28.149624240128475,-26.88211726836812,11.276623565192402
0.00323046875,34.434029209831436,43.79908412584937,28.191683963153245,-20.03869282810936,4.431292665413238
0.00323125,34.30146671227731,43.842984347444215,28.354541866289445,-13.896364046859052,-1.592078434295717
0.00323203125,34.211245594158555,43.88681854229694,28.59745547142483,-8.977752337840078,-6.311610733032037
0.0032328125,34.154196383728994,43.93058664439407,28.887807191112827,-5.360290988939028,-9.682488464342214
0.00323359375,34.121014248877486,43.97428858782163,29.2016646449542,-2.89447747795187,-11.878146464915561
0.003234375,34.10370785678121,44.01792430676528,29.522801489677434,-1.3422824003594924,-13.152840416728356
0.00323515625,34.096085889569785,44.061493735510425,29.841112806955493,-0.4569661590637717,-13.763414769491158
0.0032359375,34.093725443839105,44.104996808442294,30.15096480912606,-0.02302337368424707,-13.93100862563199
0.00323671875,34.09369971356532,44.148433460046036,30.449749951184685,0.12894114484209268,-13.827624653703445
0.0032375,34.094232176346196,44.19180362490685,30.736749345697714,0.12162638005735565,-13.576680659266495
0.00323828125,34.09437394021094,44.23510723771005,31.012307719763733,0.037460591865888584,-13.260260109812203
0.0032390625,34.09377566831364,44.27834423324118,31.277278554486024,-0.07249795753204434,-12.928567721223107
0.00323984375,34.0927572273265,44.321514546386084,31.532680134603996,-0.17974221979426086,-12.609092191987827
0.003240625,34.09524537991697,44.36461811213106,31.77950469545356,-0.27084013042733945,-12.314273286250163
0.00324140625,34.02174552695154,52.341539959937464,32.04420770073915,-7.537391494900037,-12.759940764298277
0.0032421875,33.978391731441334,52.525571560132164,32.31725051557562,-7.0395325545819105,-13.16878848997463
0.00324296875,33.902189136087635,52.49977133528219,32.6207853191132,-5.748044657075184,-14.130941359093804
0.00324375,34.894054417444266,15.481939551222327,32.84365968041853,29.212202297623517,-11.850482168427313
0.00324453125,34.37101406410991,0.0008885222702553816,32.94792405125876,41.71862646312565,-8.77159093413715
0.0032453125,34.649052723528676,5.0993082754766805e-08,32.84589383111065,35.09155545711938,-2.245661677001807
0.00324609375,34.88562238706661,2.9265383388613442e-12,32.538647804098005,26.90208760258744,5.636560201507639
0.003246875,35.06448809811585,1.6795663619738114e-16,32.07980871727549,19.135087837425665,12.944720879849823
0.00324765625,35.18936382177828,9.639180621059332e-21,31.520404681600095,12.691432149552952,18.828972532047143
0.0032484375,35.270336934575525,5.532011425628594e-25,30.90273125414333,7.817501332607353,23.085229921535976
0.00324921875,35.318744666236256,3.1748705223372056e-29,30.258639458974603,4.4070071427898005,25.8516323161848
0.00325,35.344797679979415,1.8220864090967363e-33,29.610212977653816,2.1979788341181883,27.412234143535628
0.00325078125,35.356644186772925,1.0457115837816895e-37,28.97150584302203,0.8906254525626098,28.08088039045942
0.0032515625,35.36021634032968,6.00143171583886e-42,28.350544250320535,0.20990633187189173,28.140637918448643
0.00325234375,35.35945117115928,3.4442749988122714e-46,27.7511684917251,-0.06769257565735053,27.81886106738245
0.003253125,35.35661737869872,1.9767000324496892e-50,27.174532448696517,-0.1085812378176831,27.283113686514202
0.00325390625,35.352518858113164,1.1344457163362438e-54,26.620221314389774,-0.02756439201995238,26.647785706409724
0.0032546875,35.34609277344364,6.510684788722031e-59,26.087023158536933,0.10208728931636696,25.984935869220568
0.00325546875,35.330415366157105,3.736539863272977e-63,25.573419962002788,0.23784184721618973,25.3355781147866
0.00325625,35.20701602130356,2.1444334356368925e-67,25.07783287532683,0.35929944492981325,24.718533430397017
0.00325703125,35.137145386870856,51.987353706288566,24.832504340688395,-45.802175477843946,18.647326112243775
0.0032578125,34.763396092378535,51.99435928342032,24.72445085678391,-39.500936309220606,12.231027882584195
0.00325859375,34.606634316039944,47.29583832041687,24.841509480152368,-26.545785991295816,4.091457151031313
0.003259375,34.328997384304344,45.37902460116822,25.12318395015395,-16.561569895621535,-3.6942707553927345
0.00326015625,34.21527338066132,45.42032625983046,25.502776318755515,-10.246783998165242,-9.670765942909703
0.0032609375,34.14711134033117,45.46167189820609,25.933205266429738,-5.765349253223423,-13.763117378552929
0.00326171875,34.10964545475117,45.50294907857513,26.38491673920826,-2.8184199902794917,-16.299612349087376
0.0032625,34.09173459507614,45.54415773232555,26.838630672253228,-1.040569585026148,-17.664957475046176
0.00326328125,34.085250358327606,45.585297797397516,27.28290122307018,-0.08655234824472587,-18.21584422608261
0.0032640625,34.08462582725153,45.62636921183483,27.711804712519992,0.3294825503270666,-18.244047049641903
0.00326484375,34.086313066584864,45.66737191378466,28.123021600033862,0.4235148956888452,-17.967865209439648
0.003265625,34.08823873854442,45.708305841497705,28.51638523236061,0.3466143862252743,-17.53853499536237
0.00326640625,34.089327470039215,45.74917093332821,28.892865563081582,0.1966724599549119,-17.052977830201538
0.0032671875,34.08912009514267,45.78996712773406,29.25390992009448,0.031730868099789956,-16.56778807573937
0.00326796875,34.08748245896568,45.83069436327692,29.601051733839558,-0.11783066843668528,-16.111811961000676
0.00326875,34.08437581913897,45.87135257862236,29.935705522832542,-0.23941074798302955,-15.696236307806785
0.00326953125,34.079620109360654,45.911941712539786,30.259081736980626,-0.3308386531540016,-15.322021322405158
0.0032703125,34.07243135561093,45.952461703902756,30.57217195084352,-0.39530836421076954,-14.984981388848468
0.00327109375,34.05956018833459,45.99291249168883,30.875769756528697,-0.43812812817434116,-14.679014606985787
0.003271875,34.017252658295504,46.03329401497987,31.17049837284256,-0.46461104268529935,-14.398184599452016
0.00327265625,34.391772351511364,1.182703468892312,31.312139368387044,40.23547723553946,-10.106041336044733
0.0032734375,34.56887659588792,6.787640315282624e-05,31.35743957538269,37.50306633549879,-6.145694636519252
0.00327421875,34.822757610148074,3.895443433711421e-09,31.18374371501466,30.337202512594043,0.8465411985251724
0.003275,35.02966677553758,1.824495827795308e-13,30.834496301737286,22.57088349923706,8.263612802500047
0.00327578125,35.18535701279324,-3.7599285709012835e-14,30.36066360468223,15.63182561748922,14.72883798719305
0.0032765625,35.304347030972835,-4.306496193641467e-14,29.807851272637503,10.092946843708791,19.714904428928754
0.00327734375,35.56808085581962,-4.39784764970788e-14,29.212460527808723,6.028635246747349,23.183825281061416
0.003278125,35.00662937746824,46.344834947651,28.83583795656571,-37.500516364534086,19.991519373448796
0.00327890625,34.75991671874731,46.39360030541601,28.569950242757553,-33.27835167366558,15.454701611007128
0.0032796875,34.53336348990789,46.433286373340344,28.510566688616503,-26.504185010795382,8.581465326071541
0.00328046875,34.355145139209924,46.47290199651582,28.61313848314315,-19.471743286967587,1.6119797735949157
0.00328125,34.226498681242525,46.512447632311094,28.8311248237138,-13.325964013668125,-4.355358794929169
0.00328203125,34.14021074339117,46.551923221200795,29.123792649199657,-8.494374833430065,-8.93375573857107
0.0032828125,34.08652742561005,46.591328703735435,29.459146295634575,-4.995304113988957,-12.136878294111902
0.00328359375,34.05597894615944,46.63066402057103,29.814088861006702,-2.6460833270827084,-14.17049183248162
0.003284375,34.04063183123821,46.66992911246932,30.173218690034773,-1.1928574093603583,-15.303853013074189
0.00328515625,34.0344562140211,46.7091239202978,30.5271372992498,-0.3837416265409788,-15.79824499450702
0.0032859375,34.033226330081725,46.748248385029804,30.87076373340278,-0.0040028794501252634,-15.8734817721769
0.00328671875,34.03421539546258,46.78730244774458,31.201894378140793,0.11222354647312767,-15.697631616076913
0.0032875,34.03584055143388,46.82628604962741,31.520088827517654,0.08327571086564448,-15.389472932975401
0.00328828125,34.037344931515854,46.86519913196969,31.825874025446925,-0.01255575510822194,-15.026769351414542
0.0032890625,34.03856780940941,46.90404163616904,32.120217178925024,-0.12764811227515638,-14.65617634496886
0.00328984375,34.03986177842085,46.94281350372934,32.40420484425566,-0.23609444762315093,-14.302514211850529
0.003290625,34.0423698141875,46.98151467626087,32.678868310383244,-0.32624892297242525,-13.976397442905204
0.00329140625,34.05045009507208,47.02014509548034,32.94510607487454,-0.3950958159846977,-13.6799432046211
0.0032921875,34.04001905770448,50.621328277765116,33.21515576720272,-3.6755386756049506,-13.730633834957452
0.00329296875,34.592680179813996,50.685111775982826,33.48508148831149,-3.433390513362788,-13.766639774308551
0.00329375,34.28365518870288,0.0029088636106829684,33.473330554037176,41.143163090515856,-7.672741400089364
0.00329453125,34.60528498992884,1.669422678389956e-07,33.35397027080271,34.79053744091578,-1.4365673370553282
0.0032953125,34.85646270211661,9.580965119462389e-12,33.03205447596026,26.775873410573908,6.256181065376773
0.00329609375,35.043205487497616,5.498601031877971e-16,32.56000432161392,19.111100646760637,13.448903674853279
0.003296875,35.17349168616351,3.155696000432368e-20,31.988133657586644,12.719867693072613,19.26826596451403
0.00329765625,35.25870234945011,1.8110819805640055e-24,31.358359295740392,7.866762184628108,23.491597111112284
0.0032984375,35.31069555804361,1.0393960444460555e-28,30.70236753406217,4.458861125292318,26.24350640876985
0.00329921875,35.33996558805357,5.96518627430475e-33,30.042201567047446,2.2432887086863635,27.79891285836108
0.0033,35.354877002600844,3.4234734177883013e-37,29.391937903991455,0.9259709385685326,28.465966965422922
0.00330078125,35.361583462565804,1.9647618202281722e-41,28.759649568096073,0.23512435137498677,28.524525216721084
0.0033015625,35.364306613499046,1.1275942702427112e-45,28.149225966926277,-0.05116942458619605,28.200395391512473
0.00330234375,35.36576069020915,6.47136373067619e-50,27.561861532684627,-0.09876161862615183,27.66062315131078
0.003303125,35.36760493284233,3.713973158598707e-54,26.997169651076042,-0.02248652174075523,27.0196561728168
0.00330390625,35.370889698629696,2.131482203265117e-58,26.45395466568904,0.10405851334252335,26.349896152346517
0.0033046875,35.37657929978791,1.2232765797774605e-62,25.930707040923092,0.2378434443528029,25.69286359657029
0.00330546875,35.38664972740943,7.020493008760612e-67,25.42589325092224,0.3568293178478783,25.06906393307436
0.00330625,35.409647689838195,4.0291233316199854e-71,24.93810641389219,0.4522397633540791,24.48586665053811
0.00330703125,35.630908781196716,2.3123496884260026e-75,24.466204972234877,0.5209517993866442,23.945253172848233
0.0033078125,35.013931991226414,50.07593175215413,24.26301247346985,-43.47905325360185,17.666133974917564
0.00330859375,34.718559360161876,47.852126878006665,24.178552187883938,-35.03504728778329,11.361472597660565
0.003309375,34.48509360646903,47.888984378034394,24.311670627674896,-26.941608608101138,3.3642948577416414
0.00331015625,34.307006041700966,47.92589950367578,24.60311412297255,-19.197401273751826,-4.125384106951404
0.0033109375,34.182328629343004,47.96274246122483,25.00179801101742,-12.737648778236135,-10.223295671971272
0.00331171875,34.10148304603011,47.99951318775092,25.465115109447144,-7.831050636211811,-14.703347442091967
0.0033125,34.05330197027658,48.03621162787764,25.96079783965812,-4.384545746267763,-17.690868041951756
0.00331328125,34.02759779249842,48.07283772633776,26.46633010872649,-2.143081515083178,-19.463426102528093
0.0033140625,34.01616839426102,48.109391427973044,26.967256171274506,-0.8097310299115507,-20.332404226786988
0.00331484375,34.01297538223952,48.145872677734275,27.455198031536558,-0.1099389709919592,-20.58073567520576
0.003315625,34.01391396149906,48.18228142068134,27.926016651849583,0.18054839875394857,-20.436813167585708
0.00331640625,34.01642522019349,48.218617601983354,28.378307295589593,0.22937132536358507,-20.069681631757344
0.0033171875,34.01909385091725,48.25488116691867,28.812273250292662,0.15263140510570816,-19.595239321731718
0.00331796875,34.02130669408759,48.29107206087502,29.22894500500438,0.024757114282554362,-19.08688417015319
0.00331875,34.02301292602493,48.327190229349554,29.629679280705624,-0.11072611409356835,-18.58678483455036
0.00331953125,34.02463273080659,48.36323561794899,30.01586591269817,-0.23153572124089453,-18.11583398400992
0.0033203125,34.02727864561239,48.39920817238961,30.38877788596406,-0.3289010841794069,-17.681529202246146
0.00332109375,34.034226253503896,48.4351078384974,30.74951302112247,-0.4018940581713514,-17.28370075920358
0.003321875,34.06403572465508,48.47093456220811,31.09899412089807,-0.45372208315538104,-16.918218358154657
0.00332265625,34.07018872368383,4.221165578511929,31.306014321135475,39.73904680748665,-12.654198064863106
0.0033234375,34.40687177169746,0.00024225644403106899,31.41245068015792,40.26231621496969,-8.850107791255798
0.00332421875,34.71242495323126,1.3903270447151385e-08,31.28990086345368,32.952259382922996,-1.6623585333725879
0.003325,34.950229860684665,7.553400732098017e-13,30.974611929672836,24.73896393425429,6.23564799541779
0.00332578125,35.12764443818162,-4.124088025097912e-14,30.52050357503124,17.27044395696445,13.250059618066832
0.0033265625,35.26252017648465,-4.07153745341851e-14,29.976704660487574,11.238238341863136,18.73846631862448
0.00332734375,35.54677155731205,-4.258563931014185e-14,29.382912558645234,6.76895190365223,22.613960654993047
0.003328125,34.96085720051746,48.745437656430646,29.015351706079638,-39.175593509796926,19.445507559445918
0.00332890625,34.70439553111755,48.79008325760581,28.761468839691705,-34.84995502804498,14.821340610130878
0.0033296875,34.46797848798618,48.82517815195701,28.72282066676268,-27.804437337504226,7.702079852309895
0.00333046875,34.28158472029034,48.86019897256565,28.853119216846864,-20.458541548754376,0.4514617930355918
0.00333125,34.146766523663814,48.89514621056642,29.103787129025356,-14.024008367570003,-5.767350713971066
0.00333203125,34.056109891142555,48.93001981336063,29.43221160564741,-8.95719059492382,-10.5406176127894
0.0033328125,33.99946504760863,48.964819728429276,29.80487067123687,-5.282690097092626,-13.877258960099779
0.00333359375,33.96693078561461,48.99954590336431,30.19753871710771,-2.8122784655935162,-15.98972872066308
0.003334375,33.950181984341086,49.03419828586874,30.594046950416185,-1.2816034919470376,-17.158547843505517
0.00333515625,33.942862173275614,49.0687768237567,30.984521590715097,-0.42739841006550994,-17.656856822976092
0.0033359375,33.94047948433813,49.103281464953554,31.363622196884744,-0.024754715205475876,-17.714904552863334
0.00333671875,33.94007817875675,49.1377121574959,31.729033331467374,0.10032074187189721,-17.50899956790042
0.0033375,33.939843568737906,49.17206884953179,32.080295900204824,0.07213457289041716,-17.163907522217382
0.00333828125,33.93871648651037,49.2063514893206,32.41797120355007,-0.026957615542144778,-16.761422670228395
0.0033390625,33.93602617011563,49.24056002523336,32.74308649955235,-0.14677230038349762,-16.35070122529751
0.00333984375,33.93104943620997,49.27469440575259,33.05679675683142,-0.25993175295696885,-15.9579658959642
0.003340625,33.92201636796006,49.30875457947254,33.360199645817,-0.35403561870698186,-15.594519314948563
0.00334140625,33.900846326105835,49.34274049509924,33.65424948738842,-0.42564718507983773,-15.262843822630984
0.0033421875,33.68893836981321,49.37665210145046,33.9396569423836,-0.4742030489998172,-14.962792110067046
0.00334296875,34.31341549941369,0.015647529864243587,33.96794241065408,42.96267282496804,-9.010377944178206
0.00334375,34.59468382661286,8.980256454863183e-07,33.87274733382679,36.61974103144795,-2.746994595646811
0.00334453125,34.8418354771535,5.1538489905294914e-11,33.56356262518113,28.339685048020808,5.223877577108787
0.0033453125,35.030889567282394,2.957839739955014e-15,33.0944842200137,20.320164073076093,12.774320146937603
0.00334609375,35.16413087158079,1.6975305142493745e-19,32.51816014146882,13.581995814309137,18.936164327159684
0.003346875,35.251405527710084,9.742278487513902e-24,31.87880074624433,8.435724059564476,23.443076686679856
0.00334765625,35.30428273975091,5.591180207458304e-28,31.2100317925661,4.802967130183789,26.40706466238231
0.0033484375,35.33338738905704,3.208828012085594e-32,30.535381332175533,2.428075634554931,28.107305697620603
0.00334921875,35.347320881134884,1.84157491425695e-36,29.869972986988397,1.00620810786269,28.863764879125707
0.00335,35.35244881035448,1.0568962100951734e-40,29.22256042445045,0.2524863991616577,28.970074025288792
0.00335078125,35.3531243682662,6.065621280273832e-45,28.59743461959892,-0.0673484047162507,28.66478302431517
0.0033515625,35.35208497014197,3.481113960319494e-49,27.995995125617625,-0.12934835494476893,28.125343480562393
0.00335234375,35.35087117099836,1.9978422398610752e-53,27.417932432847575,-0.05604411359765811,27.473976546445233
0.003353125,35.350188900851805,1.14657941706878e-57,26.862051653875163,0.07359322414982371,26.78845842972534
0.00335390625,35.35017625011871,6.580321175595931e-62,26.32680373696229,0.21306406443424689,26.113739672528045
0.0033546875,35.350543650613744,3.776504804585964e-66,25.81059832361216,0.33830006276934343,25.47229826084282
0.00335546875,35.35049907207043,2.1673696706406228e-70,25.311965520806243,0.4395763247022473,24.872389196103995
0.00335625,35.34804867159382,1.2438727162503502e-74,24.82962072507989,0.5155395361166043,24.314081188963286
0.00335703125,35.34039660393556,7.138696066438463e-79,24.362473476932703,0.5691150744164432,23.793358402516258
0.0033578125,34.77916457880849,2.170586206548504,23.92032018853224,-1.3004006620831494,23.050134644066887
0.00335859375,35.04151915097281,50.06879371857748,23.77221992474124,-42.58178560425469,16.28521181041845
0.003359375,34.713396259048075,50.103804863797386,23.754080970415774,-35.63948028905111,9.289756395669496
0.00336015625,34.45845692756863,50.135993646542666,23.949166975649078,-27.202716121252934,1.0158894503593463
0.0033609375,34.270429046528974,50.16810676774015,24.302052039902122,-19.257673994820284,-6.608380733017744
0.00336171875,34.14058138321747,50.20014433666643,24.760375929931158,-12.695228647399865,-12.74453975933541
0.0033625,34.05689199858295,50.232106305082574,25.28091457762357,-7.748429264779602,-17.202762462679402
0.00336328125,34.00704974300238,50.26399262485442,25.83120205858724,-4.297944234031111,-20.134846332236066
0.0033640625,33.98028135444242,50.29580324796174,26.38876565648366,-2.070769554121385,-21.8362680373567
0.00336484375,33.96808420564022,50.327538126498354,26.939313867008547,-0.7586388690319013,-22.629585390457905
0.003365625,33.96427667498706,50.35919721267203,27.47467740276154,-0.08049238692462453,-22.804027422985865
0.00336640625,33.96470071018438,50.390780458804834,27.99092654419291,0.1911490703288294,-22.591002984940754
0.0033671875,33.96679923523756,50.42228781733292,28.486844719130456,0.22509746829064028,-22.160540566493108
0.00336796875,33.969201960492036,50.453719240806805,28.96279432144376,0.1374613394909285,-21.628386258853975
0.00336875,33.971397954098606,50.48507468189132,29.41993586359915,0.002109276691383544,-21.067248094983555
0.00336953125,33.97356447033445,50.516354093365734,29.859730845197596,-0.13818961472166108,-20.518433633446477
0.0033703125,33.976733471750116,50.54755742812381,30.283653895600825,-0.2619010960115096,-20.002002436511475
0.00337109375,33.98427708670312,50.578684639173915,30.693048482675138,-0.36091315890531883,-19.524722997593457
0.003371875,34.01557085510835,50.60973567963899,31.089078868414408,-0.43499583189640423,-19.085660979328175
0.00337265625,34.022047604893295,4.407011401744737,31.334946319767322,41.510099264670956,-14.58216434664837
0.0033734375,34.37351686697985,0.00025292230099452096,31.474545889886826,42.039259426270625,-10.564966458684793
0.00337421875,34.692406699971535,1.4515398049799764e-08,31.373960557867065,34.394666498799836,-3.0207059554481677
0.003375,34.94051546994416,7.949969812753167e-13,31.07115384300899,25.810981896847082,5.260171946161112
0.00337578125,35.12555043505016,-4.254654402094189e-14,30.62251222575134,18.007959960976915,12.614552264774467
0.0033765625,35.266163595180714,-4.3674386890929034e-14,30.07939818450557,11.706750873520853,18.37264731098476
0.00337734375,35.562582630741005,-4.263592685310197e-14,29.483310818259532,7.038810898593254,22.44449991966632
0.003378125,34.9513073097769,50.84550853255551,29.122451608405065,-40.88884860024129,19.16579167609084
0.00337890625,34.683752214722986,50.88575912216343,28.87944072249796,-36.37323253322935,14.366914133563881
0.0033796875,34.43718040922635,50.91604647124757,28.860234990309216,-29.02027686163049,6.964465380692134
0.00338046875,34.24287063109114,50.94625657428468,29.016556959567808,-21.354441279959936,-0.5752583347569392
0.00338125,34.102447442764046,50.976389953147574,29.297742798076698,-14.639952697939899,-7.038694457130979
0.00338203125,34.008184519437684,51.0064465624884,29.659353831298503,-9.352853638960278,-11.994239092229618
0.0033828125,33.94950666223959,51.03642635704253,30.06643775776832,-5.5187085489407055,-15.451280050333503
0.00338359375,33.91610560080354,51.06632929166089,30.493742459199275,-2.941035463032412,-17.631551369429204
0.003384375,33.89932841185869,51.09615532131022,30.924422133170015,-1.3439473791951981,-18.827785808945006
0.00338515625,33.89259285010411,51.12590440107306,31.348198656187172,-0.4527101037449619,-19.324995641140923
0.0033859375,33.891289219440004,51.155576486147815,31.75952321717238,-0.032628826334544184,-19.36342444264089
0.00338671875,33.89245777460907,51.18517153184888,32.156002393239234,0.09785378739259079,-19.12702292600224
0.0033875,33.89441850396328,51.21468949360663,32.537178730065406,0.06844291697261999,-18.745953680513846
0.00338828125,33.89646647201465,51.244130326967564,32.90365855256357,-0.03493554474640064,-18.305536229657594
0.0033890625,33.89875276224921,51.27349398759432,33.25653361681705,-0.15993316787921402,-17.857027202898056
0.00338984375,33.90272464221436,51.30278043126576,33.59702866048636,-0.27801716202123145,-17.42773460875817
0.003390625,33.91473542039104,51.33198961387701,33.92631067468068,-0.3763644314685486,-17.029314507727783
0.00339140625,34.02208992804729,51.36112149143959,34.24543870180909,-0.45259984546773996,-16.663082944162756
0.0033921875,34.08069062630095,5.249045598660453,34.34787794320758,40.54964978747737,-11.450817442930246
0.00339296875,34.400143279467294,5.2877032162982,34.33358007296356,34.970551426897906,-5.9246745702325505
0.00339375,34.70174938220466,0.011875920868289173,34.09139238726767,32.04159366637175,2.0379228000276246
0.00339453125,34.92168927821714,6.815696532307191e-07,33.68061105699359,23.888573817678328,9.792036557745615
0.0033953125,35.08429192381649,3.9115888136762496e-11,33.13965832326312,16.56579635471324,16.573861968510766
0.00339609375,35.19507555100837,2.2448955840024426e-15,32.51654473952948,10.705590297666115,21.810954441863363
0.003396875,35.26544514804761,1.2883655269320893e-19,31.849625280866682,6.3989451930150585,25.450680087851623
0.00339765625,35.306809983957464,7.394044261192658e-24,31.166906475426657,3.4665558176803817,27.700350657746277
0.0033984375,35.32888571615678,4.243507715288152e-28,30.48721991428098,1.623859084856261,28.86336082942472
0.00339921875,35.339167350306035,2.4353867915317967e-32,29.82211574277299,0.5761623631282966,29.245953379644693
0.0034,35.34299829724069,1.3976901239037315e-36,29.17783279282208,0.06621431583925244,29.111618476982827
0.00340078125,35.3439137529499,8.021467839321337e-41,28.557022502546577,-0.10811409938823041,28.665136601934808
0.0034015625,35.34406737341126,4.603591682937178e-45,27.960105504312445,-0.09317897249374987,28.053284476806194
0.00340234375,35.34463696560697,2.6420421807739132e-49,27.386254958887335,0.012737847993347984,27.373517110893985
0.003403125,35.34616038418783,1.51629148841779e-53,26.834057407482426,0.148788695811299,26.685268711671128
0.00340390625,35.348781485771916,8.702131610838886e-58,26.30192209912274,0.2810230740406922,26.02089902508205
0.0034046875,35.3523718173276,4.994230670738686e-62,25.788309325156845,0.39341524132797334,25.394894083828873
0.00340546875,35.35620913471555,2.866233367636063e-66,25.291837813372833,0.4809444017188142,24.810893411654018
0.00340625,35.34862926498961,1.6449568030335415e-70,24.81131308323616,0.5447849923396234,24.26652809089654
0.00340703125,35.35161706330651,6.526128300176186,24.37501457099823,-5.21907212287603,23.06795839369807
0.0034078125,35.33376717089128,6.599350914084398,23.96839603381707,-4.475043447443883,21.844088567176556
0.00340859375,34.4111622292576,38.61216308863782,23.69322964406391,-32.40944667147535,17.490513226901438
0.003409375,34.81392752984271,52.008951724712595,23.567216664578535,-41.07261235151299,12.630877291378926
0.00341015625,34.54013051683622,52.03698267264974,23.651876937185776,-33.58492102597771,5.199815290513739
0.0034109375,34.31428776059618,52.06416801344145,23.934495539912326,-25.18280645621386,-2.9468660173152643
0.00341171875,34.147160278077685,52.09127490250444,24.359882659279464,-17.5479602182786,-10.183432024946374
0.0034125,34.0326576410234,52.1183033430463,24.877782976994254,-11.384810029440573,-15.855710336611473
0.00341328125,33.95977251160073,52.1452532943652,25.447687781998805,-6.8231937219943495,-19.87437179037204
0.0034140625,33.91702140025889,52.172124715875015,26.0397592056273,-3.6957602823552307,-22.436605227892485
0.00341484375,33.8944129182019,52.198917567107856,26.633739009253198,-1.7151445463994635,-23.850034011455193
0.003415625,33.884131142762634,52.22563180771421,27.217037495389587,-0.5771001878456204,-24.431494124479002
0.00341640625,33.88053318267446,52.252267397462894,27.78269984262772,-0.012920957731126493,-24.456646597104047
0.0034171875,33.87981936900676,52.27882429624118,28.327605484104822,0.190253959301306,-24.141472771437666
0.00341796875,33.879584086605725,52.30530246405486,28.85103942217332,0.18762126111169178,-23.641884302993233
0.00341875,33.878346719534065,52.3317018610283,29.353649348851814,0.08411840791570394,-23.06217092009219
0.00341953125,33.87506027964227,52.35802244740449,29.836739824200603,-0.054763010381532376,-22.466519612822353
0.0034203125,33.86838632589271,52.384264183545085,30.30183133657186,-0.19206124097257207,-21.890371606000656
0.00342109375,33.85441352073322,52.41042702993052,30.750410575342933,-0.3099259960157952,-21.35009045857179
0.003421875,33.805987949629525,52.43651094716001,31.18380068895179,-0.4020445302950066,-20.85066572791321
0.00342265625,34.23112291887963,1.3468975457876535,31.438344609645817,45.89182002308539,-15.800372959227225
0.0034234375,34.430144240318064,7.729964715618404e-05,31.57921200535206,42.725870169773856,-11.146735464068954
0.00342421875,34.71471626201704,4.436252833921708e-09,31.467164785288524,34.52502219027741,-3.057857409425138
0.003425,34.94265642204948,2.1193242756627524e-13,31.1520592196688,25.652760302018365,5.49929891765022
0.00342578125,35.10540908465432,-3.813545768150538e-14,30.692228773565855,17.732498687576797,12.959730085989097
0.0034265625,35.20335454650487,-4.3041543270380155e-14,30.139825727341737,11.414282324819107,18.72554340252267
0.00342734375,35.14894226271871,-4.264378308411621e-14,29.53633465955073,6.784080088722596,22.752254570828175
0.003428125,35.117462111259506,52.60763770872164,29.148441876514386,-43.17224988439671,19.71305405218946
0.00342890625,34.75998109880765,52.66770595659166,28.883650815378623,-38.888880957904874,15.104825816691838
0.0034296875,34.47352359414713,52.69300043265874,28.857778475937803,-31.278420534218125,7.443198577497184
0.00343046875,34.25257801487282,52.71821356287383,29.02097762565937,-23.165353990483933,-0.5318819467305239
0.00343125,34.09305134525475,52.74334730029774,29.319663787661998,-15.975991346062933,-7.4476921665728115
0.00343203125,33.98508573322194,52.7684016071938,29.706276957283123,-10.268935439593811,-12.793189210316866
0.0034328125,33.91670189943676,52.793376445830674,30.143101617421447,-6.101879433454523,-16.548395394954703
0.00343359375,33.876457102594905,52.81827177859671,30.602700107401866,-3.2814020087127176,-18.934169662482127
0.003434375,33.85475984981486,52.843087568,31.06664194349612,-1.5201446187755665,-20.256301005728314
0.00343515625,33.84426340824308,52.86782377666838,31.523589791088888,-0.5265046288103014,-20.817729356769192
0.0034359375,33.839732574120454,52.89248036734959,31.9673487468854,-0.048725905599870514,-20.876405714864323
0.00343671875,33.83765717195918,52.91705730291126,32.39517829043502,0.10945299071669257,-20.631332003192934
0.0034375,33.83576673901674,52.941554546340946,32.80647427005894,0.08918764240264353,-20.224267918684646
0.00343828125,33.832475962873964,52.96597206074625,33.20181976602354,-0.015363643168899445,-19.748788651553813
0.0034390625,33.82602158231389,52.99030980935484,33.58235113234694,-0.14634911699910447,-19.26160956000879
0.00343984375,33.81143961391604,53.01456775551453,33.94936702412703,-0.2717883399665261,-18.79341239142097
0.003440625,33.739349818592494,53.03874586269324,34.30409320186608,-0.3762841569539404,-18.358368503873216
0.00344140625,34.12110618900793,9.650773971426371,34.47476258564538,38.51226634816459,-13.688277733945577
0.0034421875,34.35419229238197,9.62189000345841,34.53702070293979,33.75951526028327,-8.84438456080189
0.00344296875,34.5770519848701,9.690285620556953,34.39767513992484,26.56572597142899,-1.8583364520611043
0.00344375,34.711754892606585,9.75867222805397,34.10343703900816,19.26770082939043,5.077063981563763
0.00344453125,34.96447445114363,0.0019000215651090086,33.65252561940179,21.613266105499886,12.037359492336803
0.0034453125,35.104129038734506,1.0904392624576243e-07,33.11271612553262,15.499766130202913,17.612949886285787
0.00344609375,35.20470919628033,6.258127838885388e-12,32.49801004912348,10.378292833858431,22.119717215258788
0.003446875,35.271005879598626,3.5915951851884343e-16,31.841767352934554,6.476974710056154,25.3647926428784
0.00344765625,35.31147788635223,2.061248396703612e-20,31.169250233905824,3.730048467414666,27.43920176649116
0.0034484375,35.33411948289062,1.1829687739962535e-24,30.498028461860713,1.9395821038881735,28.55844635797254
0.00344921875,35.345432814061596,6.789162929068475e-29,29.839290307255133,0.8720224936815058,28.967267813573628
0.00345,35.350232644207885,3.896360942962948e-33,29.199400989510643,0.3101157380136364,28.889285251497007
0.00345078125,35.351810595675225,2.2361561736639815e-37,28.58135687281646,0.07573426754961546,28.505622605266844
0.0034515625,35.35223532390156,1.2833499016682573e-41,27.985979897789825,0.0353205641633906,27.950659333626433
0.00345234375,35.35266668295966,7.365259142045113e-46,27.412814200647922,0.0961218016752996,27.316692398972624
0.003453125,35.35361297491506,4.226987679584662e-50,26.860749273803023,0.19850144759947055,26.662247826203554
0.00345390625,35.35505393170388,2.425905796221485e-54,26.328420752957562,0.307454753964754,26.020965998992807
0.0034546875,35.356079323743806,1.3922488964337965e-58,25.814445396766597,0.4049628732207211,25.409482523545876
0.00345546875,35.34865153074676,7.99024015128802e-63,25.31753892841509,0.48392560938791296,24.833613319027176
0.00345625,35.34744428335078,10.768845286412464,24.874960561812756,-9.18767373281112,23.293789008211412
0.00345703125,35.27132013428269,10.918907359925143,24.470350840081288,-8.230739230909885,21.782182711066028
0.0034578125,35.21769799522978,10.98701840012985,24.12939183431518,-6.517020916284067,19.659394350469395
0.00345859375,35.19479534616706,11.055108191784441,23.84062008477182,-4.718912626575548,17.504424519562928
0.003459375,34.32811561110872,41.063143393315904,23.675635647354788,-30.30244759224331,12.914939846282193
0.00346015625,34.706893472459214,53.61642727131856,23.647042583373278,-38.14583597067932,8.176451282734043
0.0034609375,34.452955643472116,53.63923630897594,23.810743050686423,-31.05003304176155,1.2215397834720367
0.00346171875,34.24420551493572,53.66124543645945,24.154380657162715,-23.204945847676413,-6.3019189316203255
0.0034625,34.090102022512156,53.68317370980557,24.626513309187985,-16.12713317361717,-12.929527227000415
0.00346328125,33.98467874390056,53.70502113725989,25.18064754799869,-10.44098806271643,-18.083385526544774
0.0034640625,33.91757804991097,53.726787685922936,25.779506824202453,-6.249044080882257,-21.698236780838226
0.00346484375,33.87810509875697,53.74847332301468,26.395768135858543,-3.386131532356471,-23.966573654799664
0.003465625,33.857001833094095,53.77007801587696,27.010982766820455,-1.581047174309071,-25.178048074747437
0.00346640625,33.84704365063603,53.79160173197348,27.613772169468362,-0.5501619443372967,-25.62766761816782
0.0034671875,33.843008892171746,53.81304443888992,28.19793197011857,-0.04458431464771522,-25.570528154123632
0.00346796875,33.841343696636635,53.83440610433396,28.760764121817314,0.13196817265583505,-25.20561015517248
0.00346875,33.839693746494454,53.85568669613531,29.301759537077793,0.12206565577072546,-24.67599281482824
0.00346953125,33.8363283384744,53.87688618224577,29.821640096539024,0.021751597415707646,-24.076997683122453
0.0034703125,33.82915730300997,53.898004530739314,30.321712538865526,-0.10927978054348678,-23.4670122113303
0.00347109375,33.81204988512785,53.91904170981209,30.803465309286416,-0.23748232320676266,-22.878094077318913
0.003471875,33.72380773174811,53.93999768778248,31.268318607964353,-0.3461211881274608,-22.325557891690664
0.00347265625,34.19860933019863,0.1205732219653633,31.50321032379911,47.898686313504975,-16.516049211671227
0.0034734375,34.48988258481295,6.919804325659083e-06,31.601615072541254,42.08152330331868,-10.479915150581753
0.00347421875,34.77121855467984,3.9709005940315505e-10,31.447787133430044,33.22389553289346,-1.7761083998605054
0.003475,34.99013033846428,-2.480868057443126e-14,31.099381656484955,24.220609108271148,6.878772548213833
0.00347578125,35.14373513547567,-3.800397040914185e-14,30.61566594221295,16.44294100358037,14.17272493863262
0.0034765625,35.23666671793788,-4.868329149389929e-14,30.047870784082175,10.37940452013644,19.668466263945785
0.00347734375,35.24114886807893,-4.40592568871576e-14,29.43582078557851,6.020854171728449,23.414966613850105
0.003478125,35.2432448876213,53.694915450637886,28.999457979309827,-45.40262536572061,20.70716789439255
0.00347890625,34.844017102708406,54.124918754050796,28.67950225366332,-42.33364047829056,16.888223977903085
0.0034796875,34.52829481879652,54.14508452304738,28.618666215893143,-34.6535286286808,9.127110321526564
0.00348046875,34.28240891279098,54.16514523426284,28.767788746870497,-26.02202906143831,0.6246725740459695
0.00348125,34.10299166922571,54.18512437239883,29.069920890751515,-18.1713265489712,-6.943876932676116
0.00348203125,33.980423082251654,54.20502190871669,29.473151037351606,-11.828825505967693,-12.903045365397388
0.0034828125,33.90220479174291,54.22483781325114,29.93556730914736,-7.13031949533939,-17.158951008764394
0.00348359375,33.85602533742743,54.244572056159825,30.426222176928697,-3.905295772011141,-19.91305410721999
0.003484375,33.83138464399787,54.26422460772329,30.924020318014694,-1.8592577217976978,-21.4809465679109
0.00348515625,33.82016885191888,54.28379543834518,31.415759668136218,-0.6799253644115812,-22.18811040579738
0.0034859375,33.81661640304655,54.30328451855214,31.894043627060924,-0.09127412524356658,-22.31796676624765
0.00348671875,33.817010180632245,54.322691818994,32.355430987138156,0.1254774622141767,-22.092738294070024
0.0034875,33.81935002851863,54.34201731044372,32.79896714765292,0.1299170640263597,-21.672967226817168
0.00348828125,33.82333359451556,54.36126096379745,33.225111514937495,0.029993082132268967,-21.166142530992225
0.0034890625,33.83202060093077,54.38042275007458,33.63501199127869,-0.10692916811951036,-20.638481590676378
0.00348984375,33.87549080790806,54.39950264041782,34.030062594981956,-0.24317885606369602,-20.126261189372173
0.003490625,33.89790355676825,14.138939878498466,34.2679757649357,36.03722226363435,-15.90818637719712
0.00349140625,34.20638831173487,13.898601326824473,34.408755014520835,32.25193406165584,-11.741780373959472
0.0034921875,34.44244211445497,13.965865321863486,34.35492859480318,25.64145986706879,-5.2523965941291
0.00349296875,34.619786281651095,14.033125939346515,34.14888592264475,18.74739502914817,1.3683649541500624
0.00349375,34.73972218413187,14.100365424208704,33.835969746990656,12.708463308220978,7.027141014560974
0.00349453125,35.10259944958662,4.1772796474236,33.42794321252577,17.01757964310927,12.2330839219929
0.0034953125,35.02121456753345,0.0002397377914789351,32.94789448158519,16.673396273373033,16.274258470420673
0.00349609375,35.13091479817644,1.3758764917413527e-08,32.39662258640179,12.356913041283377,20.039709531359648
0.003496875,35.21276572097335,7.896277465677858e-13,31.790735528914933,8.56090226244438,23.229833266469765
0.00349765625,35.26887104442938,4.531743814886922e-17,31.154720202862944,5.565102825019903,25.58961737784304
0.0034984375,35.304842783631635,2.6008080507595102e-21,30.507775548450663,3.3898481268852367,27.117927421565426
0.00349921875,35.32644086851034,1.4926268547385367e-25,29.863649286344174,1.9269215402611608,27.93672774608301
0.0035,35.33856087051428,8.566318174984256e-30,29.231348635093966,1.0213482213735738,28.21000041372039
0.00350078125,35.344940428432174,4.916286132874105e-34,28.616171742992986,0.5177627342913723,28.098409008701612
0.0035015625,35.34818781741745,2.821500304631709e-38,28.020746088140744,0.28294258549318524,27.73780350264756
0.00350234375,35.34993137815919,1.6192841006149562e-42,27.44592077876412,0.21355029983337312,27.232370478930747
0.003503125,35.350933346701645,9.29321536559837e-47,26.891459534660374,0.23559355903116475,26.655865975629208
0.00350390625,35.35081956922645,5.333458890789775e-51,26.356537066202662,0.29995282441733195,26.05658424178533
0.0035046875,35.344161575182866,3.060919457978464e-55,25.840066887253695,0.3766913999082775,25.463375487345417
0.00350546875,35.34543710929602,13.792976340937695,25.382006130515364,-12.079811146281946,23.668840935859613
0.00350625,35.244618248244166,15.17316510174593,24.968638525827988,-12.237478244403842,22.0329516684859
0.00350703125,35.154386700879655,15.240105219909719,24.639249989417014,-9.961868260575706,19.361013030083
0.0035078125,35.08698045972395,15.306947019555142,24.38206335871274,-7.407047183748908,16.482163522906507
0.00350859375,35.04277743060271,15.37376576288959,24.17983557203633,-5.084574421399082,13.89064423054582
0.003509375,35.029968473378766,15.440561353610398,24.016842188453126,-3.2091882094174693,11.785469044260195
0.00351015625,34.235673146908546,43.252986685670535,23.958079038525366,-26.993544995463136,7.698637348317965
0.0035109375,34.59451663376392,54.882934434324966,24.015766845304736,-34.459111006032416,3.5919434170121862
0.00351171875,34.36533255646011,54.90037650987617,24.243126821667165,-28.11351750919413,-2.543732179014873
0.0035125,34.176271102858685,54.91706945917496,24.63033298549872,-21.05686700404632,-9.229869469629921
0.00351328125,34.03629695479764,54.93367966611163,25.131226467678506,-14.67263128005725,-15.129821918375875
0.0035140625,33.94018973730145,54.95020714391728,25.703974305111185,-9.534342103923791,-19.711890734882306
0.00351484375,33.878665979470426,54.966651867704044,26.314989370181813,-5.740815398502228,-22.910847099020003
0.003515625,33.84208194925235,54.98301381270646,26.93963777885297,-3.1465517045893594,-24.89682432926413
0.00351640625,33.82205348059158,54.99929295428373,27.56128917436787,-1.5085293832676336,-25.929474396648228
0.0035171875,33.8119979074939,55.015489267919776,28.169700504459765,-0.5713775375444236,-26.274411225915586
0.00351796875,33.80709048690582,55.03160272922322,28.759309203784547,-0.11043909641431676,-26.16185442902436
0.00351875,33.80390344433314,55.04763331392749,29.32772794754737,0.05176797872184338,-25.771673345101966
0.00351953125,33.799789928287225,55.06358099789082,29.87455358114785,0.04435276238702848,-25.233380179129995
0.0035203125,33.791567568463236,55.07944575709628,30.40049941068822,-0.04556606981778941,-24.633380276590273
0.00352109375,33.76931416100389,55.09522756765185,30.90680684503983,-0.16365628693787074,-24.024764435674143
0.003521875,33.52936675819704,55.110926405790394,31.394792231819473,-0.2770513653387752,-23.439082808632147
0.00352265625,34.238024269033495,0.010721133668456633,31.58647971775947,48.10723109850862,-16.531472514417608
0.0035234375,34.54990114926081,6.152953473590172e-07,31.632895690433955,40.91989230038297,-9.286997225244365
0.00352421875,34.82363481363275,3.527132314882432e-11,31.434270483348694,31.613441127204396,-0.17917064389097279
0.003525,35.03135482644753,-4.120512611952837e-14,31.051648581591124,22.624394103825068,8.427254477766096
0.00352578125,35.17457148350958,-3.879377140190304e-14,30.544252020530447,15.083354659020948,15.460897361509536
0.0035265625,35.26087552324968,-3.9059745045179605e-14,29.96175513196996,9.330201356739526,20.631553775230472
0.00352734375,35.28237137885821,-3.9517912600811374e-14,29.34192691153771,5.272894817197967,24.069032094339782
0.003528125,35.30429305853141,50.426417697384736,28.861483257236316,-43.18322350172123,21.61828906157281
0.00352890625,34.93322047196403,55.248202446284594,28.490394095113743,-45.367610269593285,18.609801918422434
0.0035296875,34.5886453315926,55.26334614902744,28.38532945769228,-37.87906169092229,11.00104499958713
0.00353046875,34.31795528478952,55.278130773543324,28.51034956387552,-28.876134729094527,2.1083535194267227
0.00353125,34.11802704207207,55.29283213436182,28.806127364920954,-20.434685438904893,-6.05201933053597
0.00353203125,33.979805259116965,55.307450225173454,29.2168712128927,-13.48012950779471,-12.610449504486049
0.0035328125,33.89051412012444,55.32198502396459,29.696626133411634,-8.247305112601444,-17.37805377795151
0.00353359375,33.83709110347779,55.33643650884606,30.210910610503667,-4.602535250716975,-20.52299064762542
0.003534375,33.80814839752416,55.3508046580542,30.735856845990163,-2.252709236122533,-22.362238575941504
0.00353515625,33.79475484565335,55.36508944995082,31.256264439058576,-0.8695492743734005,-23.239275736518845
0.0035359375,33.790517167805085,55.379290863023314,31.763407184844866,-0.15490533739629628,-23.46097834078215
0.00353671875,33.791365536532105,55.39340887588457,32.25303555481952,0.1319191271435635,-23.27229244820861
0.0035375,33.795474130897766,55.40744346727314,32.723761369224846,0.16917089530081172,-22.852852993349103
0.00353828125,33.804670155118124,55.42139461605319,33.17586071977698,0.07917414891345871,-22.324708045189674
0.0035390625,33.84611129971503,55.43526230121453,33.61046148350506,-0.06074885172022313,-21.76405196598924
0.00353984375,33.86798932384527,18.310160259578623,33.89655008109863,33.353872338788044,-17.767482517268036
0.003540625,34.153449490383714,18.092265362277345,34.089813248830694,29.814284843191867,-13.816736956638517
0.00354140625,34.3720207534827,18.15800922345938,34.100764187080856,23.67376836931156,-7.731013405690084
0.0035421875,34.53693160231378,18.223742018851855,33.968864498457194,17.280090171488364,-1.5349676918830277
0.00354296875,34.65274367165146,18.289447370552473,33.73624182037643,11.6840550848654,3.762739364958553
0.00354375,34.72635988339451,18.355125178675923,33.439807224001136,7.280361109686661,7.804320935638554
0.00354453125,34.75774322056798,18.420775344312588,33.108548653997524,4.089035068609884,10.598738241075052
0.0035453125,34.93491290111117,0.4740672723936922,32.705301147981366,18.282286151275525,13.948947724312152
0.00354609375,35.01885500777885,2.7207142084969816e-05,32.26636453651798,15.906603111990087,16.35973421738581
0.003546875,35.12517631738905,1.5614420643174208e-09,31.750703411308844,12.333423469952406,19.417279939794998
0.00354765625,35.207902570168635,8.961254778636751e-14,31.179900318223456,8.902589847247938,22.27731047097543
0.0035484375,35.26712666019139,5.142943759667745e-18,30.57599518772936,6.035962329359122,24.54003285837024
0.00354921875,35.30698775204878,2.9515811310443667e-22,29.957330826131404,3.856784026004522,26.10054680012688
0.00355,35.33245721507759,1.6939386429728262e-26,29.337697892483668,2.3258564931015115,27.011841399382156
0.00355078125,35.34812954237505,9.721664419034018e-31,28.726580521265337,1.3308754616136378,27.3957050596517
0.0035515625,35.35778640322313,5.579349610352336e-35,28.129899738607897,0.7402410329413052,27.38965870566659
0.00355234375,35.36440129216198,3.202038327263293e-39,27.550891118057272,0.4319142612525255,27.118976856804746
0.003553125,35.370579683902996,1.837678253794823e-43,26.99092126364837,0.30602754732351517,26.684893716324854
0.00355390625,35.380802504749354,1.0546598820247992e-47,26.450157890217046,0.28778513115209137,26.162372759064954
0.0035546875,35.46697808128014,6.05278679472665e-52,25.928102165402038,0.32451474598909447,25.603587419412943
0.00355546875,35.22091309975287,19.33316939973401,25.521796167737666,-16.62292328587574,22.811550053879394
0.00355625,35.113831654655904,19.402143385337745,25.177978581828626,-14.120667749043486,19.896502945534365
0.00355703125,35.020174373413774,19.46733806913835,24.93116858099158,-10.867245232649433,16.331075744502666
0.0035578125,34.9498594569448,19.53250322025911,24.759600113999618,-7.719544063793245,12.946640957533752
0.00355859375,34.90263206580163,19.59763895577063,24.64212572951279,-5.076104606992747,10.120591380734908
0.003559375,34.87654389892163,19.66274517759205,24.56093882029955,-3.0576886567774952,7.955882299484997
0.00356015625,34.87725746815962,19.727821787674586,24.502411014584474,-1.6331556663106792,6.407744893220567
0.0035609375,34.160601943943995,45.167766873177925,24.52799269540349,-23.723941744144,3.0841675663695653
0.00356171875,34.495903783087634,55.8004189862839,24.651169209658732,-30.858378507700934,-0.2908712689242364
0.0035625,34.29111157968919,55.812383178568965,24.922770822136265,-25.30506082341381,-5.584551533018888
0.00356328125,34.12120725409962,55.8236537925176,25.335568240743488,-19.0383142488904,-11.449771302883708
0.0035640625,33.99487507670175,55.83484030207126,25.848677466042272,-13.329159655344093,-16.657003180684892
0.00356484375,33.90775518040709,55.84594272536246,26.424783138730927,-8.713146326249035,-20.7080132603825
0.003565625,33.85167370220931,55.856961045673174,27.033796985659933,-5.292638016084069,-23.53052604392917
0.00356640625,33.818024676052,55.86789524641001,27.653585106620408,-2.945305544827563,-25.269004594962038
0.0035671875,33.79925259062093,55.87874531110626,28.269171535647402,-1.4574802797082391,-26.152093495750616
0.00356796875,33.789336107091835,55.88951122342192,28.871317921153903,-0.601923147162367,-26.41627015510565
0.00356875,33.78368433567894,55.90019296714371,29.455005097968872,-0.17747297585950897,-26.26771489331533
0.00356953125,33.778551629707486,55.91079052618514,30.018085431255503,-0.024515092147172624,-25.868190002782462
0.0035703125,33.7692694717221,55.92130388458645,30.560211329345467,-0.02649144981342886,-25.334601105427556
0.00357109375,33.73906848050413,55.931733026514735,31.082047387318934,-0.10430621564883609,-24.745379423546964
0.003571875,34.83777816965307,16.503800285994004,31.47424120082378,35.5725458628222,-20.602104947992427
0.00357265625,34.310602380782846,0.0009471677659497008,31.70693536729823,47.50348815970124,-15.797499960168963
0.0035734375,34.628058813162035,5.435875648189578e-08,31.696258840484045,39.317270223955155,-7.621011437829869
0.00357421875,34.894237386550934,3.0805985758952154e-12,31.451001978407188,29.761791145515502,1.6892108328886053
0.003575,35.09429851981254,-4.0983394431623793e-14,31.033980798366958,20.918635138125776,10.115345660241225
0.00357578125,35.23479887951681,-4.4106009400357834e-14,30.503484184565657,13.693883993313813,16.80960019125189
0.0035765625,35.3300935453835,-3.614566614904315e-14,29.90709285451961,8.294022613070709,21.613070241448938
0.00357734375,35.40289109807873,-4.764466007843453e-14,29.280233100507036,4.556639653527027,24.723593446980054
0.003578125,35.67164093532508,-4.2179060923191783e-14,28.647317493849393,2.1615600016253107,26.485757492224124
0.00357890625,34.95999212032661,56.020490966954135,28.307607067149753,-48.512681733433354,20.799797833628972
0.0035796875,34.6421813633484,56.04089027383421,28.11746915793806,-41.99006291341508,14.066641797518935
0.00358046875,34.358088892111304,56.050308254726964,28.183443039192255,-32.85745294481078,4.990587729276074
0.00358125,34.1385148767584,56.059641199483956,28.445529486777538,-23.778793687751115,-3.8353180249553023
0.00358203125,33.98250373133048,56.06888971939854,28.843773743669193,-16.032734066026173,-11.192381909703176
0.0035828125,33.87964229425557,56.07805380057849,29.326988644181228,-10.047490928061013,-16.703574228336247
0.00358359375,33.81707408784984,56.08713342922285,29.855701814000838,-5.777501675311436,-20.45392993991058
0.003584375,33.782774735980745,56.09612859165789,30.401895828592238,-2.95408364416127,-22.74014911890438
0.00358515625,33.7669621079676,56.10503927433705,30.947231447432866,-1.2390054708562142,-23.918802356047973
0.0035859375,33.762528556735475,56.113865463840995,31.480791068126624,-0.3089285021359242,-24.324145893578446
0.00358671875,33.76518226648153,56.12260714687765,31.99691416652682,0.10579387713320543,-24.231486857484033
0.0035875,33.77471812106333,56.131264310282205,32.493389183433074,0.21000043652167477,-23.847875563370806
0.00358828125,33.814619871062504,56.13983694101711,32.970086989186385,0.14739182127530484,-23.317141773106027
0.0035890625,33.83701606404957,22.37199086674513,33.30751451999713,30.532918651683442,-19.59739499843144
0.00358984375,34.09911219927963,22.17784138596475,33.55646811605688,27.269982712151354,-15.891355982059228
0.003590625,34.30023642155024,22.241672341953624,33.635918335639474,21.63161660013091,-10.237370606445058
0.00359140625,34.45260363018494,22.305484610029268,33.5821973919939,15.765713953342193,-4.489001171377555
0.0035921875,34.560902027835944,22.36926328729803,33.434041752271085,10.633700282519541,0.4310781824535127
0.00359296875,34.633021568334975,22.433008276860583,33.22538443844461,6.596108918465863,4.1962672431181565
0.00359375,34.678494013101115,22.49671948271809,32.982886009558655,3.6703658826726597,6.815800644167905
0.00359453125,34.708627752142164,22.56039680892261,32.72578639463421,1.705035937146316,8.460353648565281
0.0035953125,34.77301616298748,22.624040159577266,32.46692015269484,0.48810290100815634,9.35477709210942
0.00359609375,34.8068453695549,0.014928205094184738,32.1122382532786,19.985022507187225,12.112287540997187
0.003596875,34.96817644994927,8.567429576403271e-07,31.714335768410475,17.018743890912642,14.695591020754875
0.00359765625,35.092053352982944,4.9169239760259417e-11,31.230343383905034,13.201202577798206,18.029140806057658
0.0035984375,35.18460319371991,2.821866368485312e-15,30.684749697368492,9.528254036320716,21.15649566104777
0.00359921875,35.2498362364915,1.6194941879138926e-19,30.101243376242913,6.455252506993408,23.645990869249506
0.0036,35.2931656628755,9.294421075278252e-24,29.499577374412144,4.116577295709344,25.3830000787028
0.00360078125,35.32017787460491,5.334150858290677e-28,28.894638303608037,2.4717037568875826,26.422934546720455
0.0036015625,35.33569283996813,3.061316584277021e-32,28.296699978914003,1.401149872884583,26.895550106029418
0.00360234375,35.34315101775365,1.7569167948453303e-36,27.7122143416807,0.7643371467611925,26.947877194919506
0.003603125,35.343398906659395,1.0083101629747242e-40,27.144748577021808,0.4306862248498476,26.71406235217196
0.00360390625,35.32104259992891,5.786781637815801e-45,26.595852190232872,0.29342837079290124,26.30242381943997
0.0036046875,35.309085006908724,23.20815711466968,26.148537957342008,-20.699188852382793,23.63956969505512
0.00360546875,35.13177556858966,23.448258250211193,25.768813616967876,-18.61341495046059,20.933970317217273
0.00360625,34.995432219858515,23.51142605582551,25.51276134443134,-14.851139163803976,16.852474452409805
0.00360703125,34.89212586895171,23.574548301322665,25.35582775612219,-10.894655117481953,12.675934572281477
0.0036078125,34.819112413210966,23.637635043393473,25.271567917175542,-7.413356891161211,9.04728976494328
0.00360859375,34.77160051058537,23.70068618761304,25.23665488561682,-4.663460298911505,6.199428996915284
0.003609375,34.74426259558813,23.763701639027577,25.232632646945916,-2.6640694932944777,4.133000501212816
0.00361015625,34.73327149440466,23.826681302736837,25.24606615436551,-1.3166119983891929,2.735996850017868
0.0036109375,34.743198117511575,23.889625083894686,25.267895206368614,-0.47972812314898405,1.8579982456229134
0.00361171875,34.10439110440797,46.79530709999911,25.356492684486643,-20.736062311487274,-0.7027521040251913
0.0036125,34.41023961206753,56.36304627463498,25.52651550099835,-27.431486742846392,-3.4050440307902416
0.00361328125,34.228203388774226,56.369456498552495,25.82565125913356,-22.622066337858197,-7.921738901560737
0.0036140625,34.07650335821438,56.37523310279266,26.248740004678538,-17.103091185997126,-13.023401912116999
0.00361484375,33.96345189949349,56.380924775458595,26.759869288455974,-12.035903710727272,-17.58515177627535
0.003615625,33.885521008706654,56.38653153946893,27.325999097971067,-7.918126178685617,-21.142406262812248
0.00361640625,33.835684350861854,56.392053386381804,27.92035937783284,-4.8543990730426145,-23.61729493550635
0.0036171875,33.80652079701352,56.3974903078814,28.523188772781726,-2.743832893520462,-25.13046864157921
0.00361796875,33.79165402796374,56.402842295779806,29.121079908621077,-1.4004095372596232,-25.881352849899105
0.00361875,33.786420282867645,56.40810934201703,29.70574361784521,-0.6235829014244765,-26.07878282274734
0.00361953125,33.78847136799067,56.41329143866101,30.272669503413802,-0.2345986549841541,-25.906023280263057
0.0036203125,33.800396218109114,56.41838857790759,30.819929995661898,-0.09100590993975573,-25.507452672305938
0.00362109375,33.86271095466733,56.42340075208057,31.34724059681353,-0.08889602627772604,-24.98726412898931
0.003621875,33.89725470915808,0.4274642283199477,31.655524596380538,50.4465868189475,-19.218526450886912
0.00362265625,34.33017338061076,2.453255192537697e-05,31.8272936247514,45.28222424792804,-13.45495515572857
0.0036234375,34.663408274588036,1.407907464412513e-09,31.726663897480712,36.14754914382212,-4.4208852477493155
0.00362421875,34.91665391761429,4.219655844126192e-14,31.412278493207218,26.589671549373033,4.82260694383414
0.003625,35.09686099654719,-4.218178475841248e-14,30.94707906217284,18.202540493740237,12.744538568432645
0.00362578125,35.21576693434597,-4.0848373278658993e-14,30.386357891880298,11.590474316057016,18.79588357582332
0.0036265625,35.28621912292268,-4.410857839709665e-14,29.773620241102567,6.791223758765874,22.982396482336735
0.00362734375,35.31650744867897,-4.159591718945891e-14,29.140276662015143,3.562510730857744,25.57776593115744
0.003628125,35.27564871108994,-3.560727129978498e-14,28.507221728918974,1.561594174619363,26.945627554299648
0.00362890625,35.24942775505645,56.04107372573435,28.086998725586394,-50.19461667116969,22.240541671021735
0.0036296875,34.81689354273772,56.472900355503526,27.804887354212205,-45.64476716941302,16.9767541681217
0.00363046875,34.48016253688394,56.47691694556305,27.800918870300684,-36.7582194021695,8.082221326907137
0.00363125,34.2217662112817,56.48082393488883,28.01801000004151,-27.23483266055527,-1.2279812742920528
0.00363203125,34.03585989422359,56.484645863705694,28.39334001047255,-18.773191213072874,-9.31811464016027
0.0036328125,33.9108466479266,56.48838272766662,28.871004020993475,-12.044019638162915,-15.573359068510229
0.00363359375,33.832751571960685,56.49203452114401,29.406598252105056,-7.123388695182429,-19.962047573856523
0.003634375,33.788288362682835,56.49560123863834,29.967785329364265,-3.788170788491776,-22.739645120782303
0.00363515625,33.76650024088672,56.49908287477821,30.53282950334691,-1.702263191979665,-24.263990179451635
0.0036359375,33.759551306632964,56.50247942432033,31.08835848904195,-0.5231016226027579,-24.891019312675617
0.00363671875,33.764114706971014,56.505790882149554,31.62707276190337,0.045756673929397224,-24.92447479417558
0.0036375,33.79891317309414,56.509017243278876,32.145766597701964,0.23554207604982233,-24.598792721626737
0.00363828125,33.81953573601036,26.300165242168344,32.536007872341074,27.51330139230031,-21.27745876212758
0.0036390625,34.05511693321747,26.130921078614584,32.8427085971657,24.599732457965718,-17.88794493941461
0.00363984375,34.23609629393793,26.1924577862792,32.99342440830617,19.518689680026586,-12.717723057999617
0.003640625,34.37312044839777,26.253968295553555,33.020998531487685,14.218603821179526,-7.451573585245396
0.00364140625,34.47024679468195,26.315439267586346,32.96052697951574,9.574862837006313,-2.9297751250769175
0.0036421875,34.534404608358486,26.376870609043223,32.842807241265135,5.917462095178735,0.5484745370431753
0.00364296875,34.573714976619385,26.438262227409627,32.69207891016359,3.264586215078437,2.989230467675522
0.00364375,34.59611660413023,26.499614030230937,32.52587282156382,1.4806463567280954,4.545612434604787
0.00364453125,34.60943765630272,26.560925925112457,32.355904413090386,0.3749779936113979,5.420000494366529
0.0036453125,34.6284159201992,26.62219781971951,32.189347888516416,-0.24249174946291385,5.809641818259817
0.00364609375,34.63075083992723,2.3211501063123907,31.957506069931224,21.596025366826865,8.04033059679197
0.003646875,34.81317558710929,0.00013321286749898048,31.684618821579047,21.84154515792418,9.842940450787367
0.00364765625,34.977982341046356,7.645204857299584e-09,31.300042107356255,17.880456141476042,13.419585958235007
0.0036484375,35.105252134484736,4.3876510135572646e-13,30.822916715723295,13.464051023439902,17.35886569228295
0.00364921875,35.198161153944675,2.518111911466823e-17,30.281836248797383,9.463723317692693,20.81811293110469
0.00365,35.26185168250395,1.4451668054452345e-21,29.70272809105341,6.241908462807238,23.46081962824617
0.00365078125,35.30263594082785,8.293940734128094e-26,29.10637905569885,3.8622877775947018,25.244091278104147
0.0036515625,35.32642564779695,4.759966298840932e-30,28.507979952031597,2.2345731065892815,26.273406845442317
0.00365234375,35.33736593321422,2.731786962604009e-34,27.917714014711475,1.2068267982666758,26.7108872164448
0.003653125,35.333665956172744,1.56779681630738e-38,27.34176504671644,0.6191244227902474,26.722640623926193
0.00365390625,35.03142284018705,8.997725265079017e-43,26.783267245766595,0.3334230004764891,26.449844245290105
0.0036546875,35.18802721479633,27.3527406069448,26.40085734487076,-23.51504182946117,22.56315856738713
0.00365546875,35.0064370578225,27.4150504327379,26.099185371883586,-19.799855214680843,18.48399015382653
0.00365625,34.8650752636227,27.475752752248003,25.926936781644066,-15.164126220381469,13.615310249777531
0.00365703125,34.76082722486664,27.536413603884235,25.85327942908073,-10.749865389375096,9.066731214571588
0.0036578125,34.68916319609296,27.59703298617405,25.848750883337154,-7.078184009188975,5.329901906352081
0.00365859375,34.643634759729615,27.65761080783095,25.888806631170077,-4.294977317700486,2.5261731410396138
0.003659375,34.61764321616559,27.718146977625793,25.954831312751654,-2.343281286887982,0.579965622013843
0.00366015625,34.605675296914974,27.778641404392218,26.033776258838085,-1.0759798453123437,-0.66888530024179
0.0036609375,34.60448180640602,27.8390939970267,26.11718340554593,-0.3234061640331938,-1.3985044274475784
0.00366171875,34.61868152804763,27.899504664488738,26.200054290094357,0.07057419499758448,-1.770024569391964
0.0036625,34.057848791114026,48.1252571845083,26.33630286769273,-18.062233771542715,-3.7267205452728556
0.00366328125,34.32935430657642,56.567238326603004,26.540581433197026,-24.13386496711037,-5.892791926295608
0.0036640625,34.16913714045232,56.56805381696593,26.856167463798233,-19.985878103592423,-9.726008249575273
0.00366484375,34.035146876744385,56.568299675752414,27.27923359015561,-15.167069635344575,-14.12199645025223
0.003665625,33.93505076764127,56.568460315899415,27.778501238443962,-10.71793788507518,-18.072021192380273
0.00366640625,33.86598349180298,56.568535764965894,28.325028441347722,-7.089365271426487,-21.154142052191684
0.0036671875,33.8219688868033,56.56852602283982,28.895287169752038,-4.381861304592344,-23.291377548495436
0.00366796875,33.79676291188813,56.56843108953588,29.471870398887063,-2.5116555115204573,-24.58490517912836
0.00366875,33.785393444878665,56.568250965197024,30.042950034109822,-1.317694678103578,-25.207606252983624
0.00366953125,33.78581501499527,56.56798565009451,30.601207896975257,-0.6246314543385125,-25.342146298780744
0.0036703125,33.807018316283475,56.56763514462793,31.14266835075744,-0.2755169105759393,-25.14944988329455
0.00367109375,34.44113366391775,56.567199449325116,31.66589297797412,-0.15061270924716583,-24.75069376210383
0.003671875,34.1207182061185,0.0032464418498557453,31.84500923019971,48.95951484324964,-17.11775205489979
0.00367265625,34.49940210392484,1.8631614043233723e-07,31.87853525624268,41.11394146240143,-9.235406392474887
0.0036734375,34.79381023909968,1.0647539391870897e-11,31.665735887623843,31.465245267657476,0.20049061995571835
0.00367421875,35.01104213086339,-4.467944838971033e-14,31.27000625186088,22.33283334687275,8.937172904988179
0.003675,35.160779153770065,-4.106256941003395e-14,30.7515466806071,14.765375511683468,15.986171168923674
0.00367578125,35.256384975920696,-4.403989294408148e-14,30.160218822981548,9.04620990076933,21.11400892221226
0.0036765625,35.31114160661623,-4.682958054778879e-14,29.533576923301904,5.0469575487470575,24.48661937455489
0.00367734375,35.33491809865209,-4.275515706111366e-14,28.897687233022825,2.458124418158159,26.439562814864708
0.003678125,35.32522978588593,-4.3389133336529416e-14,28.26917792773466,0.927019778039832,27.34215814969487
0.00367890625,34.69498697780258,-3.92249301205974e-14,27.657349023842272,0.13642901872341148,27.5209200051189
0.0036796875,35.01486621809157,56.55353862827875,27.392409730262415,-49.28440959771186,20.12328069969552
0.00368046875,34.63377017298077,56.55532647943602,27.277934731009978,-41.54453926891426,12.267147520488214
0.00368125,34.33629276948533,56.55378360894473,27.41526086254299,-31.8826481964644,2.7441254500626644
0.00368203125,34.116013160712065,56.552155383212344,27.74081889744241,-22.680935562989283,-6.130400922780652
0.0036828125,33.963459137196686,56.55044199094529,28.19385744503184,-15.026591017843291,-13.329993528070156
0.00368359375,33.865102089529515,56.548643434734565,28.723846716729057,-9.224168348506668,-18.600628369498843
0.003684375,33.80701298795689,56.54675971728879,29.292590587401026,-5.155061745313026,-22.09910738457474
0.00368515625,33.777339706133546,56.5447908414448,29.873473078112227,-2.5125816605948863,-24.158736102737688
0.0036859375,33.76855064136159,56.54273681016768,30.449424556204413,-0.942956655582804,-25.150355598380465
0.00368671875,33.79326580109086,56.54059762655079,31.01056661939935,-0.12065154615182827,-25.409379460999613
0.0036875,33.80968608527981,30.07121542594347,31.457620315916188,24.136076960169788,-22.74967207019707
0.00368828125,34.016610709257456,29.927887689324052,31.827672109370944,21.73927173838384,-19.83948731833695
0.0036890625,34.176544414192584,29.98676251198382,32.05629256539911,17.325955358178653,-15.256425304763361
0.00368984375,34.29806460594435,30.045603782292403,32.1721072499942,12.657938292982905,-10.53143482528111
0.003690625,34.384328480865335,30.10439980513082,32.20613571620479,8.537743706415219,-6.436007795341252
0.00369140625,34.441217173598695,30.163150491287226,32.18581200323263,5.275667157819882,-3.2530056458744827
0.0036921875,34.47572992445486,30.221855752284107,32.13286225641743,2.8987970279984983,-0.9877905238651707
0.00369296875,34.49458515189997,30.280515499712394,32.06309711150019,1.2930368352382535,0.4895447765495419
0.00369375,34.50361678704767,30.33912964523158,31.987162290248456,0.29223985583180695,1.3557927891850696
0.00369453125,34.5080039147487,30.397698100569805,31.911645978285502,-0.27110724387478896,1.785055121590486
0.0036953125,34.51484922039508,30.45622077752403,31.840200955613618,-0.5411500451578528,1.9251302232474388
0.00369609375,34.58376655317266,30.51469758796022,31.774535480111645,-0.6306455571485754,1.8904834493000011
0.003696875,34.62140848899465,0.02013025127317939,31.577847666239226,26.567841974783587,4.98987544018246
0.00369765625,34.836689374170064,1.1552930111165879e-06,31.3152741886331,23.034182347261943,8.28109068607815
0.0036984375,35.00418724829159,6.630329266247795e-11,30.926178371531215,18.07387918913015,12.852299182334761
0.00369921875,35.13031183243656,3.805204892252707e-15,30.442637134342938,13.145693781119085,17.29694335322385
0.0037,35.21935173407058,2.1838409060215734e-19,29.896735132440845,8.943297715273934,20.95343741716691
0.00370078125,35.277883014812645,1.2533257046218478e-23,29.31580039343879,5.698524574106447,23.61727581933234
0.0037015625,35.3126278408608,7.192947606826875e-28,28.720808321395246,3.3860182688493055,25.33479005254594
0.00370234375,35.327585399276664,4.128096558122293e-32,28.12652551161368,1.8594199864866945,26.267105525126983
0.003703125,35.30510971432533,2.369151302729805e-36,27.542468165368366,0.9350067079320298,26.607461457436337
0.00370390625,35.291626388596065,30.861563131239315,27.08419082883629,-27.450435814231184,23.67306351182816
0.0037046875,35.055154793373156,31.15487666807023,26.70971349089148,-24.92427276747869,20.47910959029994
0.00370546875,34.87152413178466,31.212809737882267,26.49553605811512,-20.03607458974323,15.318800909976083
0.00370625,34.730974668230864,31.270682295765432,26.409956318316674,-14.808828581566278,9.948102604117517
0.00370703125,34.63023068969521,31.328507759791073,26.41820433649362,-10.169365607701426,5.259062184403973
0.0037078125,34.5629029782541,31.386286043650156,26.48935155095591,-6.4824932389335075,1.5855587462392613
0.00370859375,34.52132268847701,31.44401706032967,26.598804449218793,-3.7881444179334376,-1.0570681931774388
0.003709375,34.49821480489365,31.501700722887747,26.728602029521127,-1.9630238450770485,-2.810074848289574
0.00371015625,34.48759209400997,31.559336944453854,26.866605726903334,-0.8224255882287252,-3.8703056293217957
0.0037109375,34.48516973103748,31.616925638228857,27.005268908003405,-0.17841781025248066,-4.43323891997297
0.00371171875,34.488929403161485,31.674466717485256,27.140379632714918,0.13147891747882437,-4.665566002249161
0.0037125,34.50367381382448,31.731960095567178,27.26997311525055,0.23398477736370626,-4.695971757680333
0.00371328125,34.02187027787519,49.149159440252674,27.44211875336839,-15.529610601105484,-6.177430085778802
0.0037140625,34.25572465879532,56.41169660296325,27.670484675501214,-20.838582723391365,-7.902629204070665
0.00371484375,34.117477302781694,56.40691217374099,27.992978196574654,-17.30712631028456,-11.106807666881776
0.003715625,34.00170811544606,56.40162572355911,28.4066386136083,-13.172103363476348,-14.82288374647446
0.00371640625,33.915266899088344,56.39625430961199,28.884693175653297,-9.340782331315753,-18.17077880264294
0.0037171875,33.855944983362555,56.3907979639237,29.402279806044284,-6.2089888226839065,-20.779529335195512
0.00371796875,33.81902774326485,56.38525669471278,29.939148180768598,-3.867952273926628,-22.578156240017552
0.00371875,33.80025141556358,56.379630510324276,30.480300491662216,-2.248154666788204,-23.651175351873857
0.00371953125,33.79969849645389,56.373919419231136,31.01554361712797,-1.212195773098759,-24.146180029004405
0.0037203125,33.85542849271202,56.36812343003413,31.53859273607395,-0.609984943213759,-24.21954575074642
0.00372109375,33.88730614624749,0.42700452580719717,31.846563727146503,50.23840066719829,-18.818841465858988
0.003721875,34.31951276383452,2.4506169190010677e-05,32.01940911294347,45.27856946110955,-13.259184854335263
0.00372265625,34.65346329351268,1.4063916901205606e-09,31.920025359066578,36.24485504947882,-4.3248296918186355
0.0037234375,34.90822436636268,3.582985628545379e-14,31.60636837873584,26.723014098958117,4.883354279777689
0.00372421875,35.090511075780455,-4.1548128636994326e-14,31.14112981225483,18.33525680659139,12.805873005663484
0.003725,35.21225392828695,-4.263201469130917e-14,30.57960016045816,11.704864073070063,18.87473608738814
0.00372578125,35.28736904011512,-4.5125422048015575e-14,29.96540351845189,6.881307213815969,23.084096304635967
0.0037265625,35.328693448220704,-4.107787740475601e-14,29.330111943540633,3.6287901277153005,25.701321815825374
0.00372734375,35.34595158366401,-4.5886499143672365e-14,28.694795873045862,1.6071255946822078,27.0876702783637
0.003728125,35.34251594066009,-4.297985969660028e-14,28.07228905772243,0.4744555599641399,27.59783349775833
0.00372890625,35.28238116117737,-4.37917476342709e-14,27.469459663305667,-0.062293130307409975,27.53175279361312
0.0037296875,35.24661444141545,55.86547724472409,27.088431908481127,-50.71263904952286,21.9355937132799
0.00373046875,34.8119695434309,56.28502951321228,26.848369588354824,-45.60866824370362,16.172008318846164
0.00373125,34.476473550359735,56.27807039962663,26.88512293508711,-36.4499757291224,7.057028264582883
0.00373203125,34.22096845887245,56.271002059281436,27.139818612841623,-26.829888777221527,-2.301294669218288
0.0037328125,34.0385843783563,56.26384897441956,27.549030743739664,-18.370692786004145,-10.344125444675749
0.00373359375,33.91729986220721,56.25661115721786,28.05691746049417,-11.691869005974059,-16.507824690749633
0.003734375,33.84336865512799,56.24928861857643,28.61946100608413,-6.837758830619761,-20.792068781872537
0.00373515625,33.8053588394735,56.24188136952288,29.20481943348895,-3.5675431415182546,-23.469518794515675
0.0037359375,33.80902759416014,56.2343894212124,29.79174854459517,-1.5369622337383164,-24.905678642878915
0.00373671875,33.814382562703706,33.66261215993344,30.286817239466373,19.988727335306415,-23.36452225577348
0.0037375,33.98761428646993,33.54605712831919,30.716140638565516,18.424744466038028,-21.254660955791703
0.00373828125,34.12376723649608,33.601918332103466,31.021657566439043,14.899330806284045,-17.47959157194847
0.0037390625,34.22856108847602,33.65773883002639,31.22629815515937,11.004894431676746,-13.436335106543766
0.00373984375,34.30371017752161,33.71350864057092,31.35605274752517,7.491270274195599,-9.84872616724135
0.003740625,34.3536847238254,33.76922767918073,31.434432502973397,4.667239145151757,-7.0020343213590905
0.00374140625,34.38418299212286,33.82489586194396,31.480362093742837,2.583399226128573,-4.927932994329694
0.0037421875,34.40080111691924,33.88051310502531,31.50781727801662,1.1579164728249514,-3.5306122998336393
0.00374296875,34.40836442284429,33.93607932466624,31.52636056576104,0.2565144549252183,-2.6662332138304183
0.00374375,34.41077203599513,33.991594437184986,31.542035322654613,-0.2612141338713153,-2.1883449806590565
0.00374453125,34.41128384084534,34.0470583589768,31.558305236270993,-0.5184790439854736,-1.9702740787203312
0.0037453125,34.41377961044619,34.10247100651404,31.576881161355505,-0.6124685223398885,-1.9131213228186426
0.00374609375,34.43224661114147,34.15783229634623,31.59837843229759,-0.613929436307938,-1.9455244277406991
0.003746875,34.43441197047341,2.976652945110079,31.529704533720775,27.80404782547463,0.7490037631360679
0.00374765625,34.670143765489435,0.0001708327579888246,31.399517392017607,28.274544686133176,3.1248018731264438
0.0037484375,34.88435672759237,9.804243806793225e-09,31.11638986474946,23.210433938393905,7.905955916551314
0.00374921875,35.050772544377935,5.626742654902956e-13,30.70501911412898,17.491669957888668,13.213349156239753
0.00375,35.17331965058661,3.229237616731586e-17,30.20269310912732,12.279529044647226,17.923164064480094
0.00375078125,35.259043908603665,1.853288167751497e-21,29.643454176463145,8.063944289187932,21.57950988727521
0.0037515625,35.317633896160636,1.0636185503760008e-25,29.054756617493645,4.939054559876577,24.115702057617067
0.00375234375,35.363229739280044,6.104201388586412e-30,28.456800237287645,2.7935475843570545,25.66325265293059
0.003753125,35.53084736554913,3.503255427356734e-34,27.863310251300128,1.4311048936507604,26.432205357649366
0.00375390625,35.09201730836271,34.70185967192589,27.458550076491914,-29.879131513694308,22.635821918260334
0.0037546875,34.89706726754686,34.76339269985239,27.153005412051737,-25.833922351552157,18.223535063751505
0.00375546875,34.72286856239959,34.81813160330648,27.01223721422118,-20.187750919011556,12.381856529926251
0.00375625,34.588423391637534,34.87281768436738,26.99889224190781,-14.580954934561388,6.707029492101821
0.00375703125,34.49312510275414,34.927451247572826,27.075695890041935,-9.800008072340216,1.948252714809327
0.0037578125,34.43053600910875,34.98203221066794,27.210817448990813,-6.107443551039691,-1.6637712106374352
0.00375859375,34.392713178687266,35.036560491454765,27.37967678829253,-3.474087745032451,-4.182795958129782
0.003759375,34.37222397132928,35.09103600781465,27.564776448097614,-1.733550612645165,-5.792708947071873
0.00376015625,34.363006434511064,35.14545867770848,27.754600825814975,-0.676834083916298,-6.714023767977207
0.0037609375,34.36061187103277,35.1998284191767,27.942221396954057,-0.10431823554556992,-7.15328878667707
0.00376171875,34.36220356408602,35.25414515033944,28.12395995961792,0.15038311957329412,-7.280568310294814
0.0037625,34.36681975211879,35.308408789396715,28.298272339830596,0.213626329287285,-7.223762778853402
0.00376328125,34.37905748290851,35.36261925462845,28.4649010642904,0.17414404131943115,-7.071862231657477
0.0037640625,33.97709169045594,49.86050246177549,28.664746531667227,-13.014599436803179,-8.181156493305082
0.00376484375,34.16983758158367,55.897410255973526,28.909687298676545,-17.458567370112252,-9.529155587184727
0.003765625,34.052329175175046,55.88705633327206,29.231548512578797,-14.52518771751778,-12.13032010317548
0.00376640625,33.95277167519221,55.87627119278058,29.627970476228715,-11.078598088011212,-15.169702628540652
0.0037671875,33.876419794798835,55.8654018837168,30.07670205462107,-7.8802165876396515,-17.90848324145608
0.00376796875,33.820291394712484,55.85444844236626,30.55704853768898,-5.263173653557079,-20.034226251120202
0.00376875,33.77704535372344,55.84341088522577,31.052144106264446,-3.305259331360176,-21.48600744760115
0.00376953125,33.72612703175667,55.8322892289177,31.549492654247782,-1.9491477674657731,-22.333648807204145
0.0037703125,34.81103494285434,16.468898921582174,31.930341423212507,34.622576688536654,-19.16113418690632
0.00377109375,34.279635642484934,0.0009451647456333725,32.15843377537199,47.11878793584791,-14.96129932522155
0.003771875,34.59454388329892,5.4243800365755214e-08,32.14602254095958,39.27929010148776,-7.133267614771977
0.00377265625,34.85988257280203,3.070389288895753e-12,31.899639123710738,29.899535593374583,2.000103530333085
0.0037734375,35.059422054828666,-3.915680862387906e-14,31.48089891695398,21.123967216083273,10.356931700870746
0.00377421875,35.19833300367077,-4.263789959161141e-14,30.947620093476694,13.904685806454703,17.042934287022035
0.003775,35.288516053921754,-3.677663156495209e-14,30.34733252838936,8.479436373306504,21.867896155082892
0.00377578125,35.343086373434744,-3.96105492433078e-14,29.715618172351185,4.705515787015241,25.010102385335983
0.0037765625,35.37391851373101,-3.9961427517938987e-14,29.077029551762404,2.2763016200338275,26.800727931728616
0.00377734375,35.39094019726429,-3.5605432706208176e-14,28.447125778791364,0.8497680992095046,27.597357679581894
0.003778125,35.403001240208134,-3.667503481851546e-14,27.83475778506422,0.11586121332710345,27.71889657173715
0.00377890625,35.42415452247465,-4.0486658636248154e-14,27.24414808264006,-0.17551066229138593,27.419658744931485
0.0037796875,35.66279927844777,-4.334283169801355e-14,26.676657682011573,-0.21169317113304031,26.888350853144654
0.00378046875,34.942525171462044,55.65693406857771,26.413961205432262,-49.073417739515016,19.830444876369565
0.00378125,34.623169236572856,55.65538355311697,26.303356557858883,-41.72033307342787,12.368306078169779
0.00378203125,34.34278212284084,55.642919295612565,26.444976981770814,-32.205613114402254,3.007670800560503
0.0037828125,34.12932979313667,55.630370619338194,26.776340759624542,-23.01747345890418,-5.836556400809471
0.00378359375,33.98058508258478,55.617738164695375,27.236847011474218,-15.31021369214664,-13.070677461074517
0.003784375,33.886909466472176,55.605021950744,27.775662053980916,-9.430461823132024,-18.398898073631063
0.00378515625,33.84897555005432,55.592221996634464,28.354121913170744,-5.283674687316377,-21.954425396147343
0.0037859375,33.82870982629804,37.052899483556985,28.879051949637006,14.166094334919464,-22.339941868839443
0.00378671875,33.95770584469212,36.963813487748766,29.36019087359663,14.049233634148766,-21.652856248300903
0.0037875,34.06351816440928,37.01632734294871,29.742135994832772,11.864103112691284,-19.138294460807227
0.00378828125,34.14778179442842,37.06879358196472,30.039090855545794,9.0516316286668,-16.081334355085726
0.0037890625,34.209766641732124,37.12120399651406,30.26994801730083,6.338796655471998,-13.190052634685228
0.00378984375,34.251750943635436,37.173558507201086,30.452993816438475,4.063732309435989,-10.784297000198599
0.003790625,34.27756300708875,37.2258570351808,30.6036095943904,2.3274821694277184,-8.949729610218123
0.00379140625,34.291295352283704,37.278099501692566,30.733573795289246,1.1016334844609061,-7.646159190864224
0.0037921875,34.296576671676796,37.33028582806019,30.851240561221985,0.2990975929478982,-6.778142859786103
0.00379296875,34.296248642557835,37.382415935691974,30.962117619537302,-0.18314601177633813,-6.2371523043783315
0.00379375,34.29226164198982,37.43448974608095,31.069554725367322,-0.44103831876054334,-5.923896701953085
0.00379453125,34.28558773087813,37.48650718080489,31.17538676135203,-0.5533003281793683,-5.757820091273493
0.0037953125,34.275700212271616,37.53846816152648,31.28046226225547,-0.5789828842726648,-5.679023014998347
0.00379609375,34.25668120257307,37.590372609993416,31.385038905071383,-0.5590531570429013,-5.646280547879134
0.003796875,34.08973925459706,37.64222044803854,31.48899964520629,-0.5182947308900409,-5.6349260719422105
0.00379765625,34.57203821358089,0.0073238178863366055,31.40119095690649,32.676604315094515,-1.2827371760743647
0.0037984375,34.78416044760143,4.2032041746287537e-07,31.223619839096752,27.891132704383008,3.3324867143933257
0.00379921875,34.971080941109044,2.412256231353895e-11,30.88704009760353,21.629629130331335,9.257410967248076
0.0038,35.11354324323539,1.3844152898472158e-15,30.4322483847075,15.557906493927659,14.87434189077984
0.00380078125,35.212378602720214,7.945282386884097e-20,29.898988633157316,10.452811324663939,19.446177308493375
0.0038015625,35.27259505516102,4.5598681746932605e-24,29.32064436177948,6.551901861510993,22.768742500268488
0.00380234375,35.28856111180476,2.6169488708046543e-28,28.722591656713863,3.797337685084134,24.92525397162973
0.003803125,35.30492065941268,34.743832393928464,28.22609821681908,-29.564285409961144,23.04655123285176
0.00380390625,35.050582875239094,38.10610063785891,27.81026607002911,-31.091631866463697,20.7957972986339
0.0038046875,34.81430710994257,38.15756810871663,27.5828413228907,-25.95804620177576,15.383319415949826
0.00380546875,34.628720231831295,38.20878810846107,27.51900990208493,-19.778562372999957,9.088784166623816
0.00380625,34.49169200620788,38.25995055555649,27.577839239384872,-13.981250081358713,3.2991387651870925
0.00380703125,34.397013565412,38.31105538385718,27.720809985655745,-9.203360940260469,-1.3868844579409676
0.0038078125,34.335909467258,38.362102516400824,27.91615462231688,-5.607278205043011,-4.838669689040931
0.00380859375,34.29939638121886,38.413091876311384,28.13998863127837,-3.1018485560379996,-7.171254688995013
0.003809375,34.279629246185316,38.46402338679976,28.375724107954323,-1.4861101545917221,-8.602189124253714
0.00381015625,34.270433051873155,38.51489697116408,28.612735043112323,-0.5347468319449348,-9.36741509610682
0.0038109375,34.267343105923885,38.56571255278955,28.844851700168626,-0.04301374193648769,-9.677847110684434
0.00381171875,34.26741213083587,38.61647005514891,29.068988576779553,0.15443922854665582,-9.701920706916011
0.0038125,34.26899246068439,38.66716940180225,29.284034384942043,0.1801015881674664,-9.563236605027672
0.00381328125,34.271835417222455,38.717810516397265,29.490028774532068,0.11807525223091149,-9.345856994096108
0.0038140625,34.27996330839434,38.76839332266939,29.68759772319722,0.021718420087618998,-9.102514019559786
0.00381484375,33.959648832869064,50.25476253325723,29.90963478484185,-10.453517675719743,-9.891610072695634
0.003815625,34.10985732942804,55.027649838957956,30.16577791259705,-13.971878512235136,-10.889993414125769
0.00381640625,34.01393509468643,55.011792267528,30.4813433612305,-11.638402384067248,-12.892046522230252
0.0038171875,33.931233864932416,54.99557702376465,30.8544677461959,-8.89526137902257,-15.245847898546181
0.00381796875,33.86411382449254,54.97927894188369,31.26751011759417,-6.349031501941089,-17.362737322348433
0.00381875,33.80156026802458,54.96289806220134,31.7040582522148,-4.2650962988477366,-18.993743511138803
0.00381953125,33.537229075383,54.94643440938781,32.150652090274875,-2.703210418702639,-20.0925719004103
0.0038203125,34.22979014638662,0.010688352897352364,32.319019616203455,46.6869503270494,-14.3786190637433
0.00382109375,34.53481533035882,6.134140384569705e-07,32.35187380872325,40.265033079011786,-7.913159883702573
0.003821875,34.80715608650646,3.5160955213675234e-11,32.144703915370286,31.426502272780052,0.7182016425550757
0.00382265625,35.0174552505699,-3.7645072061975065e-14,31.755377913548305,22.69390894646428,9.061468967084066
0.0038234375,35.166941814435525,-3.939017764687193e-14,31.241365757159482,15.269946140968194,15.971419616191325
0.00382421875,35.26583077239723,-3.755204910865383e-14,30.651531040506118,9.549418190816938,21.10211284968922
0.003825,35.326632153884454,-3.4788526320231145e-14,30.0234110432284,5.4787758827748965,24.544635160453538
0.00382578125,35.361078132467995,-4.020516468593548e-14,29.38353203564279,2.7948239648732756,26.588708070769556
0.0038265625,35.378877998501146,-3.689117791287545e-14,28.74915023452136,1.1705613907239023,27.57858884379749
0.00382734375,35.38753338622819,-3.980177786045318e-14,28.130433446500014,0.29504685144687154,27.83538659505318
0.003828125,35.392892259657515,-3.9696331746660136e-14,27.53254270346864,-0.09019681909414122,27.62273952256282
0.00382890625,35.40098955779289,-4.094747175167755e-14,26.957366549978268,-0.1810916618825226,27.138458211860833
0.0038296875,35.42913568292134,-4.173576551880428e-14,26.404841851822685,-0.11523779325842409,26.52007964508115
0.00383046875,34.35344703324191,38.566732105329685,25.981934645985785,-34.97240411167598,22.387606652332078
0.00383125,34.86820621770862,54.688637678096434,25.717486541475978,-46.569286748872685,17.59813561225223
0.00383203125,34.55748923199902,54.67177937824668,25.693099090295874,-38.49420048852816,9.51552020057735
0.0038328125,34.297272862235346,54.65391253041013,25.899695825316883,-29.09101743386448,0.33680072877122885
0.00383359375,34.10121381126417,54.63596332161283,26.275437283779553,-20.398098201159367,-7.962427836673907
0.003834375,33.95600174129804,54.617931832039105,26.763000291501733,-13.300797132478502,-14.554134408058871
0.00383515625,33.98977679714759,40.48448565337236,27.27011183559694,4.803433454802505,-18.017807272577926
0.0038359375,33.99624246524324,40.16075325532241,27.780008869715186,7.543634157261656,-19.924378542868883
0.00383671875,34.04997034823888,40.2095909565984,28.230305334887657,7.575215168385786,-19.554500790096526
0.0038375,34.10286907682898,40.258389488557285,28.619872278578004,6.451012452991694,-18.089529662970975
0.00383828125,34.14660625274143,40.30712739333647,28.95642572328169,4.927188192583687,-16.27788986263847
0.0038390625,34.17895943825267,40.355804596310314,29.250413899715593,3.427773895378924,-14.533164591973645
0.00383984375,34.2005553678657,40.40442102417177,29.512148068390918,2.1548778665959882,-13.047150822376839
0.003840625,34.21323429032861,40.452976603705345,29.750429591108084,1.1739837218025213,-11.876530734399783
0.00384140625,34.21912937853308,40.501471261787245,29.972099540912367,0.4749314059839355,-11.004303126858815
0.0038421875,34.22018011526297,40.54990492538534,30.18210031625823,0.012348278715854616,-10.380152887842968
0.00384296875,34.21790688305017,40.59827752155946,30.383776682566562,-0.2696909830231888,-9.94480985596971
0.00384375,34.213314634214484,40.646588977461334,30.579249691084154,-0.42419281418349375,-9.643146472193687
0.00384453125,34.20678776471507,40.69483922033474,30.769772233655388,-0.4951315100071984,-9.429935476672155
0.0038453125,34.197663670433535,40.743028177515775,30.95602451695607,-0.5157769293568819,-9.271226731202823
0.00384609375,34.181710482630194,40.79115577643267,31.13833704843468,-0.5093882725329564,-9.143430455465033
0.003846875,34.1126801522686,40.83922194460614,31.31682930201096,-0.4905084314355773,-9.031884211159602
0.00384765625,34.4710180396726,0.0913157673345556,31.329139060745813,36.15166654211597,-4.913843248704711
0.0038484375,34.6910606620587,5.240693043256697e-06,31.24513703508196,31.839624439016006,-0.5944926446270892
0.00384921875,34.90423511394668,3.0076803136325305e-10,30.97636196888038,25.20152480351522,5.77483716506439
0.00385,35.070613395625244,1.7261344624357505e-14,30.56581013353875,18.432084305509008,12.133725828029723
0.00385078125,35.18785674885552,9.906439088301288e-19,30.057848113498096,12.573958120747314,17.483889992750782
0.0038515625,35.25933656105996,5.685393435210236e-23,29.490877590143516,8.001515000974202,21.489362589169314
0.00385234375,35.26375799040567,3.262897820802567e-27,28.89475348819491,4.711727434723126,24.183026053471785
0.003853125,35.26641588436931,40.90943022958132,28.43667100199496,-34.4483535928901,21.975594365303742
0.00385390625,34.963432341919365,41.26902324976332,28.071315732230477,-32.12849720367219,18.930789686139345
0.0038546875,34.72392140036788,41.31648905526757,27.90727215646059,-26.297423633808855,12.888206735001877
0.00385546875,34.53747413496672,41.36387472919461,27.907050697492004,-19.73937688299996,6.28255285129735
0.00385625,34.40154636979903,41.411198108845994,28.02722157369728,-13.77249956152211,0.3885230263733959
0.00385703125,34.308836825496705,41.45845912398137,28.2281746646673,-8.950779131833206,-4.279505327480865
0.0038578125,34.24984939432229,41.505657703426536,28.477898445389517,-5.378157640716289,-7.64960161732073
0.00385859375,34.21522362340888,41.552793776101296,28.75271780067572,-2.925472669646553,-9.874603305779024
0.003859375,34.19696915922665,41.59986727101957,29.03645142055477,-1.3691202961316988,-11.194295554333102
0.00386015625,34.188899830301736,41.64687811728953,29.31892419479175,-0.4718456644965596,-11.856108258001221
0.0038609375,34.18659952604438,41.69382624411367,29.59438077976285,-0.023869778498722197,-12.075575685852101
0.00386171875,34.18716588627807,41.74071158078904,29.860079312101696,0.14112104611525617,-12.0217533148026
0.0038625,34.188896143496414,41.78753405670708,30.115174625862167,0.14446896130578132,-11.816828392150695
0.00386328125,34.19103857212091,41.83429360135402,30.35990240159427,0.06827523253312412,-11.542666432292876
0.0038640625,34.19383636946643,41.880990144310836,30.59502662918843,-0.03618734605933419,-11.249776169063074
0.00386484375,34.200646237748394,41.92762361525337,30.82149514743613,-0.1399965123086142,-10.966131955508622
0.003865625,33.968148883600406,50.329432396640364,31.063654131876103,-7.809635144083076,-11.456143120681185
0.00386640625,34.080937901009975,53.80794650754555,31.3286656114387,-10.369543454892465,-12.109737441214385
0.0038671875,34.017052122562035,53.78668613204933,31.635103543821515,-8.649172553042225,-13.50241003518559
0.00386796875,33.971464443348246,53.76514390425829,31.98160176440478,-6.629939566589029,-15.153602573264479
0.00386875,33.987524048892155,53.74352069560517,32.35527983239029,-4.75758418732921,-16.63065667588567
0.00386953125,33.99033215507739,0.40706144233471,32.55402864998163,44.94986659127704,-12.802899383630123
0.0038703125,34.38357247619877,2.3361617909749008e-05,32.64574957388225,41.24339415295637,-8.597667940692032
0.00387109375,34.69030923512609,1.3407109740175587e-09,32.492793688472894,33.40727140176518,-0.9144777146329972
0.003871875,34.92696690915466,3.6140831237989206e-14,32.14512939182096,24.875253596798593,7.269875795022327
0.00387265625,35.09840775536412,-3.9325699664350185e-14,31.658787492951266,17.234401117471705,14.424386375479598
0.0038734375,35.214848909573384,-3.947435317720367e-14,31.0840214598279,11.125853371793411,19.958168088034526
0.00387421875,35.2888693146116,-3.1549060387746656e-14,30.460927383950047,6.64007015932267,23.820857224627407
0.003875,35.33261825248768,-3.8247154975370054e-14,29.81878607562312,3.5875636001907396,26.231222475432418
0.00387578125,35.35637467185387,-3.942328708019477e-14,29.177304140449163,1.670368426834461,27.50693571361474
0.0038765625,35.368100508251246,-3.839192429841152e-14,28.548597082001802,0.5807530278785563,27.967844054123283
0.00387734375,35.37359419323931,-3.794752190808507e-14,27.93924692732321,0.05047452479187134,27.88877240253138
0.003878125,35.37700159646575,-3.4385971732297715e-14,27.352100108221656,-0.1310196378990214,27.483119746120714
0.00387890625,35.38172650359936,-4.023134376379682e-14,26.787680990256558,-0.11606349296233272,26.90374448321893
0.0038796875,35.39297617117128,-3.472610793654644e-14,26.24521649980758,-0.006909253942762717,26.252125753750377
0.00388046875,35.439007839898686,-2.842162894188014e-14,25.723333705276218,0.1328656310196377,25.59046807425661
0.00388125,35.00309589143693,52.01546787460073,25.388166079505993,-46.90898426215685,20.28168246706211
0.00388203125,34.79707076777222,53.363491178311314,25.17264939945955,-43.575937563467996,15.385095784616235
0.0038828125,34.502787029820986,53.34049489195202,25.21781668164734,-35.13360868058964,7.010930470284959
0.00388359375,34.25886251148162,53.31733959635085,25.472230683930345,-26.02893094869435,-1.8161779637261533
0.003884375,34.1708965132728,43.335882365872294,25.8438595045225,-8.88200152767491,-8.610021333674887
0.00388515625,34.09454924441956,43.11774257024816,26.29201907429051,-3.088047507196575,-13.737675988761076
0.0038859375,34.07819931023108,43.162631763787104,26.747029565223354,-0.001292924191298539,-16.414309274372453
0.00388671875,34.08193856726893,43.207471054376754,27.187777850100634,1.4429633274469624,-17.46265653172308
0.0038875,34.09398014411076,43.25224527616241,27.60491370840844,1.8820585168216355,-17.52939008457561
0.00388828125,34.10774475663217,43.29695436084835,27.995854320245265,1.7694677092672408,-17.07056774987033
0.0038890625,34.11982644805243,43.34159824110355,28.361732080740335,1.4043826429701334,-16.384248803333346
0.00388984375,34.128796876395,43.38617684969505,28.70537828320196,0.9682090379587298,-15.649007604451818
0.003890625,34.134373623383674,43.43069011948829,29.030098708084584,0.5591834301113865,-14.959774841515092
0.00389140625,34.13685491706189,43.4751379834471,29.339009161637684,0.221104904745563,-14.357233726554979
0.0038921875,34.13675500399888,43.519520374633785,29.634738063642857,-0.03491431007667813,-13.84986800091425
0.00389296875,34.134578437895065,43.56383722620929,29.919349824418724,-0.21520762839382368,-13.429279773396738
0.00389375,34.13067055297765,43.60808847143321,30.19438637157782,-0.3336580928875906,-13.0800440069678
0.00389453125,34.125058912752635,43.65227404366399,30.460960066131804,-0.4058145661897437,-12.785499411342446
0.0038953125,34.11706776080973,43.69639387635897,30.71985816851037,-0.4457949816179608,-12.530740726230635
0.00389609375,34.10358526551644,43.740447903074426,30.971637366663682,-0.46496806957609477,-12.303842466834649
0.003896875,34.06192297239888,43.78443605746586,31.216692664869797,-0.471490475705042,-12.096252916891022
0.00389765625,34.41643661337547,1.1250145679037902,31.31765733450129,38.259944425636704,-8.067301659039202
0.0038984375,34.582540569368426,6.456558589684794e-05,31.3283425583987,35.676371570562104,-4.348093577749301
0.00389921875,34.82054215748879,3.7054763566046137e-09,31.131938711680647,28.871481198507794,2.260457509467377
0.0039,35.01156233317939,2.1266058130862744e-13,30.769653682065368,21.491896656252038,9.277757025813115
0.00390078125,35.14835393273523,1.2204779761154188e-17,30.28987484143796,14.896520471516679,15.393354369921282
0.0039015625,35.23114149777637,7.004431573621201e-22,29.735905678335726,9.63128206709815,20.104623611237578
0.00390234375,35.18646340807796,4.0199055312491646e-26,29.1421981213324,5.770558875864784,23.371639245467616
0.003903125,35.161038009687836,44.104882634526795,28.732069301835768,-36.09864486040726,20.725831527716235
0.00390390625,34.862431656791266,44.177352625847966,28.427878907055053,-32.52030863932628,16.770834920533368
0.0039046875,34.62330535832127,44.22068009871394,28.32662998380985,-26.153674413326907,10.259624298422814
0.00390546875,34.43905237351571,44.26393930733804,28.386509066093705,-19.36413376550499,3.4867035242606543
0.00390625,34.30626763551928,44.30713185517373,28.5625640450595,-13.34645777678771,-2.3981100333265193
0.00390703125,34.216720709323916,44.35025767726957,28.814880994579845,-8.568856594319534,-6.966520088370188
0.0039078125,34.16040677666371,44.39331670867883,29.111785767323752,-5.080042743813988,-10.20148819754109
0.00390859375,34.127774867944666,44.43630888455542,29.430209391339552,-2.718369818598399,-12.287729674617474
0.003909375,34.11083322050329,44.4792341401539,29.7546260027514,-1.2434443850715564,-13.481163752330941
0.00391015625,34.10348622275329,44.522092410829586,30.075451485909525,-0.4112431837854895,-14.035397741134572
0.0039109375,34.10143612002394,44.564883632038736,30.387410890268455,-0.011049652204688676,-14.16642308956559
0.00391171875,34.10188562686304,44.60760773933849,30.688125409536223,0.12142587078154046,-14.040908200583807
0.0039125,34.10319035295128,44.650264668387166,30.977008947009832,0.10435663530582451,-13.777612356683159
0.00391328125,34.104549135142385,44.69285435494415,31.254473424274188,0.01657605682479801,-13.454956987494763
0.0039140625,34.10579588300646,44.73537673487019,31.52139807036353,-0.09348533944010978,-13.120493325066546
0.00391484375,34.10743187644214,44.7778317441273,31.778803115960596,-0.19910200224905292,-12.79992662591765
0.003915625,34.11204326529887,44.82021931877905,32.027670180543566,-0.28793804822902586,-12.504611090006463
0.00391640625,33.96857077655642,50.08403719628987,32.28348862746623,-5.0936955626994465,-12.706853006124195
0.0039171875,34.04550728414731,52.246056844831216,32.55082814030851,-6.676687209726599,-13.018541494796109
0.00391796875,34.035541710703356,52.21952886853082,32.841388091441466,-5.582273763397372,-13.795867013691984
0.00391875,34.00698657506958,4.543358147820109,33.01232393933132,38.980153618582015,-10.511187827070806
0.00391953125,34.34280854511707,0.0002607473619244958,33.10022355104223,40.69447122620227,-7.594508422521972
0.0039203125,34.652385794509605,1.4964496692440653e-08,32.95903762489411,33.759824952871455,-0.8007873429418453
0.00392109375,34.89395568025145,8.197956315152945e-13,32.62151903263182,25.613383925629048,7.008135107001955
0.003921875,35.07169540223164,-2.7661688105431378e-14,32.14104361247617,18.052801659434824,14.08824195304137
0.00392265625,35.194353579618486,-3.7751878688718894e-14,31.567274091851314,11.865080538846206,19.70219355300515
0.0039234375,35.27367911988911,-2.968956149659924e-14,30.94079770627541,7.234297246642072,23.706500459633368
0.00392421875,35.321506002654864,-4.217880849114912e-14,30.291836788058106,4.025800820406372,26.266035967651774
0.003925,35.34809705752146,-2.1671904160288296e-14,29.641119123180157,1.9697842701730537,27.671334853007124
0.00392578125,35.361521359226,-4.870506174247096e-14,29.00167004033038,0.7696957647201472,28.231974275610284
0.0039265625,35.367664862479096,-4.5998994194597967e-14,28.380793572174923,0.15863620352898958,28.22215736864598
0.00392734375,35.37057005561271,-2.7618707792210742e-14,27.781860351144186,-0.07756195235509887,27.85942230349931
0.003928125,35.37292483494113,-4.191361463006945e-14,27.205744681322972,-0.09672457155233327,27.302469252875348
0.00392890625,35.37666235375837,-3.105495158473609e-14,26.65188486049802,-0.006683921621711076,26.65856878211976
0.0039296875,35.383951225011764,-4.1747738419164336e-14,26.119008481521636,0.12445210084494458,25.994556380676734
0.00393046875,35.400773287858826,-3.005640838585637e-14,25.60559212358395,0.2575710228835845,25.348021100700393
0.00393125,35.48592596789046,-2.807333288230218e-14,25.110147814758008,0.37257956654724467,24.737568248210792
0.00393203125,35.03176256854635,51.61070870401004,24.83680273942147,-45.864715445963924,19.090809481375356
0.0039328125,34.756278486223806,51.698208736862036,24.69563262858071,-40.237728393758495,13.235152285477168
0.00393359375,34.48693750346273,46.29084948625562,24.7813438174411,-26.81762780032658,5.308122131512064
0.003934375,34.316646556691154,45.81715581006755,25.043673643460835,-18.151978860882895,-2.6215033057238153
0.00393515625,34.20246806258942,45.857807514561074,25.41007406878542,-11.617342697814664,-8.830390747960989
0.0039359375,34.130703331087794,45.8984196807237,25.835937089400122,-6.832396286465204,-13.230086304858373
0.00393671875,34.090007195840165,45.93896272639012,26.289707390964452,-3.5851306608279945,-16.06412467459768
0.0039375,34.07004033889555,45.97943658880898,26.75011493830452,-1.551706255435211,-17.67761539506925
0.00393828125,34.06272052269537,46.01984120702729,27.204018707511352,-0.4005994273676947,-18.415223072148244
0.0039390625,34.06227944011453,46.06017652019642,27.644189206079133,0.1557965011772943,-18.571783815294584
0.00393984375,34.06492285795999,46.1004424675721,28.06738018164495,0.34246731556731835,-18.37552960149447
0.003940625,34.06837521286764,46.14063898851458,28.47281778844803,0.3217087605385867,-17.98952996060514
0.00394140625,34.071441992947705,46.18076602248859,28.86110939297602,0.20210088601256332,-17.521757515525135
0.0039421875,34.073649706361,46.22082350906358,29.233512770945534,0.05057688451392189,-17.037887622631967
0.00394296875,34.0749848904719,46.26081138791365,29.59148518451281,-0.09574219395184479,-16.573584009448993
0.00394375,34.07574077802331,46.3007295988178,29.93643309356898,-0.21952701440167957,-16.144769490847143
0.00394453125,34.07650025394744,46.34057808165994,30.26959526832802,-0.31553970995160396,-15.755443103380319
0.0039453125,34.07840547888837,46.380356776428954,30.59200761124942,-0.38516783363085044,-15.40318133154868
0.00394609375,34.0846105533732,46.42006562321886,30.904513302991887,-0.43284156223384385,-15.08271075799313
0.003946875,34.11288948357949,46.459704562228836,31.207798863244896,-0.4640210887827511,-14.78788461020119
0.00394765625,34.11863756576236,4.046360432113644,31.375916231569043,38.07959183928051,-10.750036039825112
0.0039484375,34.44134067038871,0.0002322242213592229,31.448849050738936,38.59583316490222,-7.147216338384641
0.00394921875,34.73430130791413,1.3327554450636924e-08,31.303387088291604,31.599121613097573,-0.2957345381335224
0.00395,34.962390399418005,7.648801946457154e-13,30.97416842164102,23.733176267549794,7.240992154090465
0.00395078125,35.13263892393567,4.3897154149935466e-17,30.512796286629573,16.57854559511337,13.934250691516207
0.0039515625,35.26214721018572,2.5192966897982554e-21,29.96630056679054,10.798879496938746,19.167421069851795
0.00395234375,35.53499713403314,1.4458467602592358e-25,29.37268428714263,6.51616419469043,22.8565200924522
0.003953125,34.97309629287033,46.765199879808925,28.996881229277264,-37.558870146290865,19.790551495759203
0.00395390625,34.727238202942544,46.8132988264546,28.730886305000332,-33.41197448039511,15.329561958940843
0.0039546875,34.500587657266614,46.85223594361645,28.672104442041928,-26.65589922145879,8.475767719884267
0.00395546875,34.32190423830147,46.891101980398204,28.776118739721767,-19.611264128063123,1.496280887386686
0.00395625,34.19268059155508,46.92989739999785,28.996314635937384,-13.440357634275358,-4.493225129785107
0.00395703125,34.105808669388075,46.96862214402015,29.291796942679497,-8.580975985655963,-9.09584921568469
0.0039578125,34.05155581585949,47.007276154146325,29.630388912065847,-5.056807471281887,-12.320079770798593
0.00395859375,34.020427353942495,47.04585937216413,29.98882994457787,-2.6873937383589928,-14.36963568922727
0.003959375,34.00444019288509,47.084371739967935,30.351587167658007,-1.2192453603627482,-15.51353921194718
0.00396015625,33.99749987899603,47.12281319955882,30.70916598543118,-0.39989640553336053,-16.013750808594278
0.0039609375,33.99530169747958,47.16118369304463,31.056420637978018,-0.013656883925139075,-16.09110617114147
0.00396171875,33.995017349893594,47.1994831626401,31.391107648343908,0.10633979655201108,-15.914715310848202
0.0039625,33.994919789792704,47.23771155066693,31.71276499063915,0.07931205126315916,-15.604258611290938
0.00396328125,33.99402273898812,47.275868799553834,32.02191032444173,-0.015753365631746126,-15.238205109480361
0.0039640625,33.991754880234105,47.31395485183671,32.31950921130996,-0.13072452802286846,-14.86372111250388
0.00396484375,33.98762639585143,47.35196965015863,32.606650697875196,-0.23934351769722184,-14.505975434586214
0.003965625,33.980673861184094,47.389913137270064,32.884370015841014,-0.32972433692695946,-14.175818784502088
0.00396640625,33.967265377773344,47.427785256028706,33.15356739128004,-0.39862390639233214,-13.875593958356331
0.0039671875,33.936362364253434,50.12807913513569,33.422917338003195,-2.8658785398747,-13.839283257257797
0.00396796875,34.90187407093866,14.856121816208653,33.59079066708793,29.336019356143222,-10.60135050526394
0.00396875,34.40646319506127,0.0008526060342104576,33.63736433015457,40.608153871287044,-6.971642147166683
0.00396953125,34.675889655967026,4.893179065749612e-08,33.484003894536244,33.81501710487551,-0.33101325927105524
0.0039703125,34.90311613667744,2.7749816717506335e-12,33.134604962332254,25.728126316961454,7.406478645368026
0.00397109375,35.07377532552376,-3.04204358369458e-14,32.64210258460445,18.179273807489526,14.462828777114954
0.003971875,35.19222988851794,-3.6112629620593615e-14,32.05605038862579,11.978535496778028,20.077514891847798
0.00397265625,35.26862499175858,-2.5179883311496738e-14,31.417096396149127,7.324710182515137,24.092386213634015
0.0039734375,35.3140746710817,-2.9386470098393264e-14,30.755593521932706,4.091715580543851,26.663877941388883
0.00397421875,35.3384705816211,-3.757970002685965e-14,30.092411783176765,2.014102072802595,28.07830971037421
0.003975,35.34965333991782,-2.3404255154815648e-14,29.440700733049297,0.7970089641330603,28.643691768916263
0.00397578125,35.35331912618155,-4.020531804146063e-14,28.80785899162956,0.17369390664659098,28.634165084983007
0.0039765625,35.353281937971424,-2.1451709580220194e-14,28.197320895539363,-0.07061882372752236,28.267939719266906
0.00397734375,35.351860617157385,-4.4249387890657376e-14,27.609997506543692,-0.09464433574109635,27.704641842284833
0.003978125,35.350254685656175,-2.5129032752272265e-14,27.045342750281854,-0.007107533647906306,27.052450283929787
0.00397890625,35.348821489132085,-4.31536347490345e-14,26.50208437974949,0.12313180591573436,26.3789525738338
0.0039796875,35.34714399664809,-2.3755499976443945e-14,25.978687137806563,0.2564448763173502,25.72224226148924
0.00398046875,35.343490563204746,-4.2738307505236984e-14,25.47361908792439,0.3730877012702507,25.100531386654183
0.00398125,35.330827259951285,-4.157703101927991e-14,24.985482475868462,0.4658658812383081,24.519616594630197
0.00398203125,35.2145134193193,-3.3333313428414705e-14,24.513022504539286,0.5357764597363783,23.97724604480294
0.0039828125,35.180405085695114,48.627847857335695,24.27558878333472,-42.665950329421264,18.313691255420288
0.00398359375,34.81304783413196,48.24282556454589,24.164849375243094,-36.40256599346505,12.32458980416226
0.003984375,34.547903813299435,48.27901650886386,24.275365943398768,-28.367409207814884,4.363758642349788
0.00398515625,34.34972155235144,48.31515892382709,24.553247955815063,-20.4465137820886,-3.3153971859234277
0.0039859375,34.2106617601073,48.351228578421754,24.946266929657988,-13.721618318414073,-9.683343330349693
0.00398671875,34.119431647476,48.387225416940055,25.41006701536374,-8.545137656584323,-14.432020744991991
0.0039875,34.06391121374454,48.42314938517136,25.910592124755546,-4.865277737677568,-17.64727952273824
0.00398828125,34.0331716519104,48.459000429014786,26.423777725937892,-2.441741541358836,-19.593481161718056
0.0039890625,34.01839269459659,48.49477849447936,26.93396088246429,-0.9773843835862692,-20.583433228428802
0.00398984375,34.013034066286494,48.53048352768387,27.431897582589283,-0.19020545259421198,-20.908380492500374
0.003990625,34.01260309445538,48.566115474857256,27.912874790523862,0.15392854606992046,-20.807169230403314
0.00399140625,34.01425654165811,48.60167428233844,28.375139900550217,0.2322978001910123,-20.45883218197924
0.0039921875,34.01638163239719,48.63715989657649,28.818709930663584,0.16914248564488174,-19.98759245155779
0.00399296875,34.01823579628917,48.67257226413071,29.244536105348327,0.045132336548453104,-19.47316849533083
0.00399375,34.01968920591357,48.70791133167071,29.653960956286497,-0.0917826242270053,-18.962167751157207
0.00399453125,34.02111903967461,48.7431770459765,30.048395443655878,-0.21641180231231472,-18.47836980000831
0.0039953125,34.023621636028444,48.77836935393856,30.429149410508714,-0.318229734607258,-18.030990208822587
0.00399609375,34.03048651289214,48.81348820255789,30.79736144439525,-0.39536494077890627,-17.620761817383734
0.003996875,34.060414234481456,48.848533538946185,31.15399270512438,-0.4506120925851974,-17.24392874123661
0.00399765625,34.06652139766518,4.253980136581422,31.366844296695344,40.052042812110656,-12.939178651996736
0.0039984375,34.405749952341615,0.00024413970071845452,31.47814505630219,40.57678448711039,-9.098883570508917
0.00399921875,34.71362812010542,1.4011394400820026e-08,31.358515077006253,33.20798659160216,-1.8494715286072996
