ISO-10303-21;
HEADER;
FILE_DESCRIPTION((''),'2;1');
FILE_NAME('DLV0006A_ASM','2024-04-08T09:00:11',('a0412086'),(''),
'CREO PARAMETRIC BY PTC INC, 2018500','CREO PARAMETRIC BY PTC INC, 2018500','');
FILE_SCHEMA(('CONFIG_CONTROL_DESIGN','SHAPE_APPEARANCE_LAYERS_GROUPS'));
ENDSEC;
DATA;
#38=DIRECTION('',(1.E0,0.E0,0.E0));
#39=VECTOR('',#38,2.E-1);
#40=CARTESIAN_POINT('',(-1.E0,0.E0,1.E0));
#41=LINE('',#40,#39);
#42=DRAUGHTING_PRE_DEFINED_CURVE_FONT('continuous');
#43=CURVE_STYLE('',#42,POSITIVE_LENGTH_MEASURE(2.E-2),#3);
#44=PRESENTATION_STYLE_ASSIGNMENT((#43));
#45=STYLED_ITEM('',(#44),#41);
#46=DIRECTION('',(0.E0,0.E0,-1.E0));
#47=VECTOR('',#46,2.E-1);
#48=CARTESIAN_POINT('',(-8.E-1,0.E0,1.E0));
#49=LINE('',#48,#47);
#50=CURVE_STYLE('',#42,POSITIVE_LENGTH_MEASURE(2.E-2),#3);
#51=PRESENTATION_STYLE_ASSIGNMENT((#50));
#52=STYLED_ITEM('',(#51),#49);
#53=CARTESIAN_POINT('',(-7.5E-1,0.E0,8.E-1));
#54=DIRECTION('',(0.E0,1.E0,0.E0));
#55=DIRECTION('',(0.E0,0.E0,-1.E0));
#56=AXIS2_PLACEMENT_3D('',#53,#54,#55);
#58=CURVE_STYLE('',#42,POSITIVE_LENGTH_MEASURE(2.E-2),#3);
#59=PRESENTATION_STYLE_ASSIGNMENT((#58));
#60=STYLED_ITEM('',(#59),#57);
#61=DIRECTION('',(-1.E0,0.E0,0.E0));
#62=VECTOR('',#61,2.E-1);
#63=CARTESIAN_POINT('',(-5.5E-1,0.E0,7.5E-1));
#64=LINE('',#63,#62);
#65=CURVE_STYLE('',#42,POSITIVE_LENGTH_MEASURE(2.E-2),#3);
#66=PRESENTATION_STYLE_ASSIGNMENT((#65));
#67=STYLED_ITEM('',(#66),#64);
#68=CARTESIAN_POINT('',(-5.5E-1,0.E0,8.E-1));
#69=DIRECTION('',(0.E0,1.E0,0.E0));
#70=DIRECTION('',(1.E0,0.E0,0.E0));
#71=AXIS2_PLACEMENT_3D('',#68,#69,#70);
#73=CURVE_STYLE('',#42,POSITIVE_LENGTH_MEASURE(2.E-2),#3);
#74=PRESENTATION_STYLE_ASSIGNMENT((#73));
#75=STYLED_ITEM('',(#74),#72);
#76=DIRECTION('',(0.E0,0.E0,-1.E0));
#77=VECTOR('',#76,2.E-1);
#78=CARTESIAN_POINT('',(-5.E-1,0.E0,1.E0));
#79=LINE('',#78,#77);
#80=CURVE_STYLE('',#42,POSITIVE_LENGTH_MEASURE(2.E-2),#3);
#81=PRESENTATION_STYLE_ASSIGNMENT((#80));
#82=STYLED_ITEM('',(#81),#79);
#83=DIRECTION('',(1.E0,0.E0,0.E0));
#84=VECTOR('',#83,3.5E-1);
#85=CARTESIAN_POINT('',(-5.E-1,0.E0,1.E0));
#86=LINE('',#85,#84);
#87=CURVE_STYLE('',#42,POSITIVE_LENGTH_MEASURE(2.E-2),#3);
#88=PRESENTATION_STYLE_ASSIGNMENT((#87));
#89=STYLED_ITEM('',(#88),#86);
#90=DIRECTION('',(0.E0,0.E0,-1.E0));
#91=VECTOR('',#90,2.E-1);
#92=CARTESIAN_POINT('',(-1.5E-1,0.E0,1.E0));
#93=LINE('',#92,#91);
#94=CURVE_STYLE('',#42,POSITIVE_LENGTH_MEASURE(2.E-2),#3);
#95=PRESENTATION_STYLE_ASSIGNMENT((#94));
#96=STYLED_ITEM('',(#95),#93);
#97=CARTESIAN_POINT('',(-1.E-1,0.E0,8.E-1));
#98=DIRECTION('',(0.E0,1.E0,0.E0));
#99=DIRECTION('',(-1.665334536938E-14,0.E0,-1.E0));
#100=AXIS2_PLACEMENT_3D('',#97,#98,#99);
#102=CURVE_STYLE('',#42,POSITIVE_LENGTH_MEASURE(2.E-2),#3);
#103=PRESENTATION_STYLE_ASSIGNMENT((#102));
#104=STYLED_ITEM('',(#103),#101);
#105=DIRECTION('',(-1.E0,0.E0,0.E0));
#106=VECTOR('',#105,2.E-1);
#107=CARTESIAN_POINT('',(1.E-1,0.E0,7.5E-1));
#108=LINE('',#107,#106);
#109=CURVE_STYLE('',#42,POSITIVE_LENGTH_MEASURE(2.E-2),#3);
#110=PRESENTATION_STYLE_ASSIGNMENT((#109));
#111=STYLED_ITEM('',(#110),#108);
#112=CARTESIAN_POINT('',(1.E-1,0.E0,8.E-1));
#113=DIRECTION('',(0.E0,1.E0,0.E0));
#114=DIRECTION('',(1.E0,0.E0,0.E0));
#115=AXIS2_PLACEMENT_3D('',#112,#113,#114);
#117=CURVE_STYLE('',#42,POSITIVE_LENGTH_MEASURE(2.E-2),#3);
#118=PRESENTATION_STYLE_ASSIGNMENT((#117));
#119=STYLED_ITEM('',(#118),#116);
#120=DIRECTION('',(0.E0,0.E0,-1.E0));
#121=VECTOR('',#120,2.E-1);
#122=CARTESIAN_POINT('',(1.5E-1,0.E0,1.E0));
#123=LINE('',#122,#121);
#124=CURVE_STYLE('',#42,POSITIVE_LENGTH_MEASURE(2.E-2),#3);
#125=PRESENTATION_STYLE_ASSIGNMENT((#124));
#126=STYLED_ITEM('',(#125),#123);
#127=DIRECTION('',(1.E0,0.E0,0.E0));
#128=VECTOR('',#127,3.5E-1);
#129=CARTESIAN_POINT('',(1.5E-1,0.E0,1.E0));
#130=LINE('',#129,#128);
#131=CURVE_STYLE('',#42,POSITIVE_LENGTH_MEASURE(2.E-2),#3);
#132=PRESENTATION_STYLE_ASSIGNMENT((#131));
#133=STYLED_ITEM('',(#132),#130);
#134=DIRECTION('',(0.E0,0.E0,-1.E0));
#135=VECTOR('',#134,2.E-1);
#136=CARTESIAN_POINT('',(5.E-1,0.E0,1.E0));
#137=LINE('',#136,#135);
#138=CURVE_STYLE('',#42,POSITIVE_LENGTH_MEASURE(2.E-2),#3);
#139=PRESENTATION_STYLE_ASSIGNMENT((#138));
#140=STYLED_ITEM('',(#139),#137);
#141=CARTESIAN_POINT('',(5.5E-1,0.E0,8.E-1));
#142=DIRECTION('',(0.E0,1.E0,0.E0));
#143=DIRECTION('',(0.E0,0.E0,-1.E0));
#144=AXIS2_PLACEMENT_3D('',#141,#142,#143);
#146=CURVE_STYLE('',#42,POSITIVE_LENGTH_MEASURE(2.E-2),#3);
#147=PRESENTATION_STYLE_ASSIGNMENT((#146));
#148=STYLED_ITEM('',(#147),#145);
#149=DIRECTION('',(-1.E0,0.E0,0.E0));
#150=VECTOR('',#149,2.E-1);
#151=CARTESIAN_POINT('',(7.5E-1,0.E0,7.5E-1));
#152=LINE('',#151,#150);
#153=CURVE_STYLE('',#42,POSITIVE_LENGTH_MEASURE(2.E-2),#3);
#154=PRESENTATION_STYLE_ASSIGNMENT((#153));
#155=STYLED_ITEM('',(#154),#152);
#156=CARTESIAN_POINT('',(7.5E-1,0.E0,8.E-1));
#157=DIRECTION('',(0.E0,1.E0,0.E0));
#158=DIRECTION('',(1.E0,0.E0,0.E0));
#159=AXIS2_PLACEMENT_3D('',#156,#157,#158);
#161=CURVE_STYLE('',#42,POSITIVE_LENGTH_MEASURE(2.E-2),#3);
#162=PRESENTATION_STYLE_ASSIGNMENT((#161));
#163=STYLED_ITEM('',(#162),#160);
#164=DIRECTION('',(0.E0,0.E0,-1.E0));
#165=VECTOR('',#164,2.E-1);
#166=CARTESIAN_POINT('',(8.E-1,0.E0,1.E0));
#167=LINE('',#166,#165);
#168=CURVE_STYLE('',#42,POSITIVE_LENGTH_MEASURE(2.E-2),#3);
#169=PRESENTATION_STYLE_ASSIGNMENT((#168));
#170=STYLED_ITEM('',(#169),#167);
#171=DIRECTION('',(1.E0,0.E0,0.E0));
#172=VECTOR('',#171,2.E-1);
#173=CARTESIAN_POINT('',(8.E-1,0.E0,1.E0));
#174=LINE('',#173,#172);
#175=CURVE_STYLE('',#42,POSITIVE_LENGTH_MEASURE(2.E-2),#3);
#176=PRESENTATION_STYLE_ASSIGNMENT((#175));
#177=STYLED_ITEM('',(#176),#174);
#178=DIRECTION('',(0.E0,0.E0,-1.E0));
#179=VECTOR('',#178,2.E0);
#180=CARTESIAN_POINT('',(1.E0,0.E0,1.E0));
#181=LINE('',#180,#179);
#182=CURVE_STYLE('',#42,POSITIVE_LENGTH_MEASURE(2.E-2),#3);
#183=PRESENTATION_STYLE_ASSIGNMENT((#182));
#184=STYLED_ITEM('',(#183),#181);
#185=DIRECTION('',(-1.E0,0.E0,0.E0));
#186=VECTOR('',#185,2.E-1);
#187=CARTESIAN_POINT('',(1.E0,0.E0,-1.E0));
#188=LINE('',#187,#186);
#189=CURVE_STYLE('',#42,POSITIVE_LENGTH_MEASURE(2.E-2),#3);
#190=PRESENTATION_STYLE_ASSIGNMENT((#189));
#191=STYLED_ITEM('',(#190),#188);
#192=DIRECTION('',(0.E0,0.E0,1.E0));
#193=VECTOR('',#192,2.E-1);
#194=CARTESIAN_POINT('',(8.E-1,0.E0,-1.E0));
#195=LINE('',#194,#193);
#196=CURVE_STYLE('',#42,POSITIVE_LENGTH_MEASURE(2.E-2),#3);
#197=PRESENTATION_STYLE_ASSIGNMENT((#196));
#198=STYLED_ITEM('',(#197),#195);
#199=CARTESIAN_POINT('',(7.5E-1,0.E0,-8.E-1));
#200=DIRECTION('',(0.E0,-1.E0,0.E0));
#201=DIRECTION('',(1.E0,0.E0,0.E0));
#202=AXIS2_PLACEMENT_3D('',#199,#200,#201);
#204=CURVE_STYLE('',#42,POSITIVE_LENGTH_MEASURE(2.E-2),#3);
#205=PRESENTATION_STYLE_ASSIGNMENT((#204));
#206=STYLED_ITEM('',(#205),#203);
#207=DIRECTION('',(-1.E0,0.E0,0.E0));
#208=VECTOR('',#207,2.E-1);
#209=CARTESIAN_POINT('',(7.5E-1,0.E0,-7.5E-1));
#210=LINE('',#209,#208);
#211=CURVE_STYLE('',#42,POSITIVE_LENGTH_MEASURE(2.E-2),#3);
#212=PRESENTATION_STYLE_ASSIGNMENT((#211));
#213=STYLED_ITEM('',(#212),#210);
#214=CARTESIAN_POINT('',(5.5E-1,0.E0,-8.E-1));
#215=DIRECTION('',(0.E0,-1.E0,0.E0));
#216=DIRECTION('',(0.E0,0.E0,1.E0));
#217=AXIS2_PLACEMENT_3D('',#214,#215,#216);
#219=CURVE_STYLE('',#42,POSITIVE_LENGTH_MEASURE(2.E-2),#3);
#220=PRESENTATION_STYLE_ASSIGNMENT((#219));
#221=STYLED_ITEM('',(#220),#218);
#222=DIRECTION('',(0.E0,0.E0,1.E0));
#223=VECTOR('',#222,2.E-1);
#224=CARTESIAN_POINT('',(5.E-1,0.E0,-1.E0));
#225=LINE('',#224,#223);
#226=CURVE_STYLE('',#42,POSITIVE_LENGTH_MEASURE(2.E-2),#3);
#227=PRESENTATION_STYLE_ASSIGNMENT((#226));
#228=STYLED_ITEM('',(#227),#225);
#229=DIRECTION('',(-1.E0,0.E0,0.E0));
#230=VECTOR('',#229,3.5E-1);
#231=CARTESIAN_POINT('',(5.E-1,0.E0,-1.E0));
#232=LINE('',#231,#230);
#233=CURVE_STYLE('',#42,POSITIVE_LENGTH_MEASURE(2.E-2),#3);
#234=PRESENTATION_STYLE_ASSIGNMENT((#233));
#235=STYLED_ITEM('',(#234),#232);
#236=DIRECTION('',(0.E0,0.E0,1.E0));
#237=VECTOR('',#236,2.E-1);
#238=CARTESIAN_POINT('',(1.5E-1,0.E0,-1.E0));
#239=LINE('',#238,#237);
#240=CURVE_STYLE('',#42,POSITIVE_LENGTH_MEASURE(2.E-2),#3);
#241=PRESENTATION_STYLE_ASSIGNMENT((#240));
#242=STYLED_ITEM('',(#241),#239);
#243=CARTESIAN_POINT('',(1.E-1,0.E0,-8.E-1));
#244=DIRECTION('',(0.E0,-1.E0,0.E0));
#245=DIRECTION('',(1.E0,0.E0,0.E0));
#246=AXIS2_PLACEMENT_3D('',#243,#244,#245);
#248=CURVE_STYLE('',#42,POSITIVE_LENGTH_MEASURE(2.E-2),#3);
#249=PRESENTATION_STYLE_ASSIGNMENT((#248));
#250=STYLED_ITEM('',(#249),#247);
#251=DIRECTION('',(-1.E0,0.E0,0.E0));
#252=VECTOR('',#251,2.E-1);
#253=CARTESIAN_POINT('',(1.E-1,0.E0,-7.5E-1));
#254=LINE('',#253,#252);
#255=CURVE_STYLE('',#42,POSITIVE_LENGTH_MEASURE(2.E-2),#3);
#256=PRESENTATION_STYLE_ASSIGNMENT((#255));
#257=STYLED_ITEM('',(#256),#254);
#258=CARTESIAN_POINT('',(-1.E-1,0.E0,-8.E-1));
#259=DIRECTION('',(0.E0,-1.E0,0.E0));
#260=DIRECTION('',(-1.665334536938E-14,0.E0,1.E0));
#261=AXIS2_PLACEMENT_3D('',#258,#259,#260);
#263=CURVE_STYLE('',#42,POSITIVE_LENGTH_MEASURE(2.E-2),#3);
#264=PRESENTATION_STYLE_ASSIGNMENT((#263));
#265=STYLED_ITEM('',(#264),#262);
#266=DIRECTION('',(0.E0,0.E0,1.E0));
#267=VECTOR('',#266,2.E-1);
#268=CARTESIAN_POINT('',(-1.5E-1,0.E0,-1.E0));
#269=LINE('',#268,#267);
#270=CURVE_STYLE('',#42,POSITIVE_LENGTH_MEASURE(2.E-2),#3);
#271=PRESENTATION_STYLE_ASSIGNMENT((#270));
#272=STYLED_ITEM('',(#271),#269);
#273=DIRECTION('',(-1.E0,0.E0,0.E0));
#274=VECTOR('',#273,3.5E-1);
#275=CARTESIAN_POINT('',(-1.5E-1,0.E0,-1.E0));
#276=LINE('',#275,#274);
#277=CURVE_STYLE('',#42,POSITIVE_LENGTH_MEASURE(2.E-2),#3);
#278=PRESENTATION_STYLE_ASSIGNMENT((#277));
#279=STYLED_ITEM('',(#278),#276);
#280=DIRECTION('',(0.E0,0.E0,1.E0));
#281=VECTOR('',#280,2.E-1);
#282=CARTESIAN_POINT('',(-5.E-1,0.E0,-1.E0));
#283=LINE('',#282,#281);
#284=CURVE_STYLE('',#42,POSITIVE_LENGTH_MEASURE(2.E-2),#3);
#285=PRESENTATION_STYLE_ASSIGNMENT((#284));
#286=STYLED_ITEM('',(#285),#283);
#287=CARTESIAN_POINT('',(-5.5E-1,0.E0,-8.E-1));
#288=DIRECTION('',(0.E0,-1.E0,0.E0));
#289=DIRECTION('',(1.E0,0.E0,0.E0));
#290=AXIS2_PLACEMENT_3D('',#287,#288,#289);
#292=CURVE_STYLE('',#42,POSITIVE_LENGTH_MEASURE(2.E-2),#3);
#293=PRESENTATION_STYLE_ASSIGNMENT((#292));
#294=STYLED_ITEM('',(#293),#291);
#295=DIRECTION('',(-1.E0,0.E0,0.E0));
#296=VECTOR('',#295,2.E-1);
#297=CARTESIAN_POINT('',(-5.5E-1,0.E0,-7.5E-1));
#298=LINE('',#297,#296);
#299=CURVE_STYLE('',#42,POSITIVE_LENGTH_MEASURE(2.E-2),#3);
#300=PRESENTATION_STYLE_ASSIGNMENT((#299));
#301=STYLED_ITEM('',(#300),#298);
#302=CARTESIAN_POINT('',(-7.5E-1,0.E0,-8.E-1));
#303=DIRECTION('',(0.E0,-1.E0,0.E0));
#304=DIRECTION('',(0.E0,0.E0,1.E0));
#305=AXIS2_PLACEMENT_3D('',#302,#303,#304);
#307=CURVE_STYLE('',#42,POSITIVE_LENGTH_MEASURE(2.E-2),#3);
#308=PRESENTATION_STYLE_ASSIGNMENT((#307));
#309=STYLED_ITEM('',(#308),#306);
#310=DIRECTION('',(0.E0,0.E0,1.E0));
#311=VECTOR('',#310,2.E-1);
#312=CARTESIAN_POINT('',(-8.E-1,0.E0,-1.E0));
#313=LINE('',#312,#311);
#314=CURVE_STYLE('',#42,POSITIVE_LENGTH_MEASURE(2.E-2),#3);
#315=PRESENTATION_STYLE_ASSIGNMENT((#314));
#316=STYLED_ITEM('',(#315),#313);
#317=DIRECTION('',(-1.E0,0.E0,0.E0));
#318=VECTOR('',#317,2.E-1);
#319=CARTESIAN_POINT('',(-8.E-1,0.E0,-1.E0));
#320=LINE('',#319,#318);
#321=CURVE_STYLE('',#42,POSITIVE_LENGTH_MEASURE(2.E-2),#3);
#322=PRESENTATION_STYLE_ASSIGNMENT((#321));
#323=STYLED_ITEM('',(#322),#320);
#324=DIRECTION('',(0.E0,0.E0,1.E0));
#325=VECTOR('',#324,2.E0);
#326=CARTESIAN_POINT('',(-1.E0,0.E0,-1.E0));
#327=LINE('',#326,#325);
#328=CURVE_STYLE('',#42,POSITIVE_LENGTH_MEASURE(2.E-2),#3);
#329=PRESENTATION_STYLE_ASSIGNMENT((#328));
#330=STYLED_ITEM('',(#329),#327);
#331=DIRECTION('',(0.E0,0.E0,1.E0));
#332=VECTOR('',#331,9.E-1);
#333=CARTESIAN_POINT('',(1.75E-1,0.E0,-4.5E-1));
#334=LINE('',#333,#332);
#335=CURVE_STYLE('',#42,POSITIVE_LENGTH_MEASURE(2.E-2),#3);
#336=PRESENTATION_STYLE_ASSIGNMENT((#335));
#337=STYLED_ITEM('',(#336),#334);
#338=DIRECTION('',(-1.E0,0.E0,0.E0));
#339=VECTOR('',#338,4.25E-1);
#340=CARTESIAN_POINT('',(6.E-1,0.E0,-4.5E-1));
#341=LINE('',#340,#339);
#342=CURVE_STYLE('',#42,POSITIVE_LENGTH_MEASURE(2.E-2),#3);
#343=PRESENTATION_STYLE_ASSIGNMENT((#342));
#344=STYLED_ITEM('',(#343),#341);
#345=DIRECTION('',(7.071067811865E-1,0.E0,7.071067811865E-1));
#346=VECTOR('',#345,2.828427124746E-1);
#347=CARTESIAN_POINT('',(6.E-1,0.E0,-4.5E-1));
#348=LINE('',#347,#346);
#349=CURVE_STYLE('',#42,POSITIVE_LENGTH_MEASURE(2.E-2),#3);
#350=PRESENTATION_STYLE_ASSIGNMENT((#349));
#351=STYLED_ITEM('',(#350),#348);
#352=DIRECTION('',(0.E0,0.E0,-1.E0));
#353=VECTOR('',#352,7.E-1);
#354=CARTESIAN_POINT('',(8.E-1,0.E0,4.5E-1));
#355=LINE('',#354,#353);
#356=CURVE_STYLE('',#42,POSITIVE_LENGTH_MEASURE(2.E-2),#3);
#357=PRESENTATION_STYLE_ASSIGNMENT((#356));
#358=STYLED_ITEM('',(#357),#355);
#359=DIRECTION('',(1.E0,0.E0,0.E0));
#360=VECTOR('',#359,6.25E-1);
#361=CARTESIAN_POINT('',(1.75E-1,0.E0,4.5E-1));
#362=LINE('',#361,#360);
#363=CURVE_STYLE('',#42,POSITIVE_LENGTH_MEASURE(2.E-2),#3);
#364=PRESENTATION_STYLE_ASSIGNMENT((#363));
#365=STYLED_ITEM('',(#364),#362);
#366=DIRECTION('',(0.E0,0.E0,1.E0));
#367=VECTOR('',#366,9.E-1);
#368=CARTESIAN_POINT('',(-8.E-1,0.E0,-4.5E-1));
#369=LINE('',#368,#367);
#370=CURVE_STYLE('',#42,POSITIVE_LENGTH_MEASURE(2.E-2),#3);
#371=PRESENTATION_STYLE_ASSIGNMENT((#370));
#372=STYLED_ITEM('',(#371),#369);
#373=DIRECTION('',(-1.E0,0.E0,0.E0));
#374=VECTOR('',#373,6.25E-1);
#375=CARTESIAN_POINT('',(-1.75E-1,0.E0,-4.5E-1));
#376=LINE('',#375,#374);
#377=CURVE_STYLE('',#42,POSITIVE_LENGTH_MEASURE(2.E-2),#3);
#378=PRESENTATION_STYLE_ASSIGNMENT((#377));
#379=STYLED_ITEM('',(#378),#376);
#380=DIRECTION('',(0.E0,0.E0,-1.E0));
#381=VECTOR('',#380,9.E-1);
#382=CARTESIAN_POINT('',(-1.75E-1,0.E0,4.5E-1));
#383=LINE('',#382,#381);
#384=CURVE_STYLE('',#42,POSITIVE_LENGTH_MEASURE(2.E-2),#3);
#385=PRESENTATION_STYLE_ASSIGNMENT((#384));
#386=STYLED_ITEM('',(#385),#383);
#387=DIRECTION('',(1.E0,0.E0,0.E0));
#388=VECTOR('',#387,6.25E-1);
#389=CARTESIAN_POINT('',(-8.E-1,0.E0,4.5E-1));
#390=LINE('',#389,#388);
#391=CURVE_STYLE('',#42,POSITIVE_LENGTH_MEASURE(2.E-2),#3);
#392=PRESENTATION_STYLE_ASSIGNMENT((#391));
#393=STYLED_ITEM('',(#392),#390);
#394=DIRECTION('',(0.E0,1.E0,0.E0));
#395=VECTOR('',#394,7.75E-1);
#396=CARTESIAN_POINT('',(-1.E0,0.E0,1.E0));
#397=LINE('',#396,#395);
#398=CURVE_STYLE('',#42,POSITIVE_LENGTH_MEASURE(2.E-2),#3);
#399=PRESENTATION_STYLE_ASSIGNMENT((#398));
#400=STYLED_ITEM('',(#399),#397);
#401=DIRECTION('',(0.E0,1.E0,0.E0));
#402=VECTOR('',#401,1.78E-1);
#403=CARTESIAN_POINT('',(8.E-1,0.E0,1.E0));
#404=LINE('',#403,#402);
#405=CURVE_STYLE('',#42,POSITIVE_LENGTH_MEASURE(2.E-2),#3);
#406=PRESENTATION_STYLE_ASSIGNMENT((#405));
#407=STYLED_ITEM('',(#406),#404);
#408=DIRECTION('',(1.E0,0.E0,0.E0));
#409=VECTOR('',#408,3.E-1);
#410=CARTESIAN_POINT('',(5.E-1,1.78E-1,1.E0));
#411=LINE('',#410,#409);
#412=CURVE_STYLE('',#42,POSITIVE_LENGTH_MEASURE(2.E-2),#3);
#413=PRESENTATION_STYLE_ASSIGNMENT((#412));
#414=STYLED_ITEM('',(#413),#411);
#415=DIRECTION('',(0.E0,1.E0,0.E0));
#416=VECTOR('',#415,1.78E-1);
#417=CARTESIAN_POINT('',(5.E-1,0.E0,1.E0));
#418=LINE('',#417,#416);
#419=CURVE_STYLE('',#42,POSITIVE_LENGTH_MEASURE(2.E-2),#3);
#420=PRESENTATION_STYLE_ASSIGNMENT((#419));
#421=STYLED_ITEM('',(#420),#418);
#422=DIRECTION('',(0.E0,1.E0,0.E0));
#423=VECTOR('',#422,1.78E-1);
#424=CARTESIAN_POINT('',(1.5E-1,0.E0,1.E0));
#425=LINE('',#424,#423);
#426=CURVE_STYLE('',#42,POSITIVE_LENGTH_MEASURE(2.E-2),#3);
#427=PRESENTATION_STYLE_ASSIGNMENT((#426));
#428=STYLED_ITEM('',(#427),#425);
#429=DIRECTION('',(1.E0,0.E0,0.E0));
#430=VECTOR('',#429,3.E-1);
#431=CARTESIAN_POINT('',(-1.5E-1,1.78E-1,1.E0));
#432=LINE('',#431,#430);
#433=CURVE_STYLE('',#42,POSITIVE_LENGTH_MEASURE(2.E-2),#3);
#434=PRESENTATION_STYLE_ASSIGNMENT((#433));
#435=STYLED_ITEM('',(#434),#432);
#436=DIRECTION('',(0.E0,1.E0,0.E0));
#437=VECTOR('',#436,1.78E-1);
#438=CARTESIAN_POINT('',(-1.5E-1,0.E0,1.E0));
#439=LINE('',#438,#437);
#440=CURVE_STYLE('',#42,POSITIVE_LENGTH_MEASURE(2.E-2),#3);
#441=PRESENTATION_STYLE_ASSIGNMENT((#440));
#442=STYLED_ITEM('',(#441),#439);
#443=DIRECTION('',(0.E0,1.E0,0.E0));
#444=VECTOR('',#443,1.78E-1);
#445=CARTESIAN_POINT('',(-5.E-1,0.E0,1.E0));
#446=LINE('',#445,#444);
#447=CURVE_STYLE('',#42,POSITIVE_LENGTH_MEASURE(2.E-2),#3);
#448=PRESENTATION_STYLE_ASSIGNMENT((#447));
#449=STYLED_ITEM('',(#448),#446);
#450=DIRECTION('',(1.E0,0.E0,0.E0));
#451=VECTOR('',#450,3.E-1);
#452=CARTESIAN_POINT('',(-8.E-1,1.78E-1,1.E0));
#453=LINE('',#452,#451);
#454=CURVE_STYLE('',#42,POSITIVE_LENGTH_MEASURE(2.E-2),#3);
#455=PRESENTATION_STYLE_ASSIGNMENT((#454));
#456=STYLED_ITEM('',(#455),#453);
#457=DIRECTION('',(0.E0,1.E0,0.E0));
#458=VECTOR('',#457,1.78E-1);
#459=CARTESIAN_POINT('',(-8.E-1,0.E0,1.E0));
#460=LINE('',#459,#458);
#461=CURVE_STYLE('',#42,POSITIVE_LENGTH_MEASURE(2.E-2),#3);
#462=PRESENTATION_STYLE_ASSIGNMENT((#461));
#463=STYLED_ITEM('',(#462),#460);
#464=DIRECTION('',(0.E0,1.E0,0.E0));
#465=VECTOR('',#464,7.75E-1);
#466=CARTESIAN_POINT('',(-1.E0,0.E0,-1.E0));
#467=LINE('',#466,#465);
#468=CURVE_STYLE('',#42,POSITIVE_LENGTH_MEASURE(2.E-2),#3);
#469=PRESENTATION_STYLE_ASSIGNMENT((#468));
#470=STYLED_ITEM('',(#469),#467);
#471=DIRECTION('',(0.E0,1.E0,0.E0));
#472=VECTOR('',#471,7.75E-1);
#473=CARTESIAN_POINT('',(1.E0,0.E0,-1.E0));
#474=LINE('',#473,#472);
#475=CURVE_STYLE('',#42,POSITIVE_LENGTH_MEASURE(2.E-2),#3);
#476=PRESENTATION_STYLE_ASSIGNMENT((#475));
#477=STYLED_ITEM('',(#476),#474);
#478=DIRECTION('',(0.E0,1.E0,0.E0));
#479=VECTOR('',#478,1.78E-1);
#480=CARTESIAN_POINT('',(-8.E-1,0.E0,-1.E0));
#481=LINE('',#480,#479);
#482=CURVE_STYLE('',#42,POSITIVE_LENGTH_MEASURE(2.E-2),#3);
#483=PRESENTATION_STYLE_ASSIGNMENT((#482));
#484=STYLED_ITEM('',(#483),#481);
#485=DIRECTION('',(-1.E0,0.E0,0.E0));
#486=VECTOR('',#485,3.E-1);
#487=CARTESIAN_POINT('',(-5.E-1,1.78E-1,-1.E0));
#488=LINE('',#487,#486);
#489=CURVE_STYLE('',#42,POSITIVE_LENGTH_MEASURE(2.E-2),#3);
#490=PRESENTATION_STYLE_ASSIGNMENT((#489));
#491=STYLED_ITEM('',(#490),#488);
#492=DIRECTION('',(0.E0,1.E0,0.E0));
#493=VECTOR('',#492,1.78E-1);
#494=CARTESIAN_POINT('',(-5.E-1,0.E0,-1.E0));
#495=LINE('',#494,#493);
#496=CURVE_STYLE('',#42,POSITIVE_LENGTH_MEASURE(2.E-2),#3);
#497=PRESENTATION_STYLE_ASSIGNMENT((#496));
#498=STYLED_ITEM('',(#497),#495);
#499=DIRECTION('',(0.E0,1.E0,0.E0));
#500=VECTOR('',#499,1.78E-1);
#501=CARTESIAN_POINT('',(-1.5E-1,0.E0,-1.E0));
#502=LINE('',#501,#500);
#503=CURVE_STYLE('',#42,POSITIVE_LENGTH_MEASURE(2.E-2),#3);
#504=PRESENTATION_STYLE_ASSIGNMENT((#503));
#505=STYLED_ITEM('',(#504),#502);
#506=DIRECTION('',(-1.E0,0.E0,0.E0));
#507=VECTOR('',#506,3.E-1);
#508=CARTESIAN_POINT('',(1.5E-1,1.78E-1,-1.E0));
#509=LINE('',#508,#507);
#510=CURVE_STYLE('',#42,POSITIVE_LENGTH_MEASURE(2.E-2),#3);
#511=PRESENTATION_STYLE_ASSIGNMENT((#510));
#512=STYLED_ITEM('',(#511),#509);
#513=DIRECTION('',(0.E0,1.E0,0.E0));
#514=VECTOR('',#513,1.78E-1);
#515=CARTESIAN_POINT('',(1.5E-1,0.E0,-1.E0));
#516=LINE('',#515,#514);
#517=CURVE_STYLE('',#42,POSITIVE_LENGTH_MEASURE(2.E-2),#3);
#518=PRESENTATION_STYLE_ASSIGNMENT((#517));
#519=STYLED_ITEM('',(#518),#516);
#520=DIRECTION('',(0.E0,1.E0,0.E0));
#521=VECTOR('',#520,1.78E-1);
#522=CARTESIAN_POINT('',(5.E-1,0.E0,-1.E0));
#523=LINE('',#522,#521);
#524=CURVE_STYLE('',#42,POSITIVE_LENGTH_MEASURE(2.E-2),#3);
#525=PRESENTATION_STYLE_ASSIGNMENT((#524));
#526=STYLED_ITEM('',(#525),#523);
#527=DIRECTION('',(-1.E0,0.E0,0.E0));
#528=VECTOR('',#527,3.E-1);
#529=CARTESIAN_POINT('',(8.E-1,1.78E-1,-1.E0));
#530=LINE('',#529,#528);
#531=CURVE_STYLE('',#42,POSITIVE_LENGTH_MEASURE(2.E-2),#3);
#532=PRESENTATION_STYLE_ASSIGNMENT((#531));
#533=STYLED_ITEM('',(#532),#530);
#534=DIRECTION('',(0.E0,1.E0,0.E0));
#535=VECTOR('',#534,1.78E-1);
#536=CARTESIAN_POINT('',(8.E-1,0.E0,-1.E0));
#537=LINE('',#536,#535);
#538=CURVE_STYLE('',#42,POSITIVE_LENGTH_MEASURE(2.E-2),#3);
#539=PRESENTATION_STYLE_ASSIGNMENT((#538));
#540=STYLED_ITEM('',(#539),#537);
#541=DIRECTION('',(0.E0,1.E0,0.E0));
#542=VECTOR('',#541,7.75E-1);
#543=CARTESIAN_POINT('',(1.E0,0.E0,1.E0));
#544=LINE('',#543,#542);
#545=CURVE_STYLE('',#42,POSITIVE_LENGTH_MEASURE(2.E-2),#3);
#546=PRESENTATION_STYLE_ASSIGNMENT((#545));
#547=STYLED_ITEM('',(#546),#544);
#548=DIRECTION('',(0.E0,0.E0,1.E0));
#549=VECTOR('',#548,2.E0);
#550=CARTESIAN_POINT('',(-1.E0,7.75E-1,-1.E0));
#551=LINE('',#550,#549);
#552=CURVE_STYLE('',#42,POSITIVE_LENGTH_MEASURE(2.E-2),#3);
#553=PRESENTATION_STYLE_ASSIGNMENT((#552));
#554=STYLED_ITEM('',(#553),#551);
#555=DIRECTION('',(-1.E0,0.E0,0.E0));
#556=VECTOR('',#555,2.E0);
#557=CARTESIAN_POINT('',(1.E0,7.75E-1,-1.E0));
#558=LINE('',#557,#556);
#559=CURVE_STYLE('',#42,POSITIVE_LENGTH_MEASURE(2.E-2),#3);
#560=PRESENTATION_STYLE_ASSIGNMENT((#559));
#561=STYLED_ITEM('',(#560),#558);
#562=DIRECTION('',(0.E0,0.E0,-1.E0));
#563=VECTOR('',#562,2.E0);
#564=CARTESIAN_POINT('',(1.E0,7.75E-1,1.E0));
#565=LINE('',#564,#563);
#566=CURVE_STYLE('',#42,POSITIVE_LENGTH_MEASURE(2.E-2),#3);
#567=PRESENTATION_STYLE_ASSIGNMENT((#566));
#568=STYLED_ITEM('',(#567),#565);
#569=DIRECTION('',(1.E0,0.E0,0.E0));
#570=VECTOR('',#569,2.E0);
#571=CARTESIAN_POINT('',(-1.E0,7.75E-1,1.E0));
#572=LINE('',#571,#570);
#573=CURVE_STYLE('',#42,POSITIVE_LENGTH_MEASURE(2.E-2),#3);
#574=PRESENTATION_STYLE_ASSIGNMENT((#573));
#575=STYLED_ITEM('',(#574),#572);
#576=DIRECTION('',(0.E0,1.E0,0.E0));
#577=VECTOR('',#576,1.78E-1);
#578=CARTESIAN_POINT('',(-8.E-1,0.E0,-8.E-1));
#579=LINE('',#578,#577);
#580=CURVE_STYLE('',#42,POSITIVE_LENGTH_MEASURE(2.E-2),#3);
#581=PRESENTATION_STYLE_ASSIGNMENT((#580));
#582=STYLED_ITEM('',(#581),#579);
#583=DIRECTION('',(0.E0,1.E0,0.E0));
#584=VECTOR('',#583,1.78E-1);
#585=CARTESIAN_POINT('',(-7.5E-1,0.E0,-7.5E-1));
#586=LINE('',#585,#584);
#587=CURVE_STYLE('',#42,POSITIVE_LENGTH_MEASURE(2.E-2),#3);
#588=PRESENTATION_STYLE_ASSIGNMENT((#587));
#589=STYLED_ITEM('',(#588),#586);
#590=DIRECTION('',(0.E0,1.E0,0.E0));
#591=VECTOR('',#590,1.78E-1);
#592=CARTESIAN_POINT('',(-5.5E-1,0.E0,-7.5E-1));
#593=LINE('',#592,#591);
#594=CURVE_STYLE('',#42,POSITIVE_LENGTH_MEASURE(2.E-2),#3);
#595=PRESENTATION_STYLE_ASSIGNMENT((#594));
#596=STYLED_ITEM('',(#595),#593);
#597=DIRECTION('',(0.E0,1.E0,0.E0));
#598=VECTOR('',#597,1.78E-1);
#599=CARTESIAN_POINT('',(-5.E-1,0.E0,-8.E-1));
#600=LINE('',#599,#598);
#601=CURVE_STYLE('',#42,POSITIVE_LENGTH_MEASURE(2.E-2),#3);
#602=PRESENTATION_STYLE_ASSIGNMENT((#601));
#603=STYLED_ITEM('',(#602),#600);
#604=DIRECTION('',(0.E0,0.E0,-1.E0));
#605=VECTOR('',#604,2.E-1);
#606=CARTESIAN_POINT('',(-5.E-1,1.78E-1,1.E0));
#607=LINE('',#606,#605);
#608=CURVE_STYLE('',#42,POSITIVE_LENGTH_MEASURE(2.E-2),#3);
#609=PRESENTATION_STYLE_ASSIGNMENT((#608));
#610=STYLED_ITEM('',(#609),#607);
#611=CARTESIAN_POINT('',(-5.5E-1,1.78E-1,8.E-1));
#612=DIRECTION('',(0.E0,1.E0,0.E0));
#613=DIRECTION('',(1.E0,0.E0,0.E0));
#614=AXIS2_PLACEMENT_3D('',#611,#612,#613);
#616=CURVE_STYLE('',#42,POSITIVE_LENGTH_MEASURE(2.E-2),#3);
#617=PRESENTATION_STYLE_ASSIGNMENT((#616));
#618=STYLED_ITEM('',(#617),#615);
#619=DIRECTION('',(-1.E0,0.E0,0.E0));
#620=VECTOR('',#619,2.E-1);
#621=CARTESIAN_POINT('',(-5.5E-1,1.78E-1,7.5E-1));
#622=LINE('',#621,#620);
#623=CURVE_STYLE('',#42,POSITIVE_LENGTH_MEASURE(2.E-2),#3);
#624=PRESENTATION_STYLE_ASSIGNMENT((#623));
#625=STYLED_ITEM('',(#624),#622);
#626=CARTESIAN_POINT('',(-7.5E-1,1.78E-1,8.E-1));
#627=DIRECTION('',(0.E0,1.E0,0.E0));
#628=DIRECTION('',(0.E0,0.E0,-1.E0));
#629=AXIS2_PLACEMENT_3D('',#626,#627,#628);
#631=CURVE_STYLE('',#42,POSITIVE_LENGTH_MEASURE(2.E-2),#3);
#632=PRESENTATION_STYLE_ASSIGNMENT((#631));
#633=STYLED_ITEM('',(#632),#630);
#634=DIRECTION('',(0.E0,0.E0,1.E0));
#635=VECTOR('',#634,2.E-1);
#636=CARTESIAN_POINT('',(-8.E-1,1.78E-1,8.E-1));
#637=LINE('',#636,#635);
#638=CURVE_STYLE('',#42,POSITIVE_LENGTH_MEASURE(2.E-2),#3);
#639=PRESENTATION_STYLE_ASSIGNMENT((#638));
#640=STYLED_ITEM('',(#639),#637);
#641=DIRECTION('',(0.E0,0.E0,-1.E0));
#642=VECTOR('',#641,2.E-1);
#643=CARTESIAN_POINT('',(-8.E-1,1.78E-1,-8.E-1));
#644=LINE('',#643,#642);
#645=CURVE_STYLE('',#42,POSITIVE_LENGTH_MEASURE(2.E-2),#3);
#646=PRESENTATION_STYLE_ASSIGNMENT((#645));
#647=STYLED_ITEM('',(#646),#644);
#648=CARTESIAN_POINT('',(-7.5E-1,1.78E-1,-8.E-1));
#649=DIRECTION('',(0.E0,-1.E0,0.E0));
#650=DIRECTION('',(0.E0,0.E0,1.E0));
#651=AXIS2_PLACEMENT_3D('',#648,#649,#650);
#653=CURVE_STYLE('',#42,POSITIVE_LENGTH_MEASURE(2.E-2),#3);
#654=PRESENTATION_STYLE_ASSIGNMENT((#653));
#655=STYLED_ITEM('',(#654),#652);
#656=DIRECTION('',(-1.E0,0.E0,0.E0));
#657=VECTOR('',#656,2.E-1);
#658=CARTESIAN_POINT('',(-5.5E-1,1.78E-1,-7.5E-1));
#659=LINE('',#658,#657);
#660=CURVE_STYLE('',#42,POSITIVE_LENGTH_MEASURE(2.E-2),#3);
#661=PRESENTATION_STYLE_ASSIGNMENT((#660));
#662=STYLED_ITEM('',(#661),#659);
#663=CARTESIAN_POINT('',(-5.5E-1,1.78E-1,-8.E-1));
#664=DIRECTION('',(0.E0,-1.E0,0.E0));
#665=DIRECTION('',(1.E0,0.E0,0.E0));
#666=AXIS2_PLACEMENT_3D('',#663,#664,#665);
#668=CURVE_STYLE('',#42,POSITIVE_LENGTH_MEASURE(2.E-2),#3);
#669=PRESENTATION_STYLE_ASSIGNMENT((#668));
#670=STYLED_ITEM('',(#669),#667);
#671=DIRECTION('',(0.E0,0.E0,1.E0));
#672=VECTOR('',#671,2.E-1);
#673=CARTESIAN_POINT('',(-5.E-1,1.78E-1,-1.E0));
#674=LINE('',#673,#672);
#675=CURVE_STYLE('',#42,POSITIVE_LENGTH_MEASURE(2.E-2),#3);
#676=PRESENTATION_STYLE_ASSIGNMENT((#675));
#677=STYLED_ITEM('',(#676),#674);
#678=DIRECTION('',(0.E0,0.E0,-1.E0));
#679=VECTOR('',#678,2.E-1);
#680=CARTESIAN_POINT('',(1.5E-1,1.78E-1,1.E0));
#681=LINE('',#680,#679);
#682=CURVE_STYLE('',#42,POSITIVE_LENGTH_MEASURE(2.E-2),#3);
#683=PRESENTATION_STYLE_ASSIGNMENT((#682));
#684=STYLED_ITEM('',(#683),#681);
#685=CARTESIAN_POINT('',(1.E-1,1.78E-1,8.E-1));
#686=DIRECTION('',(0.E0,1.E0,0.E0));
#687=DIRECTION('',(1.E0,0.E0,0.E0));
#688=AXIS2_PLACEMENT_3D('',#685,#686,#687);
#690=CURVE_STYLE('',#42,POSITIVE_LENGTH_MEASURE(2.E-2),#3);
#691=PRESENTATION_STYLE_ASSIGNMENT((#690));
#692=STYLED_ITEM('',(#691),#689);
#693=DIRECTION('',(-1.E0,0.E0,0.E0));
#694=VECTOR('',#693,2.E-1);
#695=CARTESIAN_POINT('',(1.E-1,1.78E-1,7.5E-1));
#696=LINE('',#695,#694);
#697=CURVE_STYLE('',#42,POSITIVE_LENGTH_MEASURE(2.E-2),#3);
#698=PRESENTATION_STYLE_ASSIGNMENT((#697));
#699=STYLED_ITEM('',(#698),#696);
#700=CARTESIAN_POINT('',(-1.E-1,1.78E-1,8.E-1));
#701=DIRECTION('',(0.E0,1.E0,0.E0));
#702=DIRECTION('',(0.E0,0.E0,-1.E0));
#703=AXIS2_PLACEMENT_3D('',#700,#701,#702);
#705=CURVE_STYLE('',#42,POSITIVE_LENGTH_MEASURE(2.E-2),#3);
#706=PRESENTATION_STYLE_ASSIGNMENT((#705));
#707=STYLED_ITEM('',(#706),#704);
#708=DIRECTION('',(0.E0,0.E0,1.E0));
#709=VECTOR('',#708,2.E-1);
#710=CARTESIAN_POINT('',(-1.5E-1,1.78E-1,8.E-1));
#711=LINE('',#710,#709);
#712=CURVE_STYLE('',#42,POSITIVE_LENGTH_MEASURE(2.E-2),#3);
#713=PRESENTATION_STYLE_ASSIGNMENT((#712));
#714=STYLED_ITEM('',(#713),#711);
#715=DIRECTION('',(0.E0,0.E0,-1.E0));
#716=VECTOR('',#715,2.E-1);
#717=CARTESIAN_POINT('',(8.E-1,1.78E-1,1.E0));
#718=LINE('',#717,#716);
#719=CURVE_STYLE('',#42,POSITIVE_LENGTH_MEASURE(2.E-2),#3);
#720=PRESENTATION_STYLE_ASSIGNMENT((#719));
#721=STYLED_ITEM('',(#720),#718);
#722=CARTESIAN_POINT('',(7.5E-1,1.78E-1,8.E-1));
#723=DIRECTION('',(0.E0,1.E0,0.E0));
#724=DIRECTION('',(1.E0,0.E0,0.E0));
#725=AXIS2_PLACEMENT_3D('',#722,#723,#724);
#727=CURVE_STYLE('',#42,POSITIVE_LENGTH_MEASURE(2.E-2),#3);
#728=PRESENTATION_STYLE_ASSIGNMENT((#727));
#729=STYLED_ITEM('',(#728),#726);
#730=DIRECTION('',(-1.E0,0.E0,0.E0));
#731=VECTOR('',#730,2.E-1);
#732=CARTESIAN_POINT('',(7.5E-1,1.78E-1,7.5E-1));
#733=LINE('',#732,#731);
#734=CURVE_STYLE('',#42,POSITIVE_LENGTH_MEASURE(2.E-2),#3);
#735=PRESENTATION_STYLE_ASSIGNMENT((#734));
#736=STYLED_ITEM('',(#735),#733);
#737=CARTESIAN_POINT('',(5.5E-1,1.78E-1,8.E-1));
#738=DIRECTION('',(0.E0,1.E0,0.E0));
#739=DIRECTION('',(0.E0,0.E0,-1.E0));
#740=AXIS2_PLACEMENT_3D('',#737,#738,#739);
#742=CURVE_STYLE('',#42,POSITIVE_LENGTH_MEASURE(2.E-2),#3);
#743=PRESENTATION_STYLE_ASSIGNMENT((#742));
#744=STYLED_ITEM('',(#743),#741);
#745=DIRECTION('',(0.E0,0.E0,1.E0));
#746=VECTOR('',#745,2.E-1);
#747=CARTESIAN_POINT('',(5.E-1,1.78E-1,8.E-1));
#748=LINE('',#747,#746);
#749=CURVE_STYLE('',#42,POSITIVE_LENGTH_MEASURE(2.E-2),#3);
#750=PRESENTATION_STYLE_ASSIGNMENT((#749));
#751=STYLED_ITEM('',(#750),#748);
#752=DIRECTION('',(0.E0,0.E0,-1.E0));
#753=VECTOR('',#752,2.E-1);
#754=CARTESIAN_POINT('',(-1.5E-1,1.78E-1,-8.E-1));
#755=LINE('',#754,#753);
#756=CURVE_STYLE('',#42,POSITIVE_LENGTH_MEASURE(2.E-2),#3);
#757=PRESENTATION_STYLE_ASSIGNMENT((#756));
#758=STYLED_ITEM('',(#757),#755);
#759=CARTESIAN_POINT('',(-1.E-1,1.78E-1,-8.E-1));
#760=DIRECTION('',(0.E0,-1.E0,0.E0));
#761=DIRECTION('',(0.E0,0.E0,1.E0));
#762=AXIS2_PLACEMENT_3D('',#759,#760,#761);
#764=CURVE_STYLE('',#42,POSITIVE_LENGTH_MEASURE(2.E-2),#3);
#765=PRESENTATION_STYLE_ASSIGNMENT((#764));
#766=STYLED_ITEM('',(#765),#763);
#767=DIRECTION('',(-1.E0,0.E0,0.E0));
#768=VECTOR('',#767,2.E-1);
#769=CARTESIAN_POINT('',(1.E-1,1.78E-1,-7.5E-1));
#770=LINE('',#769,#768);
#771=CURVE_STYLE('',#42,POSITIVE_LENGTH_MEASURE(2.E-2),#3);
#772=PRESENTATION_STYLE_ASSIGNMENT((#771));
#773=STYLED_ITEM('',(#772),#770);
#774=CARTESIAN_POINT('',(1.E-1,1.78E-1,-8.E-1));
#775=DIRECTION('',(0.E0,-1.E0,0.E0));
#776=DIRECTION('',(1.E0,0.E0,0.E0));
#777=AXIS2_PLACEMENT_3D('',#774,#775,#776);
#779=CURVE_STYLE('',#42,POSITIVE_LENGTH_MEASURE(2.E-2),#3);
#780=PRESENTATION_STYLE_ASSIGNMENT((#779));
#781=STYLED_ITEM('',(#780),#778);
#782=DIRECTION('',(0.E0,0.E0,1.E0));
#783=VECTOR('',#782,2.E-1);
#784=CARTESIAN_POINT('',(1.5E-1,1.78E-1,-1.E0));
#785=LINE('',#784,#783);
#786=CURVE_STYLE('',#42,POSITIVE_LENGTH_MEASURE(2.E-2),#3);
#787=PRESENTATION_STYLE_ASSIGNMENT((#786));
#788=STYLED_ITEM('',(#787),#785);
#789=DIRECTION('',(0.E0,0.E0,-1.E0));
#790=VECTOR('',#789,2.E-1);
#791=CARTESIAN_POINT('',(5.E-1,1.78E-1,-8.E-1));
#792=LINE('',#791,#790);
#793=CURVE_STYLE('',#42,POSITIVE_LENGTH_MEASURE(2.E-2),#3);
#794=PRESENTATION_STYLE_ASSIGNMENT((#793));
#795=STYLED_ITEM('',(#794),#792);
#796=CARTESIAN_POINT('',(5.5E-1,1.78E-1,-8.E-1));
#797=DIRECTION('',(0.E0,-1.E0,0.E0));
#798=DIRECTION('',(0.E0,0.E0,1.E0));
#799=AXIS2_PLACEMENT_3D('',#796,#797,#798);
#801=CURVE_STYLE('',#42,POSITIVE_LENGTH_MEASURE(2.E-2),#3);
#802=PRESENTATION_STYLE_ASSIGNMENT((#801));
#803=STYLED_ITEM('',(#802),#800);
#804=DIRECTION('',(-1.E0,0.E0,0.E0));
#805=VECTOR('',#804,2.E-1);
#806=CARTESIAN_POINT('',(7.5E-1,1.78E-1,-7.5E-1));
#807=LINE('',#806,#805);
#808=CURVE_STYLE('',#42,POSITIVE_LENGTH_MEASURE(2.E-2),#3);
#809=PRESENTATION_STYLE_ASSIGNMENT((#808));
#810=STYLED_ITEM('',(#809),#807);
#811=CARTESIAN_POINT('',(7.5E-1,1.78E-1,-8.E-1));
#812=DIRECTION('',(0.E0,-1.E0,0.E0));
#813=DIRECTION('',(1.E0,0.E0,0.E0));
#814=AXIS2_PLACEMENT_3D('',#811,#812,#813);
#816=CURVE_STYLE('',#42,POSITIVE_LENGTH_MEASURE(2.E-2),#3);
#817=PRESENTATION_STYLE_ASSIGNMENT((#816));
#818=STYLED_ITEM('',(#817),#815);
#819=DIRECTION('',(0.E0,0.E0,1.E0));
#820=VECTOR('',#819,2.E-1);
#821=CARTESIAN_POINT('',(8.E-1,1.78E-1,-1.E0));
#822=LINE('',#821,#820);
#823=CURVE_STYLE('',#42,POSITIVE_LENGTH_MEASURE(2.E-2),#3);
#824=PRESENTATION_STYLE_ASSIGNMENT((#823));
#825=STYLED_ITEM('',(#824),#822);
#826=DIRECTION('',(0.E0,1.E0,0.E0));
#827=VECTOR('',#826,1.78E-1);
#828=CARTESIAN_POINT('',(-5.E-1,0.E0,8.E-1));
#829=LINE('',#828,#827);
#830=CURVE_STYLE('',#42,POSITIVE_LENGTH_MEASURE(2.E-2),#3);
#831=PRESENTATION_STYLE_ASSIGNMENT((#830));
#832=STYLED_ITEM('',(#831),#829);
#833=DIRECTION('',(0.E0,1.E0,0.E0));
#834=VECTOR('',#833,1.78E-1);
#835=CARTESIAN_POINT('',(-5.5E-1,0.E0,7.5E-1));
#836=LINE('',#835,#834);
#837=CURVE_STYLE('',#42,POSITIVE_LENGTH_MEASURE(2.E-2),#3);
#838=PRESENTATION_STYLE_ASSIGNMENT((#837));
#839=STYLED_ITEM('',(#838),#836);
#840=DIRECTION('',(0.E0,1.E0,0.E0));
#841=VECTOR('',#840,1.78E-1);
#842=CARTESIAN_POINT('',(-7.5E-1,0.E0,7.5E-1));
#843=LINE('',#842,#841);
#844=CURVE_STYLE('',#42,POSITIVE_LENGTH_MEASURE(2.E-2),#3);
#845=PRESENTATION_STYLE_ASSIGNMENT((#844));
#846=STYLED_ITEM('',(#845),#843);
#847=DIRECTION('',(0.E0,1.E0,0.E0));
#848=VECTOR('',#847,1.78E-1);
#849=CARTESIAN_POINT('',(-8.E-1,0.E0,8.E-1));
#850=LINE('',#849,#848);
#851=CURVE_STYLE('',#42,POSITIVE_LENGTH_MEASURE(2.E-2),#3);
#852=PRESENTATION_STYLE_ASSIGNMENT((#851));
#853=STYLED_ITEM('',(#852),#850);
#854=DIRECTION('',(0.E0,1.E0,0.E0));
#855=VECTOR('',#854,1.78E-1);
#856=CARTESIAN_POINT('',(1.5E-1,0.E0,8.E-1));
#857=LINE('',#856,#855);
#858=CURVE_STYLE('',#42,POSITIVE_LENGTH_MEASURE(2.E-2),#3);
#859=PRESENTATION_STYLE_ASSIGNMENT((#858));
#860=STYLED_ITEM('',(#859),#857);
#861=DIRECTION('',(0.E0,1.E0,0.E0));
#862=VECTOR('',#861,1.78E-1);
#863=CARTESIAN_POINT('',(1.E-1,0.E0,7.5E-1));
#864=LINE('',#863,#862);
#865=CURVE_STYLE('',#42,POSITIVE_LENGTH_MEASURE(2.E-2),#3);
#866=PRESENTATION_STYLE_ASSIGNMENT((#865));
#867=STYLED_ITEM('',(#866),#864);
#868=DIRECTION('',(0.E0,1.E0,0.E0));
#869=VECTOR('',#868,1.78E-1);
#870=CARTESIAN_POINT('',(-1.E-1,0.E0,7.5E-1));
#871=LINE('',#870,#869);
#872=CURVE_STYLE('',#42,POSITIVE_LENGTH_MEASURE(2.E-2),#3);
#873=PRESENTATION_STYLE_ASSIGNMENT((#872));
#874=STYLED_ITEM('',(#873),#871);
#875=DIRECTION('',(0.E0,1.E0,0.E0));
#876=VECTOR('',#875,1.78E-1);
#877=CARTESIAN_POINT('',(-1.5E-1,0.E0,8.E-1));
#878=LINE('',#877,#876);
#879=CURVE_STYLE('',#42,POSITIVE_LENGTH_MEASURE(2.E-2),#3);
#880=PRESENTATION_STYLE_ASSIGNMENT((#879));
#881=STYLED_ITEM('',(#880),#878);
#882=DIRECTION('',(0.E0,1.E0,0.E0));
#883=VECTOR('',#882,1.78E-1);
#884=CARTESIAN_POINT('',(8.E-1,0.E0,8.E-1));
#885=LINE('',#884,#883);
#886=CURVE_STYLE('',#42,POSITIVE_LENGTH_MEASURE(2.E-2),#3);
#887=PRESENTATION_STYLE_ASSIGNMENT((#886));
#888=STYLED_ITEM('',(#887),#885);
#889=DIRECTION('',(0.E0,1.E0,0.E0));
#890=VECTOR('',#889,1.78E-1);
#891=CARTESIAN_POINT('',(7.5E-1,0.E0,7.5E-1));
#892=LINE('',#891,#890);
#893=CURVE_STYLE('',#42,POSITIVE_LENGTH_MEASURE(2.E-2),#3);
#894=PRESENTATION_STYLE_ASSIGNMENT((#893));
#895=STYLED_ITEM('',(#894),#892);
#896=DIRECTION('',(0.E0,1.E0,0.E0));
#897=VECTOR('',#896,1.78E-1);
#898=CARTESIAN_POINT('',(5.5E-1,0.E0,7.5E-1));
#899=LINE('',#898,#897);
#900=CURVE_STYLE('',#42,POSITIVE_LENGTH_MEASURE(2.E-2),#3);
#901=PRESENTATION_STYLE_ASSIGNMENT((#900));
#902=STYLED_ITEM('',(#901),#899);
#903=DIRECTION('',(0.E0,1.E0,0.E0));
#904=VECTOR('',#903,1.78E-1);
#905=CARTESIAN_POINT('',(5.E-1,0.E0,8.E-1));
#906=LINE('',#905,#904);
#907=CURVE_STYLE('',#42,POSITIVE_LENGTH_MEASURE(2.E-2),#3);
#908=PRESENTATION_STYLE_ASSIGNMENT((#907));
#909=STYLED_ITEM('',(#908),#906);
#910=DIRECTION('',(0.E0,1.E0,0.E0));
#911=VECTOR('',#910,1.78E-1);
#912=CARTESIAN_POINT('',(-1.5E-1,0.E0,-8.E-1));
#913=LINE('',#912,#911);
#914=CURVE_STYLE('',#42,POSITIVE_LENGTH_MEASURE(2.E-2),#3);
#915=PRESENTATION_STYLE_ASSIGNMENT((#914));
#916=STYLED_ITEM('',(#915),#913);
#917=DIRECTION('',(0.E0,1.E0,0.E0));
#918=VECTOR('',#917,1.78E-1);
#919=CARTESIAN_POINT('',(-1.E-1,0.E0,-7.5E-1));
#920=LINE('',#919,#918);
#921=CURVE_STYLE('',#42,POSITIVE_LENGTH_MEASURE(2.E-2),#3);
#922=PRESENTATION_STYLE_ASSIGNMENT((#921));
#923=STYLED_ITEM('',(#922),#920);
#924=DIRECTION('',(0.E0,1.E0,0.E0));
#925=VECTOR('',#924,1.78E-1);
#926=CARTESIAN_POINT('',(1.E-1,0.E0,-7.5E-1));
#927=LINE('',#926,#925);
#928=CURVE_STYLE('',#42,POSITIVE_LENGTH_MEASURE(2.E-2),#3);
#929=PRESENTATION_STYLE_ASSIGNMENT((#928));
#930=STYLED_ITEM('',(#929),#927);
#931=DIRECTION('',(0.E0,1.E0,0.E0));
#932=VECTOR('',#931,1.78E-1);
#933=CARTESIAN_POINT('',(1.5E-1,0.E0,-8.E-1));
#934=LINE('',#933,#932);
#935=CURVE_STYLE('',#42,POSITIVE_LENGTH_MEASURE(2.E-2),#3);
#936=PRESENTATION_STYLE_ASSIGNMENT((#935));
#937=STYLED_ITEM('',(#936),#934);
#938=DIRECTION('',(0.E0,1.E0,0.E0));
#939=VECTOR('',#938,1.78E-1);
#940=CARTESIAN_POINT('',(5.E-1,0.E0,-8.E-1));
#941=LINE('',#940,#939);
#942=CURVE_STYLE('',#42,POSITIVE_LENGTH_MEASURE(2.E-2),#3);
#943=PRESENTATION_STYLE_ASSIGNMENT((#942));
#944=STYLED_ITEM('',(#943),#941);
#945=DIRECTION('',(0.E0,1.E0,0.E0));
#946=VECTOR('',#945,1.78E-1);
#947=CARTESIAN_POINT('',(5.5E-1,0.E0,-7.5E-1));
#948=LINE('',#947,#946);
#949=CURVE_STYLE('',#42,POSITIVE_LENGTH_MEASURE(2.E-2),#3);
#950=PRESENTATION_STYLE_ASSIGNMENT((#949));
#951=STYLED_ITEM('',(#950),#948);
#952=DIRECTION('',(0.E0,1.E0,0.E0));
#953=VECTOR('',#952,1.78E-1);
#954=CARTESIAN_POINT('',(7.5E-1,0.E0,-7.5E-1));
#955=LINE('',#954,#953);
#956=CURVE_STYLE('',#42,POSITIVE_LENGTH_MEASURE(2.E-2),#3);
#957=PRESENTATION_STYLE_ASSIGNMENT((#956));
#958=STYLED_ITEM('',(#957),#955);
#959=DIRECTION('',(0.E0,1.E0,0.E0));
#960=VECTOR('',#959,1.78E-1);
#961=CARTESIAN_POINT('',(8.E-1,0.E0,-8.E-1));
#962=LINE('',#961,#960);
#963=CURVE_STYLE('',#42,POSITIVE_LENGTH_MEASURE(2.E-2),#3);
#964=PRESENTATION_STYLE_ASSIGNMENT((#963));
#965=STYLED_ITEM('',(#964),#962);
#966=DIRECTION('',(0.E0,-1.E0,0.E0));
#967=VECTOR('',#966,1.78E-1);
#968=CARTESIAN_POINT('',(1.75E-1,1.78E-1,-4.5E-1));
#969=LINE('',#968,#967);
#970=CURVE_STYLE('',#42,POSITIVE_LENGTH_MEASURE(2.E-2),#3);
#971=PRESENTATION_STYLE_ASSIGNMENT((#970));
#972=STYLED_ITEM('',(#971),#969);
#973=DIRECTION('',(0.E0,-1.E0,0.E0));
#974=VECTOR('',#973,1.78E-1);
#975=CARTESIAN_POINT('',(1.75E-1,1.78E-1,4.5E-1));
#976=LINE('',#975,#974);
#977=CURVE_STYLE('',#42,POSITIVE_LENGTH_MEASURE(2.E-2),#3);
#978=PRESENTATION_STYLE_ASSIGNMENT((#977));
#979=STYLED_ITEM('',(#978),#976);
#980=DIRECTION('',(0.E0,-1.E0,0.E0));
#981=VECTOR('',#980,1.78E-1);
#982=CARTESIAN_POINT('',(8.E-1,1.78E-1,-2.5E-1));
#983=LINE('',#982,#981);
#984=CURVE_STYLE('',#42,POSITIVE_LENGTH_MEASURE(2.E-2),#3);
#985=PRESENTATION_STYLE_ASSIGNMENT((#984));
#986=STYLED_ITEM('',(#985),#983);
#987=DIRECTION('',(0.E0,-1.E0,0.E0));
#988=VECTOR('',#987,1.78E-1);
#989=CARTESIAN_POINT('',(8.E-1,1.78E-1,4.5E-1));
#990=LINE('',#989,#988);
#991=CURVE_STYLE('',#42,POSITIVE_LENGTH_MEASURE(2.E-2),#3);
#992=PRESENTATION_STYLE_ASSIGNMENT((#991));
#993=STYLED_ITEM('',(#992),#990);
#994=DIRECTION('',(0.E0,-1.E0,0.E0));
#995=VECTOR('',#994,1.78E-1);
#996=CARTESIAN_POINT('',(6.E-1,1.78E-1,-4.5E-1));
#997=LINE('',#996,#995);
#998=CURVE_STYLE('',#42,POSITIVE_LENGTH_MEASURE(2.E-2),#3);
#999=PRESENTATION_STYLE_ASSIGNMENT((#998));
#1000=STYLED_ITEM('',(#999),#997);
#1001=DIRECTION('',(-7.071067811865E-1,0.E0,-7.071067811865E-1));
#1002=VECTOR('',#1001,2.828427124746E-1);
#1003=CARTESIAN_POINT('',(8.E-1,1.78E-1,-2.5E-1));
#1004=LINE('',#1003,#1002);
#1005=CURVE_STYLE('',#42,POSITIVE_LENGTH_MEASURE(2.E-2),#3);
#1006=PRESENTATION_STYLE_ASSIGNMENT((#1005));
#1007=STYLED_ITEM('',(#1006),#1004);
#1008=DIRECTION('',(-1.E0,0.E0,0.E0));
#1009=VECTOR('',#1008,4.25E-1);
#1010=CARTESIAN_POINT('',(6.E-1,1.78E-1,-4.5E-1));
#1011=LINE('',#1010,#1009);
#1012=CURVE_STYLE('',#42,POSITIVE_LENGTH_MEASURE(2.E-2),#3);
#1013=PRESENTATION_STYLE_ASSIGNMENT((#1012));
#1014=STYLED_ITEM('',(#1013),#1011);
#1015=DIRECTION('',(0.E0,0.E0,1.E0));
#1016=VECTOR('',#1015,9.E-1);
#1017=CARTESIAN_POINT('',(1.75E-1,1.78E-1,-4.5E-1));
#1018=LINE('',#1017,#1016);
#1019=CURVE_STYLE('',#42,POSITIVE_LENGTH_MEASURE(2.E-2),#3);
#1020=PRESENTATION_STYLE_ASSIGNMENT((#1019));
#1021=STYLED_ITEM('',(#1020),#1018);
#1022=DIRECTION('',(1.E0,0.E0,0.E0));
#1023=VECTOR('',#1022,6.25E-1);
#1024=CARTESIAN_POINT('',(1.75E-1,1.78E-1,4.5E-1));
#1025=LINE('',#1024,#1023);
#1026=CURVE_STYLE('',#42,POSITIVE_LENGTH_MEASURE(2.E-2),#3);
#1027=PRESENTATION_STYLE_ASSIGNMENT((#1026));
#1028=STYLED_ITEM('',(#1027),#1025);
#1029=DIRECTION('',(0.E0,0.E0,-1.E0));
#1030=VECTOR('',#1029,7.E-1);
#1031=CARTESIAN_POINT('',(8.E-1,1.78E-1,4.5E-1));
#1032=LINE('',#1031,#1030);
#1033=CURVE_STYLE('',#42,POSITIVE_LENGTH_MEASURE(2.E-2),#3);
#1034=PRESENTATION_STYLE_ASSIGNMENT((#1033));
#1035=STYLED_ITEM('',(#1034),#1032);
#1036=DIRECTION('',(0.E0,-1.E0,0.E0));
#1037=VECTOR('',#1036,1.78E-1);
#1038=CARTESIAN_POINT('',(-8.E-1,1.78E-1,-4.5E-1));
#1039=LINE('',#1038,#1037);
#1040=CURVE_STYLE('',#42,POSITIVE_LENGTH_MEASURE(2.E-2),#3);
#1041=PRESENTATION_STYLE_ASSIGNMENT((#1040));
#1042=STYLED_ITEM('',(#1041),#1039);
#1043=DIRECTION('',(0.E0,-1.E0,0.E0));
#1044=VECTOR('',#1043,1.78E-1);
#1045=CARTESIAN_POINT('',(-8.E-1,1.78E-1,4.5E-1));
#1046=LINE('',#1045,#1044);
#1047=CURVE_STYLE('',#42,POSITIVE_LENGTH_MEASURE(2.E-2),#3);
#1048=PRESENTATION_STYLE_ASSIGNMENT((#1047));
#1049=STYLED_ITEM('',(#1048),#1046);
#1050=DIRECTION('',(0.E0,-1.E0,0.E0));
#1051=VECTOR('',#1050,1.78E-1);
#1052=CARTESIAN_POINT('',(-1.75E-1,1.78E-1,4.5E-1));
#1053=LINE('',#1052,#1051);
#1054=CURVE_STYLE('',#42,POSITIVE_LENGTH_MEASURE(2.E-2),#3);
#1055=PRESENTATION_STYLE_ASSIGNMENT((#1054));
#1056=STYLED_ITEM('',(#1055),#1053);
#1057=DIRECTION('',(0.E0,-1.E0,0.E0));
#1058=VECTOR('',#1057,1.78E-1);
#1059=CARTESIAN_POINT('',(-1.75E-1,1.78E-1,-4.5E-1));
#1060=LINE('',#1059,#1058);
#1061=CURVE_STYLE('',#42,POSITIVE_LENGTH_MEASURE(2.E-2),#3);
#1062=PRESENTATION_STYLE_ASSIGNMENT((#1061));
#1063=STYLED_ITEM('',(#1062),#1060);
#1064=DIRECTION('',(0.E0,0.E0,1.E0));
#1065=VECTOR('',#1064,9.E-1);
#1066=CARTESIAN_POINT('',(-8.E-1,1.78E-1,-4.5E-1));
#1067=LINE('',#1066,#1065);
#1068=CURVE_STYLE('',#42,POSITIVE_LENGTH_MEASURE(2.E-2),#3);
#1069=PRESENTATION_STYLE_ASSIGNMENT((#1068));
#1070=STYLED_ITEM('',(#1069),#1067);
#1071=DIRECTION('',(1.E0,0.E0,0.E0));
#1072=VECTOR('',#1071,6.25E-1);
#1073=CARTESIAN_POINT('',(-8.E-1,1.78E-1,4.5E-1));
#1074=LINE('',#1073,#1072);
#1075=CURVE_STYLE('',#42,POSITIVE_LENGTH_MEASURE(2.E-2),#3);
#1076=PRESENTATION_STYLE_ASSIGNMENT((#1075));
#1077=STYLED_ITEM('',(#1076),#1074);
#1078=DIRECTION('',(0.E0,0.E0,-1.E0));
#1079=VECTOR('',#1078,9.E-1);
#1080=CARTESIAN_POINT('',(-1.75E-1,1.78E-1,4.5E-1));
#1081=LINE('',#1080,#1079);
#1082=CURVE_STYLE('',#42,POSITIVE_LENGTH_MEASURE(2.E-2),#3);
#1083=PRESENTATION_STYLE_ASSIGNMENT((#1082));
#1084=STYLED_ITEM('',(#1083),#1081);
#1085=DIRECTION('',(-1.E0,0.E0,0.E0));
#1086=VECTOR('',#1085,6.25E-1);
#1087=CARTESIAN_POINT('',(-1.75E-1,1.78E-1,-4.5E-1));
#1088=LINE('',#1087,#1086);
#1089=CURVE_STYLE('',#42,POSITIVE_LENGTH_MEASURE(2.E-2),#3);
#1090=PRESENTATION_STYLE_ASSIGNMENT((#1089));
#1091=STYLED_ITEM('',(#1090),#1088);
#1092=CARTESIAN_POINT('',(-1.E0,0.E0,-1.E0));
#1093=CARTESIAN_POINT('',(-1.E0,0.E0,1.E0));
#1094=VERTEX_POINT('',#1092);
#1095=VERTEX_POINT('',#1093);
#1096=CARTESIAN_POINT('',(1.E0,0.E0,1.E0));
#1097=CARTESIAN_POINT('',(1.E0,0.E0,-1.E0));
#1098=VERTEX_POINT('',#1096);
#1099=VERTEX_POINT('',#1097);
#1100=CARTESIAN_POINT('',(-1.E0,7.75E-1,-1.E0));
#1101=CARTESIAN_POINT('',(-1.E0,7.75E-1,1.E0));
#1102=VERTEX_POINT('',#1100);
#1103=VERTEX_POINT('',#1101);
#1104=CARTESIAN_POINT('',(1.E0,7.75E-1,1.E0));
#1105=VERTEX_POINT('',#1104);
#1106=CARTESIAN_POINT('',(1.E0,7.75E-1,-1.E0));
#1107=VERTEX_POINT('',#1106);
#1108=CARTESIAN_POINT('',(-8.E-1,0.E0,1.E0));
#1109=VERTEX_POINT('',#1108);
#1110=CARTESIAN_POINT('',(-5.E-1,0.E0,1.E0));
#1111=CARTESIAN_POINT('',(-1.5E-1,0.E0,1.E0));
#1112=VERTEX_POINT('',#1110);
#1113=VERTEX_POINT('',#1111);
#1114=CARTESIAN_POINT('',(1.5E-1,0.E0,1.E0));
#1115=CARTESIAN_POINT('',(5.E-1,0.E0,1.E0));
#1116=VERTEX_POINT('',#1114);
#1117=VERTEX_POINT('',#1115);
#1118=CARTESIAN_POINT('',(8.E-1,0.E0,1.E0));
#1119=VERTEX_POINT('',#1118);
#1120=CARTESIAN_POINT('',(8.E-1,0.E0,-1.E0));
#1121=VERTEX_POINT('',#1120);
#1122=CARTESIAN_POINT('',(5.E-1,0.E0,-1.E0));
#1123=CARTESIAN_POINT('',(1.5E-1,0.E0,-1.E0));
#1124=VERTEX_POINT('',#1122);
#1125=VERTEX_POINT('',#1123);
#1126=CARTESIAN_POINT('',(-1.5E-1,0.E0,-1.E0));
#1127=CARTESIAN_POINT('',(-5.E-1,0.E0,-1.E0));
#1128=VERTEX_POINT('',#1126);
#1129=VERTEX_POINT('',#1127);
#1130=CARTESIAN_POINT('',(-8.E-1,0.E0,-1.E0));
#1131=VERTEX_POINT('',#1130);
#1132=CARTESIAN_POINT('',(8.E-1,0.E0,-8.E-1));
#1133=VERTEX_POINT('',#1132);
#1134=CARTESIAN_POINT('',(7.5E-1,0.E0,-7.5E-1));
#1135=CARTESIAN_POINT('',(5.5E-1,0.E0,-7.5E-1));
#1136=VERTEX_POINT('',#1134);
#1137=VERTEX_POINT('',#1135);
#1138=CARTESIAN_POINT('',(5.E-1,0.E0,-8.E-1));
#1139=VERTEX_POINT('',#1138);
#1140=CARTESIAN_POINT('',(-8.E-1,1.78E-1,1.E0));
#1141=CARTESIAN_POINT('',(-5.E-1,1.78E-1,1.E0));
#1142=VERTEX_POINT('',#1140);
#1143=VERTEX_POINT('',#1141);
#1144=CARTESIAN_POINT('',(-5.E-1,1.78E-1,-1.E0));
#1145=CARTESIAN_POINT('',(-8.E-1,1.78E-1,-1.E0));
#1146=VERTEX_POINT('',#1144);
#1147=VERTEX_POINT('',#1145);
#1148=CARTESIAN_POINT('',(8.E-1,1.78E-1,-1.E0));
#1149=VERTEX_POINT('',#1148);
#1150=CARTESIAN_POINT('',(5.E-1,1.78E-1,-1.E0));
#1151=VERTEX_POINT('',#1150);
#1152=CARTESIAN_POINT('',(7.5E-1,1.78E-1,-7.5E-1));
#1153=CARTESIAN_POINT('',(5.5E-1,1.78E-1,-7.5E-1));
#1154=VERTEX_POINT('',#1152);
#1155=VERTEX_POINT('',#1153);
#1156=CARTESIAN_POINT('',(-1.5E-1,1.78E-1,1.E0));
#1157=CARTESIAN_POINT('',(1.5E-1,1.78E-1,1.E0));
#1158=VERTEX_POINT('',#1156);
#1159=VERTEX_POINT('',#1157);
#1160=CARTESIAN_POINT('',(5.E-1,1.78E-1,1.E0));
#1161=CARTESIAN_POINT('',(8.E-1,1.78E-1,1.E0));
#1162=VERTEX_POINT('',#1160);
#1163=VERTEX_POINT('',#1161);
#1164=CARTESIAN_POINT('',(1.5E-1,1.78E-1,-1.E0));
#1165=CARTESIAN_POINT('',(-1.5E-1,1.78E-1,-1.E0));
#1166=VERTEX_POINT('',#1164);
#1167=VERTEX_POINT('',#1165);
#1168=CARTESIAN_POINT('',(8.E-1,1.78E-1,-8.E-1));
#1169=VERTEX_POINT('',#1168);
#1170=CARTESIAN_POINT('',(5.E-1,1.78E-1,-8.E-1));
#1171=VERTEX_POINT('',#1170);
#1172=CARTESIAN_POINT('',(1.E-1,1.78E-1,-7.5E-1));
#1173=CARTESIAN_POINT('',(-1.E-1,1.78E-1,-7.5E-1));
#1174=VERTEX_POINT('',#1172);
#1175=VERTEX_POINT('',#1173);
#1176=CARTESIAN_POINT('',(7.5E-1,1.78E-1,7.5E-1));
#1177=CARTESIAN_POINT('',(5.5E-1,1.78E-1,7.5E-1));
#1178=VERTEX_POINT('',#1176);
#1179=VERTEX_POINT('',#1177);
#1180=CARTESIAN_POINT('',(1.E-1,1.78E-1,7.5E-1));
#1181=CARTESIAN_POINT('',(-1.E-1,1.78E-1,7.5E-1));
#1182=VERTEX_POINT('',#1180);
#1183=VERTEX_POINT('',#1181);
#1184=CARTESIAN_POINT('',(1.5E-1,0.E0,-8.E-1));
#1185=VERTEX_POINT('',#1184);
#1186=CARTESIAN_POINT('',(1.E-1,0.E0,-7.5E-1));
#1187=CARTESIAN_POINT('',(-1.E-1,0.E0,-7.5E-1));
#1188=VERTEX_POINT('',#1186);
#1189=VERTEX_POINT('',#1187);
#1190=CARTESIAN_POINT('',(-1.5E-1,0.E0,-8.E-1));
#1191=VERTEX_POINT('',#1190);
#1192=CARTESIAN_POINT('',(8.E-1,0.E0,8.E-1));
#1193=VERTEX_POINT('',#1192);
#1194=CARTESIAN_POINT('',(7.5E-1,0.E0,7.5E-1));
#1195=CARTESIAN_POINT('',(5.5E-1,0.E0,7.5E-1));
#1196=VERTEX_POINT('',#1194);
#1197=VERTEX_POINT('',#1195);
#1198=CARTESIAN_POINT('',(5.E-1,0.E0,8.E-1));
#1199=VERTEX_POINT('',#1198);
#1200=CARTESIAN_POINT('',(1.5E-1,0.E0,8.E-1));
#1201=VERTEX_POINT('',#1200);
#1202=CARTESIAN_POINT('',(1.E-1,0.E0,7.5E-1));
#1203=CARTESIAN_POINT('',(-1.E-1,0.E0,7.5E-1));
#1204=VERTEX_POINT('',#1202);
#1205=VERTEX_POINT('',#1203);
#1206=CARTESIAN_POINT('',(-1.5E-1,0.E0,8.E-1));
#1207=VERTEX_POINT('',#1206);
#1208=CARTESIAN_POINT('',(1.5E-1,1.78E-1,-8.E-1));
#1209=VERTEX_POINT('',#1208);
#1210=CARTESIAN_POINT('',(-1.5E-1,1.78E-1,-8.E-1));
#1211=VERTEX_POINT('',#1210);
#1212=CARTESIAN_POINT('',(8.E-1,1.78E-1,8.E-1));
#1213=VERTEX_POINT('',#1212);
#1214=CARTESIAN_POINT('',(5.E-1,1.78E-1,8.E-1));
#1215=VERTEX_POINT('',#1214);
#1216=CARTESIAN_POINT('',(1.5E-1,1.78E-1,8.E-1));
#1217=VERTEX_POINT('',#1216);
#1218=CARTESIAN_POINT('',(-1.5E-1,1.78E-1,8.E-1));
#1219=VERTEX_POINT('',#1218);
#1220=CARTESIAN_POINT('',(1.75E-1,0.E0,-4.5E-1));
#1221=CARTESIAN_POINT('',(1.75E-1,0.E0,4.5E-1));
#1222=VERTEX_POINT('',#1220);
#1223=VERTEX_POINT('',#1221);
#1224=CARTESIAN_POINT('',(8.E-1,0.E0,4.5E-1));
#1225=VERTEX_POINT('',#1224);
#1226=CARTESIAN_POINT('',(8.E-1,0.E0,-2.5E-1));
#1227=VERTEX_POINT('',#1226);
#1228=CARTESIAN_POINT('',(6.E-1,0.E0,-4.5E-1));
#1229=VERTEX_POINT('',#1228);
#1230=CARTESIAN_POINT('',(1.75E-1,1.78E-1,-4.5E-1));
#1231=VERTEX_POINT('',#1230);
#1232=CARTESIAN_POINT('',(1.75E-1,1.78E-1,4.5E-1));
#1233=VERTEX_POINT('',#1232);
#1234=CARTESIAN_POINT('',(8.E-1,1.78E-1,4.5E-1));
#1235=VERTEX_POINT('',#1234);
#1236=CARTESIAN_POINT('',(-5.E-1,0.E0,-8.E-1));
#1237=VERTEX_POINT('',#1236);
#1238=CARTESIAN_POINT('',(-5.5E-1,0.E0,-7.5E-1));
#1239=CARTESIAN_POINT('',(-7.5E-1,0.E0,-7.5E-1));
#1240=VERTEX_POINT('',#1238);
#1241=VERTEX_POINT('',#1239);
#1242=CARTESIAN_POINT('',(-5.E-1,0.E0,8.E-1));
#1243=VERTEX_POINT('',#1242);
#1244=CARTESIAN_POINT('',(-5.5E-1,0.E0,7.5E-1));
#1245=CARTESIAN_POINT('',(-7.5E-1,0.E0,7.5E-1));
#1246=VERTEX_POINT('',#1244);
#1247=VERTEX_POINT('',#1245);
#1248=CARTESIAN_POINT('',(-5.5E-1,1.78E-1,-7.5E-1));
#1249=CARTESIAN_POINT('',(-7.5E-1,1.78E-1,-7.5E-1));
#1250=VERTEX_POINT('',#1248);
#1251=VERTEX_POINT('',#1249);
#1252=CARTESIAN_POINT('',(-5.E-1,1.78E-1,-8.E-1));
#1253=VERTEX_POINT('',#1252);
#1254=CARTESIAN_POINT('',(-8.E-1,1.78E-1,-8.E-1));
#1255=VERTEX_POINT('',#1254);
#1256=CARTESIAN_POINT('',(-5.5E-1,1.78E-1,7.5E-1));
#1257=CARTESIAN_POINT('',(-7.5E-1,1.78E-1,7.5E-1));
#1258=VERTEX_POINT('',#1256);
#1259=VERTEX_POINT('',#1257);
#1260=CARTESIAN_POINT('',(-5.E-1,1.78E-1,8.E-1));
#1261=VERTEX_POINT('',#1260);
#1262=CARTESIAN_POINT('',(-8.E-1,1.78E-1,8.E-1));
#1263=VERTEX_POINT('',#1262);
#1264=CARTESIAN_POINT('',(-8.E-1,0.E0,-8.E-1));
#1265=VERTEX_POINT('',#1264);
#1266=CARTESIAN_POINT('',(-8.E-1,0.E0,8.E-1));
#1267=VERTEX_POINT('',#1266);
#1268=CARTESIAN_POINT('',(-8.E-1,1.78E-1,-4.5E-1));
#1269=CARTESIAN_POINT('',(-8.E-1,1.78E-1,4.5E-1));
#1270=VERTEX_POINT('',#1268);
#1271=VERTEX_POINT('',#1269);
#1272=CARTESIAN_POINT('',(-1.75E-1,1.78E-1,4.5E-1));
#1273=VERTEX_POINT('',#1272);
#1274=CARTESIAN_POINT('',(-8.E-1,0.E0,-4.5E-1));
#1275=CARTESIAN_POINT('',(-8.E-1,0.E0,4.5E-1));
#1276=VERTEX_POINT('',#1274);
#1277=VERTEX_POINT('',#1275);
#1278=CARTESIAN_POINT('',(-1.75E-1,0.E0,4.5E-1));
#1279=VERTEX_POINT('',#1278);
#1280=CARTESIAN_POINT('',(-1.75E-1,0.E0,-4.5E-1));
#1281=VERTEX_POINT('',#1280);
#1282=CARTESIAN_POINT('',(-1.75E-1,1.78E-1,-4.5E-1));
#1283=VERTEX_POINT('',#1282);
#1284=CARTESIAN_POINT('',(8.E-1,1.78E-1,-2.5E-1));
#1285=CARTESIAN_POINT('',(6.E-1,1.78E-1,-4.5E-1));
#1286=VERTEX_POINT('',#1284);
#1287=VERTEX_POINT('',#1285);
#1288=CARTESIAN_POINT('',(0.E0,0.E0,0.E0));
#1289=DIRECTION('',(0.E0,1.E0,0.E0));
#1290=DIRECTION('',(1.E0,0.E0,0.E0));
#1291=AXIS2_PLACEMENT_3D('',#1288,#1289,#1290);
#1292=PLANE('',#1291);
#1294=ORIENTED_EDGE('',*,*,#1293,.T.);
#1296=ORIENTED_EDGE('',*,*,#1295,.T.);
#1298=ORIENTED_EDGE('',*,*,#1297,.F.);
#1300=ORIENTED_EDGE('',*,*,#1299,.F.);
#1302=ORIENTED_EDGE('',*,*,#1301,.F.);
#1304=ORIENTED_EDGE('',*,*,#1303,.F.);
#1306=ORIENTED_EDGE('',*,*,#1305,.T.);
#1308=ORIENTED_EDGE('',*,*,#1307,.T.);
#1310=ORIENTED_EDGE('',*,*,#1309,.F.);
#1312=ORIENTED_EDGE('',*,*,#1311,.F.);
#1314=ORIENTED_EDGE('',*,*,#1313,.F.);
#1316=ORIENTED_EDGE('',*,*,#1315,.F.);
#1318=ORIENTED_EDGE('',*,*,#1317,.T.);
#1320=ORIENTED_EDGE('',*,*,#1319,.T.);
#1322=ORIENTED_EDGE('',*,*,#1321,.F.);
#1324=ORIENTED_EDGE('',*,*,#1323,.F.);
#1326=ORIENTED_EDGE('',*,*,#1325,.F.);
#1328=ORIENTED_EDGE('',*,*,#1327,.F.);
#1330=ORIENTED_EDGE('',*,*,#1329,.T.);
#1332=ORIENTED_EDGE('',*,*,#1331,.T.);
#1334=ORIENTED_EDGE('',*,*,#1333,.T.);
#1336=ORIENTED_EDGE('',*,*,#1335,.T.);
#1338=ORIENTED_EDGE('',*,*,#1337,.T.);
#1340=ORIENTED_EDGE('',*,*,#1339,.T.);
#1342=ORIENTED_EDGE('',*,*,#1341,.T.);
#1344=ORIENTED_EDGE('',*,*,#1343,.F.);
#1346=ORIENTED_EDGE('',*,*,#1345,.T.);
#1348=ORIENTED_EDGE('',*,*,#1347,.T.);
#1350=ORIENTED_EDGE('',*,*,#1349,.T.);
#1352=ORIENTED_EDGE('',*,*,#1351,.T.);
#1354=ORIENTED_EDGE('',*,*,#1353,.T.);
#1356=ORIENTED_EDGE('',*,*,#1355,.F.);
#1358=ORIENTED_EDGE('',*,*,#1357,.T.);
#1360=ORIENTED_EDGE('',*,*,#1359,.T.);
#1362=ORIENTED_EDGE('',*,*,#1361,.T.);
#1364=ORIENTED_EDGE('',*,*,#1363,.T.);
#1366=ORIENTED_EDGE('',*,*,#1365,.T.);
#1368=ORIENTED_EDGE('',*,*,#1367,.F.);
#1370=ORIENTED_EDGE('',*,*,#1369,.T.);
#1372=ORIENTED_EDGE('',*,*,#1371,.T.);
#1373=EDGE_LOOP('',(#1294,#1296,#1298,#1300,#1302,#1304,#1306,#1308,#1310,#1312,
#1314,#1316,#1318,#1320,#1322,#1324,#1326,#1328,#1330,#1332,#1334,#1336,#1338,
#1340,#1342,#1344,#1346,#1348,#1350,#1352,#1354,#1356,#1358,#1360,#1362,#1364,
#1366,#1368,#1370,#1372));
#1374=FACE_OUTER_BOUND('',#1373,.F.);
#1376=ORIENTED_EDGE('',*,*,#1375,.F.);
#1378=ORIENTED_EDGE('',*,*,#1377,.F.);
#1380=ORIENTED_EDGE('',*,*,#1379,.T.);
#1382=ORIENTED_EDGE('',*,*,#1381,.F.);
#1384=ORIENTED_EDGE('',*,*,#1383,.F.);
#1385=EDGE_LOOP('',(#1376,#1378,#1380,#1382,#1384));
#1386=FACE_BOUND('',#1385,.F.);
#1388=ORIENTED_EDGE('',*,*,#1387,.F.);
#1390=ORIENTED_EDGE('',*,*,#1389,.F.);
#1392=ORIENTED_EDGE('',*,*,#1391,.F.);
#1394=ORIENTED_EDGE('',*,*,#1393,.F.);
#1395=EDGE_LOOP('',(#1388,#1390,#1392,#1394));
#1396=FACE_BOUND('',#1395,.F.);
#1397=ADVANCED_FACE('',(#1374,#1386,#1396),#1292,.F.);
#1398=CARTESIAN_POINT('',(-1.E0,0.E0,1.E0));
#1399=DIRECTION('',(0.E0,0.E0,1.E0));
#1400=DIRECTION('',(1.E0,0.E0,0.E0));
#1401=AXIS2_PLACEMENT_3D('',#1398,#1399,#1400);
#1402=PLANE('',#1401);
#1403=ORIENTED_EDGE('',*,*,#1293,.F.);
#1405=ORIENTED_EDGE('',*,*,#1404,.T.);
#1407=ORIENTED_EDGE('',*,*,#1406,.T.);
#1409=ORIENTED_EDGE('',*,*,#1408,.F.);
#1410=ORIENTED_EDGE('',*,*,#1329,.F.);
#1412=ORIENTED_EDGE('',*,*,#1411,.T.);
#1414=ORIENTED_EDGE('',*,*,#1413,.F.);
#1416=ORIENTED_EDGE('',*,*,#1415,.F.);
#1417=ORIENTED_EDGE('',*,*,#1317,.F.);
#1419=ORIENTED_EDGE('',*,*,#1418,.T.);
#1421=ORIENTED_EDGE('',*,*,#1420,.F.);
#1423=ORIENTED_EDGE('',*,*,#1422,.F.);
#1424=ORIENTED_EDGE('',*,*,#1305,.F.);
#1426=ORIENTED_EDGE('',*,*,#1425,.T.);
#1428=ORIENTED_EDGE('',*,*,#1427,.F.);
#1430=ORIENTED_EDGE('',*,*,#1429,.F.);
#1431=EDGE_LOOP('',(#1403,#1405,#1407,#1409,#1410,#1412,#1414,#1416,#1417,#1419,
#1421,#1423,#1424,#1426,#1428,#1430));
#1432=FACE_OUTER_BOUND('',#1431,.F.);
#1433=ADVANCED_FACE('',(#1432),#1402,.T.);
#1434=CARTESIAN_POINT('',(-1.E0,0.E0,-1.E0));
#1435=DIRECTION('',(-1.E0,0.E0,0.E0));
#1436=DIRECTION('',(0.E0,0.E0,1.E0));
#1437=AXIS2_PLACEMENT_3D('',#1434,#1435,#1436);
#1438=PLANE('',#1437);
#1439=ORIENTED_EDGE('',*,*,#1371,.F.);
#1441=ORIENTED_EDGE('',*,*,#1440,.T.);
#1443=ORIENTED_EDGE('',*,*,#1442,.T.);
#1444=ORIENTED_EDGE('',*,*,#1404,.F.);
#1445=EDGE_LOOP('',(#1439,#1441,#1443,#1444));
#1446=FACE_OUTER_BOUND('',#1445,.F.);
#1447=ADVANCED_FACE('',(#1446),#1438,.T.);
#1448=CARTESIAN_POINT('',(1.E0,0.E0,-1.E0));
#1449=DIRECTION('',(0.E0,0.E0,-1.E0));
#1450=DIRECTION('',(-1.E0,0.E0,0.E0));
#1451=AXIS2_PLACEMENT_3D('',#1448,#1449,#1450);
#1452=PLANE('',#1451);
#1453=ORIENTED_EDGE('',*,*,#1333,.F.);
#1455=ORIENTED_EDGE('',*,*,#1454,.T.);
#1457=ORIENTED_EDGE('',*,*,#1456,.T.);
#1458=ORIENTED_EDGE('',*,*,#1440,.F.);
#1459=ORIENTED_EDGE('',*,*,#1369,.F.);
#1461=ORIENTED_EDGE('',*,*,#1460,.T.);
#1463=ORIENTED_EDGE('',*,*,#1462,.F.);
#1465=ORIENTED_EDGE('',*,*,#1464,.F.);
#1466=ORIENTED_EDGE('',*,*,#1357,.F.);
#1468=ORIENTED_EDGE('',*,*,#1467,.T.);
#1470=ORIENTED_EDGE('',*,*,#1469,.F.);
#1472=ORIENTED_EDGE('',*,*,#1471,.F.);
#1473=ORIENTED_EDGE('',*,*,#1345,.F.);
#1475=ORIENTED_EDGE('',*,*,#1474,.T.);
#1477=ORIENTED_EDGE('',*,*,#1476,.F.);
#1479=ORIENTED_EDGE('',*,*,#1478,.F.);
#1480=EDGE_LOOP('',(#1453,#1455,#1457,#1458,#1459,#1461,#1463,#1465,#1466,#1468,
#1470,#1472,#1473,#1475,#1477,#1479));
#1481=FACE_OUTER_BOUND('',#1480,.F.);
#1482=ADVANCED_FACE('',(#1481),#1452,.T.);
#1483=CARTESIAN_POINT('',(1.E0,0.E0,1.E0));
#1484=DIRECTION('',(1.E0,0.E0,0.E0));
#1485=DIRECTION('',(0.E0,0.E0,-1.E0));
#1486=AXIS2_PLACEMENT_3D('',#1483,#1484,#1485);
#1487=PLANE('',#1486);
#1488=ORIENTED_EDGE('',*,*,#1331,.F.);
#1489=ORIENTED_EDGE('',*,*,#1408,.T.);
#1491=ORIENTED_EDGE('',*,*,#1490,.T.);
#1492=ORIENTED_EDGE('',*,*,#1454,.F.);
#1493=EDGE_LOOP('',(#1488,#1489,#1491,#1492));
#1494=FACE_OUTER_BOUND('',#1493,.F.);
#1495=ADVANCED_FACE('',(#1494),#1487,.T.);
#1496=CARTESIAN_POINT('',(0.E0,7.75E-1,0.E0));
#1497=DIRECTION('',(0.E0,1.E0,0.E0));
#1498=DIRECTION('',(1.E0,0.E0,0.E0));
#1499=AXIS2_PLACEMENT_3D('',#1496,#1497,#1498);
#1500=PLANE('',#1499);
#1501=ORIENTED_EDGE('',*,*,#1442,.F.);
#1502=ORIENTED_EDGE('',*,*,#1456,.F.);
#1503=ORIENTED_EDGE('',*,*,#1490,.F.);
#1504=ORIENTED_EDGE('',*,*,#1406,.F.);
#1505=EDGE_LOOP('',(#1501,#1502,#1503,#1504));
#1506=FACE_OUTER_BOUND('',#1505,.F.);
#1507=ADVANCED_FACE('',(#1506),#1500,.T.);
#1508=CARTESIAN_POINT('',(-8.E-1,-2.5E-2,-8.E-1));
#1509=DIRECTION('',(-1.E0,0.E0,0.E0));
#1510=DIRECTION('',(0.E0,0.E0,-1.E0));
#1511=AXIS2_PLACEMENT_3D('',#1508,#1509,#1510);
#1512=PLANE('',#1511);
#1513=ORIENTED_EDGE('',*,*,#1367,.T.);
#1515=ORIENTED_EDGE('',*,*,#1514,.T.);
#1517=ORIENTED_EDGE('',*,*,#1516,.T.);
#1518=ORIENTED_EDGE('',*,*,#1460,.F.);
#1519=EDGE_LOOP('',(#1513,#1515,#1517,#1518));
#1520=FACE_OUTER_BOUND('',#1519,.F.);
#1521=ADVANCED_FACE('',(#1520),#1512,.F.);
#1522=CARTESIAN_POINT('',(-7.5E-1,-2.5E-2,-8.E-1));
#1523=DIRECTION('',(0.E0,-1.E0,0.E0));
#1524=DIRECTION('',(-1.E0,0.E0,0.E0));
#1525=AXIS2_PLACEMENT_3D('',#1522,#1523,#1524);
#1526=CYLINDRICAL_SURFACE('',#1525,5.E-2);
#1527=ORIENTED_EDGE('',*,*,#1365,.F.);
#1529=ORIENTED_EDGE('',*,*,#1528,.T.);
#1531=ORIENTED_EDGE('',*,*,#1530,.T.);
#1532=ORIENTED_EDGE('',*,*,#1514,.F.);
#1533=EDGE_LOOP('',(#1527,#1529,#1531,#1532));
#1534=FACE_OUTER_BOUND('',#1533,.F.);
#1535=ADVANCED_FACE('',(#1534),#1526,.F.);
#1536=CARTESIAN_POINT('',(-5.5E-1,-2.5E-2,-7.5E-1));
#1537=DIRECTION('',(0.E0,0.E0,1.E0));
#1538=DIRECTION('',(-1.E0,0.E0,0.E0));
#1539=AXIS2_PLACEMENT_3D('',#1536,#1537,#1538);
#1540=PLANE('',#1539);
#1541=ORIENTED_EDGE('',*,*,#1363,.F.);
#1543=ORIENTED_EDGE('',*,*,#1542,.T.);
#1545=ORIENTED_EDGE('',*,*,#1544,.T.);
#1546=ORIENTED_EDGE('',*,*,#1528,.F.);
#1547=EDGE_LOOP('',(#1541,#1543,#1545,#1546));
#1548=FACE_OUTER_BOUND('',#1547,.F.);
#1549=ADVANCED_FACE('',(#1548),#1540,.F.);
#1550=CARTESIAN_POINT('',(-5.5E-1,-2.5E-2,-8.E-1));
#1551=DIRECTION('',(0.E0,-1.E0,0.E0));
#1552=DIRECTION('',(-1.E0,0.E0,0.E0));
#1553=AXIS2_PLACEMENT_3D('',#1550,#1551,#1552);
#1554=CYLINDRICAL_SURFACE('',#1553,5.E-2);
#1555=ORIENTED_EDGE('',*,*,#1361,.F.);
#1557=ORIENTED_EDGE('',*,*,#1556,.T.);
#1559=ORIENTED_EDGE('',*,*,#1558,.T.);
#1560=ORIENTED_EDGE('',*,*,#1542,.F.);
#1561=EDGE_LOOP('',(#1555,#1557,#1559,#1560));
#1562=FACE_OUTER_BOUND('',#1561,.F.);
#1563=ADVANCED_FACE('',(#1562),#1554,.F.);
#1564=CARTESIAN_POINT('',(-5.E-1,-2.5E-2,-1.075E0));
#1565=DIRECTION('',(1.E0,0.E0,0.E0));
#1566=DIRECTION('',(0.E0,0.E0,1.E0));
#1567=AXIS2_PLACEMENT_3D('',#1564,#1565,#1566);
#1568=PLANE('',#1567);
#1569=ORIENTED_EDGE('',*,*,#1359,.F.);
#1570=ORIENTED_EDGE('',*,*,#1464,.T.);
#1572=ORIENTED_EDGE('',*,*,#1571,.T.);
#1573=ORIENTED_EDGE('',*,*,#1556,.F.);
#1574=EDGE_LOOP('',(#1569,#1570,#1572,#1573));
#1575=FACE_OUTER_BOUND('',#1574,.F.);
#1576=ADVANCED_FACE('',(#1575),#1568,.F.);
#1577=CARTESIAN_POINT('',(0.E0,1.78E-1,0.E0));
#1578=DIRECTION('',(0.E0,1.E0,0.E0));
#1579=DIRECTION('',(1.E0,0.E0,0.E0));
#1580=AXIS2_PLACEMENT_3D('',#1577,#1578,#1579);
#1581=PLANE('',#1580);
#1582=ORIENTED_EDGE('',*,*,#1427,.T.);
#1584=ORIENTED_EDGE('',*,*,#1583,.T.);
#1586=ORIENTED_EDGE('',*,*,#1585,.T.);
#1588=ORIENTED_EDGE('',*,*,#1587,.T.);
#1590=ORIENTED_EDGE('',*,*,#1589,.T.);
#1592=ORIENTED_EDGE('',*,*,#1591,.T.);
#1593=EDGE_LOOP('',(#1582,#1584,#1586,#1588,#1590,#1592));
#1594=FACE_OUTER_BOUND('',#1593,.F.);
#1595=ADVANCED_FACE('',(#1594),#1581,.F.);
#1596=CARTESIAN_POINT('',(0.E0,1.78E-1,0.E0));
#1597=DIRECTION('',(0.E0,1.E0,0.E0));
#1598=DIRECTION('',(1.E0,0.E0,0.E0));
#1599=AXIS2_PLACEMENT_3D('',#1596,#1597,#1598);
#1600=PLANE('',#1599);
#1601=ORIENTED_EDGE('',*,*,#1462,.T.);
#1602=ORIENTED_EDGE('',*,*,#1516,.F.);
#1603=ORIENTED_EDGE('',*,*,#1530,.F.);
#1604=ORIENTED_EDGE('',*,*,#1544,.F.);
#1605=ORIENTED_EDGE('',*,*,#1558,.F.);
#1606=ORIENTED_EDGE('',*,*,#1571,.F.);
#1607=EDGE_LOOP('',(#1601,#1602,#1603,#1604,#1605,#1606));
#1608=FACE_OUTER_BOUND('',#1607,.F.);
#1609=ADVANCED_FACE('',(#1608),#1600,.F.);
#1610=CARTESIAN_POINT('',(0.E0,1.78E-1,0.E0));
#1611=DIRECTION('',(0.E0,1.E0,0.E0));
#1612=DIRECTION('',(1.E0,0.E0,0.E0));
#1613=AXIS2_PLACEMENT_3D('',#1610,#1611,#1612);
#1614=PLANE('',#1613);
#1615=ORIENTED_EDGE('',*,*,#1420,.T.);
#1617=ORIENTED_EDGE('',*,*,#1616,.T.);
#1619=ORIENTED_EDGE('',*,*,#1618,.T.);
#1621=ORIENTED_EDGE('',*,*,#1620,.T.);
#1623=ORIENTED_EDGE('',*,*,#1622,.T.);
#1625=ORIENTED_EDGE('',*,*,#1624,.T.);
#1626=EDGE_LOOP('',(#1615,#1617,#1619,#1621,#1623,#1625));
#1627=FACE_OUTER_BOUND('',#1626,.F.);
#1628=ADVANCED_FACE('',(#1627),#1614,.F.);
#1629=CARTESIAN_POINT('',(0.E0,1.78E-1,0.E0));
#1630=DIRECTION('',(0.E0,1.E0,0.E0));
#1631=DIRECTION('',(1.E0,0.E0,0.E0));
#1632=AXIS2_PLACEMENT_3D('',#1629,#1630,#1631);
#1633=PLANE('',#1632);
#1634=ORIENTED_EDGE('',*,*,#1413,.T.);
#1636=ORIENTED_EDGE('',*,*,#1635,.T.);
#1638=ORIENTED_EDGE('',*,*,#1637,.T.);
#1640=ORIENTED_EDGE('',*,*,#1639,.T.);
#1642=ORIENTED_EDGE('',*,*,#1641,.T.);
#1644=ORIENTED_EDGE('',*,*,#1643,.T.);
#1645=EDGE_LOOP('',(#1634,#1636,#1638,#1640,#1642,#1644));
#1646=FACE_OUTER_BOUND('',#1645,.F.);
#1647=ADVANCED_FACE('',(#1646),#1633,.F.);
#1648=CARTESIAN_POINT('',(0.E0,1.78E-1,0.E0));
#1649=DIRECTION('',(0.E0,1.E0,0.E0));
#1650=DIRECTION('',(1.E0,0.E0,0.E0));
#1651=AXIS2_PLACEMENT_3D('',#1648,#1649,#1650);
#1652=PLANE('',#1651);
#1653=ORIENTED_EDGE('',*,*,#1469,.T.);
#1655=ORIENTED_EDGE('',*,*,#1654,.F.);
#1657=ORIENTED_EDGE('',*,*,#1656,.F.);
#1659=ORIENTED_EDGE('',*,*,#1658,.F.);
#1661=ORIENTED_EDGE('',*,*,#1660,.F.);
#1663=ORIENTED_EDGE('',*,*,#1662,.F.);
#1664=EDGE_LOOP('',(#1653,#1655,#1657,#1659,#1661,#1663));
#1665=FACE_OUTER_BOUND('',#1664,.F.);
#1666=ADVANCED_FACE('',(#1665),#1652,.F.);
#1667=CARTESIAN_POINT('',(0.E0,1.78E-1,0.E0));
#1668=DIRECTION('',(0.E0,1.E0,0.E0));
#1669=DIRECTION('',(1.E0,0.E0,0.E0));
#1670=AXIS2_PLACEMENT_3D('',#1667,#1668,#1669);
#1671=PLANE('',#1670);
#1672=ORIENTED_EDGE('',*,*,#1476,.T.);
#1674=ORIENTED_EDGE('',*,*,#1673,.F.);
#1676=ORIENTED_EDGE('',*,*,#1675,.F.);
#1678=ORIENTED_EDGE('',*,*,#1677,.F.);
#1680=ORIENTED_EDGE('',*,*,#1679,.F.);
#1682=ORIENTED_EDGE('',*,*,#1681,.F.);
#1683=EDGE_LOOP('',(#1672,#1674,#1676,#1678,#1680,#1682));
#1684=FACE_OUTER_BOUND('',#1683,.F.);
#1685=ADVANCED_FACE('',(#1684),#1671,.F.);
#1686=CARTESIAN_POINT('',(-5.E-1,-2.5E-2,1.075E0));
#1687=DIRECTION('',(-1.E0,0.E0,0.E0));
#1688=DIRECTION('',(0.E0,0.E0,-1.E0));
#1689=AXIS2_PLACEMENT_3D('',#1686,#1687,#1688);
#1690=PLANE('',#1689);
#1691=ORIENTED_EDGE('',*,*,#1303,.T.);
#1693=ORIENTED_EDGE('',*,*,#1692,.T.);
#1694=ORIENTED_EDGE('',*,*,#1583,.F.);
#1695=ORIENTED_EDGE('',*,*,#1425,.F.);
#1696=EDGE_LOOP('',(#1691,#1693,#1694,#1695));
#1697=FACE_OUTER_BOUND('',#1696,.F.);
#1698=ADVANCED_FACE('',(#1697),#1690,.T.);
#1699=CARTESIAN_POINT('',(-5.5E-1,-2.5E-2,8.E-1));
#1700=DIRECTION('',(0.E0,1.E0,0.E0));
#1701=DIRECTION('',(-1.E0,0.E0,0.E0));
#1702=AXIS2_PLACEMENT_3D('',#1699,#1700,#1701);
#1703=CYLINDRICAL_SURFACE('',#1702,5.E-2);
#1704=ORIENTED_EDGE('',*,*,#1301,.T.);
#1706=ORIENTED_EDGE('',*,*,#1705,.T.);
#1707=ORIENTED_EDGE('',*,*,#1585,.F.);
#1708=ORIENTED_EDGE('',*,*,#1692,.F.);
#1709=EDGE_LOOP('',(#1704,#1706,#1707,#1708));
#1710=FACE_OUTER_BOUND('',#1709,.F.);
#1711=ADVANCED_FACE('',(#1710),#1703,.F.);
#1712=CARTESIAN_POINT('',(-5.5E-1,-2.5E-2,7.5E-1));
#1713=DIRECTION('',(0.E0,0.E0,1.E0));
#1714=DIRECTION('',(-1.E0,0.E0,0.E0));
#1715=AXIS2_PLACEMENT_3D('',#1712,#1713,#1714);
#1716=PLANE('',#1715);
#1717=ORIENTED_EDGE('',*,*,#1299,.T.);
#1719=ORIENTED_EDGE('',*,*,#1718,.T.);
#1720=ORIENTED_EDGE('',*,*,#1587,.F.);
#1721=ORIENTED_EDGE('',*,*,#1705,.F.);
#1722=EDGE_LOOP('',(#1717,#1719,#1720,#1721));
#1723=FACE_OUTER_BOUND('',#1722,.F.);
#1724=ADVANCED_FACE('',(#1723),#1716,.T.);
#1725=CARTESIAN_POINT('',(-7.5E-1,-2.5E-2,8.E-1));
#1726=DIRECTION('',(0.E0,1.E0,0.E0));
#1727=DIRECTION('',(-1.E0,0.E0,0.E0));
#1728=AXIS2_PLACEMENT_3D('',#1725,#1726,#1727);
#1729=CYLINDRICAL_SURFACE('',#1728,5.E-2);
#1730=ORIENTED_EDGE('',*,*,#1297,.T.);
#1732=ORIENTED_EDGE('',*,*,#1731,.T.);
#1733=ORIENTED_EDGE('',*,*,#1589,.F.);
#1734=ORIENTED_EDGE('',*,*,#1718,.F.);
#1735=EDGE_LOOP('',(#1730,#1732,#1733,#1734));
#1736=FACE_OUTER_BOUND('',#1735,.F.);
#1737=ADVANCED_FACE('',(#1736),#1729,.F.);
#1738=CARTESIAN_POINT('',(-8.E-1,-2.5E-2,8.E-1));
#1739=DIRECTION('',(1.E0,0.E0,0.E0));
#1740=DIRECTION('',(0.E0,0.E0,1.E0));
#1741=AXIS2_PLACEMENT_3D('',#1738,#1739,#1740);
#1742=PLANE('',#1741);
#1743=ORIENTED_EDGE('',*,*,#1295,.F.);
#1744=ORIENTED_EDGE('',*,*,#1429,.T.);
#1745=ORIENTED_EDGE('',*,*,#1591,.F.);
#1746=ORIENTED_EDGE('',*,*,#1731,.F.);
#1747=EDGE_LOOP('',(#1743,#1744,#1745,#1746));
#1748=FACE_OUTER_BOUND('',#1747,.F.);
#1749=ADVANCED_FACE('',(#1748),#1742,.T.);
#1750=CARTESIAN_POINT('',(1.5E-1,-2.5E-2,1.075E0));
#1751=DIRECTION('',(-1.E0,0.E0,0.E0));
#1752=DIRECTION('',(0.E0,0.E0,-1.E0));
#1753=AXIS2_PLACEMENT_3D('',#1750,#1751,#1752);
#1754=PLANE('',#1753);
#1755=ORIENTED_EDGE('',*,*,#1315,.T.);
#1757=ORIENTED_EDGE('',*,*,#1756,.T.);
#1758=ORIENTED_EDGE('',*,*,#1616,.F.);
#1759=ORIENTED_EDGE('',*,*,#1418,.F.);
#1760=EDGE_LOOP('',(#1755,#1757,#1758,#1759));
#1761=FACE_OUTER_BOUND('',#1760,.F.);
#1762=ADVANCED_FACE('',(#1761),#1754,.T.);
#1763=CARTESIAN_POINT('',(1.E-1,-2.5E-2,8.E-1));
#1764=DIRECTION('',(0.E0,1.E0,0.E0));
#1765=DIRECTION('',(-1.E0,0.E0,0.E0));
#1766=AXIS2_PLACEMENT_3D('',#1763,#1764,#1765);
#1767=CYLINDRICAL_SURFACE('',#1766,5.E-2);
#1768=ORIENTED_EDGE('',*,*,#1313,.T.);
#1770=ORIENTED_EDGE('',*,*,#1769,.T.);
#1771=ORIENTED_EDGE('',*,*,#1618,.F.);
#1772=ORIENTED_EDGE('',*,*,#1756,.F.);
#1773=EDGE_LOOP('',(#1768,#1770,#1771,#1772));
#1774=FACE_OUTER_BOUND('',#1773,.F.);
#1775=ADVANCED_FACE('',(#1774),#1767,.F.);
#1776=CARTESIAN_POINT('',(1.E-1,-2.5E-2,7.5E-1));
#1777=DIRECTION('',(0.E0,0.E0,1.E0));
#1778=DIRECTION('',(-1.E0,0.E0,0.E0));
#1779=AXIS2_PLACEMENT_3D('',#1776,#1777,#1778);
#1780=PLANE('',#1779);
#1781=ORIENTED_EDGE('',*,*,#1311,.T.);
#1783=ORIENTED_EDGE('',*,*,#1782,.T.);
#1784=ORIENTED_EDGE('',*,*,#1620,.F.);
#1785=ORIENTED_EDGE('',*,*,#1769,.F.);
#1786=EDGE_LOOP('',(#1781,#1783,#1784,#1785));
#1787=FACE_OUTER_BOUND('',#1786,.F.);
#1788=ADVANCED_FACE('',(#1787),#1780,.T.);
#1789=CARTESIAN_POINT('',(-1.E-1,-2.5E-2,8.E-1));
#1790=DIRECTION('',(0.E0,1.E0,0.E0));
#1791=DIRECTION('',(-1.E0,0.E0,0.E0));
#1792=AXIS2_PLACEMENT_3D('',#1789,#1790,#1791);
#1793=CYLINDRICAL_SURFACE('',#1792,5.E-2);
#1794=ORIENTED_EDGE('',*,*,#1309,.T.);
#1796=ORIENTED_EDGE('',*,*,#1795,.T.);
#1797=ORIENTED_EDGE('',*,*,#1622,.F.);
#1798=ORIENTED_EDGE('',*,*,#1782,.F.);
#1799=EDGE_LOOP('',(#1794,#1796,#1797,#1798));
#1800=FACE_OUTER_BOUND('',#1799,.F.);
#1801=ADVANCED_FACE('',(#1800),#1793,.F.);
#1802=CARTESIAN_POINT('',(-1.5E-1,-2.5E-2,8.E-1));
#1803=DIRECTION('',(1.E0,0.E0,0.E0));
#1804=DIRECTION('',(0.E0,0.E0,1.E0));
#1805=AXIS2_PLACEMENT_3D('',#1802,#1803,#1804);
#1806=PLANE('',#1805);
#1807=ORIENTED_EDGE('',*,*,#1307,.F.);
#1808=ORIENTED_EDGE('',*,*,#1422,.T.);
#1809=ORIENTED_EDGE('',*,*,#1624,.F.);
#1810=ORIENTED_EDGE('',*,*,#1795,.F.);
#1811=EDGE_LOOP('',(#1807,#1808,#1809,#1810));
#1812=FACE_OUTER_BOUND('',#1811,.F.);
#1813=ADVANCED_FACE('',(#1812),#1806,.T.);
#1814=CARTESIAN_POINT('',(8.E-1,-2.5E-2,1.075E0));
#1815=DIRECTION('',(-1.E0,0.E0,0.E0));
#1816=DIRECTION('',(0.E0,0.E0,-1.E0));
#1817=AXIS2_PLACEMENT_3D('',#1814,#1815,#1816);
#1818=PLANE('',#1817);
#1819=ORIENTED_EDGE('',*,*,#1327,.T.);
#1821=ORIENTED_EDGE('',*,*,#1820,.T.);
#1822=ORIENTED_EDGE('',*,*,#1635,.F.);
#1823=ORIENTED_EDGE('',*,*,#1411,.F.);
#1824=EDGE_LOOP('',(#1819,#1821,#1822,#1823));
#1825=FACE_OUTER_BOUND('',#1824,.F.);
#1826=ADVANCED_FACE('',(#1825),#1818,.T.);
#1827=CARTESIAN_POINT('',(7.5E-1,-2.5E-2,8.E-1));
#1828=DIRECTION('',(0.E0,1.E0,0.E0));
#1829=DIRECTION('',(-1.E0,0.E0,0.E0));
#1830=AXIS2_PLACEMENT_3D('',#1827,#1828,#1829);
#1831=CYLINDRICAL_SURFACE('',#1830,5.E-2);
#1832=ORIENTED_EDGE('',*,*,#1325,.T.);
#1834=ORIENTED_EDGE('',*,*,#1833,.T.);
#1835=ORIENTED_EDGE('',*,*,#1637,.F.);
#1836=ORIENTED_EDGE('',*,*,#1820,.F.);
#1837=EDGE_LOOP('',(#1832,#1834,#1835,#1836));
#1838=FACE_OUTER_BOUND('',#1837,.F.);
#1839=ADVANCED_FACE('',(#1838),#1831,.F.);
#1840=CARTESIAN_POINT('',(7.5E-1,-2.5E-2,7.5E-1));
#1841=DIRECTION('',(0.E0,0.E0,1.E0));
#1842=DIRECTION('',(-1.E0,0.E0,0.E0));
#1843=AXIS2_PLACEMENT_3D('',#1840,#1841,#1842);
#1844=PLANE('',#1843);
#1845=ORIENTED_EDGE('',*,*,#1323,.T.);
#1847=ORIENTED_EDGE('',*,*,#1846,.T.);
#1848=ORIENTED_EDGE('',*,*,#1639,.F.);
#1849=ORIENTED_EDGE('',*,*,#1833,.F.);
#1850=EDGE_LOOP('',(#1845,#1847,#1848,#1849));
#1851=FACE_OUTER_BOUND('',#1850,.F.);
#1852=ADVANCED_FACE('',(#1851),#1844,.T.);
#1853=CARTESIAN_POINT('',(5.5E-1,-2.5E-2,8.E-1));
#1854=DIRECTION('',(0.E0,1.E0,0.E0));
#1855=DIRECTION('',(-1.E0,0.E0,0.E0));
#1856=AXIS2_PLACEMENT_3D('',#1853,#1854,#1855);
#1857=CYLINDRICAL_SURFACE('',#1856,5.E-2);
#1858=ORIENTED_EDGE('',*,*,#1321,.T.);
#1860=ORIENTED_EDGE('',*,*,#1859,.T.);
#1861=ORIENTED_EDGE('',*,*,#1641,.F.);
#1862=ORIENTED_EDGE('',*,*,#1846,.F.);
#1863=EDGE_LOOP('',(#1858,#1860,#1861,#1862));
#1864=FACE_OUTER_BOUND('',#1863,.F.);
#1865=ADVANCED_FACE('',(#1864),#1857,.F.);
#1866=CARTESIAN_POINT('',(5.E-1,-2.5E-2,8.E-1));
#1867=DIRECTION('',(1.E0,0.E0,0.E0));
#1868=DIRECTION('',(0.E0,0.E0,1.E0));
#1869=AXIS2_PLACEMENT_3D('',#1866,#1867,#1868);
#1870=PLANE('',#1869);
#1871=ORIENTED_EDGE('',*,*,#1319,.F.);
#1872=ORIENTED_EDGE('',*,*,#1415,.T.);
#1873=ORIENTED_EDGE('',*,*,#1643,.F.);
#1874=ORIENTED_EDGE('',*,*,#1859,.F.);
#1875=EDGE_LOOP('',(#1871,#1872,#1873,#1874));
#1876=FACE_OUTER_BOUND('',#1875,.F.);
#1877=ADVANCED_FACE('',(#1876),#1870,.T.);
#1878=CARTESIAN_POINT('',(-1.5E-1,-2.5E-2,-8.E-1));
#1879=DIRECTION('',(-1.E0,0.E0,0.E0));
#1880=DIRECTION('',(0.E0,0.E0,-1.E0));
#1881=AXIS2_PLACEMENT_3D('',#1878,#1879,#1880);
#1882=PLANE('',#1881);
#1883=ORIENTED_EDGE('',*,*,#1355,.T.);
#1885=ORIENTED_EDGE('',*,*,#1884,.T.);
#1886=ORIENTED_EDGE('',*,*,#1654,.T.);
#1887=ORIENTED_EDGE('',*,*,#1467,.F.);
#1888=EDGE_LOOP('',(#1883,#1885,#1886,#1887));
#1889=FACE_OUTER_BOUND('',#1888,.F.);
#1890=ADVANCED_FACE('',(#1889),#1882,.F.);
#1891=CARTESIAN_POINT('',(-1.E-1,-2.5E-2,-8.E-1));
#1892=DIRECTION('',(0.E0,-1.E0,0.E0));
#1893=DIRECTION('',(-1.E0,0.E0,0.E0));
#1894=AXIS2_PLACEMENT_3D('',#1891,#1892,#1893);
#1895=CYLINDRICAL_SURFACE('',#1894,5.E-2);
#1896=ORIENTED_EDGE('',*,*,#1353,.F.);
#1898=ORIENTED_EDGE('',*,*,#1897,.T.);
#1899=ORIENTED_EDGE('',*,*,#1656,.T.);
#1900=ORIENTED_EDGE('',*,*,#1884,.F.);
#1901=EDGE_LOOP('',(#1896,#1898,#1899,#1900));
#1902=FACE_OUTER_BOUND('',#1901,.F.);
#1903=ADVANCED_FACE('',(#1902),#1895,.F.);
#1904=CARTESIAN_POINT('',(1.E-1,-2.5E-2,-7.5E-1));
#1905=DIRECTION('',(0.E0,0.E0,1.E0));
#1906=DIRECTION('',(-1.E0,0.E0,0.E0));
#1907=AXIS2_PLACEMENT_3D('',#1904,#1905,#1906);
#1908=PLANE('',#1907);
#1909=ORIENTED_EDGE('',*,*,#1351,.F.);
#1911=ORIENTED_EDGE('',*,*,#1910,.T.);
#1912=ORIENTED_EDGE('',*,*,#1658,.T.);
#1913=ORIENTED_EDGE('',*,*,#1897,.F.);
#1914=EDGE_LOOP('',(#1909,#1911,#1912,#1913));
#1915=FACE_OUTER_BOUND('',#1914,.F.);
#1916=ADVANCED_FACE('',(#1915),#1908,.F.);
#1917=CARTESIAN_POINT('',(1.E-1,-2.5E-2,-8.E-1));
#1918=DIRECTION('',(0.E0,-1.E0,0.E0));
#1919=DIRECTION('',(-1.E0,0.E0,0.E0));
#1920=AXIS2_PLACEMENT_3D('',#1917,#1918,#1919);
#1921=CYLINDRICAL_SURFACE('',#1920,5.E-2);
#1922=ORIENTED_EDGE('',*,*,#1349,.F.);
#1924=ORIENTED_EDGE('',*,*,#1923,.T.);
#1925=ORIENTED_EDGE('',*,*,#1660,.T.);
#1926=ORIENTED_EDGE('',*,*,#1910,.F.);
#1927=EDGE_LOOP('',(#1922,#1924,#1925,#1926));
#1928=FACE_OUTER_BOUND('',#1927,.F.);
#1929=ADVANCED_FACE('',(#1928),#1921,.F.);
#1930=CARTESIAN_POINT('',(1.5E-1,-2.5E-2,-1.075E0));
#1931=DIRECTION('',(1.E0,0.E0,0.E0));
#1932=DIRECTION('',(0.E0,0.E0,1.E0));
#1933=AXIS2_PLACEMENT_3D('',#1930,#1931,#1932);
#1934=PLANE('',#1933);
#1935=ORIENTED_EDGE('',*,*,#1347,.F.);
#1936=ORIENTED_EDGE('',*,*,#1471,.T.);
#1937=ORIENTED_EDGE('',*,*,#1662,.T.);
#1938=ORIENTED_EDGE('',*,*,#1923,.F.);
#1939=EDGE_LOOP('',(#1935,#1936,#1937,#1938));
#1940=FACE_OUTER_BOUND('',#1939,.F.);
#1941=ADVANCED_FACE('',(#1940),#1934,.F.);
#1942=CARTESIAN_POINT('',(5.E-1,-2.5E-2,-8.E-1));
#1943=DIRECTION('',(-1.E0,0.E0,0.E0));
#1944=DIRECTION('',(0.E0,0.E0,-1.E0));
#1945=AXIS2_PLACEMENT_3D('',#1942,#1943,#1944);
#1946=PLANE('',#1945);
#1947=ORIENTED_EDGE('',*,*,#1343,.T.);
#1949=ORIENTED_EDGE('',*,*,#1948,.T.);
#1950=ORIENTED_EDGE('',*,*,#1673,.T.);
#1951=ORIENTED_EDGE('',*,*,#1474,.F.);
#1952=EDGE_LOOP('',(#1947,#1949,#1950,#1951));
#1953=FACE_OUTER_BOUND('',#1952,.F.);
#1954=ADVANCED_FACE('',(#1953),#1946,.F.);
#1955=CARTESIAN_POINT('',(5.5E-1,-2.5E-2,-8.E-1));
#1956=DIRECTION('',(0.E0,-1.E0,0.E0));
#1957=DIRECTION('',(-1.E0,0.E0,0.E0));
#1958=AXIS2_PLACEMENT_3D('',#1955,#1956,#1957);
#1959=CYLINDRICAL_SURFACE('',#1958,5.E-2);
#1960=ORIENTED_EDGE('',*,*,#1341,.F.);
#1962=ORIENTED_EDGE('',*,*,#1961,.T.);
#1963=ORIENTED_EDGE('',*,*,#1675,.T.);
#1964=ORIENTED_EDGE('',*,*,#1948,.F.);
#1965=EDGE_LOOP('',(#1960,#1962,#1963,#1964));
#1966=FACE_OUTER_BOUND('',#1965,.F.);
#1967=ADVANCED_FACE('',(#1966),#1959,.F.);
#1968=CARTESIAN_POINT('',(7.5E-1,-2.5E-2,-7.5E-1));
#1969=DIRECTION('',(0.E0,0.E0,1.E0));
#1970=DIRECTION('',(-1.E0,0.E0,0.E0));
#1971=AXIS2_PLACEMENT_3D('',#1968,#1969,#1970);
#1972=PLANE('',#1971);
#1973=ORIENTED_EDGE('',*,*,#1339,.F.);
#1975=ORIENTED_EDGE('',*,*,#1974,.T.);
#1976=ORIENTED_EDGE('',*,*,#1677,.T.);
#1977=ORIENTED_EDGE('',*,*,#1961,.F.);
#1978=EDGE_LOOP('',(#1973,#1975,#1976,#1977));
#1979=FACE_OUTER_BOUND('',#1978,.F.);
#1980=ADVANCED_FACE('',(#1979),#1972,.F.);
#1981=CARTESIAN_POINT('',(7.5E-1,-2.5E-2,-8.E-1));
#1982=DIRECTION('',(0.E0,-1.E0,0.E0));
#1983=DIRECTION('',(-1.E0,0.E0,0.E0));
#1984=AXIS2_PLACEMENT_3D('',#1981,#1982,#1983);
#1985=CYLINDRICAL_SURFACE('',#1984,5.E-2);
#1986=ORIENTED_EDGE('',*,*,#1337,.F.);
#1988=ORIENTED_EDGE('',*,*,#1987,.T.);
#1989=ORIENTED_EDGE('',*,*,#1679,.T.);
#1990=ORIENTED_EDGE('',*,*,#1974,.F.);
#1991=EDGE_LOOP('',(#1986,#1988,#1989,#1990));
#1992=FACE_OUTER_BOUND('',#1991,.F.);
#1993=ADVANCED_FACE('',(#1992),#1985,.F.);
#1994=CARTESIAN_POINT('',(8.E-1,-2.5E-2,-1.075E0));
#1995=DIRECTION('',(1.E0,0.E0,0.E0));
#1996=DIRECTION('',(0.E0,0.E0,1.E0));
#1997=AXIS2_PLACEMENT_3D('',#1994,#1995,#1996);
#1998=PLANE('',#1997);
#1999=ORIENTED_EDGE('',*,*,#1335,.F.);
#2000=ORIENTED_EDGE('',*,*,#1478,.T.);
#2001=ORIENTED_EDGE('',*,*,#1681,.T.);
#2002=ORIENTED_EDGE('',*,*,#1987,.F.);
#2003=EDGE_LOOP('',(#1999,#2000,#2001,#2002));
#2004=FACE_OUTER_BOUND('',#2003,.F.);
#2005=ADVANCED_FACE('',(#2004),#1998,.F.);
#2006=CARTESIAN_POINT('',(1.75E-1,1.78E-1,-4.5E-1));
#2007=DIRECTION('',(-1.E0,0.E0,0.E0));
#2008=DIRECTION('',(0.E0,0.E0,1.E0));
#2009=AXIS2_PLACEMENT_3D('',#2006,#2007,#2008);
#2010=PLANE('',#2009);
#2011=ORIENTED_EDGE('',*,*,#1375,.T.);
#2013=ORIENTED_EDGE('',*,*,#2012,.F.);
#2015=ORIENTED_EDGE('',*,*,#2014,.F.);
#2017=ORIENTED_EDGE('',*,*,#2016,.T.);
#2018=EDGE_LOOP('',(#2011,#2013,#2015,#2017));
#2019=FACE_OUTER_BOUND('',#2018,.F.);
#2020=ADVANCED_FACE('',(#2019),#2010,.F.);
#2021=CARTESIAN_POINT('',(1.75E-1,1.78E-1,4.5E-1));
#2022=DIRECTION('',(0.E0,0.E0,1.E0));
#2023=DIRECTION('',(1.E0,0.E0,0.E0));
#2024=AXIS2_PLACEMENT_3D('',#2021,#2022,#2023);
#2025=PLANE('',#2024);
#2026=ORIENTED_EDGE('',*,*,#1383,.T.);
#2028=ORIENTED_EDGE('',*,*,#2027,.F.);
#2030=ORIENTED_EDGE('',*,*,#2029,.F.);
#2031=ORIENTED_EDGE('',*,*,#2012,.T.);
#2032=EDGE_LOOP('',(#2026,#2028,#2030,#2031));
#2033=FACE_OUTER_BOUND('',#2032,.F.);
#2034=ADVANCED_FACE('',(#2033),#2025,.F.);
#2035=CARTESIAN_POINT('',(8.E-1,1.78E-1,4.5E-1));
#2036=DIRECTION('',(1.E0,0.E0,0.E0));
#2037=DIRECTION('',(0.E0,0.E0,-1.E0));
#2038=AXIS2_PLACEMENT_3D('',#2035,#2036,#2037);
#2039=PLANE('',#2038);
#2040=ORIENTED_EDGE('',*,*,#1381,.T.);
#2042=ORIENTED_EDGE('',*,*,#2041,.F.);
#2044=ORIENTED_EDGE('',*,*,#2043,.F.);
#2045=ORIENTED_EDGE('',*,*,#2027,.T.);
#2046=EDGE_LOOP('',(#2040,#2042,#2044,#2045));
#2047=FACE_OUTER_BOUND('',#2046,.F.);
#2048=ADVANCED_FACE('',(#2047),#2039,.F.);
#2049=CARTESIAN_POINT('',(7.E-1,7.65E-2,-3.5E-1));
#2050=DIRECTION('',(7.071067811865E-1,0.E0,-7.071067811865E-1));
#2051=DIRECTION('',(7.071067811865E-1,0.E0,7.071067811865E-1));
#2052=AXIS2_PLACEMENT_3D('',#2049,#2050,#2051);
#2053=PLANE('',#2052);
#2054=ORIENTED_EDGE('',*,*,#1379,.F.);
#2056=ORIENTED_EDGE('',*,*,#2055,.F.);
#2058=ORIENTED_EDGE('',*,*,#2057,.F.);
#2059=ORIENTED_EDGE('',*,*,#2041,.T.);
#2060=EDGE_LOOP('',(#2054,#2056,#2058,#2059));
#2061=FACE_OUTER_BOUND('',#2060,.F.);
#2062=ADVANCED_FACE('',(#2061),#2053,.F.);
#2063=CARTESIAN_POINT('',(8.E-1,1.78E-1,-4.5E-1));
#2064=DIRECTION('',(0.E0,0.E0,-1.E0));
#2065=DIRECTION('',(-1.E0,0.E0,0.E0));
#2066=AXIS2_PLACEMENT_3D('',#2063,#2064,#2065);
#2067=PLANE('',#2066);
#2068=ORIENTED_EDGE('',*,*,#1377,.T.);
#2069=ORIENTED_EDGE('',*,*,#2016,.F.);
#2071=ORIENTED_EDGE('',*,*,#2070,.F.);
#2072=ORIENTED_EDGE('',*,*,#2055,.T.);
#2073=EDGE_LOOP('',(#2068,#2069,#2071,#2072));
#2074=FACE_OUTER_BOUND('',#2073,.F.);
#2075=ADVANCED_FACE('',(#2074),#2067,.F.);
#2076=CARTESIAN_POINT('',(0.E0,1.78E-1,0.E0));
#2077=DIRECTION('',(0.E0,1.E0,0.E0));
#2078=DIRECTION('',(1.E0,0.E0,0.E0));
#2079=AXIS2_PLACEMENT_3D('',#2076,#2077,#2078);
#2080=PLANE('',#2079);
#2081=ORIENTED_EDGE('',*,*,#2057,.T.);
#2082=ORIENTED_EDGE('',*,*,#2070,.T.);
#2083=ORIENTED_EDGE('',*,*,#2014,.T.);
#2084=ORIENTED_EDGE('',*,*,#2029,.T.);
#2085=ORIENTED_EDGE('',*,*,#2043,.T.);
#2086=EDGE_LOOP('',(#2081,#2082,#2083,#2084,#2085));
#2087=FACE_OUTER_BOUND('',#2086,.F.);
#2088=ADVANCED_FACE('',(#2087),#2080,.F.);
#2089=CARTESIAN_POINT('',(-8.E-1,1.78E-1,-4.5E-1));
#2090=DIRECTION('',(-1.E0,0.E0,0.E0));
#2091=DIRECTION('',(0.E0,0.E0,1.E0));
#2092=AXIS2_PLACEMENT_3D('',#2089,#2090,#2091);
#2093=PLANE('',#2092);
#2094=ORIENTED_EDGE('',*,*,#1387,.T.);
#2096=ORIENTED_EDGE('',*,*,#2095,.F.);
#2098=ORIENTED_EDGE('',*,*,#2097,.F.);
#2100=ORIENTED_EDGE('',*,*,#2099,.T.);
#2101=EDGE_LOOP('',(#2094,#2096,#2098,#2100));
#2102=FACE_OUTER_BOUND('',#2101,.F.);
#2103=ADVANCED_FACE('',(#2102),#2093,.F.);
#2104=CARTESIAN_POINT('',(-8.E-1,1.78E-1,4.5E-1));
#2105=DIRECTION('',(0.E0,0.E0,1.E0));
#2106=DIRECTION('',(1.E0,0.E0,0.E0));
#2107=AXIS2_PLACEMENT_3D('',#2104,#2105,#2106);
#2108=PLANE('',#2107);
#2109=ORIENTED_EDGE('',*,*,#1393,.T.);
#2111=ORIENTED_EDGE('',*,*,#2110,.F.);
#2113=ORIENTED_EDGE('',*,*,#2112,.F.);
#2114=ORIENTED_EDGE('',*,*,#2095,.T.);
#2115=EDGE_LOOP('',(#2109,#2111,#2113,#2114));
#2116=FACE_OUTER_BOUND('',#2115,.F.);
#2117=ADVANCED_FACE('',(#2116),#2108,.F.);
#2118=CARTESIAN_POINT('',(-1.75E-1,1.78E-1,4.5E-1));
#2119=DIRECTION('',(1.E0,0.E0,0.E0));
#2120=DIRECTION('',(0.E0,0.E0,-1.E0));
#2121=AXIS2_PLACEMENT_3D('',#2118,#2119,#2120);
#2122=PLANE('',#2121);
#2123=ORIENTED_EDGE('',*,*,#1391,.T.);
#2125=ORIENTED_EDGE('',*,*,#2124,.F.);
#2127=ORIENTED_EDGE('',*,*,#2126,.F.);
#2128=ORIENTED_EDGE('',*,*,#2110,.T.);
#2129=EDGE_LOOP('',(#2123,#2125,#2127,#2128));
#2130=FACE_OUTER_BOUND('',#2129,.F.);
#2131=ADVANCED_FACE('',(#2130),#2122,.F.);
#2132=CARTESIAN_POINT('',(-1.75E-1,1.78E-1,-4.5E-1));
#2133=DIRECTION('',(0.E0,0.E0,-1.E0));
#2134=DIRECTION('',(-1.E0,0.E0,0.E0));
#2135=AXIS2_PLACEMENT_3D('',#2132,#2133,#2134);
#2136=PLANE('',#2135);
#2137=ORIENTED_EDGE('',*,*,#1389,.T.);
#2138=ORIENTED_EDGE('',*,*,#2099,.F.);
#2140=ORIENTED_EDGE('',*,*,#2139,.F.);
#2141=ORIENTED_EDGE('',*,*,#2124,.T.);
#2142=EDGE_LOOP('',(#2137,#2138,#2140,#2141));
#2143=FACE_OUTER_BOUND('',#2142,.F.);
#2144=ADVANCED_FACE('',(#2143),#2136,.F.);
#2145=CARTESIAN_POINT('',(0.E0,1.78E-1,0.E0));
#2146=DIRECTION('',(0.E0,1.E0,0.E0));
#2147=DIRECTION('',(1.E0,0.E0,0.E0));
#2148=AXIS2_PLACEMENT_3D('',#2145,#2146,#2147);
#2149=PLANE('',#2148);
#2150=ORIENTED_EDGE('',*,*,#2097,.T.);
#2151=ORIENTED_EDGE('',*,*,#2112,.T.);
#2152=ORIENTED_EDGE('',*,*,#2126,.T.);
#2153=ORIENTED_EDGE('',*,*,#2139,.T.);
#2154=EDGE_LOOP('',(#2150,#2151,#2152,#2153));
#2155=FACE_OUTER_BOUND('',#2154,.F.);
#2156=ADVANCED_FACE('',(#2155),#2149,.F.);
#2157=CLOSED_SHELL('',(#1397,#1433,#1447,#1482,#1495,#1507,#1521,#1535,#1549,
#1563,#1576,#1595,#1609,#1628,#1647,#1666,#1685,#1698,#1711,#1724,#1737,#1749,
#1762,#1775,#1788,#1801,#1813,#1826,#1839,#1852,#1865,#1877,#1890,#1903,#1916,
#1929,#1941,#1954,#1967,#1980,#1993,#2005,#2020,#2034,#2048,#2062,#2075,#2088,
#2103,#2117,#2131,#2144,#2156));
#2158=MANIFOLD_SOLID_BREP('',#2157);
#2159=FILL_AREA_STYLE_COLOUR('',#3);
#2160=FILL_AREA_STYLE('',(#2159));
#2161=SURFACE_STYLE_FILL_AREA(#2160);
#2162=SURFACE_SIDE_STYLE('',(#2161));
#2163=SURFACE_STYLE_USAGE(.BOTH.,#2162);
#2164=PRESENTATION_STYLE_ASSIGNMENT((#2163));
#37=STYLED_ITEM('',(#2164),#2158);
#2166=DIMENSIONAL_EXPONENTS(0.E0,0.E0,0.E0,0.E0,0.E0,0.E0,0.E0);
#2168=PLANE_ANGLE_MEASURE_WITH_UNIT(PLANE_ANGLE_MEASURE(1.745329251994E-2),
#2167);
#2169=(CONVERSION_BASED_UNIT('DEGREE',#2168)NAMED_UNIT(*)PLANE_ANGLE_UNIT());
#2171=UNCERTAINTY_MEASURE_WITH_UNIT(LENGTH_MEASURE(3.111145386427E-4),#2165,
'closure',
'Maximum model space distance between geometric entities at asserted connectivities');
#2172=(GEOMETRIC_REPRESENTATION_CONTEXT(3)GLOBAL_UNCERTAINTY_ASSIGNED_CONTEXT((
#2171))GLOBAL_UNIT_ASSIGNED_CONTEXT((#2165,#2169,#2170))REPRESENTATION_CONTEXT(
'ID1','3'));
#2173=CARTESIAN_POINT('',(0.E0,0.E0,0.E0));
#2174=DIRECTION('',(0.E0,0.E0,1.E0));
#2175=DIRECTION('',(1.E0,0.E0,0.E0));
#2178=APPLICATION_CONTEXT(
'CONFIGURATION CONTROLLED 3D DESIGNS OF MECHANICAL PARTS AND ASSEMBLIES');
#2179=APPLICATION_PROTOCOL_DEFINITION('international standard',
'config_control_design',1994,#2178);
#2180=DESIGN_CONTEXT('',#2178,'design');
#2181=MECHANICAL_CONTEXT('',#2178,'mechanical');
#2182=PRODUCT('BODY-SON','BODY-SON','NOT SPECIFIED',(#2181));
#2183=PRODUCT_DEFINITION_FORMATION_WITH_SPECIFIED_SOURCE('91','LAST_VERSION',
#2182,.MADE.);
#2192=CARTESIAN_POINT('',(0.E0,0.E0,2.5E-2));
#2193=DIRECTION('',(1.E0,0.E0,0.E0));
#2194=DIRECTION('',(0.E0,1.E0,0.E0));
#2195=AXIS2_PLACEMENT_3D('',#2192,#2193,#2194);
#2196=ITEM_DEFINED_TRANSFORMATION('','',#2176,#2195);
#2197=(REPRESENTATION_RELATIONSHIP('','',#2177,#2189)REPRESENTATION_RELATIONSHIP_WITH_TRANSFORMATION(#2196)SHAPE_REPRESENTATION_RELATIONSHIP());
#2198=CONTEXT_DEPENDENT_SHAPE_REPRESENTATION(#2197,#2191);
#2200=DIRECTION('',(0.E0,0.E0,-1.E0));
#2201=VECTOR('',#2200,2.E-1);
#2202=CARTESIAN_POINT('',(5.E-1,0.E0,-8.E-1));
#2203=LINE('',#2202,#2201);
#2204=CURVE_STYLE('',#42,POSITIVE_LENGTH_MEASURE(2.E-2),#31);
#2205=PRESENTATION_STYLE_ASSIGNMENT((#2204));
#2206=STYLED_ITEM('',(#2205),#2203);
#2207=CARTESIAN_POINT('',(5.5E-1,0.E0,-8.E-1));
#2208=DIRECTION('',(0.E0,-1.E0,0.E0));
#2209=DIRECTION('',(0.E0,0.E0,1.E0));
#2210=AXIS2_PLACEMENT_3D('',#2207,#2208,#2209);
#2212=CURVE_STYLE('',#42,POSITIVE_LENGTH_MEASURE(2.E-2),#31);
#2213=PRESENTATION_STYLE_ASSIGNMENT((#2212));
#2214=STYLED_ITEM('',(#2213),#2211);
#2215=DIRECTION('',(-1.E0,0.E0,0.E0));
#2216=VECTOR('',#2215,2.E-1);
#2217=CARTESIAN_POINT('',(7.5E-1,0.E0,-7.5E-1));
#2218=LINE('',#2217,#2216);
#2219=CURVE_STYLE('',#42,POSITIVE_LENGTH_MEASURE(2.E-2),#31);
#2220=PRESENTATION_STYLE_ASSIGNMENT((#2219));
#2221=STYLED_ITEM('',(#2220),#2218);
#2222=CARTESIAN_POINT('',(7.5E-1,0.E0,-8.E-1));
#2223=DIRECTION('',(0.E0,-1.E0,0.E0));
#2224=DIRECTION('',(1.E0,0.E0,0.E0));
#2225=AXIS2_PLACEMENT_3D('',#2222,#2223,#2224);
#2227=CURVE_STYLE('',#42,POSITIVE_LENGTH_MEASURE(2.E-2),#31);
#2228=PRESENTATION_STYLE_ASSIGNMENT((#2227));
#2229=STYLED_ITEM('',(#2228),#2226);
#2230=DIRECTION('',(0.E0,0.E0,1.E0));
#2231=VECTOR('',#2230,2.E-1);
#2232=CARTESIAN_POINT('',(8.E-1,0.E0,-1.E0));
#2233=LINE('',#2232,#2231);
#2234=CURVE_STYLE('',#42,POSITIVE_LENGTH_MEASURE(2.E-2),#31);
#2235=PRESENTATION_STYLE_ASSIGNMENT((#2234));
#2236=STYLED_ITEM('',(#2235),#2233);
#2237=DIRECTION('',(1.E0,0.E0,0.E0));
#2238=VECTOR('',#2237,3.E-1);
#2239=CARTESIAN_POINT('',(5.E-1,0.E0,-1.E0));
#2240=LINE('',#2239,#2238);
#2241=CURVE_STYLE('',#42,POSITIVE_LENGTH_MEASURE(2.E-2),#31);
#2242=PRESENTATION_STYLE_ASSIGNMENT((#2241));
#2243=STYLED_ITEM('',(#2242),#2240);
#2244=DIRECTION('',(0.E0,-1.E0,0.E0));
#2245=VECTOR('',#2244,2.03E-1);
#2246=CARTESIAN_POINT('',(5.E-1,2.03E-1,-1.E0));
#2247=LINE('',#2246,#2245);
#2248=CURVE_STYLE('',#42,POSITIVE_LENGTH_MEASURE(2.E-2),#31);
#2249=PRESENTATION_STYLE_ASSIGNMENT((#2248));
#2250=STYLED_ITEM('',(#2249),#2247);
#2251=DIRECTION('',(0.E0,1.E0,0.E0));
#2252=VECTOR('',#2251,2.03E-1);
#2253=CARTESIAN_POINT('',(5.E-1,0.E0,-8.E-1));
#2254=LINE('',#2253,#2252);
#2255=CURVE_STYLE('',#42,POSITIVE_LENGTH_MEASURE(2.E-2),#31);
#2256=PRESENTATION_STYLE_ASSIGNMENT((#2255));
#2257=STYLED_ITEM('',(#2256),#2254);
#2258=DIRECTION('',(0.E0,-1.E0,0.E0));
#2259=VECTOR('',#2258,2.03E-1);
#2260=CARTESIAN_POINT('',(8.E-1,2.03E-1,-1.E0));
#2261=LINE('',#2260,#2259);
#2262=CURVE_STYLE('',#42,POSITIVE_LENGTH_MEASURE(2.E-2),#31);
#2263=PRESENTATION_STYLE_ASSIGNMENT((#2262));
#2264=STYLED_ITEM('',(#2263),#2261);
#2265=DIRECTION('',(0.E0,1.E0,0.E0));
#2266=VECTOR('',#2265,2.03E-1);
#2267=CARTESIAN_POINT('',(8.E-1,0.E0,-8.E-1));
#2268=LINE('',#2267,#2266);
#2269=CURVE_STYLE('',#42,POSITIVE_LENGTH_MEASURE(2.E-2),#31);
#2270=PRESENTATION_STYLE_ASSIGNMENT((#2269));
#2271=STYLED_ITEM('',(#2270),#2268);
#2272=DIRECTION('',(0.E0,1.E0,0.E0));
#2273=VECTOR('',#2272,2.03E-1);
#2274=CARTESIAN_POINT('',(7.5E-1,0.E0,-7.5E-1));
#2275=LINE('',#2274,#2273);
#2276=CURVE_STYLE('',#42,POSITIVE_LENGTH_MEASURE(2.E-2),#31);
#2277=PRESENTATION_STYLE_ASSIGNMENT((#2276));
#2278=STYLED_ITEM('',(#2277),#2275);
#2279=DIRECTION('',(0.E0,1.E0,0.E0));
#2280=VECTOR('',#2279,2.03E-1);
#2281=CARTESIAN_POINT('',(5.5E-1,0.E0,-7.5E-1));
#2282=LINE('',#2281,#2280);
#2283=CURVE_STYLE('',#42,POSITIVE_LENGTH_MEASURE(2.E-2),#31);
#2284=PRESENTATION_STYLE_ASSIGNMENT((#2283));
#2285=STYLED_ITEM('',(#2284),#2282);
#2286=DIRECTION('',(1.E0,0.E0,0.E0));
#2287=VECTOR('',#2286,3.E-1);
#2288=CARTESIAN_POINT('',(5.E-1,2.03E-1,-1.E0));
#2289=LINE('',#2288,#2287);
#2290=CURVE_STYLE('',#42,POSITIVE_LENGTH_MEASURE(2.E-2),#31);
#2291=PRESENTATION_STYLE_ASSIGNMENT((#2290));
#2292=STYLED_ITEM('',(#2291),#2289);
#2293=DIRECTION('',(0.E0,0.E0,1.E0));
#2294=VECTOR('',#2293,2.E-1);
#2295=CARTESIAN_POINT('',(8.E-1,2.03E-1,-1.E0));
#2296=LINE('',#2295,#2294);
#2297=CURVE_STYLE('',#42,POSITIVE_LENGTH_MEASURE(2.E-2),#31);
#2298=PRESENTATION_STYLE_ASSIGNMENT((#2297));
#2299=STYLED_ITEM('',(#2298),#2296);
#2300=CARTESIAN_POINT('',(7.5E-1,2.03E-1,-8.E-1));
#2301=DIRECTION('',(0.E0,-1.E0,0.E0));
#2302=DIRECTION('',(1.E0,0.E0,0.E0));
#2303=AXIS2_PLACEMENT_3D('',#2300,#2301,#2302);
#2305=CURVE_STYLE('',#42,POSITIVE_LENGTH_MEASURE(2.E-2),#31);
#2306=PRESENTATION_STYLE_ASSIGNMENT((#2305));
#2307=STYLED_ITEM('',(#2306),#2304);
#2308=DIRECTION('',(-1.E0,0.E0,0.E0));
#2309=VECTOR('',#2308,2.E-1);
#2310=CARTESIAN_POINT('',(7.5E-1,2.03E-1,-7.5E-1));
#2311=LINE('',#2310,#2309);
#2312=CURVE_STYLE('',#42,POSITIVE_LENGTH_MEASURE(2.E-2),#31);
#2313=PRESENTATION_STYLE_ASSIGNMENT((#2312));
#2314=STYLED_ITEM('',(#2313),#2311);
#2315=CARTESIAN_POINT('',(5.5E-1,2.03E-1,-8.E-1));
#2316=DIRECTION('',(0.E0,-1.E0,0.E0));
#2317=DIRECTION('',(0.E0,0.E0,1.E0));
#2318=AXIS2_PLACEMENT_3D('',#2315,#2316,#2317);
#2320=CURVE_STYLE('',#42,POSITIVE_LENGTH_MEASURE(2.E-2),#31);
#2321=PRESENTATION_STYLE_ASSIGNMENT((#2320));
#2322=STYLED_ITEM('',(#2321),#2319);
#2323=DIRECTION('',(0.E0,0.E0,-1.E0));
#2324=VECTOR('',#2323,2.E-1);
#2325=CARTESIAN_POINT('',(5.E-1,2.03E-1,-8.E-1));
#2326=LINE('',#2325,#2324);
#2327=CURVE_STYLE('',#42,POSITIVE_LENGTH_MEASURE(2.E-2),#31);
#2328=PRESENTATION_STYLE_ASSIGNMENT((#2327));
#2329=STYLED_ITEM('',(#2328),#2326);
#2330=CARTESIAN_POINT('',(7.5E-1,0.E0,-7.5E-1));
#2331=CARTESIAN_POINT('',(5.5E-1,0.E0,-7.5E-1));
#2332=VERTEX_POINT('',#2330);
#2333=VERTEX_POINT('',#2331);
#2334=CARTESIAN_POINT('',(7.5E-1,2.03E-1,-7.5E-1));
#2335=CARTESIAN_POINT('',(5.5E-1,2.03E-1,-7.5E-1));
#2336=VERTEX_POINT('',#2334);
#2337=VERTEX_POINT('',#2335);
#2338=CARTESIAN_POINT('',(8.E-1,2.03E-1,-1.E0));
#2339=CARTESIAN_POINT('',(8.E-1,0.E0,-1.E0));
#2340=VERTEX_POINT('',#2338);
#2341=VERTEX_POINT('',#2339);
#2342=CARTESIAN_POINT('',(5.E-1,2.03E-1,-1.E0));
#2343=CARTESIAN_POINT('',(5.E-1,0.E0,-1.E0));
#2344=VERTEX_POINT('',#2342);
#2345=VERTEX_POINT('',#2343);
#2346=CARTESIAN_POINT('',(8.E-1,2.03E-1,-8.E-1));
#2347=VERTEX_POINT('',#2346);
#2348=CARTESIAN_POINT('',(5.E-1,2.03E-1,-8.E-1));
#2349=VERTEX_POINT('',#2348);
#2350=CARTESIAN_POINT('',(5.E-1,0.E0,-8.E-1));
#2351=VERTEX_POINT('',#2350);
#2352=CARTESIAN_POINT('',(8.E-1,0.E0,-8.E-1));
#2353=VERTEX_POINT('',#2352);
#2354=CARTESIAN_POINT('',(0.E0,0.E0,0.E0));
#2355=DIRECTION('',(0.E0,1.E0,0.E0));
#2356=DIRECTION('',(1.E0,0.E0,0.E0));
#2357=AXIS2_PLACEMENT_3D('',#2354,#2355,#2356);
#2358=PLANE('',#2357);
#2360=ORIENTED_EDGE('',*,*,#2359,.F.);
#2362=ORIENTED_EDGE('',*,*,#2361,.F.);
#2364=ORIENTED_EDGE('',*,*,#2363,.F.);
#2366=ORIENTED_EDGE('',*,*,#2365,.F.);
#2368=ORIENTED_EDGE('',*,*,#2367,.F.);
#2370=ORIENTED_EDGE('',*,*,#2369,.F.);
#2371=EDGE_LOOP('',(#2360,#2362,#2364,#2366,#2368,#2370));
#2372=FACE_OUTER_BOUND('',#2371,.F.);
#2373=ADVANCED_FACE('',(#2372),#2358,.F.);
#2374=CARTESIAN_POINT('',(5.E-1,0.E0,-8.E-1));
#2375=DIRECTION('',(-1.E0,0.E0,0.E0));
#2376=DIRECTION('',(0.E0,0.E0,-1.E0));
#2377=AXIS2_PLACEMENT_3D('',#2374,#2375,#2376);
#2378=PLANE('',#2377);
#2380=ORIENTED_EDGE('',*,*,#2379,.F.);
#2382=ORIENTED_EDGE('',*,*,#2381,.F.);
#2384=ORIENTED_EDGE('',*,*,#2383,.F.);
#2385=ORIENTED_EDGE('',*,*,#2359,.T.);
#2386=EDGE_LOOP('',(#2380,#2382,#2384,#2385));
#2387=FACE_OUTER_BOUND('',#2386,.F.);
#2388=ADVANCED_FACE('',(#2387),#2378,.T.);
#2389=CARTESIAN_POINT('',(-1.E0,2.03E-1,-1.E0));
#2390=DIRECTION('',(0.E0,0.E0,1.E0));
#2391=DIRECTION('',(1.E0,0.E0,0.E0));
#2392=AXIS2_PLACEMENT_3D('',#2389,#2390,#2391);
#2393=PLANE('',#2392);
#2395=ORIENTED_EDGE('',*,*,#2394,.F.);
#2397=ORIENTED_EDGE('',*,*,#2396,.F.);
#2398=ORIENTED_EDGE('',*,*,#2379,.T.);
#2399=ORIENTED_EDGE('',*,*,#2369,.T.);
#2400=EDGE_LOOP('',(#2395,#2397,#2398,#2399));
#2401=FACE_OUTER_BOUND('',#2400,.F.);
#2402=ADVANCED_FACE('',(#2401),#2393,.F.);
#2403=FILL_AREA_STYLE_COLOUR('',#29);
#2404=FILL_AREA_STYLE('',(#2403));
#2405=SURFACE_STYLE_FILL_AREA(#2404);
#2406=SURFACE_SIDE_STYLE('',(#2405));
#2407=SURFACE_STYLE_USAGE(.POSITIVE.,#2406);
#2408=FILL_AREA_STYLE_COLOUR('',#31);
#2409=FILL_AREA_STYLE('',(#2408));
#2410=SURFACE_STYLE_FILL_AREA(#2409);
#2411=SURFACE_SIDE_STYLE('',(#2410));
#2412=SURFACE_STYLE_USAGE(.NEGATIVE.,#2411);
#2413=PRESENTATION_STYLE_ASSIGNMENT((#2407,#2412));
#2414=OVER_RIDING_STYLED_ITEM('',(#2413),#2402,#2199);
#2415=CARTESIAN_POINT('',(8.E-1,0.E0,-1.075E0));
#2416=DIRECTION('',(1.E0,0.E0,0.E0));
#2417=DIRECTION('',(0.E0,0.E0,1.E0));
#2418=AXIS2_PLACEMENT_3D('',#2415,#2416,#2417);
#2419=PLANE('',#2418);
#2420=ORIENTED_EDGE('',*,*,#2394,.T.);
#2421=ORIENTED_EDGE('',*,*,#2367,.T.);
#2423=ORIENTED_EDGE('',*,*,#2422,.T.);
#2425=ORIENTED_EDGE('',*,*,#2424,.F.);
#2426=EDGE_LOOP('',(#2420,#2421,#2423,#2425));
#2427=FACE_OUTER_BOUND('',#2426,.F.);
#2428=ADVANCED_FACE('',(#2427),#2419,.T.);
#2429=CARTESIAN_POINT('',(7.5E-1,0.E0,-8.E-1));
#2430=DIRECTION('',(0.E0,-1.E0,0.E0));
#2431=DIRECTION('',(-1.E0,0.E0,0.E0));
#2432=AXIS2_PLACEMENT_3D('',#2429,#2430,#2431);
#2433=CYLINDRICAL_SURFACE('',#2432,5.E-2);
#2434=ORIENTED_EDGE('',*,*,#2365,.T.);
#2436=ORIENTED_EDGE('',*,*,#2435,.T.);
#2438=ORIENTED_EDGE('',*,*,#2437,.F.);
#2439=ORIENTED_EDGE('',*,*,#2422,.F.);
#2440=EDGE_LOOP('',(#2434,#2436,#2438,#2439));
#2441=FACE_OUTER_BOUND('',#2440,.F.);
#2442=ADVANCED_FACE('',(#2441),#2433,.T.);
#2443=CARTESIAN_POINT('',(7.5E-1,0.E0,-7.5E-1));
#2444=DIRECTION('',(0.E0,0.E0,1.E0));
#2445=DIRECTION('',(-1.E0,0.E0,0.E0));
#2446=AXIS2_PLACEMENT_3D('',#2443,#2444,#2445);
#2447=PLANE('',#2446);
#2448=ORIENTED_EDGE('',*,*,#2363,.T.);
#2450=ORIENTED_EDGE('',*,*,#2449,.T.);
#2452=ORIENTED_EDGE('',*,*,#2451,.F.);
#2453=ORIENTED_EDGE('',*,*,#2435,.F.);
#2454=EDGE_LOOP('',(#2448,#2450,#2452,#2453));
#2455=FACE_OUTER_BOUND('',#2454,.F.);
#2456=ADVANCED_FACE('',(#2455),#2447,.T.);
#2457=CARTESIAN_POINT('',(5.5E-1,0.E0,-8.E-1));
#2458=DIRECTION('',(0.E0,-1.E0,0.E0));
#2459=DIRECTION('',(-1.E0,0.E0,0.E0));
#2460=AXIS2_PLACEMENT_3D('',#2457,#2458,#2459);
#2461=CYLINDRICAL_SURFACE('',#2460,5.E-2);
#2462=ORIENTED_EDGE('',*,*,#2361,.T.);
#2463=ORIENTED_EDGE('',*,*,#2383,.T.);
#2465=ORIENTED_EDGE('',*,*,#2464,.F.);
#2466=ORIENTED_EDGE('',*,*,#2449,.F.);
#2467=EDGE_LOOP('',(#2462,#2463,#2465,#2466));
#2468=FACE_OUTER_BOUND('',#2467,.F.);
#2469=ADVANCED_FACE('',(#2468),#2461,.T.);
#2470=CARTESIAN_POINT('',(0.E0,2.03E-1,0.E0));
#2471=DIRECTION('',(0.E0,1.E0,0.E0));
#2472=DIRECTION('',(1.E0,0.E0,0.E0));
#2473=AXIS2_PLACEMENT_3D('',#2470,#2471,#2472);
#2474=PLANE('',#2473);
#2475=ORIENTED_EDGE('',*,*,#2396,.T.);
#2476=ORIENTED_EDGE('',*,*,#2424,.T.);
#2477=ORIENTED_EDGE('',*,*,#2437,.T.);
#2478=ORIENTED_EDGE('',*,*,#2451,.T.);
#2479=ORIENTED_EDGE('',*,*,#2464,.T.);
#2480=ORIENTED_EDGE('',*,*,#2381,.T.);
#2481=EDGE_LOOP('',(#2475,#2476,#2477,#2478,#2479,#2480));
#2482=FACE_OUTER_BOUND('',#2481,.F.);
#2483=ADVANCED_FACE('',(#2482),#2474,.T.);
#2484=CLOSED_SHELL('',(#2373,#2388,#2402,#2428,#2442,#2456,#2469,#2483));
#2485=MANIFOLD_SOLID_BREP('',#2484);
#2486=FILL_AREA_STYLE_COLOUR('',#31);
#2487=FILL_AREA_STYLE('',(#2486));
#2488=SURFACE_STYLE_FILL_AREA(#2487);
#2489=SURFACE_SIDE_STYLE('',(#2488));
#2490=SURFACE_STYLE_USAGE(.BOTH.,#2489);
#2491=PRESENTATION_STYLE_ASSIGNMENT((#2490));
#2199=STYLED_ITEM('',(#2491),#2485);
#2493=DIRECTION('',(1.E0,0.E0,0.E0));
#2494=VECTOR('',#2493,3.E-1);
#2495=CARTESIAN_POINT('',(-8.E-1,0.E0,-1.E0));
#2496=LINE('',#2495,#2494);
#2497=CURVE_STYLE('',#42,POSITIVE_LENGTH_MEASURE(2.E-2),#31);
#2498=PRESENTATION_STYLE_ASSIGNMENT((#2497));
#2499=STYLED_ITEM('',(#2498),#2496);
#2500=DIRECTION('',(0.E0,0.E0,-1.E0));
#2501=VECTOR('',#2500,2.E-1);
#2502=CARTESIAN_POINT('',(-8.E-1,0.E0,-8.E-1));
#2503=LINE('',#2502,#2501);
#2504=CURVE_STYLE('',#42,POSITIVE_LENGTH_MEASURE(2.E-2),#31);
#2505=PRESENTATION_STYLE_ASSIGNMENT((#2504));
#2506=STYLED_ITEM('',(#2505),#2503);
#2507=CARTESIAN_POINT('',(-7.5E-1,0.E0,-8.E-1));
#2508=DIRECTION('',(0.E0,-1.E0,0.E0));
#2509=DIRECTION('',(0.E0,0.E0,1.E0));
#2510=AXIS2_PLACEMENT_3D('',#2507,#2508,#2509);
#2512=CURVE_STYLE('',#42,POSITIVE_LENGTH_MEASURE(2.E-2),#31);
#2513=PRESENTATION_STYLE_ASSIGNMENT((#2512));
#2514=STYLED_ITEM('',(#2513),#2511);
#2515=DIRECTION('',(-1.E0,0.E0,0.E0));
#2516=VECTOR('',#2515,2.E-1);
#2517=CARTESIAN_POINT('',(-5.5E-1,0.E0,-7.5E-1));
#2518=LINE('',#2517,#2516);
#2519=CURVE_STYLE('',#42,POSITIVE_LENGTH_MEASURE(2.E-2),#31);
#2520=PRESENTATION_STYLE_ASSIGNMENT((#2519));
#2521=STYLED_ITEM('',(#2520),#2518);
#2522=CARTESIAN_POINT('',(-5.5E-1,0.E0,-8.E-1));
#2523=DIRECTION('',(0.E0,-1.E0,0.E0));
#2524=DIRECTION('',(1.E0,0.E0,0.E0));
#2525=AXIS2_PLACEMENT_3D('',#2522,#2523,#2524);
#2527=CURVE_STYLE('',#42,POSITIVE_LENGTH_MEASURE(2.E-2),#31);
#2528=PRESENTATION_STYLE_ASSIGNMENT((#2527));
#2529=STYLED_ITEM('',(#2528),#2526);
#2530=DIRECTION('',(0.E0,0.E0,1.E0));
#2531=VECTOR('',#2530,2.E-1);
#2532=CARTESIAN_POINT('',(-5.E-1,0.E0,-1.E0));
#2533=LINE('',#2532,#2531);
#2534=CURVE_STYLE('',#42,POSITIVE_LENGTH_MEASURE(2.E-2),#31);
#2535=PRESENTATION_STYLE_ASSIGNMENT((#2534));
#2536=STYLED_ITEM('',(#2535),#2533);
#2537=DIRECTION('',(0.E0,-1.E0,0.E0));
#2538=VECTOR('',#2537,2.03E-1);
#2539=CARTESIAN_POINT('',(-8.E-1,2.03E-1,-1.E0));
#2540=LINE('',#2539,#2538);
#2541=CURVE_STYLE('',#42,POSITIVE_LENGTH_MEASURE(2.E-2),#31);
#2542=PRESENTATION_STYLE_ASSIGNMENT((#2541));
#2543=STYLED_ITEM('',(#2542),#2540);
#2544=DIRECTION('',(0.E0,1.E0,0.E0));
#2545=VECTOR('',#2544,2.03E-1);
#2546=CARTESIAN_POINT('',(-8.E-1,0.E0,-8.E-1));
#2547=LINE('',#2546,#2545);
#2548=CURVE_STYLE('',#42,POSITIVE_LENGTH_MEASURE(2.E-2),#31);
#2549=PRESENTATION_STYLE_ASSIGNMENT((#2548));
#2550=STYLED_ITEM('',(#2549),#2547);
#2551=DIRECTION('',(1.E0,0.E0,0.E0));
#2552=VECTOR('',#2551,3.E-1);
#2553=CARTESIAN_POINT('',(-8.E-1,2.03E-1,-1.E0));
#2554=LINE('',#2553,#2552);
#2555=CURVE_STYLE('',#42,POSITIVE_LENGTH_MEASURE(2.E-2),#31);
#2556=PRESENTATION_STYLE_ASSIGNMENT((#2555));
#2557=STYLED_ITEM('',(#2556),#2554);
#2558=DIRECTION('',(0.E0,0.E0,1.E0));
#2559=VECTOR('',#2558,2.E-1);
#2560=CARTESIAN_POINT('',(-5.E-1,2.03E-1,-1.E0));
#2561=LINE('',#2560,#2559);
#2562=CURVE_STYLE('',#42,POSITIVE_LENGTH_MEASURE(2.E-2),#31);
#2563=PRESENTATION_STYLE_ASSIGNMENT((#2562));
#2564=STYLED_ITEM('',(#2563),#2561);
#2565=CARTESIAN_POINT('',(-5.5E-1,2.03E-1,-8.E-1));
#2566=DIRECTION('',(0.E0,-1.E0,0.E0));
#2567=DIRECTION('',(1.E0,0.E0,0.E0));
#2568=AXIS2_PLACEMENT_3D('',#2565,#2566,#2567);
#2570=CURVE_STYLE('',#42,POSITIVE_LENGTH_MEASURE(2.E-2),#31);
#2571=PRESENTATION_STYLE_ASSIGNMENT((#2570));
#2572=STYLED_ITEM('',(#2571),#2569);
#2573=DIRECTION('',(-1.E0,0.E0,0.E0));
#2574=VECTOR('',#2573,2.E-1);
#2575=CARTESIAN_POINT('',(-5.5E-1,2.03E-1,-7.5E-1));
#2576=LINE('',#2575,#2574);
#2577=CURVE_STYLE('',#42,POSITIVE_LENGTH_MEASURE(2.E-2),#31);
#2578=PRESENTATION_STYLE_ASSIGNMENT((#2577));
#2579=STYLED_ITEM('',(#2578),#2576);
#2580=CARTESIAN_POINT('',(-7.5E-1,2.03E-1,-8.E-1));
#2581=DIRECTION('',(0.E0,-1.E0,0.E0));
#2582=DIRECTION('',(0.E0,0.E0,1.E0));
#2583=AXIS2_PLACEMENT_3D('',#2580,#2581,#2582);
#2585=CURVE_STYLE('',#42,POSITIVE_LENGTH_MEASURE(2.E-2),#31);
#2586=PRESENTATION_STYLE_ASSIGNMENT((#2585));
#2587=STYLED_ITEM('',(#2586),#2584);
#2588=DIRECTION('',(0.E0,0.E0,-1.E0));
#2589=VECTOR('',#2588,2.E-1);
#2590=CARTESIAN_POINT('',(-8.E-1,2.03E-1,-8.E-1));
#2591=LINE('',#2590,#2589);
#2592=CURVE_STYLE('',#42,POSITIVE_LENGTH_MEASURE(2.E-2),#31);
#2593=PRESENTATION_STYLE_ASSIGNMENT((#2592));
#2594=STYLED_ITEM('',(#2593),#2591);
#2595=DIRECTION('',(0.E0,-1.E0,0.E0));
#2596=VECTOR('',#2595,2.03E-1);
#2597=CARTESIAN_POINT('',(-5.E-1,2.03E-1,-1.E0));
#2598=LINE('',#2597,#2596);
#2599=CURVE_STYLE('',#42,POSITIVE_LENGTH_MEASURE(2.E-2),#31);
#2600=PRESENTATION_STYLE_ASSIGNMENT((#2599));
#2601=STYLED_ITEM('',(#2600),#2598);
#2602=DIRECTION('',(0.E0,1.E0,0.E0));
#2603=VECTOR('',#2602,2.03E-1);
#2604=CARTESIAN_POINT('',(-5.E-1,0.E0,-8.E-1));
#2605=LINE('',#2604,#2603);
#2606=CURVE_STYLE('',#42,POSITIVE_LENGTH_MEASURE(2.E-2),#31);
#2607=PRESENTATION_STYLE_ASSIGNMENT((#2606));
#2608=STYLED_ITEM('',(#2607),#2605);
#2609=DIRECTION('',(0.E0,1.E0,0.E0));
#2610=VECTOR('',#2609,2.03E-1);
#2611=CARTESIAN_POINT('',(-5.5E-1,0.E0,-7.5E-1));
#2612=LINE('',#2611,#2610);
#2613=CURVE_STYLE('',#42,POSITIVE_LENGTH_MEASURE(2.E-2),#31);
#2614=PRESENTATION_STYLE_ASSIGNMENT((#2613));
#2615=STYLED_ITEM('',(#2614),#2612);
#2616=DIRECTION('',(0.E0,1.E0,0.E0));
#2617=VECTOR('',#2616,2.03E-1);
#2618=CARTESIAN_POINT('',(-7.5E-1,0.E0,-7.5E-1));
#2619=LINE('',#2618,#2617);
#2620=CURVE_STYLE('',#42,POSITIVE_LENGTH_MEASURE(2.E-2),#31);
#2621=PRESENTATION_STYLE_ASSIGNMENT((#2620));
#2622=STYLED_ITEM('',(#2621),#2619);
#2623=CARTESIAN_POINT('',(-8.E-1,2.03E-1,-1.E0));
#2624=CARTESIAN_POINT('',(-5.E-1,2.03E-1,-1.E0));
#2625=VERTEX_POINT('',#2623);
#2626=VERTEX_POINT('',#2624);
#2627=CARTESIAN_POINT('',(-8.E-1,0.E0,-1.E0));
#2628=CARTESIAN_POINT('',(-5.E-1,0.E0,-1.E0));
#2629=VERTEX_POINT('',#2627);
#2630=VERTEX_POINT('',#2628);
#2631=CARTESIAN_POINT('',(-5.5E-1,0.E0,-7.5E-1));
#2632=CARTESIAN_POINT('',(-7.5E-1,0.E0,-7.5E-1));
#2633=VERTEX_POINT('',#2631);
#2634=VERTEX_POINT('',#2632);
#2635=CARTESIAN_POINT('',(-5.5E-1,2.03E-1,-7.5E-1));
#2636=CARTESIAN_POINT('',(-7.5E-1,2.03E-1,-7.5E-1));
#2637=VERTEX_POINT('',#2635);
#2638=VERTEX_POINT('',#2636);
#2639=CARTESIAN_POINT('',(-5.E-1,0.E0,-8.E-1));
#2640=VERTEX_POINT('',#2639);
#2641=CARTESIAN_POINT('',(-5.E-1,2.03E-1,-8.E-1));
#2642=VERTEX_POINT('',#2641);
#2643=CARTESIAN_POINT('',(-8.E-1,0.E0,-8.E-1));
#2644=VERTEX_POINT('',#2643);
#2645=CARTESIAN_POINT('',(-8.E-1,2.03E-1,-8.E-1));
#2646=VERTEX_POINT('',#2645);
#2647=CARTESIAN_POINT('',(0.E0,0.E0,0.E0));
#2648=DIRECTION('',(0.E0,1.E0,0.E0));
#2649=DIRECTION('',(1.E0,0.E0,0.E0));
#2650=AXIS2_PLACEMENT_3D('',#2647,#2648,#2649);
#2651=PLANE('',#2650);
#2653=ORIENTED_EDGE('',*,*,#2652,.F.);
#2655=ORIENTED_EDGE('',*,*,#2654,.F.);
#2657=ORIENTED_EDGE('',*,*,#2656,.F.);
#2659=ORIENTED_EDGE('',*,*,#2658,.F.);
#2661=ORIENTED_EDGE('',*,*,#2660,.F.);
#2663=ORIENTED_EDGE('',*,*,#2662,.F.);
#2664=EDGE_LOOP('',(#2653,#2655,#2657,#2659,#2661,#2663));
#2665=FACE_OUTER_BOUND('',#2664,.F.);
#2666=ADVANCED_FACE('',(#2665),#2651,.F.);
#2667=CARTESIAN_POINT('',(-1.E0,2.03E-1,-1.E0));
#2668=DIRECTION('',(0.E0,0.E0,1.E0));
#2669=DIRECTION('',(1.E0,0.E0,0.E0));
#2670=AXIS2_PLACEMENT_3D('',#2667,#2668,#2669);
#2671=PLANE('',#2670);
#2673=ORIENTED_EDGE('',*,*,#2672,.T.);
#2674=ORIENTED_EDGE('',*,*,#2652,.T.);
#2676=ORIENTED_EDGE('',*,*,#2675,.F.);
#2678=ORIENTED_EDGE('',*,*,#2677,.F.);
#2679=EDGE_LOOP('',(#2673,#2674,#2676,#2678));
#2680=FACE_OUTER_BOUND('',#2679,.F.);
#2681=ADVANCED_FACE('',(#2680),#2671,.F.);
#2682=FILL_AREA_STYLE_COLOUR('',#29);
#2683=FILL_AREA_STYLE('',(#2682));
#2684=SURFACE_STYLE_FILL_AREA(#2683);
#2685=SURFACE_SIDE_STYLE('',(#2684));
#2686=SURFACE_STYLE_USAGE(.POSITIVE.,#2685);
#2687=PRESENTATION_STYLE_ASSIGNMENT((#2686));
#2688=OVER_RIDING_STYLED_ITEM('',(#2687),#2681,#2492);
#2689=CARTESIAN_POINT('',(-8.E-1,0.E0,-8.E-1));
#2690=DIRECTION('',(-1.E0,0.E0,0.E0));
#2691=DIRECTION('',(0.E0,0.E0,-1.E0));
#2692=AXIS2_PLACEMENT_3D('',#2689,#2690,#2691);
#2693=PLANE('',#2692);
#2694=ORIENTED_EDGE('',*,*,#2654,.T.);
#2695=ORIENTED_EDGE('',*,*,#2672,.F.);
#2697=ORIENTED_EDGE('',*,*,#2696,.F.);
#2699=ORIENTED_EDGE('',*,*,#2698,.F.);
#2700=EDGE_LOOP('',(#2694,#2695,#2697,#2699));
#2701=FACE_OUTER_BOUND('',#2700,.F.);
#2702=ADVANCED_FACE('',(#2701),#2693,.T.);
#2703=CARTESIAN_POINT('',(0.E0,2.03E-1,0.E0));
#2704=DIRECTION('',(0.E0,1.E0,0.E0));
#2705=DIRECTION('',(1.E0,0.E0,0.E0));
#2706=AXIS2_PLACEMENT_3D('',#2703,#2704,#2705);
#2707=PLANE('',#2706);
#2708=ORIENTED_EDGE('',*,*,#2677,.T.);
#2710=ORIENTED_EDGE('',*,*,#2709,.T.);
#2712=ORIENTED_EDGE('',*,*,#2711,.T.);
#2714=ORIENTED_EDGE('',*,*,#2713,.T.);
#2716=ORIENTED_EDGE('',*,*,#2715,.T.);
#2717=ORIENTED_EDGE('',*,*,#2696,.T.);
#2718=EDGE_LOOP('',(#2708,#2710,#2712,#2714,#2716,#2717));
#2719=FACE_OUTER_BOUND('',#2718,.F.);
#2720=ADVANCED_FACE('',(#2719),#2707,.T.);
#2721=CARTESIAN_POINT('',(-5.E-1,0.E0,-1.075E0));
#2722=DIRECTION('',(1.E0,0.E0,0.E0));
#2723=DIRECTION('',(0.E0,0.E0,1.E0));
#2724=AXIS2_PLACEMENT_3D('',#2721,#2722,#2723);
#2725=PLANE('',#2724);
#2726=ORIENTED_EDGE('',*,*,#2662,.T.);
#2728=ORIENTED_EDGE('',*,*,#2727,.T.);
#2729=ORIENTED_EDGE('',*,*,#2709,.F.);
#2730=ORIENTED_EDGE('',*,*,#2675,.T.);
#2731=EDGE_LOOP('',(#2726,#2728,#2729,#2730));
#2732=FACE_OUTER_BOUND('',#2731,.F.);
#2733=ADVANCED_FACE('',(#2732),#2725,.T.);
#2734=CARTESIAN_POINT('',(-5.5E-1,0.E0,-8.E-1));
#2735=DIRECTION('',(0.E0,-1.E0,0.E0));
#2736=DIRECTION('',(-1.E0,0.E0,0.E0));
#2737=AXIS2_PLACEMENT_3D('',#2734,#2735,#2736);
#2738=CYLINDRICAL_SURFACE('',#2737,5.E-2);
#2739=ORIENTED_EDGE('',*,*,#2660,.T.);
#2741=ORIENTED_EDGE('',*,*,#2740,.T.);
#2742=ORIENTED_EDGE('',*,*,#2711,.F.);
#2743=ORIENTED_EDGE('',*,*,#2727,.F.);
#2744=EDGE_LOOP('',(#2739,#2741,#2742,#2743));
#2745=FACE_OUTER_BOUND('',#2744,.F.);
#2746=ADVANCED_FACE('',(#2745),#2738,.T.);
#2747=CARTESIAN_POINT('',(-5.5E-1,0.E0,-7.5E-1));
#2748=DIRECTION('',(0.E0,0.E0,1.E0));
#2749=DIRECTION('',(-1.E0,0.E0,0.E0));
#2750=AXIS2_PLACEMENT_3D('',#2747,#2748,#2749);
#2751=PLANE('',#2750);
#2752=ORIENTED_EDGE('',*,*,#2658,.T.);
#2754=ORIENTED_EDGE('',*,*,#2753,.T.);
#2755=ORIENTED_EDGE('',*,*,#2713,.F.);
#2756=ORIENTED_EDGE('',*,*,#2740,.F.);
#2757=EDGE_LOOP('',(#2752,#2754,#2755,#2756));
#2758=FACE_OUTER_BOUND('',#2757,.F.);
#2759=ADVANCED_FACE('',(#2758),#2751,.T.);
#2760=CARTESIAN_POINT('',(-7.5E-1,0.E0,-8.E-1));
#2761=DIRECTION('',(0.E0,-1.E0,0.E0));
#2762=DIRECTION('',(-1.E0,0.E0,0.E0));
#2763=AXIS2_PLACEMENT_3D('',#2760,#2761,#2762);
#2764=CYLINDRICAL_SURFACE('',#2763,5.E-2);
#2765=ORIENTED_EDGE('',*,*,#2656,.T.);
#2766=ORIENTED_EDGE('',*,*,#2698,.T.);
#2767=ORIENTED_EDGE('',*,*,#2715,.F.);
#2768=ORIENTED_EDGE('',*,*,#2753,.F.);
#2769=EDGE_LOOP('',(#2765,#2766,#2767,#2768));
#2770=FACE_OUTER_BOUND('',#2769,.F.);
#2771=ADVANCED_FACE('',(#2770),#2764,.T.);
#2772=CLOSED_SHELL('',(#2666,#2681,#2702,#2720,#2733,#2746,#2759,#2771));
#2773=MANIFOLD_SOLID_BREP('',#2772);
#2774=FILL_AREA_STYLE_COLOUR('',#31);
#2775=FILL_AREA_STYLE('',(#2774));
#2776=SURFACE_STYLE_FILL_AREA(#2775);
#2777=SURFACE_SIDE_STYLE('',(#2776));
#2778=SURFACE_STYLE_USAGE(.POSITIVE.,#2777);
#2779=PRESENTATION_STYLE_ASSIGNMENT((#2778));
#2492=STYLED_ITEM('',(#2779),#2773);
#2781=DIRECTION('',(0.E0,0.E0,1.E0));
#2782=VECTOR('',#2781,2.E-1);
#2783=CARTESIAN_POINT('',(5.E-1,0.E0,8.E-1));
#2784=LINE('',#2783,#2782);
#2785=CURVE_STYLE('',#42,POSITIVE_LENGTH_MEASURE(2.E-2),#31);
#2786=PRESENTATION_STYLE_ASSIGNMENT((#2785));
#2787=STYLED_ITEM('',(#2786),#2784);
#2788=DIRECTION('',(-1.E0,0.E0,0.E0));
#2789=VECTOR('',#2788,3.E-1);
#2790=CARTESIAN_POINT('',(8.E-1,0.E0,1.E0));
#2791=LINE('',#2790,#2789);
#2792=CURVE_STYLE('',#42,POSITIVE_LENGTH_MEASURE(2.E-2),#31);
#2793=PRESENTATION_STYLE_ASSIGNMENT((#2792));
#2794=STYLED_ITEM('',(#2793),#2791);
#2795=DIRECTION('',(0.E0,0.E0,-1.E0));
#2796=VECTOR('',#2795,2.E-1);
#2797=CARTESIAN_POINT('',(8.E-1,0.E0,1.E0));
#2798=LINE('',#2797,#2796);
#2799=CURVE_STYLE('',#42,POSITIVE_LENGTH_MEASURE(2.E-2),#31);
#2800=PRESENTATION_STYLE_ASSIGNMENT((#2799));
#2801=STYLED_ITEM('',(#2800),#2798);
#2802=CARTESIAN_POINT('',(7.5E-1,0.E0,8.E-1));
#2803=DIRECTION('',(0.E0,1.E0,0.E0));
#2804=DIRECTION('',(1.E0,0.E0,0.E0));
#2805=AXIS2_PLACEMENT_3D('',#2802,#2803,#2804);
#2807=CURVE_STYLE('',#42,POSITIVE_LENGTH_MEASURE(2.E-2),#31);
#2808=PRESENTATION_STYLE_ASSIGNMENT((#2807));
#2809=STYLED_ITEM('',(#2808),#2806);
#2810=DIRECTION('',(-1.E0,0.E0,0.E0));
#2811=VECTOR('',#2810,2.E-1);
#2812=CARTESIAN_POINT('',(7.5E-1,0.E0,7.5E-1));
#2813=LINE('',#2812,#2811);
#2814=CURVE_STYLE('',#42,POSITIVE_LENGTH_MEASURE(2.E-2),#31);
#2815=PRESENTATION_STYLE_ASSIGNMENT((#2814));
#2816=STYLED_ITEM('',(#2815),#2813);
#2817=CARTESIAN_POINT('',(5.5E-1,0.E0,8.E-1));
#2818=DIRECTION('',(0.E0,1.E0,0.E0));
#2819=DIRECTION('',(0.E0,0.E0,-1.E0));
#2820=AXIS2_PLACEMENT_3D('',#2817,#2818,#2819);
#2822=CURVE_STYLE('',#42,POSITIVE_LENGTH_MEASURE(2.E-2),#31);
#2823=PRESENTATION_STYLE_ASSIGNMENT((#2822));
#2824=STYLED_ITEM('',(#2823),#2821);
#2825=DIRECTION('',(0.E0,-1.E0,0.E0));
#2826=VECTOR('',#2825,2.03E-1);
#2827=CARTESIAN_POINT('',(5.E-1,2.03E-1,1.E0));
#2828=LINE('',#2827,#2826);
#2829=CURVE_STYLE('',#42,POSITIVE_LENGTH_MEASURE(2.E-2),#31);
#2830=PRESENTATION_STYLE_ASSIGNMENT((#2829));
#2831=STYLED_ITEM('',(#2830),#2828);
#2832=DIRECTION('',(0.E0,1.E0,0.E0));
#2833=VECTOR('',#2832,2.03E-1);
#2834=CARTESIAN_POINT('',(5.E-1,0.E0,8.E-1));
#2835=LINE('',#2834,#2833);
#2836=CURVE_STYLE('',#42,POSITIVE_LENGTH_MEASURE(2.E-2),#31);
#2837=PRESENTATION_STYLE_ASSIGNMENT((#2836));
#2838=STYLED_ITEM('',(#2837),#2835);
#2839=DIRECTION('',(0.E0,-1.E0,0.E0));
#2840=VECTOR('',#2839,2.03E-1);
#2841=CARTESIAN_POINT('',(8.E-1,2.03E-1,1.E0));
#2842=LINE('',#2841,#2840);
#2843=CURVE_STYLE('',#42,POSITIVE_LENGTH_MEASURE(2.E-2),#31);
#2844=PRESENTATION_STYLE_ASSIGNMENT((#2843));
#2845=STYLED_ITEM('',(#2844),#2842);
#2846=DIRECTION('',(-1.E0,0.E0,0.E0));
#2847=VECTOR('',#2846,3.E-1);
#2848=CARTESIAN_POINT('',(8.E-1,2.03E-1,1.E0));
#2849=LINE('',#2848,#2847);
#2850=CURVE_STYLE('',#42,POSITIVE_LENGTH_MEASURE(2.E-2),#31);
#2851=PRESENTATION_STYLE_ASSIGNMENT((#2850));
#2852=STYLED_ITEM('',(#2851),#2849);
#2853=DIRECTION('',(0.E0,0.E0,1.E0));
#2854=VECTOR('',#2853,2.E-1);
#2855=CARTESIAN_POINT('',(5.E-1,2.03E-1,8.E-1));
#2856=LINE('',#2855,#2854);
#2857=CURVE_STYLE('',#42,POSITIVE_LENGTH_MEASURE(2.E-2),#31);
#2858=PRESENTATION_STYLE_ASSIGNMENT((#2857));
#2859=STYLED_ITEM('',(#2858),#2856);
#2860=CARTESIAN_POINT('',(5.5E-1,2.03E-1,8.E-1));
#2861=DIRECTION('',(0.E0,1.E0,0.E0));
#2862=DIRECTION('',(0.E0,0.E0,-1.E0));
#2863=AXIS2_PLACEMENT_3D('',#2860,#2861,#2862);
#2865=CURVE_STYLE('',#42,POSITIVE_LENGTH_MEASURE(2.E-2),#31);
#2866=PRESENTATION_STYLE_ASSIGNMENT((#2865));
#2867=STYLED_ITEM('',(#2866),#2864);
#2868=DIRECTION('',(-1.E0,0.E0,0.E0));
#2869=VECTOR('',#2868,2.E-1);
#2870=CARTESIAN_POINT('',(7.5E-1,2.03E-1,7.5E-1));
#2871=LINE('',#2870,#2869);
#2872=CURVE_STYLE('',#42,POSITIVE_LENGTH_MEASURE(2.E-2),#31);
#2873=PRESENTATION_STYLE_ASSIGNMENT((#2872));
#2874=STYLED_ITEM('',(#2873),#2871);
#2875=CARTESIAN_POINT('',(7.5E-1,2.03E-1,8.E-1));
#2876=DIRECTION('',(0.E0,1.E0,0.E0));
#2877=DIRECTION('',(1.E0,0.E0,0.E0));
#2878=AXIS2_PLACEMENT_3D('',#2875,#2876,#2877);
#2880=CURVE_STYLE('',#42,POSITIVE_LENGTH_MEASURE(2.E-2),#31);
#2881=PRESENTATION_STYLE_ASSIGNMENT((#2880));
#2882=STYLED_ITEM('',(#2881),#2879);
#2883=DIRECTION('',(0.E0,0.E0,-1.E0));
#2884=VECTOR('',#2883,2.E-1);
#2885=CARTESIAN_POINT('',(8.E-1,2.03E-1,1.E0));
#2886=LINE('',#2885,#2884);
#2887=CURVE_STYLE('',#42,POSITIVE_LENGTH_MEASURE(2.E-2),#31);
#2888=PRESENTATION_STYLE_ASSIGNMENT((#2887));
#2889=STYLED_ITEM('',(#2888),#2886);
#2890=DIRECTION('',(0.E0,1.E0,0.E0));
#2891=VECTOR('',#2890,2.03E-1);
#2892=CARTESIAN_POINT('',(5.5E-1,0.E0,7.5E-1));
#2893=LINE('',#2892,#2891);
#2894=CURVE_STYLE('',#42,POSITIVE_LENGTH_MEASURE(2.E-2),#31);
#2895=PRESENTATION_STYLE_ASSIGNMENT((#2894));
#2896=STYLED_ITEM('',(#2895),#2893);
#2897=DIRECTION('',(0.E0,1.E0,0.E0));
#2898=VECTOR('',#2897,2.03E-1);
#2899=CARTESIAN_POINT('',(7.5E-1,0.E0,7.5E-1));
#2900=LINE('',#2899,#2898);
#2901=CURVE_STYLE('',#42,POSITIVE_LENGTH_MEASURE(2.E-2),#31);
#2902=PRESENTATION_STYLE_ASSIGNMENT((#2901));
#2903=STYLED_ITEM('',(#2902),#2900);
#2904=DIRECTION('',(0.E0,1.E0,0.E0));
#2905=VECTOR('',#2904,2.03E-1);
#2906=CARTESIAN_POINT('',(8.E-1,0.E0,8.E-1));
#2907=LINE('',#2906,#2905);
#2908=CURVE_STYLE('',#42,POSITIVE_LENGTH_MEASURE(2.E-2),#31);
#2909=PRESENTATION_STYLE_ASSIGNMENT((#2908));
#2910=STYLED_ITEM('',(#2909),#2907);
#2911=CARTESIAN_POINT('',(8.E-1,2.03E-1,1.E0));
#2912=CARTESIAN_POINT('',(5.E-1,2.03E-1,1.E0));
#2913=VERTEX_POINT('',#2911);
#2914=VERTEX_POINT('',#2912);
#2915=CARTESIAN_POINT('',(7.5E-1,0.E0,7.5E-1));
#2916=CARTESIAN_POINT('',(5.5E-1,0.E0,7.5E-1));
#2917=VERTEX_POINT('',#2915);
#2918=VERTEX_POINT('',#2916);
#2919=CARTESIAN_POINT('',(7.5E-1,2.03E-1,7.5E-1));
#2920=CARTESIAN_POINT('',(5.5E-1,2.03E-1,7.5E-1));
#2921=VERTEX_POINT('',#2919);
#2922=VERTEX_POINT('',#2920);
#2923=CARTESIAN_POINT('',(8.E-1,0.E0,1.E0));
#2924=VERTEX_POINT('',#2923);
#2925=CARTESIAN_POINT('',(5.E-1,0.E0,1.E0));
#2926=VERTEX_POINT('',#2925);
#2927=CARTESIAN_POINT('',(8.E-1,2.03E-1,8.E-1));
#2928=VERTEX_POINT('',#2927);
#2929=CARTESIAN_POINT('',(5.E-1,2.03E-1,8.E-1));
#2930=VERTEX_POINT('',#2929);
#2931=CARTESIAN_POINT('',(5.E-1,0.E0,8.E-1));
#2932=VERTEX_POINT('',#2931);
#2933=CARTESIAN_POINT('',(8.E-1,0.E0,8.E-1));
#2934=VERTEX_POINT('',#2933);
#2935=CARTESIAN_POINT('',(0.E0,0.E0,0.E0));
#2936=DIRECTION('',(0.E0,1.E0,0.E0));
#2937=DIRECTION('',(1.E0,0.E0,0.E0));
#2938=AXIS2_PLACEMENT_3D('',#2935,#2936,#2937);
#2939=PLANE('',#2938);
#2941=ORIENTED_EDGE('',*,*,#2940,.T.);
#2943=ORIENTED_EDGE('',*,*,#2942,.F.);
#2945=ORIENTED_EDGE('',*,*,#2944,.T.);
#2947=ORIENTED_EDGE('',*,*,#2946,.T.);
#2949=ORIENTED_EDGE('',*,*,#2948,.T.);
#2951=ORIENTED_EDGE('',*,*,#2950,.T.);
#2952=EDGE_LOOP('',(#2941,#2943,#2945,#2947,#2949,#2951));
#2953=FACE_OUTER_BOUND('',#2952,.F.);
#2954=ADVANCED_FACE('',(#2953),#2939,.F.);
#2955=CARTESIAN_POINT('',(5.E-1,0.E0,8.E-1));
#2956=DIRECTION('',(1.E0,0.E0,0.E0));
#2957=DIRECTION('',(0.E0,0.E0,1.E0));
#2958=AXIS2_PLACEMENT_3D('',#2955,#2956,#2957);
#2959=PLANE('',#2958);
#2961=ORIENTED_EDGE('',*,*,#2960,.T.);
#2962=ORIENTED_EDGE('',*,*,#2940,.F.);
#2964=ORIENTED_EDGE('',*,*,#2963,.T.);
#2966=ORIENTED_EDGE('',*,*,#2965,.T.);
#2967=EDGE_LOOP('',(#2961,#2962,#2964,#2966));
#2968=FACE_OUTER_BOUND('',#2967,.F.);
#2969=ADVANCED_FACE('',(#2968),#2959,.F.);
#2970=CARTESIAN_POINT('',(1.E0,2.03E-1,1.E0));
#2971=DIRECTION('',(0.E0,0.E0,-1.E0));
#2972=DIRECTION('',(-1.E0,0.E0,0.E0));
#2973=AXIS2_PLACEMENT_3D('',#2970,#2971,#2972);
#2974=PLANE('',#2973);
#2976=ORIENTED_EDGE('',*,*,#2975,.T.);
#2977=ORIENTED_EDGE('',*,*,#2942,.T.);
#2978=ORIENTED_EDGE('',*,*,#2960,.F.);
#2980=ORIENTED_EDGE('',*,*,#2979,.F.);
#2981=EDGE_LOOP('',(#2976,#2977,#2978,#2980));
#2982=FACE_OUTER_BOUND('',#2981,.F.);
#2983=ADVANCED_FACE('',(#2982),#2974,.F.);
#2984=FILL_AREA_STYLE_COLOUR('',#29);
#2985=FILL_AREA_STYLE('',(#2984));
#2986=SURFACE_STYLE_FILL_AREA(#2985);
#2987=SURFACE_SIDE_STYLE('',(#2986));
#2988=SURFACE_STYLE_USAGE(.POSITIVE.,#2987);
#2989=PRESENTATION_STYLE_ASSIGNMENT((#2988));
#2990=OVER_RIDING_STYLED_ITEM('',(#2989),#2983,#2780);
#2991=CARTESIAN_POINT('',(8.E-1,0.E0,1.075E0));
#2992=DIRECTION('',(-1.E0,0.E0,0.E0));
#2993=DIRECTION('',(0.E0,0.E0,-1.E0));
#2994=AXIS2_PLACEMENT_3D('',#2991,#2992,#2993);
#2995=PLANE('',#2994);
#2996=ORIENTED_EDGE('',*,*,#2975,.F.);
#2998=ORIENTED_EDGE('',*,*,#2997,.T.);
#3000=ORIENTED_EDGE('',*,*,#2999,.F.);
#3001=ORIENTED_EDGE('',*,*,#2944,.F.);
#3002=EDGE_LOOP('',(#2996,#2998,#3000,#3001));
#3003=FACE_OUTER_BOUND('',#3002,.F.);
#3004=ADVANCED_FACE('',(#3003),#2995,.F.);
#3005=CARTESIAN_POINT('',(0.E0,2.03E-1,0.E0));
#3006=DIRECTION('',(0.E0,1.E0,0.E0));
#3007=DIRECTION('',(1.E0,0.E0,0.E0));
#3008=AXIS2_PLACEMENT_3D('',#3005,#3006,#3007);
#3009=PLANE('',#3008);
#3010=ORIENTED_EDGE('',*,*,#2979,.T.);
#3011=ORIENTED_EDGE('',*,*,#2965,.F.);
#3013=ORIENTED_EDGE('',*,*,#3012,.F.);
#3015=ORIENTED_EDGE('',*,*,#3014,.F.);
#3017=ORIENTED_EDGE('',*,*,#3016,.F.);
#3018=ORIENTED_EDGE('',*,*,#2997,.F.);
#3019=EDGE_LOOP('',(#3010,#3011,#3013,#3015,#3017,#3018));
#3020=FACE_OUTER_BOUND('',#3019,.F.);
#3021=ADVANCED_FACE('',(#3020),#3009,.T.);
#3022=CARTESIAN_POINT('',(5.5E-1,0.E0,8.E-1));
#3023=DIRECTION('',(0.E0,1.E0,0.E0));
#3024=DIRECTION('',(-1.E0,0.E0,0.E0));
#3025=AXIS2_PLACEMENT_3D('',#3022,#3023,#3024);
#3026=CYLINDRICAL_SURFACE('',#3025,5.E-2);
#3027=ORIENTED_EDGE('',*,*,#2950,.F.);
#3029=ORIENTED_EDGE('',*,*,#3028,.T.);
#3030=ORIENTED_EDGE('',*,*,#3012,.T.);
#3031=ORIENTED_EDGE('',*,*,#2963,.F.);
#3032=EDGE_LOOP('',(#3027,#3029,#3030,#3031));
#3033=FACE_OUTER_BOUND('',#3032,.F.);
#3034=ADVANCED_FACE('',(#3033),#3026,.T.);
#3035=CARTESIAN_POINT('',(7.5E-1,0.E0,7.5E-1));
#3036=DIRECTION('',(0.E0,0.E0,1.E0));
#3037=DIRECTION('',(-1.E0,0.E0,0.E0));
#3038=AXIS2_PLACEMENT_3D('',#3035,#3036,#3037);
#3039=PLANE('',#3038);
#3040=ORIENTED_EDGE('',*,*,#2948,.F.);
#3042=ORIENTED_EDGE('',*,*,#3041,.T.);
#3043=ORIENTED_EDGE('',*,*,#3014,.T.);
#3044=ORIENTED_EDGE('',*,*,#3028,.F.);
#3045=EDGE_LOOP('',(#3040,#3042,#3043,#3044));
#3046=FACE_OUTER_BOUND('',#3045,.F.);
#3047=ADVANCED_FACE('',(#3046),#3039,.F.);
#3048=CARTESIAN_POINT('',(7.5E-1,0.E0,8.E-1));
#3049=DIRECTION('',(0.E0,1.E0,0.E0));
#3050=DIRECTION('',(-1.E0,0.E0,0.E0));
#3051=AXIS2_PLACEMENT_3D('',#3048,#3049,#3050);
#3052=CYLINDRICAL_SURFACE('',#3051,5.E-2);
#3053=ORIENTED_EDGE('',*,*,#2946,.F.);
#3054=ORIENTED_EDGE('',*,*,#2999,.T.);
#3055=ORIENTED_EDGE('',*,*,#3016,.T.);
#3056=ORIENTED_EDGE('',*,*,#3041,.F.);
#3057=EDGE_LOOP('',(#3053,#3054,#3055,#3056));
#3058=FACE_OUTER_BOUND('',#3057,.F.);
#3059=ADVANCED_FACE('',(#3058),#3052,.T.);
#3060=CLOSED_SHELL('',(#2954,#2969,#2983,#3004,#3021,#3034,#3047,#3059));
#3061=MANIFOLD_SOLID_BREP('',#3060);
#3062=FILL_AREA_STYLE_COLOUR('',#31);
#3063=FILL_AREA_STYLE('',(#3062));
#3064=SURFACE_STYLE_FILL_AREA(#3063);
#3065=SURFACE_SIDE_STYLE('',(#3064));
#3066=SURFACE_STYLE_USAGE(.POSITIVE.,#3065);
#3067=PRESENTATION_STYLE_ASSIGNMENT((#3066));
#2780=STYLED_ITEM('',(#3067),#3061);
#3069=DIRECTION('',(0.E0,0.E0,1.E0));
#3070=VECTOR('',#3069,2.E-1);
#3071=CARTESIAN_POINT('',(1.5E-1,0.E0,-1.E0));
#3072=LINE('',#3071,#3070);
#3073=CURVE_STYLE('',#42,POSITIVE_LENGTH_MEASURE(2.E-2),#31);
#3074=PRESENTATION_STYLE_ASSIGNMENT((#3073));
#3075=STYLED_ITEM('',(#3074),#3072);
#3076=DIRECTION('',(1.E0,0.E0,0.E0));
#3077=VECTOR('',#3076,3.E-1);
#3078=CARTESIAN_POINT('',(-1.5E-1,0.E0,-1.E0));
#3079=LINE('',#3078,#3077);
#3080=CURVE_STYLE('',#42,POSITIVE_LENGTH_MEASURE(2.E-2),#31);
#3081=PRESENTATION_STYLE_ASSIGNMENT((#3080));
#3082=STYLED_ITEM('',(#3081),#3079);
#3083=DIRECTION('',(0.E0,0.E0,-1.E0));
#3084=VECTOR('',#3083,2.E-1);
#3085=CARTESIAN_POINT('',(-1.5E-1,0.E0,-8.E-1));
#3086=LINE('',#3085,#3084);
#3087=CURVE_STYLE('',#42,POSITIVE_LENGTH_MEASURE(2.E-2),#31);
#3088=PRESENTATION_STYLE_ASSIGNMENT((#3087));
#3089=STYLED_ITEM('',(#3088),#3086);
#3090=CARTESIAN_POINT('',(-1.E-1,0.E0,-8.E-1));
#3091=DIRECTION('',(0.E0,-1.E0,0.E0));
#3092=DIRECTION('',(0.E0,0.E0,1.E0));
#3093=AXIS2_PLACEMENT_3D('',#3090,#3091,#3092);
#3095=CURVE_STYLE('',#42,POSITIVE_LENGTH_MEASURE(2.E-2),#31);
#3096=PRESENTATION_STYLE_ASSIGNMENT((#3095));
#3097=STYLED_ITEM('',(#3096),#3094);
#3098=DIRECTION('',(-1.E0,0.E0,0.E0));
#3099=VECTOR('',#3098,2.E-1);
#3100=CARTESIAN_POINT('',(1.E-1,0.E0,-7.5E-1));
#3101=LINE('',#3100,#3099);
#3102=CURVE_STYLE('',#42,POSITIVE_LENGTH_MEASURE(2.E-2),#31);
#3103=PRESENTATION_STYLE_ASSIGNMENT((#3102));
#3104=STYLED_ITEM('',(#3103),#3101);
#3105=CARTESIAN_POINT('',(1.E-1,0.E0,-8.E-1));
#3106=DIRECTION('',(0.E0,-1.E0,0.E0));
#3107=DIRECTION('',(1.E0,0.E0,0.E0));
#3108=AXIS2_PLACEMENT_3D('',#3105,#3106,#3107);
#3110=CURVE_STYLE('',#42,POSITIVE_LENGTH_MEASURE(2.E-2),#31);
#3111=PRESENTATION_STYLE_ASSIGNMENT((#3110));
#3112=STYLED_ITEM('',(#3111),#3109);
#3113=DIRECTION('',(0.E0,-1.E0,0.E0));
#3114=VECTOR('',#3113,2.03E-1);
#3115=CARTESIAN_POINT('',(1.5E-1,2.03E-1,-1.E0));
#3116=LINE('',#3115,#3114);
#3117=CURVE_STYLE('',#42,POSITIVE_LENGTH_MEASURE(2.E-2),#31);
#3118=PRESENTATION_STYLE_ASSIGNMENT((#3117));
#3119=STYLED_ITEM('',(#3118),#3116);
#3120=DIRECTION('',(0.E0,-1.E0,0.E0));
#3121=VECTOR('',#3120,2.03E-1);
#3122=CARTESIAN_POINT('',(-1.5E-1,2.03E-1,-1.E0));
#3123=LINE('',#3122,#3121);
#3124=CURVE_STYLE('',#42,POSITIVE_LENGTH_MEASURE(2.E-2),#31);
#3125=PRESENTATION_STYLE_ASSIGNMENT((#3124));
#3126=STYLED_ITEM('',(#3125),#3123);
#3127=DIRECTION('',(0.E0,1.E0,0.E0));
#3128=VECTOR('',#3127,2.03E-1);
#3129=CARTESIAN_POINT('',(-1.5E-1,0.E0,-8.E-1));
#3130=LINE('',#3129,#3128);
#3131=CURVE_STYLE('',#42,POSITIVE_LENGTH_MEASURE(2.E-2),#31);
#3132=PRESENTATION_STYLE_ASSIGNMENT((#3131));
#3133=STYLED_ITEM('',(#3132),#3130);
#3134=DIRECTION('',(1.E0,0.E0,0.E0));
#3135=VECTOR('',#3134,3.E-1);
#3136=CARTESIAN_POINT('',(-1.5E-1,2.03E-1,-1.E0));
#3137=LINE('',#3136,#3135);
#3138=CURVE_STYLE('',#42,POSITIVE_LENGTH_MEASURE(2.E-2),#31);
#3139=PRESENTATION_STYLE_ASSIGNMENT((#3138));
#3140=STYLED_ITEM('',(#3139),#3137);
#3141=DIRECTION('',(0.E0,0.E0,1.E0));
#3142=VECTOR('',#3141,2.E-1);
#3143=CARTESIAN_POINT('',(1.5E-1,2.03E-1,-1.E0));
#3144=LINE('',#3143,#3142);
#3145=CURVE_STYLE('',#42,POSITIVE_LENGTH_MEASURE(2.E-2),#31);
#3146=PRESENTATION_STYLE_ASSIGNMENT((#3145));
#3147=STYLED_ITEM('',(#3146),#3144);
#3148=CARTESIAN_POINT('',(1.E-1,2.03E-1,-8.E-1));
#3149=DIRECTION('',(0.E0,-1.E0,0.E0));
#3150=DIRECTION('',(1.E0,0.E0,0.E0));
#3151=AXIS2_PLACEMENT_3D('',#3148,#3149,#3150);
#3153=CURVE_STYLE('',#42,POSITIVE_LENGTH_MEASURE(2.E-2),#31);
#3154=PRESENTATION_STYLE_ASSIGNMENT((#3153));
#3155=STYLED_ITEM('',(#3154),#3152);
#3156=DIRECTION('',(-1.E0,0.E0,0.E0));
#3157=VECTOR('',#3156,2.E-1);
#3158=CARTESIAN_POINT('',(1.E-1,2.03E-1,-7.5E-1));
#3159=LINE('',#3158,#3157);
#3160=CURVE_STYLE('',#42,POSITIVE_LENGTH_MEASURE(2.E-2),#31);
#3161=PRESENTATION_STYLE_ASSIGNMENT((#3160));
#3162=STYLED_ITEM('',(#3161),#3159);
#3163=CARTESIAN_POINT('',(-1.E-1,2.03E-1,-8.E-1));
#3164=DIRECTION('',(0.E0,-1.E0,0.E0));
#3165=DIRECTION('',(0.E0,0.E0,1.E0));
#3166=AXIS2_PLACEMENT_3D('',#3163,#3164,#3165);
#3168=CURVE_STYLE('',#42,POSITIVE_LENGTH_MEASURE(2.E-2),#31);
#3169=PRESENTATION_STYLE_ASSIGNMENT((#3168));
#3170=STYLED_ITEM('',(#3169),#3167);
#3171=DIRECTION('',(0.E0,0.E0,-1.E0));
#3172=VECTOR('',#3171,2.E-1);
#3173=CARTESIAN_POINT('',(-1.5E-1,2.03E-1,-8.E-1));
#3174=LINE('',#3173,#3172);
#3175=CURVE_STYLE('',#42,POSITIVE_LENGTH_MEASURE(2.E-2),#31);
#3176=PRESENTATION_STYLE_ASSIGNMENT((#3175));
#3177=STYLED_ITEM('',(#3176),#3174);
#3178=DIRECTION('',(0.E0,1.E0,0.E0));
#3179=VECTOR('',#3178,2.03E-1);
#3180=CARTESIAN_POINT('',(1.5E-1,0.E0,-8.E-1));
#3181=LINE('',#3180,#3179);
#3182=CURVE_STYLE('',#42,POSITIVE_LENGTH_MEASURE(2.E-2),#31);
#3183=PRESENTATION_STYLE_ASSIGNMENT((#3182));
#3184=STYLED_ITEM('',(#3183),#3181);
#3185=DIRECTION('',(0.E0,1.E0,0.E0));
#3186=VECTOR('',#3185,2.03E-1);
#3187=CARTESIAN_POINT('',(1.E-1,0.E0,-7.5E-1));
#3188=LINE('',#3187,#3186);
#3189=CURVE_STYLE('',#42,POSITIVE_LENGTH_MEASURE(2.E-2),#31);
#3190=PRESENTATION_STYLE_ASSIGNMENT((#3189));
#3191=STYLED_ITEM('',(#3190),#3188);
#3192=DIRECTION('',(0.E0,1.E0,0.E0));
#3193=VECTOR('',#3192,2.03E-1);
#3194=CARTESIAN_POINT('',(-1.E-1,0.E0,-7.5E-1));
#3195=LINE('',#3194,#3193);
#3196=CURVE_STYLE('',#42,POSITIVE_LENGTH_MEASURE(2.E-2),#31);
#3197=PRESENTATION_STYLE_ASSIGNMENT((#3196));
#3198=STYLED_ITEM('',(#3197),#3195);
#3199=CARTESIAN_POINT('',(-1.5E-1,2.03E-1,-1.E0));
#3200=CARTESIAN_POINT('',(1.5E-1,2.03E-1,-1.E0));
#3201=VERTEX_POINT('',#3199);
#3202=VERTEX_POINT('',#3200);
#3203=CARTESIAN_POINT('',(1.E-1,0.E0,-7.5E-1));
#3204=CARTESIAN_POINT('',(-1.E-1,0.E0,-7.5E-1));
#3205=VERTEX_POINT('',#3203);
#3206=VERTEX_POINT('',#3204);
#3207=CARTESIAN_POINT('',(1.E-1,2.03E-1,-7.5E-1));
#3208=CARTESIAN_POINT('',(-1.E-1,2.03E-1,-7.5E-1));
#3209=VERTEX_POINT('',#3207);
#3210=VERTEX_POINT('',#3208);
#3211=CARTESIAN_POINT('',(1.5E-1,0.E0,-1.E0));
#3212=VERTEX_POINT('',#3211);
#3213=CARTESIAN_POINT('',(-1.5E-1,0.E0,-1.E0));
#3214=VERTEX_POINT('',#3213);
#3215=CARTESIAN_POINT('',(1.5E-1,2.03E-1,-8.E-1));
#3216=VERTEX_POINT('',#3215);
#3217=CARTESIAN_POINT('',(-1.5E-1,2.03E-1,-8.E-1));
#3218=VERTEX_POINT('',#3217);
#3219=CARTESIAN_POINT('',(1.5E-1,0.E0,-8.E-1));
#3220=VERTEX_POINT('',#3219);
#3221=CARTESIAN_POINT('',(-1.5E-1,0.E0,-8.E-1));
#3222=VERTEX_POINT('',#3221);
#3223=CARTESIAN_POINT('',(0.E0,0.E0,0.E0));
#3224=DIRECTION('',(0.E0,1.E0,0.E0));
#3225=DIRECTION('',(1.E0,0.E0,0.E0));
#3226=AXIS2_PLACEMENT_3D('',#3223,#3224,#3225);
#3227=PLANE('',#3226);
#3229=ORIENTED_EDGE('',*,*,#3228,.F.);
#3231=ORIENTED_EDGE('',*,*,#3230,.F.);
#3233=ORIENTED_EDGE('',*,*,#3232,.F.);
#3235=ORIENTED_EDGE('',*,*,#3234,.F.);
#3237=ORIENTED_EDGE('',*,*,#3236,.F.);
#3239=ORIENTED_EDGE('',*,*,#3238,.F.);
#3240=EDGE_LOOP('',(#3229,#3231,#3233,#3235,#3237,#3239));
#3241=FACE_OUTER_BOUND('',#3240,.F.);
#3242=ADVANCED_FACE('',(#3241),#3227,.F.);
#3243=CARTESIAN_POINT('',(1.5E-1,0.E0,-1.075E0));
#3244=DIRECTION('',(1.E0,0.E0,0.E0));
#3245=DIRECTION('',(0.E0,0.E0,1.E0));
#3246=AXIS2_PLACEMENT_3D('',#3243,#3244,#3245);
#3247=PLANE('',#3246);
#3249=ORIENTED_EDGE('',*,*,#3248,.T.);
#3250=ORIENTED_EDGE('',*,*,#3228,.T.);
#3252=ORIENTED_EDGE('',*,*,#3251,.T.);
#3254=ORIENTED_EDGE('',*,*,#3253,.F.);
#3255=EDGE_LOOP('',(#3249,#3250,#3252,#3254));
#3256=FACE_OUTER_BOUND('',#3255,.F.);
#3257=ADVANCED_FACE('',(#3256),#3247,.T.);
#3258=CARTESIAN_POINT('',(-1.E0,2.03E-1,-1.E0));
#3259=DIRECTION('',(0.E0,0.E0,1.E0));
#3260=DIRECTION('',(1.E0,0.E0,0.E0));
#3261=AXIS2_PLACEMENT_3D('',#3258,#3259,#3260);
#3262=PLANE('',#3261);
#3264=ORIENTED_EDGE('',*,*,#3263,.T.);
#3265=ORIENTED_EDGE('',*,*,#3230,.T.);
#3266=ORIENTED_EDGE('',*,*,#3248,.F.);
#3268=ORIENTED_EDGE('',*,*,#3267,.F.);
#3269=EDGE_LOOP('',(#3264,#3265,#3266,#3268));
#3270=FACE_OUTER_BOUND('',#3269,.F.);
#3271=ADVANCED_FACE('',(#3270),#3262,.F.);
#3272=FILL_AREA_STYLE_COLOUR('',#29);
#3273=FILL_AREA_STYLE('',(#3272));
#3274=SURFACE_STYLE_FILL_AREA(#3273);
#3275=SURFACE_SIDE_STYLE('',(#3274));
#3276=SURFACE_STYLE_USAGE(.POSITIVE.,#3275);
#3277=PRESENTATION_STYLE_ASSIGNMENT((#3276));
#3278=OVER_RIDING_STYLED_ITEM('',(#3277),#3271,#3068);
#3279=CARTESIAN_POINT('',(-1.5E-1,0.E0,-8.E-1));
#3280=DIRECTION('',(-1.E0,0.E0,0.E0));
#3281=DIRECTION('',(0.E0,0.E0,-1.E0));
#3282=AXIS2_PLACEMENT_3D('',#3279,#3280,#3281);
#3283=PLANE('',#3282);
#3284=ORIENTED_EDGE('',*,*,#3263,.F.);
#3286=ORIENTED_EDGE('',*,*,#3285,.F.);
#3288=ORIENTED_EDGE('',*,*,#3287,.F.);
#3289=ORIENTED_EDGE('',*,*,#3232,.T.);
#3290=EDGE_LOOP('',(#3284,#3286,#3288,#3289));
#3291=FACE_OUTER_BOUND('',#3290,.F.);
#3292=ADVANCED_FACE('',(#3291),#3283,.T.);
#3293=CARTESIAN_POINT('',(0.E0,2.03E-1,0.E0));
#3294=DIRECTION('',(0.E0,1.E0,0.E0));
#3295=DIRECTION('',(1.E0,0.E0,0.E0));
#3296=AXIS2_PLACEMENT_3D('',#3293,#3294,#3295);
#3297=PLANE('',#3296);
#3298=ORIENTED_EDGE('',*,*,#3267,.T.);
#3299=ORIENTED_EDGE('',*,*,#3253,.T.);
#3301=ORIENTED_EDGE('',*,*,#3300,.T.);
#3303=ORIENTED_EDGE('',*,*,#3302,.T.);
#3305=ORIENTED_EDGE('',*,*,#3304,.T.);
#3306=ORIENTED_EDGE('',*,*,#3285,.T.);
#3307=EDGE_LOOP('',(#3298,#3299,#3301,#3303,#3305,#3306));
#3308=FACE_OUTER_BOUND('',#3307,.F.);
#3309=ADVANCED_FACE('',(#3308),#3297,.T.);
#3310=CARTESIAN_POINT('',(1.E-1,0.E0,-8.E-1));
#3311=DIRECTION('',(0.E0,-1.E0,0.E0));
#3312=DIRECTION('',(-1.E0,0.E0,0.E0));
#3313=AXIS2_PLACEMENT_3D('',#3310,#3311,#3312);
#3314=CYLINDRICAL_SURFACE('',#3313,5.E-2);
#3315=ORIENTED_EDGE('',*,*,#3238,.T.);
#3317=ORIENTED_EDGE('',*,*,#3316,.T.);
#3318=ORIENTED_EDGE('',*,*,#3300,.F.);
#3319=ORIENTED_EDGE('',*,*,#3251,.F.);
#3320=EDGE_LOOP('',(#3315,#3317,#3318,#3319));
#3321=FACE_OUTER_BOUND('',#3320,.F.);
#3322=ADVANCED_FACE('',(#3321),#3314,.T.);
#3323=CARTESIAN_POINT('',(1.E-1,0.E0,-7.5E-1));
#3324=DIRECTION('',(0.E0,0.E0,1.E0));
#3325=DIRECTION('',(-1.E0,0.E0,0.E0));
#3326=AXIS2_PLACEMENT_3D('',#3323,#3324,#3325);
#3327=PLANE('',#3326);
#3328=ORIENTED_EDGE('',*,*,#3236,.T.);
#3330=ORIENTED_EDGE('',*,*,#3329,.T.);
#3331=ORIENTED_EDGE('',*,*,#3302,.F.);
#3332=ORIENTED_EDGE('',*,*,#3316,.F.);
#3333=EDGE_LOOP('',(#3328,#3330,#3331,#3332));
#3334=FACE_OUTER_BOUND('',#3333,.F.);
#3335=ADVANCED_FACE('',(#3334),#3327,.T.);
#3336=CARTESIAN_POINT('',(-1.E-1,0.E0,-8.E-1));
#3337=DIRECTION('',(0.E0,-1.E0,0.E0));
#3338=DIRECTION('',(-1.E0,0.E0,0.E0));
#3339=AXIS2_PLACEMENT_3D('',#3336,#3337,#3338);
#3340=CYLINDRICAL_SURFACE('',#3339,5.E-2);
#3341=ORIENTED_EDGE('',*,*,#3234,.T.);
#3342=ORIENTED_EDGE('',*,*,#3287,.T.);
#3343=ORIENTED_EDGE('',*,*,#3304,.F.);
#3344=ORIENTED_EDGE('',*,*,#3329,.F.);
#3345=EDGE_LOOP('',(#3341,#3342,#3343,#3344));
#3346=FACE_OUTER_BOUND('',#3345,.F.);
#3347=ADVANCED_FACE('',(#3346),#3340,.T.);
#3348=CLOSED_SHELL('',(#3242,#3257,#3271,#3292,#3309,#3322,#3335,#3347));
#3349=MANIFOLD_SOLID_BREP('',#3348);
#3350=FILL_AREA_STYLE_COLOUR('',#31);
#3351=FILL_AREA_STYLE('',(#3350));
#3352=SURFACE_STYLE_FILL_AREA(#3351);
#3353=SURFACE_SIDE_STYLE('',(#3352));
#3354=SURFACE_STYLE_USAGE(.POSITIVE.,#3353);
#3355=PRESENTATION_STYLE_ASSIGNMENT((#3354));
#3068=STYLED_ITEM('',(#3355),#3349);
#3357=DIRECTION('',(0.E0,0.E0,-1.E0));
#3358=VECTOR('',#3357,2.E-1);
#3359=CARTESIAN_POINT('',(1.5E-1,0.E0,1.E0));
#3360=LINE('',#3359,#3358);
#3361=CURVE_STYLE('',#42,POSITIVE_LENGTH_MEASURE(2.E-2),#31);
#3362=PRESENTATION_STYLE_ASSIGNMENT((#3361));
#3363=STYLED_ITEM('',(#3362),#3360);
#3364=CARTESIAN_POINT('',(1.E-1,0.E0,8.E-1));
#3365=DIRECTION('',(0.E0,1.E0,0.E0));
#3366=DIRECTION('',(1.E0,0.E0,0.E0));
#3367=AXIS2_PLACEMENT_3D('',#3364,#3365,#3366);
#3369=CURVE_STYLE('',#42,POSITIVE_LENGTH_MEASURE(2.E-2),#31);
#3370=PRESENTATION_STYLE_ASSIGNMENT((#3369));
#3371=STYLED_ITEM('',(#3370),#3368);
#3372=DIRECTION('',(-1.E0,0.E0,0.E0));
#3373=VECTOR('',#3372,2.E-1);
#3374=CARTESIAN_POINT('',(1.E-1,0.E0,7.5E-1));
#3375=LINE('',#3374,#3373);
#3376=CURVE_STYLE('',#42,POSITIVE_LENGTH_MEASURE(2.E-2),#31);
#3377=PRESENTATION_STYLE_ASSIGNMENT((#3376));
#3378=STYLED_ITEM('',(#3377),#3375);
#3379=CARTESIAN_POINT('',(-1.E-1,0.E0,8.E-1));
#3380=DIRECTION('',(0.E0,1.E0,0.E0));
#3381=DIRECTION('',(0.E0,0.E0,-1.E0));
#3382=AXIS2_PLACEMENT_3D('',#3379,#3380,#3381);
#3384=CURVE_STYLE('',#42,POSITIVE_LENGTH_MEASURE(2.E-2),#31);
#3385=PRESENTATION_STYLE_ASSIGNMENT((#3384));
#3386=STYLED_ITEM('',(#3385),#3383);
#3387=DIRECTION('',(0.E0,0.E0,1.E0));
#3388=VECTOR('',#3387,2.E-1);
#3389=CARTESIAN_POINT('',(-1.5E-1,0.E0,8.E-1));
#3390=LINE('',#3389,#3388);
#3391=CURVE_STYLE('',#42,POSITIVE_LENGTH_MEASURE(2.E-2),#31);
#3392=PRESENTATION_STYLE_ASSIGNMENT((#3391));
#3393=STYLED_ITEM('',(#3392),#3390);
#3394=DIRECTION('',(-1.E0,0.E0,0.E0));
#3395=VECTOR('',#3394,3.E-1);
#3396=CARTESIAN_POINT('',(1.5E-1,0.E0,1.E0));
#3397=LINE('',#3396,#3395);
#3398=CURVE_STYLE('',#42,POSITIVE_LENGTH_MEASURE(2.E-2),#31);
#3399=PRESENTATION_STYLE_ASSIGNMENT((#3398));
#3400=STYLED_ITEM('',(#3399),#3397);
#3401=DIRECTION('',(0.E0,-1.E0,0.E0));
#3402=VECTOR('',#3401,2.03E-1);
#3403=CARTESIAN_POINT('',(1.5E-1,2.03E-1,1.E0));
#3404=LINE('',#3403,#3402);
#3405=CURVE_STYLE('',#42,POSITIVE_LENGTH_MEASURE(2.E-2),#31);
#3406=PRESENTATION_STYLE_ASSIGNMENT((#3405));
#3407=STYLED_ITEM('',(#3406),#3404);
#3408=DIRECTION('',(0.E0,-1.E0,0.E0));
#3409=VECTOR('',#3408,2.03E-1);
#3410=CARTESIAN_POINT('',(-1.5E-1,2.03E-1,1.E0));
#3411=LINE('',#3410,#3409);
#3412=CURVE_STYLE('',#42,POSITIVE_LENGTH_MEASURE(2.E-2),#31);
#3413=PRESENTATION_STYLE_ASSIGNMENT((#3412));
#3414=STYLED_ITEM('',(#3413),#3411);
#3415=DIRECTION('',(0.E0,1.E0,0.E0));
#3416=VECTOR('',#3415,2.03E-1);
#3417=CARTESIAN_POINT('',(-1.5E-1,0.E0,8.E-1));
#3418=LINE('',#3417,#3416);
#3419=CURVE_STYLE('',#42,POSITIVE_LENGTH_MEASURE(2.E-2),#31);
#3420=PRESENTATION_STYLE_ASSIGNMENT((#3419));
#3421=STYLED_ITEM('',(#3420),#3418);
#3422=DIRECTION('',(0.E0,1.E0,0.E0));
#3423=VECTOR('',#3422,2.03E-1);
#3424=CARTESIAN_POINT('',(-1.E-1,0.E0,7.5E-1));
#3425=LINE('',#3424,#3423);
#3426=CURVE_STYLE('',#42,POSITIVE_LENGTH_MEASURE(2.E-2),#31);
#3427=PRESENTATION_STYLE_ASSIGNMENT((#3426));
#3428=STYLED_ITEM('',(#3427),#3425);
#3429=DIRECTION('',(0.E0,1.E0,0.E0));
#3430=VECTOR('',#3429,2.03E-1);
#3431=CARTESIAN_POINT('',(1.E-1,0.E0,7.5E-1));
#3432=LINE('',#3431,#3430);
#3433=CURVE_STYLE('',#42,POSITIVE_LENGTH_MEASURE(2.E-2),#31);
#3434=PRESENTATION_STYLE_ASSIGNMENT((#3433));
#3435=STYLED_ITEM('',(#3434),#3432);
#3436=DIRECTION('',(0.E0,1.E0,0.E0));
#3437=VECTOR('',#3436,2.03E-1);
#3438=CARTESIAN_POINT('',(1.5E-1,0.E0,8.E-1));
#3439=LINE('',#3438,#3437);
#3440=CURVE_STYLE('',#42,POSITIVE_LENGTH_MEASURE(2.E-2),#31);
#3441=PRESENTATION_STYLE_ASSIGNMENT((#3440));
#3442=STYLED_ITEM('',(#3441),#3439);
#3443=DIRECTION('',(-1.E0,0.E0,0.E0));
#3444=VECTOR('',#3443,3.E-1);
#3445=CARTESIAN_POINT('',(1.5E-1,2.03E-1,1.E0));
#3446=LINE('',#3445,#3444);
#3447=CURVE_STYLE('',#42,POSITIVE_LENGTH_MEASURE(2.E-2),#31);
#3448=PRESENTATION_STYLE_ASSIGNMENT((#3447));
#3449=STYLED_ITEM('',(#3448),#3446);
#3450=DIRECTION('',(0.E0,0.E0,1.E0));
#3451=VECTOR('',#3450,2.E-1);
#3452=CARTESIAN_POINT('',(-1.5E-1,2.03E-1,8.E-1));
#3453=LINE('',#3452,#3451);
#3454=CURVE_STYLE('',#42,POSITIVE_LENGTH_MEASURE(2.E-2),#31);
#3455=PRESENTATION_STYLE_ASSIGNMENT((#3454));
#3456=STYLED_ITEM('',(#3455),#3453);
#3457=CARTESIAN_POINT('',(-1.E-1,2.03E-1,8.E-1));
#3458=DIRECTION('',(0.E0,1.E0,0.E0));
#3459=DIRECTION('',(0.E0,0.E0,-1.E0));
#3460=AXIS2_PLACEMENT_3D('',#3457,#3458,#3459);
#3462=CURVE_STYLE('',#42,POSITIVE_LENGTH_MEASURE(2.E-2),#31);
#3463=PRESENTATION_STYLE_ASSIGNMENT((#3462));
#3464=STYLED_ITEM('',(#3463),#3461);
#3465=DIRECTION('',(-1.E0,0.E0,0.E0));
#3466=VECTOR('',#3465,2.E-1);
#3467=CARTESIAN_POINT('',(1.E-1,2.03E-1,7.5E-1));
#3468=LINE('',#3467,#3466);
#3469=CURVE_STYLE('',#42,POSITIVE_LENGTH_MEASURE(2.E-2),#31);
#3470=PRESENTATION_STYLE_ASSIGNMENT((#3469));
#3471=STYLED_ITEM('',(#3470),#3468);
#3472=CARTESIAN_POINT('',(1.E-1,2.03E-1,8.E-1));
#3473=DIRECTION('',(0.E0,1.E0,0.E0));
#3474=DIRECTION('',(1.E0,0.E0,0.E0));
#3475=AXIS2_PLACEMENT_3D('',#3472,#3473,#3474);
#3477=CURVE_STYLE('',#42,POSITIVE_LENGTH_MEASURE(2.E-2),#31);
#3478=PRESENTATION_STYLE_ASSIGNMENT((#3477));
#3479=STYLED_ITEM('',(#3478),#3476);
#3480=DIRECTION('',(0.E0,0.E0,-1.E0));
#3481=VECTOR('',#3480,2.E-1);
#3482=CARTESIAN_POINT('',(1.5E-1,2.03E-1,1.E0));
#3483=LINE('',#3482,#3481);
#3484=CURVE_STYLE('',#42,POSITIVE_LENGTH_MEASURE(2.E-2),#31);
#3485=PRESENTATION_STYLE_ASSIGNMENT((#3484));
#3486=STYLED_ITEM('',(#3485),#3483);
#3487=CARTESIAN_POINT('',(1.5E-1,2.03E-1,1.E0));
#3488=CARTESIAN_POINT('',(-1.5E-1,2.03E-1,1.E0));
#3489=VERTEX_POINT('',#3487);
#3490=VERTEX_POINT('',#3488);
#3491=CARTESIAN_POINT('',(1.E-1,0.E0,7.5E-1));
#3492=CARTESIAN_POINT('',(-1.E-1,0.E0,7.5E-1));
#3493=VERTEX_POINT('',#3491);
#3494=VERTEX_POINT('',#3492);
#3495=CARTESIAN_POINT('',(1.E-1,2.03E-1,7.5E-1));
#3496=CARTESIAN_POINT('',(-1.E-1,2.03E-1,7.5E-1));
#3497=VERTEX_POINT('',#3495);
#3498=VERTEX_POINT('',#3496);
#3499=CARTESIAN_POINT('',(1.5E-1,0.E0,1.E0));
#3500=VERTEX_POINT('',#3499);
#3501=CARTESIAN_POINT('',(-1.5E-1,0.E0,1.E0));
#3502=VERTEX_POINT('',#3501);
#3503=CARTESIAN_POINT('',(1.5E-1,2.03E-1,8.E-1));
#3504=VERTEX_POINT('',#3503);
#3505=CARTESIAN_POINT('',(-1.5E-1,2.03E-1,8.E-1));
#3506=VERTEX_POINT('',#3505);
#3507=CARTESIAN_POINT('',(1.5E-1,0.E0,8.E-1));
#3508=VERTEX_POINT('',#3507);
#3509=CARTESIAN_POINT('',(-1.5E-1,0.E0,8.E-1));
#3510=VERTEX_POINT('',#3509);
#3511=CARTESIAN_POINT('',(0.E0,0.E0,0.E0));
#3512=DIRECTION('',(0.E0,1.E0,0.E0));
#3513=DIRECTION('',(1.E0,0.E0,0.E0));
#3514=AXIS2_PLACEMENT_3D('',#3511,#3512,#3513);
#3515=PLANE('',#3514);
#3517=ORIENTED_EDGE('',*,*,#3516,.T.);
#3519=ORIENTED_EDGE('',*,*,#3518,.T.);
#3521=ORIENTED_EDGE('',*,*,#3520,.T.);
#3523=ORIENTED_EDGE('',*,*,#3522,.T.);
#3525=ORIENTED_EDGE('',*,*,#3524,.T.);
#3527=ORIENTED_EDGE('',*,*,#3526,.F.);
#3528=EDGE_LOOP('',(#3517,#3519,#3521,#3523,#3525,#3527));
#3529=FACE_OUTER_BOUND('',#3528,.F.);
#3530=ADVANCED_FACE('',(#3529),#3515,.F.);
#3531=CARTESIAN_POINT('',(1.5E-1,0.E0,1.075E0));
#3532=DIRECTION('',(-1.E0,0.E0,0.E0));
#3533=DIRECTION('',(0.E0,0.E0,-1.E0));
#3534=AXIS2_PLACEMENT_3D('',#3531,#3532,#3533);
#3535=PLANE('',#3534);
#3537=ORIENTED_EDGE('',*,*,#3536,.F.);
#3539=ORIENTED_EDGE('',*,*,#3538,.T.);
#3541=ORIENTED_EDGE('',*,*,#3540,.F.);
#3542=ORIENTED_EDGE('',*,*,#3516,.F.);
#3543=EDGE_LOOP('',(#3537,#3539,#3541,#3542));
#3544=FACE_OUTER_BOUND('',#3543,.F.);
#3545=ADVANCED_FACE('',(#3544),#3535,.F.);
#3546=CARTESIAN_POINT('',(1.E0,2.03E-1,1.E0));
#3547=DIRECTION('',(0.E0,0.E0,-1.E0));
#3548=DIRECTION('',(-1.E0,0.E0,0.E0));
#3549=AXIS2_PLACEMENT_3D('',#3546,#3547,#3548);
#3550=PLANE('',#3549);
#3551=ORIENTED_EDGE('',*,*,#3536,.T.);
#3552=ORIENTED_EDGE('',*,*,#3526,.T.);
#3554=ORIENTED_EDGE('',*,*,#3553,.F.);
#3556=ORIENTED_EDGE('',*,*,#3555,.F.);
#3557=EDGE_LOOP('',(#3551,#3552,#3554,#3556));
#3558=FACE_OUTER_BOUND('',#3557,.F.);
#3559=ADVANCED_FACE('',(#3558),#3550,.F.);
#3560=FILL_AREA_STYLE_COLOUR('',#29);
#3561=FILL_AREA_STYLE('',(#3560));
#3562=SURFACE_STYLE_FILL_AREA(#3561);
#3563=SURFACE_SIDE_STYLE('',(#3562));
#3564=SURFACE_STYLE_USAGE(.POSITIVE.,#3563);
#3565=PRESENTATION_STYLE_ASSIGNMENT((#3564));
#3566=OVER_RIDING_STYLED_ITEM('',(#3565),#3559,#3356);
#3567=CARTESIAN_POINT('',(-1.5E-1,0.E0,8.E-1));
#3568=DIRECTION('',(1.E0,0.E0,0.E0));
#3569=DIRECTION('',(0.E0,0.E0,1.E0));
#3570=AXIS2_PLACEMENT_3D('',#3567,#3568,#3569);
#3571=PLANE('',#3570);
#3572=ORIENTED_EDGE('',*,*,#3553,.T.);
#3573=ORIENTED_EDGE('',*,*,#3524,.F.);
#3575=ORIENTED_EDGE('',*,*,#3574,.T.);
#3577=ORIENTED_EDGE('',*,*,#3576,.T.);
#3578=EDGE_LOOP('',(#3572,#3573,#3575,#3577));
#3579=FACE_OUTER_BOUND('',#3578,.F.);
#3580=ADVANCED_FACE('',(#3579),#3571,.F.);
#3581=CARTESIAN_POINT('',(-1.E-1,0.E0,8.E-1));
#3582=DIRECTION('',(0.E0,1.E0,0.E0));
#3583=DIRECTION('',(-1.E0,0.E0,0.E0));
#3584=AXIS2_PLACEMENT_3D('',#3581,#3582,#3583);
#3585=CYLINDRICAL_SURFACE('',#3584,5.E-2);
#3586=ORIENTED_EDGE('',*,*,#3522,.F.);
#3588=ORIENTED_EDGE('',*,*,#3587,.T.);
#3590=ORIENTED_EDGE('',*,*,#3589,.T.);
#3591=ORIENTED_EDGE('',*,*,#3574,.F.);
#3592=EDGE_LOOP('',(#3586,#3588,#3590,#3591));
#3593=FACE_OUTER_BOUND('',#3592,.F.);
#3594=ADVANCED_FACE('',(#3593),#3585,.T.);
#3595=CARTESIAN_POINT('',(1.E-1,0.E0,7.5E-1));
#3596=DIRECTION('',(0.E0,0.E0,1.E0));
#3597=DIRECTION('',(-1.E0,0.E0,0.E0));
#3598=AXIS2_PLACEMENT_3D('',#3595,#3596,#3597);
#3599=PLANE('',#3598);
#3600=ORIENTED_EDGE('',*,*,#3520,.F.);
#3602=ORIENTED_EDGE('',*,*,#3601,.T.);
#3604=ORIENTED_EDGE('',*,*,#3603,.T.);
#3605=ORIENTED_EDGE('',*,*,#3587,.F.);
#3606=EDGE_LOOP('',(#3600,#3602,#3604,#3605));
#3607=FACE_OUTER_BOUND('',#3606,.F.);
#3608=ADVANCED_FACE('',(#3607),#3599,.F.);
#3609=CARTESIAN_POINT('',(1.E-1,0.E0,8.E-1));
#3610=DIRECTION('',(0.E0,1.E0,0.E0));
#3611=DIRECTION('',(-1.E0,0.E0,0.E0));
#3612=AXIS2_PLACEMENT_3D('',#3609,#3610,#3611);
#3613=CYLINDRICAL_SURFACE('',#3612,5.E-2);
#3614=ORIENTED_EDGE('',*,*,#3518,.F.);
#3615=ORIENTED_EDGE('',*,*,#3540,.T.);
#3617=ORIENTED_EDGE('',*,*,#3616,.T.);
#3618=ORIENTED_EDGE('',*,*,#3601,.F.);
#3619=EDGE_LOOP('',(#3614,#3615,#3617,#3618));
#3620=FACE_OUTER_BOUND('',#3619,.F.);
#3621=ADVANCED_FACE('',(#3620),#3613,.T.);
#3622=CARTESIAN_POINT('',(0.E0,2.03E-1,0.E0));
#3623=DIRECTION('',(0.E0,1.E0,0.E0));
#3624=DIRECTION('',(1.E0,0.E0,0.E0));
#3625=AXIS2_PLACEMENT_3D('',#3622,#3623,#3624);
#3626=PLANE('',#3625);
#3627=ORIENTED_EDGE('',*,*,#3555,.T.);
#3628=ORIENTED_EDGE('',*,*,#3576,.F.);
#3629=ORIENTED_EDGE('',*,*,#3589,.F.);
#3630=ORIENTED_EDGE('',*,*,#3603,.F.);
#3631=ORIENTED_EDGE('',*,*,#3616,.F.);
#3632=ORIENTED_EDGE('',*,*,#3538,.F.);
#3633=EDGE_LOOP('',(#3627,#3628,#3629,#3630,#3631,#3632));
#3634=FACE_OUTER_BOUND('',#3633,.F.);
#3635=ADVANCED_FACE('',(#3634),#3626,.T.);
#3636=CLOSED_SHELL('',(#3530,#3545,#3559,#3580,#3594,#3608,#3621,#3635));
#3637=MANIFOLD_SOLID_BREP('',#3636);
#3638=FILL_AREA_STYLE_COLOUR('',#31);
#3639=FILL_AREA_STYLE('',(#3638));
#3640=SURFACE_STYLE_FILL_AREA(#3639);
#3641=SURFACE_SIDE_STYLE('',(#3640));
#3642=SURFACE_STYLE_USAGE(.POSITIVE.,#3641);
#3643=PRESENTATION_STYLE_ASSIGNMENT((#3642));
#3356=STYLED_ITEM('',(#3643),#3637);
#3645=DIRECTION('',(-1.E0,0.E0,0.E0));
#3646=VECTOR('',#3645,3.E-1);
#3647=CARTESIAN_POINT('',(-5.E-1,0.E0,1.E0));
#3648=LINE('',#3647,#3646);
#3649=CURVE_STYLE('',#42,POSITIVE_LENGTH_MEASURE(2.E-2),#31);
#3650=PRESENTATION_STYLE_ASSIGNMENT((#3649));
#3651=STYLED_ITEM('',(#3650),#3648);
#3652=DIRECTION('',(0.E0,0.E0,-1.E0));
#3653=VECTOR('',#3652,2.E-1);
#3654=CARTESIAN_POINT('',(-5.E-1,0.E0,1.E0));
#3655=LINE('',#3654,#3653);
#3656=CURVE_STYLE('',#42,POSITIVE_LENGTH_MEASURE(2.E-2),#31);
#3657=PRESENTATION_STYLE_ASSIGNMENT((#3656));
#3658=STYLED_ITEM('',(#3657),#3655);
#3659=CARTESIAN_POINT('',(-5.5E-1,0.E0,8.E-1));
#3660=DIRECTION('',(0.E0,1.E0,0.E0));
#3661=DIRECTION('',(1.E0,0.E0,0.E0));
#3662=AXIS2_PLACEMENT_3D('',#3659,#3660,#3661);
#3664=CURVE_STYLE('',#42,POSITIVE_LENGTH_MEASURE(2.E-2),#31);
#3665=PRESENTATION_STYLE_ASSIGNMENT((#3664));
#3666=STYLED_ITEM('',(#3665),#3663);
#3667=DIRECTION('',(-1.E0,0.E0,0.E0));
#3668=VECTOR('',#3667,2.E-1);
#3669=CARTESIAN_POINT('',(-5.5E-1,0.E0,7.5E-1));
#3670=LINE('',#3669,#3668);
#3671=CURVE_STYLE('',#42,POSITIVE_LENGTH_MEASURE(2.E-2),#31);
#3672=PRESENTATION_STYLE_ASSIGNMENT((#3671));
#3673=STYLED_ITEM('',(#3672),#3670);
#3674=CARTESIAN_POINT('',(-7.5E-1,0.E0,8.E-1));
#3675=DIRECTION('',(0.E0,1.E0,0.E0));
#3676=DIRECTION('',(0.E0,0.E0,-1.E0));
#3677=AXIS2_PLACEMENT_3D('',#3674,#3675,#3676);
#3679=CURVE_STYLE('',#42,POSITIVE_LENGTH_MEASURE(2.E-2),#31);
#3680=PRESENTATION_STYLE_ASSIGNMENT((#3679));
#3681=STYLED_ITEM('',(#3680),#3678);
#3682=DIRECTION('',(0.E0,0.E0,1.E0));
#3683=VECTOR('',#3682,2.E-1);
#3684=CARTESIAN_POINT('',(-8.E-1,0.E0,8.E-1));
#3685=LINE('',#3684,#3683);
#3686=CURVE_STYLE('',#42,POSITIVE_LENGTH_MEASURE(2.E-2),#31);
#3687=PRESENTATION_STYLE_ASSIGNMENT((#3686));
#3688=STYLED_ITEM('',(#3687),#3685);
#3689=DIRECTION('',(0.E0,-1.E0,0.E0));
#3690=VECTOR('',#3689,2.03E-1);
#3691=CARTESIAN_POINT('',(-5.E-1,2.03E-1,1.E0));
#3692=LINE('',#3691,#3690);
#3693=CURVE_STYLE('',#42,POSITIVE_LENGTH_MEASURE(2.E-2),#31);
#3694=PRESENTATION_STYLE_ASSIGNMENT((#3693));
#3695=STYLED_ITEM('',(#3694),#3692);
#3696=DIRECTION('',(-1.E0,0.E0,0.E0));
#3697=VECTOR('',#3696,3.E-1);
#3698=CARTESIAN_POINT('',(-5.E-1,2.03E-1,1.E0));
#3699=LINE('',#3698,#3697);
#3700=CURVE_STYLE('',#42,POSITIVE_LENGTH_MEASURE(2.E-2),#31);
#3701=PRESENTATION_STYLE_ASSIGNMENT((#3700));
#3702=STYLED_ITEM('',(#3701),#3699);
#3703=DIRECTION('',(0.E0,0.E0,1.E0));
#3704=VECTOR('',#3703,2.E-1);
#3705=CARTESIAN_POINT('',(-8.E-1,2.03E-1,8.E-1));
#3706=LINE('',#3705,#3704);
#3707=CURVE_STYLE('',#42,POSITIVE_LENGTH_MEASURE(2.E-2),#31);
#3708=PRESENTATION_STYLE_ASSIGNMENT((#3707));
#3709=STYLED_ITEM('',(#3708),#3706);
#3710=CARTESIAN_POINT('',(-7.5E-1,2.03E-1,8.E-1));
#3711=DIRECTION('',(0.E0,1.E0,0.E0));
#3712=DIRECTION('',(0.E0,0.E0,-1.E0));
#3713=AXIS2_PLACEMENT_3D('',#3710,#3711,#3712);
#3715=CURVE_STYLE('',#42,POSITIVE_LENGTH_MEASURE(2.E-2),#31);
#3716=PRESENTATION_STYLE_ASSIGNMENT((#3715));
#3717=STYLED_ITEM('',(#3716),#3714);
#3718=DIRECTION('',(-1.E0,0.E0,0.E0));
#3719=VECTOR('',#3718,2.E-1);
#3720=CARTESIAN_POINT('',(-5.5E-1,2.03E-1,7.5E-1));
#3721=LINE('',#3720,#3719);
#3722=CURVE_STYLE('',#42,POSITIVE_LENGTH_MEASURE(2.E-2),#31);
#3723=PRESENTATION_STYLE_ASSIGNMENT((#3722));
#3724=STYLED_ITEM('',(#3723),#3721);
#3725=CARTESIAN_POINT('',(-5.5E-1,2.03E-1,8.E-1));
#3726=DIRECTION('',(0.E0,1.E0,0.E0));
#3727=DIRECTION('',(1.E0,0.E0,0.E0));
#3728=AXIS2_PLACEMENT_3D('',#3725,#3726,#3727);
#3730=CURVE_STYLE('',#42,POSITIVE_LENGTH_MEASURE(2.E-2),#31);
#3731=PRESENTATION_STYLE_ASSIGNMENT((#3730));
#3732=STYLED_ITEM('',(#3731),#3729);
#3733=DIRECTION('',(0.E0,0.E0,-1.E0));
#3734=VECTOR('',#3733,2.E-1);
#3735=CARTESIAN_POINT('',(-5.E-1,2.03E-1,1.E0));
#3736=LINE('',#3735,#3734);
#3737=CURVE_STYLE('',#42,POSITIVE_LENGTH_MEASURE(2.E-2),#31);
#3738=PRESENTATION_STYLE_ASSIGNMENT((#3737));
#3739=STYLED_ITEM('',(#3738),#3736);
#3740=DIRECTION('',(0.E0,1.E0,0.E0));
#3741=VECTOR('',#3740,2.03E-1);
#3742=CARTESIAN_POINT('',(-8.E-1,0.E0,8.E-1));
#3743=LINE('',#3742,#3741);
#3744=CURVE_STYLE('',#42,POSITIVE_LENGTH_MEASURE(2.E-2),#31);
#3745=PRESENTATION_STYLE_ASSIGNMENT((#3744));
#3746=STYLED_ITEM('',(#3745),#3743);
#3747=DIRECTION('',(0.E0,-1.E0,0.E0));
#3748=VECTOR('',#3747,2.03E-1);
#3749=CARTESIAN_POINT('',(-8.E-1,2.03E-1,1.E0));
#3750=LINE('',#3749,#3748);
#3751=CURVE_STYLE('',#42,POSITIVE_LENGTH_MEASURE(2.E-2),#31);
#3752=PRESENTATION_STYLE_ASSIGNMENT((#3751));
#3753=STYLED_ITEM('',(#3752),#3750);
#3754=DIRECTION('',(0.E0,1.E0,0.E0));
#3755=VECTOR('',#3754,2.03E-1);
#3756=CARTESIAN_POINT('',(-7.5E-1,0.E0,7.5E-1));
#3757=LINE('',#3756,#3755);
#3758=CURVE_STYLE('',#42,POSITIVE_LENGTH_MEASURE(2.E-2),#31);
#3759=PRESENTATION_STYLE_ASSIGNMENT((#3758));
#3760=STYLED_ITEM('',(#3759),#3757);
#3761=DIRECTION('',(0.E0,1.E0,0.E0));
#3762=VECTOR('',#3761,2.03E-1);
#3763=CARTESIAN_POINT('',(-5.5E-1,0.E0,7.5E-1));
#3764=LINE('',#3763,#3762);
#3765=CURVE_STYLE('',#42,POSITIVE_LENGTH_MEASURE(2.E-2),#31);
#3766=PRESENTATION_STYLE_ASSIGNMENT((#3765));
#3767=STYLED_ITEM('',(#3766),#3764);
#3768=DIRECTION('',(0.E0,1.E0,0.E0));
#3769=VECTOR('',#3768,2.03E-1);
#3770=CARTESIAN_POINT('',(-5.E-1,0.E0,8.E-1));
#3771=LINE('',#3770,#3769);
#3772=CURVE_STYLE('',#42,POSITIVE_LENGTH_MEASURE(2.E-2),#31);
#3773=PRESENTATION_STYLE_ASSIGNMENT((#3772));
#3774=STYLED_ITEM('',(#3773),#3771);
#3775=CARTESIAN_POINT('',(-5.E-1,2.03E-1,1.E0));
#3776=CARTESIAN_POINT('',(-8.E-1,2.03E-1,1.E0));
#3777=VERTEX_POINT('',#3775);
#3778=VERTEX_POINT('',#3776);
#3779=CARTESIAN_POINT('',(-5.5E-1,0.E0,7.5E-1));
#3780=CARTESIAN_POINT('',(-7.5E-1,0.E0,7.5E-1));
#3781=VERTEX_POINT('',#3779);
#3782=VERTEX_POINT('',#3780);
#3783=CARTESIAN_POINT('',(-5.5E-1,2.03E-1,7.5E-1));
#3784=CARTESIAN_POINT('',(-7.5E-1,2.03E-1,7.5E-1));
#3785=VERTEX_POINT('',#3783);
#3786=VERTEX_POINT('',#3784);
#3787=CARTESIAN_POINT('',(-5.E-1,0.E0,1.E0));
#3788=CARTESIAN_POINT('',(-8.E-1,0.E0,1.E0));
#3789=VERTEX_POINT('',#3787);
#3790=VERTEX_POINT('',#3788);
#3791=CARTESIAN_POINT('',(-5.E-1,0.E0,8.E-1));
#3792=VERTEX_POINT('',#3791);
#3793=CARTESIAN_POINT('',(-5.E-1,2.03E-1,8.E-1));
#3794=VERTEX_POINT('',#3793);
#3795=CARTESIAN_POINT('',(-8.E-1,0.E0,8.E-1));
#3796=VERTEX_POINT('',#3795);
#3797=CARTESIAN_POINT('',(-8.E-1,2.03E-1,8.E-1));
#3798=VERTEX_POINT('',#3797);
#3799=CARTESIAN_POINT('',(0.E0,0.E0,0.E0));
#3800=DIRECTION('',(0.E0,1.E0,0.E0));
#3801=DIRECTION('',(1.E0,0.E0,0.E0));
#3802=AXIS2_PLACEMENT_3D('',#3799,#3800,#3801);
#3803=PLANE('',#3802);
#3805=ORIENTED_EDGE('',*,*,#3804,.F.);
#3807=ORIENTED_EDGE('',*,*,#3806,.T.);
#3809=ORIENTED_EDGE('',*,*,#3808,.T.);
#3811=ORIENTED_EDGE('',*,*,#3810,.T.);
#3813=ORIENTED_EDGE('',*,*,#3812,.T.);
#3815=ORIENTED_EDGE('',*,*,#3814,.T.);
#3816=EDGE_LOOP('',(#3805,#3807,#3809,#3811,#3813,#3815));
#3817=FACE_OUTER_BOUND('',#3816,.F.);
#3818=ADVANCED_FACE('',(#3817),#3803,.F.);
#3819=CARTESIAN_POINT('',(1.E0,2.03E-1,1.E0));
#3820=DIRECTION('',(0.E0,0.E0,-1.E0));
#3821=DIRECTION('',(-1.E0,0.E0,0.E0));
#3822=AXIS2_PLACEMENT_3D('',#3819,#3820,#3821);
#3823=PLANE('',#3822);
#3825=ORIENTED_EDGE('',*,*,#3824,.T.);
#3826=ORIENTED_EDGE('',*,*,#3804,.T.);
#3828=ORIENTED_EDGE('',*,*,#3827,.F.);
#3830=ORIENTED_EDGE('',*,*,#3829,.F.);
#3831=EDGE_LOOP('',(#3825,#3826,#3828,#3830));
#3832=FACE_OUTER_BOUND('',#3831,.F.);
#3833=ADVANCED_FACE('',(#3832),#3823,.F.);
#3834=FILL_AREA_STYLE_COLOUR('',#29);
#3835=FILL_AREA_STYLE('',(#3834));
#3836=SURFACE_STYLE_FILL_AREA(#3835);
#3837=SURFACE_SIDE_STYLE('',(#3836));
#3838=SURFACE_STYLE_USAGE(.POSITIVE.,#3837);
#3839=PRESENTATION_STYLE_ASSIGNMENT((#3838));
#3840=OVER_RIDING_STYLED_ITEM('',(#3839),#3833,#3644);
#3841=CARTESIAN_POINT('',(-5.E-1,0.E0,1.075E0));
#3842=DIRECTION('',(-1.E0,0.E0,0.E0));
#3843=DIRECTION('',(0.E0,0.E0,-1.E0));
#3844=AXIS2_PLACEMENT_3D('',#3841,#3842,#3843);
#3845=PLANE('',#3844);
#3846=ORIENTED_EDGE('',*,*,#3806,.F.);
#3847=ORIENTED_EDGE('',*,*,#3824,.F.);
#3849=ORIENTED_EDGE('',*,*,#3848,.T.);
#3851=ORIENTED_EDGE('',*,*,#3850,.F.);
#3852=EDGE_LOOP('',(#3846,#3847,#3849,#3851));
#3853=FACE_OUTER_BOUND('',#3852,.F.);
#3854=ADVANCED_FACE('',(#3853),#3845,.F.);
#3855=CARTESIAN_POINT('',(0.E0,2.03E-1,0.E0));
#3856=DIRECTION('',(0.E0,1.E0,0.E0));
#3857=DIRECTION('',(1.E0,0.E0,0.E0));
#3858=AXIS2_PLACEMENT_3D('',#3855,#3856,#3857);
#3859=PLANE('',#3858);
#3860=ORIENTED_EDGE('',*,*,#3829,.T.);
#3862=ORIENTED_EDGE('',*,*,#3861,.F.);
#3864=ORIENTED_EDGE('',*,*,#3863,.F.);
#3866=ORIENTED_EDGE('',*,*,#3865,.F.);
#3868=ORIENTED_EDGE('',*,*,#3867,.F.);
#3869=ORIENTED_EDGE('',*,*,#3848,.F.);
#3870=EDGE_LOOP('',(#3860,#3862,#3864,#3866,#3868,#3869));
#3871=FACE_OUTER_BOUND('',#3870,.F.);
#3872=ADVANCED_FACE('',(#3871),#3859,.T.);
#3873=CARTESIAN_POINT('',(-8.E-1,0.E0,8.E-1));
#3874=DIRECTION('',(1.E0,0.E0,0.E0));
#3875=DIRECTION('',(0.E0,0.E0,1.E0));
#3876=AXIS2_PLACEMENT_3D('',#3873,#3874,#3875);
#3877=PLANE('',#3876);
#3878=ORIENTED_EDGE('',*,*,#3814,.F.);
#3880=ORIENTED_EDGE('',*,*,#3879,.T.);
#3881=ORIENTED_EDGE('',*,*,#3861,.T.);
#3882=ORIENTED_EDGE('',*,*,#3827,.T.);
#3883=EDGE_LOOP('',(#3878,#3880,#3881,#3882));
#3884=FACE_OUTER_BOUND('',#3883,.F.);
#3885=ADVANCED_FACE('',(#3884),#3877,.F.);
#3886=CARTESIAN_POINT('',(-7.5E-1,0.E0,8.E-1));
#3887=DIRECTION('',(0.E0,1.E0,0.E0));
#3888=DIRECTION('',(-1.E0,0.E0,0.E0));
#3889=AXIS2_PLACEMENT_3D('',#3886,#3887,#3888);
#3890=CYLINDRICAL_SURFACE('',#3889,5.E-2);
#3891=ORIENTED_EDGE('',*,*,#3812,.F.);
#3893=ORIENTED_EDGE('',*,*,#3892,.T.);
#3894=ORIENTED_EDGE('',*,*,#3863,.T.);
#3895=ORIENTED_EDGE('',*,*,#3879,.F.);
#3896=EDGE_LOOP('',(#3891,#3893,#3894,#3895));
#3897=FACE_OUTER_BOUND('',#3896,.F.);
#3898=ADVANCED_FACE('',(#3897),#3890,.T.);
#3899=CARTESIAN_POINT('',(-5.5E-1,0.E0,7.5E-1));
#3900=DIRECTION('',(0.E0,0.E0,1.E0));
#3901=DIRECTION('',(-1.E0,0.E0,0.E0));
#3902=AXIS2_PLACEMENT_3D('',#3899,#3900,#3901);
#3903=PLANE('',#3902);
#3904=ORIENTED_EDGE('',*,*,#3810,.F.);
#3906=ORIENTED_EDGE('',*,*,#3905,.T.);
#3907=ORIENTED_EDGE('',*,*,#3865,.T.);
#3908=ORIENTED_EDGE('',*,*,#3892,.F.);
#3909=EDGE_LOOP('',(#3904,#3906,#3907,#3908));
#3910=FACE_OUTER_BOUND('',#3909,.F.);
#3911=ADVANCED_FACE('',(#3910),#3903,.F.);
#3912=CARTESIAN_POINT('',(-5.5E-1,0.E0,8.E-1));
#3913=DIRECTION('',(0.E0,1.E0,0.E0));
#3914=DIRECTION('',(-1.E0,0.E0,0.E0));
#3915=AXIS2_PLACEMENT_3D('',#3912,#3913,#3914);
#3916=CYLINDRICAL_SURFACE('',#3915,5.E-2);
#3917=ORIENTED_EDGE('',*,*,#3808,.F.);
#3918=ORIENTED_EDGE('',*,*,#3850,.T.);
#3919=ORIENTED_EDGE('',*,*,#3867,.T.);
#3920=ORIENTED_EDGE('',*,*,#3905,.F.);
#3921=EDGE_LOOP('',(#3917,#3918,#3919,#3920));
#3922=FACE_OUTER_BOUND('',#3921,.F.);
#3923=ADVANCED_FACE('',(#3922),#3916,.T.);
#3924=CLOSED_SHELL('',(#3818,#3833,#3854,#3872,#3885,#3898,#3911,#3923));
#3925=MANIFOLD_SOLID_BREP('',#3924);
#3926=FILL_AREA_STYLE_COLOUR('',#31);
#3927=FILL_AREA_STYLE('',(#3926));
#3928=SURFACE_STYLE_FILL_AREA(#3927);
#3929=SURFACE_SIDE_STYLE('',(#3928));
#3930=SURFACE_STYLE_USAGE(.POSITIVE.,#3929);
#3931=PRESENTATION_STYLE_ASSIGNMENT((#3930));
#3644=STYLED_ITEM('',(#3931),#3925);
#3933=DIRECTION('',(-7.071067811865E-1,0.E0,-7.071067811865E-1));
#3934=VECTOR('',#3933,2.828427124746E-1);
#3935=CARTESIAN_POINT('',(8.E-1,2.03E-1,-2.5E-1));
#3936=LINE('',#3935,#3934);
#3937=CURVE_STYLE('',#42,POSITIVE_LENGTH_MEASURE(2.E-2),#31);
#3938=PRESENTATION_STYLE_ASSIGNMENT((#3937));
#3939=STYLED_ITEM('',(#3938),#3936);
#3940=DIRECTION('',(0.E0,0.E0,-1.E0));
#3941=VECTOR('',#3940,7.E-1);
#3942=CARTESIAN_POINT('',(8.E-1,2.03E-1,4.5E-1));
#3943=LINE('',#3942,#3941);
#3944=CURVE_STYLE('',#42,POSITIVE_LENGTH_MEASURE(2.E-2),#31);
#3945=PRESENTATION_STYLE_ASSIGNMENT((#3944));
#3946=STYLED_ITEM('',(#3945),#3943);
#3947=DIRECTION('',(1.E0,0.E0,0.E0));
#3948=VECTOR('',#3947,6.25E-1);
#3949=CARTESIAN_POINT('',(1.75E-1,2.03E-1,4.5E-1));
#3950=LINE('',#3949,#3948);
#3951=CURVE_STYLE('',#42,POSITIVE_LENGTH_MEASURE(2.E-2),#31);
#3952=PRESENTATION_STYLE_ASSIGNMENT((#3951));
#3953=STYLED_ITEM('',(#3952),#3950);
#3954=DIRECTION('',(0.E0,0.E0,1.E0));
#3955=VECTOR('',#3954,9.E-1);
#3956=CARTESIAN_POINT('',(1.75E-1,2.03E-1,-4.5E-1));
#3957=LINE('',#3956,#3955);
#3958=CURVE_STYLE('',#42,POSITIVE_LENGTH_MEASURE(2.E-2),#31);
#3959=PRESENTATION_STYLE_ASSIGNMENT((#3958));
#3960=STYLED_ITEM('',(#3959),#3957);
#3961=DIRECTION('',(-1.E0,0.E0,0.E0));
#3962=VECTOR('',#3961,4.25E-1);
#3963=CARTESIAN_POINT('',(6.E-1,2.03E-1,-4.5E-1));
#3964=LINE('',#3963,#3962);
#3965=CURVE_STYLE('',#42,POSITIVE_LENGTH_MEASURE(2.E-2),#31);
#3966=PRESENTATION_STYLE_ASSIGNMENT((#3965));
#3967=STYLED_ITEM('',(#3966),#3964);
#3968=DIRECTION('',(7.071067811865E-1,0.E0,7.071067811865E-1));
#3969=VECTOR('',#3968,2.828427124746E-1);
#3970=CARTESIAN_POINT('',(6.E-1,0.E0,-4.5E-1));
#3971=LINE('',#3970,#3969);
#3972=CURVE_STYLE('',#42,POSITIVE_LENGTH_MEASURE(2.E-2),#31);
#3973=PRESENTATION_STYLE_ASSIGNMENT((#3972));
#3974=STYLED_ITEM('',(#3973),#3971);
#3975=DIRECTION('',(-1.E0,0.E0,0.E0));
#3976=VECTOR('',#3975,4.25E-1);
#3977=CARTESIAN_POINT('',(6.E-1,0.E0,-4.5E-1));
#3978=LINE('',#3977,#3976);
#3979=CURVE_STYLE('',#42,POSITIVE_LENGTH_MEASURE(2.E-2),#31);
#3980=PRESENTATION_STYLE_ASSIGNMENT((#3979));
#3981=STYLED_ITEM('',(#3980),#3978);
#3982=DIRECTION('',(0.E0,0.E0,1.E0));
#3983=VECTOR('',#3982,9.E-1);
#3984=CARTESIAN_POINT('',(1.75E-1,0.E0,-4.5E-1));
#3985=LINE('',#3984,#3983);
#3986=CURVE_STYLE('',#42,POSITIVE_LENGTH_MEASURE(2.E-2),#31);
#3987=PRESENTATION_STYLE_ASSIGNMENT((#3986));
#3988=STYLED_ITEM('',(#3987),#3985);
#3989=DIRECTION('',(1.E0,0.E0,0.E0));
#3990=VECTOR('',#3989,6.25E-1);
#3991=CARTESIAN_POINT('',(1.75E-1,0.E0,4.5E-1));
#3992=LINE('',#3991,#3990);
#3993=CURVE_STYLE('',#42,POSITIVE_LENGTH_MEASURE(2.E-2),#31);
#3994=PRESENTATION_STYLE_ASSIGNMENT((#3993));
#3995=STYLED_ITEM('',(#3994),#3992);
#3996=DIRECTION('',(0.E0,0.E0,-1.E0));
#3997=VECTOR('',#3996,7.E-1);
#3998=CARTESIAN_POINT('',(8.E-1,0.E0,4.5E-1));
#3999=LINE('',#3998,#3997);
#4000=CURVE_STYLE('',#42,POSITIVE_LENGTH_MEASURE(2.E-2),#31);
#4001=PRESENTATION_STYLE_ASSIGNMENT((#4000));
#4002=STYLED_ITEM('',(#4001),#3999);
#4003=DIRECTION('',(0.E0,-1.E0,0.E0));
#4004=VECTOR('',#4003,2.03E-1);
#4005=CARTESIAN_POINT('',(6.E-1,2.03E-1,-4.5E-1));
#4006=LINE('',#4005,#4004);
#4007=CURVE_STYLE('',#42,POSITIVE_LENGTH_MEASURE(2.E-2),#31);
#4008=PRESENTATION_STYLE_ASSIGNMENT((#4007));
#4009=STYLED_ITEM('',(#4008),#4006);
#4010=DIRECTION('',(0.E0,-1.E0,0.E0));
#4011=VECTOR('',#4010,2.03E-1);
#4012=CARTESIAN_POINT('',(1.75E-1,2.03E-1,-4.5E-1));
#4013=LINE('',#4012,#4011);
#4014=CURVE_STYLE('',#42,POSITIVE_LENGTH_MEASURE(2.E-2),#31);
#4015=PRESENTATION_STYLE_ASSIGNMENT((#4014));
#4016=STYLED_ITEM('',(#4015),#4013);
#4017=DIRECTION('',(0.E0,-1.E0,0.E0));
#4018=VECTOR('',#4017,2.03E-1);
#4019=CARTESIAN_POINT('',(1.75E-1,2.03E-1,4.5E-1));
#4020=LINE('',#4019,#4018);
#4021=CURVE_STYLE('',#42,POSITIVE_LENGTH_MEASURE(2.E-2),#31);
#4022=PRESENTATION_STYLE_ASSIGNMENT((#4021));
#4023=STYLED_ITEM('',(#4022),#4020);
#4024=DIRECTION('',(0.E0,-1.E0,0.E0));
#4025=VECTOR('',#4024,2.03E-1);
#4026=CARTESIAN_POINT('',(8.E-1,2.03E-1,-2.5E-1));
#4027=LINE('',#4026,#4025);
#4028=CURVE_STYLE('',#42,POSITIVE_LENGTH_MEASURE(2.E-2),#31);
#4029=PRESENTATION_STYLE_ASSIGNMENT((#4028));
#4030=STYLED_ITEM('',(#4029),#4027);
#4031=DIRECTION('',(0.E0,-1.E0,0.E0));
#4032=VECTOR('',#4031,2.03E-1);
#4033=CARTESIAN_POINT('',(8.E-1,2.03E-1,4.5E-1));
#4034=LINE('',#4033,#4032);
#4035=CURVE_STYLE('',#42,POSITIVE_LENGTH_MEASURE(2.E-2),#31);
#4036=PRESENTATION_STYLE_ASSIGNMENT((#4035));
#4037=STYLED_ITEM('',(#4036),#4034);
#4038=CARTESIAN_POINT('',(1.75E-1,2.03E-1,-4.5E-1));
#4039=CARTESIAN_POINT('',(1.75E-1,2.03E-1,4.5E-1));
#4040=VERTEX_POINT('',#4038);
#4041=VERTEX_POINT('',#4039);
#4042=CARTESIAN_POINT('',(8.E-1,2.03E-1,4.5E-1));
#4043=VERTEX_POINT('',#4042);
#4044=CARTESIAN_POINT('',(1.75E-1,0.E0,-4.5E-1));
#4045=CARTESIAN_POINT('',(1.75E-1,0.E0,4.5E-1));
#4046=VERTEX_POINT('',#4044);
#4047=VERTEX_POINT('',#4045);
#4048=CARTESIAN_POINT('',(8.E-1,0.E0,4.5E-1));
#4049=VERTEX_POINT('',#4048);
#4050=CARTESIAN_POINT('',(6.E-1,0.E0,-4.5E-1));
#4051=CARTESIAN_POINT('',(8.E-1,0.E0,-2.5E-1));
#4052=VERTEX_POINT('',#4050);
#4053=VERTEX_POINT('',#4051);
#4054=CARTESIAN_POINT('',(8.E-1,2.03E-1,-2.5E-1));
#4055=VERTEX_POINT('',#4054);
#4056=CARTESIAN_POINT('',(6.E-1,2.03E-1,-4.5E-1));
#4057=VERTEX_POINT('',#4056);
#4058=CARTESIAN_POINT('',(0.E0,2.03E-1,0.E0));
#4059=DIRECTION('',(0.E0,1.E0,0.E0));
#4060=DIRECTION('',(1.E0,0.E0,0.E0));
#4061=AXIS2_PLACEMENT_3D('',#4058,#4059,#4060);
#4062=PLANE('',#4061);
#4064=ORIENTED_EDGE('',*,*,#4063,.F.);
#4066=ORIENTED_EDGE('',*,*,#4065,.F.);
#4068=ORIENTED_EDGE('',*,*,#4067,.F.);
#4070=ORIENTED_EDGE('',*,*,#4069,.F.);
#4072=ORIENTED_EDGE('',*,*,#4071,.F.);
#4073=EDGE_LOOP('',(#4064,#4066,#4068,#4070,#4072));
#4074=FACE_OUTER_BOUND('',#4073,.F.);
#4075=ADVANCED_FACE('',(#4074),#4062,.T.);
#4076=CARTESIAN_POINT('',(7.E-1,1.015E-1,-3.5E-1));
#4077=DIRECTION('',(7.071067811865E-1,0.E0,-7.071067811865E-1));
#4078=DIRECTION('',(7.071067811865E-1,0.E0,7.071067811865E-1));
#4079=AXIS2_PLACEMENT_3D('',#4076,#4077,#4078);
#4080=PLANE('',#4079);
#4082=ORIENTED_EDGE('',*,*,#4081,.T.);
#4084=ORIENTED_EDGE('',*,*,#4083,.F.);
#4085=ORIENTED_EDGE('',*,*,#4063,.T.);
#4087=ORIENTED_EDGE('',*,*,#4086,.T.);
#4088=EDGE_LOOP('',(#4082,#4084,#4085,#4087));
#4089=FACE_OUTER_BOUND('',#4088,.F.);
#4090=ADVANCED_FACE('',(#4089),#4080,.T.);
#4091=CARTESIAN_POINT('',(0.E0,0.E0,0.E0));
#4092=DIRECTION('',(0.E0,1.E0,0.E0));
#4093=DIRECTION('',(1.E0,0.E0,0.E0));
#4094=AXIS2_PLACEMENT_3D('',#4091,#4092,#4093);
#4095=PLANE('',#4094);
#4096=ORIENTED_EDGE('',*,*,#4081,.F.);
#4098=ORIENTED_EDGE('',*,*,#4097,.T.);
#4100=ORIENTED_EDGE('',*,*,#4099,.T.);
#4102=ORIENTED_EDGE('',*,*,#4101,.T.);
#4104=ORIENTED_EDGE('',*,*,#4103,.T.);
#4105=EDGE_LOOP('',(#4096,#4098,#4100,#4102,#4104));
#4106=FACE_OUTER_BOUND('',#4105,.F.);
#4107=ADVANCED_FACE('',(#4106),#4095,.F.);
#4108=CARTESIAN_POINT('',(8.E-1,2.03E-1,-4.5E-1));
#4109=DIRECTION('',(0.E0,0.E0,-1.E0));
#4110=DIRECTION('',(-1.E0,0.E0,0.E0));
#4111=AXIS2_PLACEMENT_3D('',#4108,#4109,#4110);
#4112=PLANE('',#4111);
#4113=ORIENTED_EDGE('',*,*,#4086,.F.);
#4114=ORIENTED_EDGE('',*,*,#4071,.T.);
#4116=ORIENTED_EDGE('',*,*,#4115,.T.);
#4117=ORIENTED_EDGE('',*,*,#4097,.F.);
#4118=EDGE_LOOP('',(#4113,#4114,#4116,#4117));
#4119=FACE_OUTER_BOUND('',#4118,.F.);
#4120=ADVANCED_FACE('',(#4119),#4112,.T.);
#4121=CARTESIAN_POINT('',(1.75E-1,2.03E-1,-4.5E-1));
#4122=DIRECTION('',(-1.E0,0.E0,0.E0));
#4123=DIRECTION('',(0.E0,0.E0,1.E0));
#4124=AXIS2_PLACEMENT_3D('',#4121,#4122,#4123);
#4125=PLANE('',#4124);
#4126=ORIENTED_EDGE('',*,*,#4069,.T.);
#4128=ORIENTED_EDGE('',*,*,#4127,.T.);
#4129=ORIENTED_EDGE('',*,*,#4099,.F.);
#4130=ORIENTED_EDGE('',*,*,#4115,.F.);
#4131=EDGE_LOOP('',(#4126,#4128,#4129,#4130));
#4132=FACE_OUTER_BOUND('',#4131,.F.);
#4133=ADVANCED_FACE('',(#4132),#4125,.T.);
#4134=CARTESIAN_POINT('',(1.75E-1,2.03E-1,4.5E-1));
#4135=DIRECTION('',(0.E0,0.E0,1.E0));
#4136=DIRECTION('',(1.E0,0.E0,0.E0));
#4137=AXIS2_PLACEMENT_3D('',#4134,#4135,#4136);
#4138=PLANE('',#4137);
#4139=ORIENTED_EDGE('',*,*,#4067,.T.);
#4141=ORIENTED_EDGE('',*,*,#4140,.T.);
#4142=ORIENTED_EDGE('',*,*,#4101,.F.);
#4143=ORIENTED_EDGE('',*,*,#4127,.F.);
#4144=EDGE_LOOP('',(#4139,#4141,#4142,#4143));
#4145=FACE_OUTER_BOUND('',#4144,.F.);
#4146=ADVANCED_FACE('',(#4145),#4138,.T.);
#4147=CARTESIAN_POINT('',(8.E-1,2.03E-1,4.5E-1));
#4148=DIRECTION('',(1.E0,0.E0,0.E0));
#4149=DIRECTION('',(0.E0,0.E0,-1.E0));
#4150=AXIS2_PLACEMENT_3D('',#4147,#4148,#4149);
#4151=PLANE('',#4150);
#4152=ORIENTED_EDGE('',*,*,#4083,.T.);
#4153=ORIENTED_EDGE('',*,*,#4103,.F.);
#4154=ORIENTED_EDGE('',*,*,#4140,.F.);
#4155=ORIENTED_EDGE('',*,*,#4065,.T.);
#4156=EDGE_LOOP('',(#4152,#4153,#4154,#4155));
#4157=FACE_OUTER_BOUND('',#4156,.F.);
#4158=ADVANCED_FACE('',(#4157),#4151,.T.);
#4159=CLOSED_SHELL('',(#4075,#4090,#4107,#4120,#4133,#4146,#4158));
#4160=MANIFOLD_SOLID_BREP('',#4159);
#4161=FILL_AREA_STYLE_COLOUR('',#31);
#4162=FILL_AREA_STYLE('',(#4161));
#4163=SURFACE_STYLE_FILL_AREA(#4162);
#4164=SURFACE_SIDE_STYLE('',(#4163));
#4165=SURFACE_STYLE_USAGE(.POSITIVE.,#4164);
#4166=PRESENTATION_STYLE_ASSIGNMENT((#4165));
#3932=STYLED_ITEM('',(#4166),#4160);
#4168=DIRECTION('',(0.E0,0.E0,1.E0));
#4169=VECTOR('',#4168,9.E-1);
#4170=CARTESIAN_POINT('',(-8.E-1,2.03E-1,-4.5E-1));
#4171=LINE('',#4170,#4169);
#4172=CURVE_STYLE('',#42,POSITIVE_LENGTH_MEASURE(2.E-2),#31);
#4173=PRESENTATION_STYLE_ASSIGNMENT((#4172));
#4174=STYLED_ITEM('',(#4173),#4171);
#4175=DIRECTION('',(-1.E0,0.E0,0.E0));
#4176=VECTOR('',#4175,6.25E-1);
#4177=CARTESIAN_POINT('',(-1.75E-1,2.03E-1,-4.5E-1));
#4178=LINE('',#4177,#4176);
#4179=CURVE_STYLE('',#42,POSITIVE_LENGTH_MEASURE(2.E-2),#31);
#4180=PRESENTATION_STYLE_ASSIGNMENT((#4179));
#4181=STYLED_ITEM('',(#4180),#4178);
#4182=DIRECTION('',(0.E0,0.E0,-1.E0));
#4183=VECTOR('',#4182,9.E-1);
#4184=CARTESIAN_POINT('',(-1.75E-1,2.03E-1,4.5E-1));
#4185=LINE('',#4184,#4183);
#4186=CURVE_STYLE('',#42,POSITIVE_LENGTH_MEASURE(2.E-2),#31);
#4187=PRESENTATION_STYLE_ASSIGNMENT((#4186));
#4188=STYLED_ITEM('',(#4187),#4185);
#4189=DIRECTION('',(1.E0,0.E0,0.E0));
#4190=VECTOR('',#4189,6.25E-1);
#4191=CARTESIAN_POINT('',(-8.E-1,2.03E-1,4.5E-1));
#4192=LINE('',#4191,#4190);
#4193=CURVE_STYLE('',#42,POSITIVE_LENGTH_MEASURE(2.E-2),#31);
#4194=PRESENTATION_STYLE_ASSIGNMENT((#4193));
#4195=STYLED_ITEM('',(#4194),#4192);
#4196=DIRECTION('',(0.E0,-1.E0,0.E0));
#4197=VECTOR('',#4196,2.03E-1);
#4198=CARTESIAN_POINT('',(-8.E-1,2.03E-1,-4.5E-1));
#4199=LINE('',#4198,#4197);
#4200=CURVE_STYLE('',#42,POSITIVE_LENGTH_MEASURE(2.E-2),#31);
#4201=PRESENTATION_STYLE_ASSIGNMENT((#4200));
#4202=STYLED_ITEM('',(#4201),#4199);
#4203=DIRECTION('',(0.E0,-1.E0,0.E0));
#4204=VECTOR('',#4203,2.03E-1);
#4205=CARTESIAN_POINT('',(-8.E-1,2.03E-1,4.5E-1));
#4206=LINE('',#4205,#4204);
#4207=CURVE_STYLE('',#42,POSITIVE_LENGTH_MEASURE(2.E-2),#31);
#4208=PRESENTATION_STYLE_ASSIGNMENT((#4207));
#4209=STYLED_ITEM('',(#4208),#4206);
#4210=DIRECTION('',(0.E0,-1.E0,0.E0));
#4211=VECTOR('',#4210,2.03E-1);
#4212=CARTESIAN_POINT('',(-1.75E-1,2.03E-1,4.5E-1));
#4213=LINE('',#4212,#4211);
#4214=CURVE_STYLE('',#42,POSITIVE_LENGTH_MEASURE(2.E-2),#31);
#4215=PRESENTATION_STYLE_ASSIGNMENT((#4214));
#4216=STYLED_ITEM('',(#4215),#4213);
#4217=DIRECTION('',(0.E0,-1.E0,0.E0));
#4218=VECTOR('',#4217,2.03E-1);
#4219=CARTESIAN_POINT('',(-1.75E-1,2.03E-1,-4.5E-1));
#4220=LINE('',#4219,#4218);
#4221=CURVE_STYLE('',#42,POSITIVE_LENGTH_MEASURE(2.E-2),#31);
#4222=PRESENTATION_STYLE_ASSIGNMENT((#4221));
#4223=STYLED_ITEM('',(#4222),#4220);
#4224=DIRECTION('',(0.E0,0.E0,1.E0));
#4225=VECTOR('',#4224,9.E-1);
#4226=CARTESIAN_POINT('',(-8.E-1,0.E0,-4.5E-1));
#4227=LINE('',#4226,#4225);
#4228=CURVE_STYLE('',#42,POSITIVE_LENGTH_MEASURE(2.E-2),#31);
#4229=PRESENTATION_STYLE_ASSIGNMENT((#4228));
#4230=STYLED_ITEM('',(#4229),#4227);
#4231=DIRECTION('',(1.E0,0.E0,0.E0));
#4232=VECTOR('',#4231,6.25E-1);
#4233=CARTESIAN_POINT('',(-8.E-1,0.E0,4.5E-1));
#4234=LINE('',#4233,#4232);
#4235=CURVE_STYLE('',#42,POSITIVE_LENGTH_MEASURE(2.E-2),#31);
#4236=PRESENTATION_STYLE_ASSIGNMENT((#4235));
#4237=STYLED_ITEM('',(#4236),#4234);
#4238=DIRECTION('',(0.E0,0.E0,-1.E0));
#4239=VECTOR('',#4238,9.E-1);
#4240=CARTESIAN_POINT('',(-1.75E-1,0.E0,4.5E-1));
#4241=LINE('',#4240,#4239);
#4242=CURVE_STYLE('',#42,POSITIVE_LENGTH_MEASURE(2.E-2),#31);
#4243=PRESENTATION_STYLE_ASSIGNMENT((#4242));
#4244=STYLED_ITEM('',(#4243),#4241);
#4245=DIRECTION('',(-1.E0,0.E0,0.E0));
#4246=VECTOR('',#4245,6.25E-1);
#4247=CARTESIAN_POINT('',(-1.75E-1,0.E0,-4.5E-1));
#4248=LINE('',#4247,#4246);
#4249=CURVE_STYLE('',#42,POSITIVE_LENGTH_MEASURE(2.E-2),#31);
#4250=PRESENTATION_STYLE_ASSIGNMENT((#4249));
#4251=STYLED_ITEM('',(#4250),#4248);
#4252=CARTESIAN_POINT('',(-8.E-1,2.03E-1,-4.5E-1));
#4253=CARTESIAN_POINT('',(-8.E-1,2.03E-1,4.5E-1));
#4254=VERTEX_POINT('',#4252);
#4255=VERTEX_POINT('',#4253);
#4256=CARTESIAN_POINT('',(-1.75E-1,2.03E-1,4.5E-1));
#4257=VERTEX_POINT('',#4256);
#4258=CARTESIAN_POINT('',(-1.75E-1,2.03E-1,-4.5E-1));
#4259=VERTEX_POINT('',#4258);
#4260=CARTESIAN_POINT('',(-8.E-1,0.E0,-4.5E-1));
#4261=CARTESIAN_POINT('',(-8.E-1,0.E0,4.5E-1));
#4262=VERTEX_POINT('',#4260);
#4263=VERTEX_POINT('',#4261);
#4264=CARTESIAN_POINT('',(-1.75E-1,0.E0,4.5E-1));
#4265=VERTEX_POINT('',#4264);
#4266=CARTESIAN_POINT('',(-1.75E-1,0.E0,-4.5E-1));
#4267=VERTEX_POINT('',#4266);
#4268=CARTESIAN_POINT('',(0.E0,2.03E-1,0.E0));
#4269=DIRECTION('',(0.E0,1.E0,0.E0));
#4270=DIRECTION('',(1.E0,0.E0,0.E0));
#4271=AXIS2_PLACEMENT_3D('',#4268,#4269,#4270);
#4272=PLANE('',#4271);
#4274=ORIENTED_EDGE('',*,*,#4273,.F.);
#4276=ORIENTED_EDGE('',*,*,#4275,.F.);
#4278=ORIENTED_EDGE('',*,*,#4277,.F.);
#4280=ORIENTED_EDGE('',*,*,#4279,.F.);
#4281=EDGE_LOOP('',(#4274,#4276,#4278,#4280));
#4282=FACE_OUTER_BOUND('',#4281,.F.);
#4283=ADVANCED_FACE('',(#4282),#4272,.T.);
#4284=CARTESIAN_POINT('',(-8.E-1,2.03E-1,-4.5E-1));
#4285=DIRECTION('',(-1.E0,0.E0,0.E0));
#4286=DIRECTION('',(0.E0,0.E0,1.E0));
#4287=AXIS2_PLACEMENT_3D('',#4284,#4285,#4286);
#4288=PLANE('',#4287);
#4289=ORIENTED_EDGE('',*,*,#4273,.T.);
#4291=ORIENTED_EDGE('',*,*,#4290,.T.);
#4293=ORIENTED_EDGE('',*,*,#4292,.F.);
#4295=ORIENTED_EDGE('',*,*,#4294,.F.);
#4296=EDGE_LOOP('',(#4289,#4291,#4293,#4295));
#4297=FACE_OUTER_BOUND('',#4296,.F.);
#4298=ADVANCED_FACE('',(#4297),#4288,.T.);
#4299=CARTESIAN_POINT('',(-8.E-1,2.03E-1,4.5E-1));
#4300=DIRECTION('',(0.E0,0.E0,1.E0));
#4301=DIRECTION('',(1.E0,0.E0,0.E0));
#4302=AXIS2_PLACEMENT_3D('',#4299,#4300,#4301);
#4303=PLANE('',#4302);
#4304=ORIENTED_EDGE('',*,*,#4279,.T.);
#4306=ORIENTED_EDGE('',*,*,#4305,.T.);
#4308=ORIENTED_EDGE('',*,*,#4307,.F.);
#4309=ORIENTED_EDGE('',*,*,#4290,.F.);
#4310=EDGE_LOOP('',(#4304,#4306,#4308,#4309));
#4311=FACE_OUTER_BOUND('',#4310,.F.);
#4312=ADVANCED_FACE('',(#4311),#4303,.T.);
#4313=CARTESIAN_POINT('',(-1.75E-1,2.03E-1,4.5E-1));
#4314=DIRECTION('',(1.E0,0.E0,0.E0));
#4315=DIRECTION('',(0.E0,0.E0,-1.E0));
#4316=AXIS2_PLACEMENT_3D('',#4313,#4314,#4315);
#4317=PLANE('',#4316);
#4318=ORIENTED_EDGE('',*,*,#4277,.T.);
#4320=ORIENTED_EDGE('',*,*,#4319,.T.);
#4322=ORIENTED_EDGE('',*,*,#4321,.F.);
#4323=ORIENTED_EDGE('',*,*,#4305,.F.);
#4324=EDGE_LOOP('',(#4318,#4320,#4322,#4323));
#4325=FACE_OUTER_BOUND('',#4324,.F.);
#4326=ADVANCED_FACE('',(#4325),#4317,.T.);
#4327=CARTESIAN_POINT('',(-1.75E-1,2.03E-1,-4.5E-1));
#4328=DIRECTION('',(0.E0,0.E0,-1.E0));
#4329=DIRECTION('',(-1.E0,0.E0,0.E0));
#4330=AXIS2_PLACEMENT_3D('',#4327,#4328,#4329);
#4331=PLANE('',#4330);
#4332=ORIENTED_EDGE('',*,*,#4275,.T.);
#4333=ORIENTED_EDGE('',*,*,#4294,.T.);
#4335=ORIENTED_EDGE('',*,*,#4334,.F.);
#4336=ORIENTED_EDGE('',*,*,#4319,.F.);
#4337=EDGE_LOOP('',(#4332,#4333,#4335,#4336));
#4338=FACE_OUTER_BOUND('',#4337,.F.);
#4339=ADVANCED_FACE('',(#4338),#4331,.T.);
#4340=CARTESIAN_POINT('',(0.E0,0.E0,0.E0));
#4341=DIRECTION('',(0.E0,1.E0,0.E0));
#4342=DIRECTION('',(1.E0,0.E0,0.E0));
#4343=AXIS2_PLACEMENT_3D('',#4340,#4341,#4342);
#4344=PLANE('',#4343);
#4345=ORIENTED_EDGE('',*,*,#4292,.T.);
#4346=ORIENTED_EDGE('',*,*,#4307,.T.);
#4347=ORIENTED_EDGE('',*,*,#4321,.T.);
#4348=ORIENTED_EDGE('',*,*,#4334,.T.);
#4349=EDGE_LOOP('',(#4345,#4346,#4347,#4348));
#4350=FACE_OUTER_BOUND('',#4349,.F.);
#4351=ADVANCED_FACE('',(#4350),#4344,.F.);
#4352=CLOSED_SHELL('',(#4283,#4298,#4312,#4326,#4339,#4351));
#4353=MANIFOLD_SOLID_BREP('',#4352);
#4354=FILL_AREA_STYLE_COLOUR('',#31);
#4355=FILL_AREA_STYLE('',(#4354));
#4356=SURFACE_STYLE_FILL_AREA(#4355);
#4357=SURFACE_SIDE_STYLE('',(#4356));
#4358=SURFACE_STYLE_USAGE(.POSITIVE.,#4357);
#4359=PRESENTATION_STYLE_ASSIGNMENT((#4358));
#4167=STYLED_ITEM('',(#4359),#4353);
#4361=DIMENSIONAL_EXPONENTS(0.E0,0.E0,0.E0,0.E0,0.E0,0.E0,0.E0);
#4363=PLANE_ANGLE_MEASURE_WITH_UNIT(PLANE_ANGLE_MEASURE(1.745329251994E-2),
#4362);
#4364=(CONVERSION_BASED_UNIT('DEGREE',#4363)NAMED_UNIT(*)PLANE_ANGLE_UNIT());
#4366=UNCERTAINTY_MEASURE_WITH_UNIT(LENGTH_MEASURE(3.577817194391E-4),#4360,
'closure',
'Maximum model space distance between geometric entities at asserted connectivities');
#4367=(GEOMETRIC_REPRESENTATION_CONTEXT(3)GLOBAL_UNCERTAINTY_ASSIGNED_CONTEXT((
#4366))GLOBAL_UNIT_ASSIGNED_CONTEXT((#4360,#4364,#4365))REPRESENTATION_CONTEXT(
'ID2','3'));
#4368=CARTESIAN_POINT('',(0.E0,0.E0,0.E0));
#4369=DIRECTION('',(0.E0,0.E0,1.E0));
#4370=DIRECTION('',(1.E0,0.E0,0.E0));
#4373=MECHANICAL_CONTEXT('',#2178,'mechanical');
#4374=PRODUCT('FRAME','FRAME','NOT SPECIFIED',(#4373));
#4375=PRODUCT_DEFINITION_FORMATION_WITH_SPECIFIED_SOURCE('63','LAST_VERSION',
#4374,.MADE.);
#4381=CARTESIAN_POINT('',(0.E0,0.E0,0.E0));
#4382=DIRECTION('',(1.E0,0.E0,0.E0));
#4383=DIRECTION('',(0.E0,1.E0,0.E0));
#4384=AXIS2_PLACEMENT_3D('',#4381,#4382,#4383);
#4385=ITEM_DEFINED_TRANSFORMATION('','',#4371,#4384);
#4386=(REPRESENTATION_RELATIONSHIP('','',#4372,#2189)REPRESENTATION_RELATIONSHIP_WITH_TRANSFORMATION(#4385)SHAPE_REPRESENTATION_RELATIONSHIP());
#4387=CONTEXT_DEPENDENT_SHAPE_REPRESENTATION(#4386,#4380);
#4389=DIMENSIONAL_EXPONENTS(0.E0,0.E0,0.E0,0.E0,0.E0,0.E0,0.E0);
#4391=PLANE_ANGLE_MEASURE_WITH_UNIT(PLANE_ANGLE_MEASURE(1.745329251994E-2),
#4390);
#4392=(CONVERSION_BASED_UNIT('DEGREE',#4391)NAMED_UNIT(*)PLANE_ANGLE_UNIT());
#4394=UNCERTAINTY_MEASURE_WITH_UNIT(LENGTH_MEASURE(2.939270115832E-4),#4388,
'closure',
'Maximum model space distance between geometric entities at asserted connectivities');
#4395=(GEOMETRIC_REPRESENTATION_CONTEXT(3)GLOBAL_UNCERTAINTY_ASSIGNED_CONTEXT((
#4394))GLOBAL_UNIT_ASSIGNED_CONTEXT((#4388,#4392,#4393))REPRESENTATION_CONTEXT(
'ID3','3'));
#4396=CARTESIAN_POINT('',(0.E0,0.E0,0.E0));
#4397=DIRECTION('',(0.E0,0.E0,1.E0));
#4398=DIRECTION('',(1.E0,0.E0,0.E0));
#4400=MECHANICAL_DESIGN_GEOMETRIC_PRESENTATION_REPRESENTATION('',(#45,#52,#60,
#67,#75,#82,#89,#96,#104,#111,#119,#126,#133,#140,#148,#155,#163,#170,#177,#184,
#191,#198,#206,#213,#221,#228,#235,#242,#250,#257,#265,#272,#279,#286,#294,#301,
#309,#316,#323,#330,#337,#344,#351,#358,#365,#372,#379,#386,#393,#400,#407,#414,
#421,#428,#435,#442,#449,#456,#463,#470,#477,#484,#491,#498,#505,#512,#519,#526,
#533,#540,#547,#554,#561,#568,#575,#582,#589,#596,#603,#610,#618,#625,#633,#640,
#647,#655,#662,#670,#677,#684,#692,#699,#707,#714,#721,#729,#736,#744,#751,#758,
#766,#773,#781,#788,#795,#803,#810,#818,#825,#832,#839,#846,#853,#860,#867,#874,
#881,#888,#895,#902,#909,#916,#923,#930,#937,#944,#951,#958,#965,#972,#979,#986,
#993,#1000,#1007,#1014,#1021,#1028,#1035,#1042,#1049,#1056,#1063,#1070,#1077,
#1084,#1091,#37,#2206,#2214,#2221,#2229,#2236,#2243,#2250,#2257,#2264,#2271,
#2278,#2285,#2292,#2299,#2307,#2314,#2322,#2329,#2414,#2199,#2499,#2506,#2514,
#2521,#2529,#2536,#2543,#2550,#2557,#2564,#2572,#2579,#2587,#2594,#2601,#2608,
#2615,#2622,#2688,#2492,#2787,#2794,#2801,#2809,#2816,#2824,#2831,#2838,#2845,
#2852,#2859,#2867,#2874,#2882,#2889,#2896,#2903,#2910,#2990,#2780,#3075,#3082,
#3089,#3097,#3104,#3112,#3119,#3126,#3133,#3140,#3147,#3155,#3162,#3170,#3177,
#3184,#3191,#3198,#3278,#3068,#3363,#3371,#3378,#3386,#3393,#3400,#3407,#3414,
#3421,#3428,#3435,#3442,#3449,#3456,#3464,#3471,#3479,#3486,#3566,#3356,#3651,
#3658,#3666,#3673,#3681,#3688,#3695,#3702,#3709,#3717,#3724,#3732,#3739,#3746,
#3753,#3760,#3767,#3774,#3840,#3644,#3939,#3946,#3953,#3960,#3967,#3974,#3981,
#3988,#3995,#4002,#4009,#4016,#4023,#4030,#4037,#3932,#4174,#4181,#4188,#4195,
#4202,#4209,#4216,#4223,#4230,#4237,#4244,#4251,#4167),#4395);
#4401=DESIGN_CONTEXT('',#2178,'design');
#4402=MECHANICAL_CONTEXT('',#2178,'mechanical');
#4403=PRODUCT('DLV0006A_ASM','DLV0006A_ASM','NOT SPECIFIED',(#4402));
#4404=PRODUCT_DEFINITION_FORMATION_WITH_SPECIFIED_SOURCE('206','LAST_VERSION',
#4403,.MADE.);
#4406=PRODUCT_CATEGORY('part','');
#4407=PRODUCT_RELATED_PRODUCT_CATEGORY('assembly','',(#4403));
#4408=PRODUCT_CATEGORY_RELATIONSHIP('','',#4406,#4407);
#4409=PRODUCT_CATEGORY('part','');
#4410=PRODUCT_RELATED_PRODUCT_CATEGORY('detail','',(#2182,#4374));
#4411=PRODUCT_CATEGORY_RELATIONSHIP('','',#4409,#4410);
#4412=SECURITY_CLASSIFICATION_LEVEL('unclassified');
#4413=SECURITY_CLASSIFICATION('','',#4412);
#4414=CC_DESIGN_SECURITY_CLASSIFICATION(#4413,(#2183,#4375,#4404,#2190,#4379));
#4415=APPROVAL_STATUS('approved');
#4416=APPROVAL(#4415,'');
#4417=CC_DESIGN_APPROVAL(#4416,(#4413,#2183,#4375,#4404,#2184,#4376,#4405));
#4418=CALENDAR_DATE(124,8,4);
#4419=COORDINATED_UNIVERSAL_TIME_OFFSET(7,0,.BEHIND.);
#4420=LOCAL_TIME(9,0,1.1E1,#4419);
#4421=DATE_AND_TIME(#4418,#4420);
#4422=APPROVAL_DATE_TIME(#4421,#4416);
#4423=DATE_TIME_ROLE('creation_date');
#4424=CC_DESIGN_DATE_AND_TIME_ASSIGNMENT(#4421,#4423,(#2184,#4376,#4405));
#4425=DATE_TIME_ROLE('classification_date');
#4426=CC_DESIGN_DATE_AND_TIME_ASSIGNMENT(#4421,#4425,(#4413));
#4427=PERSON('UNSPECIFIED','UNSPECIFIED',$,$,$,$);
#4428=ORGANIZATION('UNSPECIFIED','UNSPECIFIED','UNSPECIFIED');
#4429=PERSON_AND_ORGANIZATION(#4427,#4428);
#4430=APPROVAL_ROLE('approver');
#4431=APPROVAL_PERSON_ORGANIZATION(#4429,#4416,#4430);
#4432=PERSON_AND_ORGANIZATION_ROLE('creator');
#4433=CC_DESIGN_PERSON_AND_ORGANIZATION_ASSIGNMENT(#4429,#4432,(#2183,#4375,
#4404,#2184,#4376,#4405));
#4434=PERSON_AND_ORGANIZATION_ROLE('design_supplier');
#4435=CC_DESIGN_PERSON_AND_ORGANIZATION_ASSIGNMENT(#4429,#4434,(#2183,#4375,
#4404));
#4436=PERSON_AND_ORGANIZATION_ROLE('classification_officer');
#4437=CC_DESIGN_PERSON_AND_ORGANIZATION_ASSIGNMENT(#4429,#4436,(#4413));
#4438=PERSON_AND_ORGANIZATION_ROLE('design_owner');
#4439=CC_DESIGN_PERSON_AND_ORGANIZATION_ASSIGNMENT(#4429,#4438,(#4403,#2182,
#4374));
#1=COLOUR_RGB('',0.E0,4.3E-1,1.E0);
#2=COLOUR_RGB('',0.E0,6.6E-1,0.E0);
#3=COLOUR_RGB('',9.8039E-2,9.8039E-2,9.8039E-2);
#4=COLOUR_RGB('',1.7E-1,2.2E-1,3.E-1);
#5=COLOUR_RGB('',1.80392E-1,2.7451E-1,9.8039E-2);
#6=COLOUR_RGB('',3.E-1,1.29412E-1,2.5098E-1);
#7=COLOUR_RGB('',3.13725E-1,3.13725E-1,3.13725E-1);
#8=COLOUR_RGB('',3.2E-1,4.9E-1,1.76471E-1);
#9=COLOUR_RGB('',3.33333E-1,2.15686E-1,3.33333E-1);
#10=COLOUR_RGB('',3.5E-1,3.5E-1,3.5E-1);
#11=COLOUR_RGB('',3.60784E-1,2.62745E-1,0.E0);
#12=COLOUR_RGB('',3.92157E-1,3.92157E-1,3.92157E-1);
#13=COLOUR_RGB('',4.4E-1,2.6E-1,0.E0);
#14=COLOUR_RGB('',5.2549E-1,5.60784E-1,9.21569E-1);
#15=COLOUR_RGB('',5.60784E-1,6.86275E-1,6.23529E-1);
#16=COLOUR_RGB('',5.7E-1,0.E0,1.E0);
#17=COLOUR_RGB('',5.9E-1,3.E-1,0.E0);
#18=COLOUR_RGB('',6.E-1,6.E-1,6.E-1);
#19=COLOUR_RGB('',6.2E-1,3.3E-1,2.3E-1);
#20=COLOUR_RGB('',6.23529E-1,5.60784E-1,6.86275E-1);
#21=COLOUR_RGB('',6.35294E-1,6.86275E-1,7.4902E-1);
#22=COLOUR_RGB('',6.66667E-1,6.66667E-1,6.66667E-1);
#23=COLOUR_RGB('',6.86275E-1,5.60784E-1,5.60784E-1);
#24=COLOUR_RGB('',6.86275E-1,6.86275E-1,5.60784E-1);
#25=COLOUR_RGB('',6.9E-1,0.E0,0.E0);
#26=COLOUR_RGB('',7.E-1,7.E-1,7.E-1);
#27=COLOUR_RGB('',8.23529E-1,7.05882E-1,4.31373E-1);
#28=COLOUR_RGB('',8.39216E-1,8.90196E-1,7.68627E-1);
#29=COLOUR_RGB('',8.62745E-1,4.98039E-1,3.92157E-1);
#30=COLOUR_RGB('',8.7E-1,7.5E-1,4.9E-1);
#31=COLOUR_RGB('',8.82353E-1,8.82353E-1,8.82353E-1);
#32=COLOUR_RGB('',9.80392E-1,9.80392E-1,9.80392E-1);
#33=COLOUR_RGB('',9.9E-1,1.E0,0.E0);
#34=COLOUR_RGB('',1.E0,5.E-1,0.E0);
#35=COLOUR_RGB('',1.E0,6.19608E-1,5.17647E-1);
#36=DRAUGHTING_PRE_DEFINED_COLOUR('white');
#57=CIRCLE('',#56,5.E-2);
#72=CIRCLE('',#71,5.E-2);
#101=CIRCLE('',#100,5.E-2);
#116=CIRCLE('',#115,5.E-2);
#145=CIRCLE('',#144,5.E-2);
#160=CIRCLE('',#159,5.E-2);
#203=CIRCLE('',#202,5.E-2);
#218=CIRCLE('',#217,5.E-2);
#247=CIRCLE('',#246,5.E-2);
#262=CIRCLE('',#261,5.E-2);
#291=CIRCLE('',#290,5.E-2);
#306=CIRCLE('',#305,5.E-2);
#615=CIRCLE('',#614,5.E-2);
#630=CIRCLE('',#629,5.E-2);
#652=CIRCLE('',#651,5.E-2);
#667=CIRCLE('',#666,5.E-2);
#689=CIRCLE('',#688,5.E-2);
#704=CIRCLE('',#703,5.E-2);
#726=CIRCLE('',#725,5.E-2);
#741=CIRCLE('',#740,5.E-2);
#763=CIRCLE('',#762,5.E-2);
#778=CIRCLE('',#777,5.E-2);
#800=CIRCLE('',#799,5.E-2);
#815=CIRCLE('',#814,5.E-2);
#1293=EDGE_CURVE('',#1095,#1109,#41,.T.);
#1295=EDGE_CURVE('',#1109,#1267,#49,.T.);
#1297=EDGE_CURVE('',#1247,#1267,#57,.T.);
#1299=EDGE_CURVE('',#1246,#1247,#64,.T.);
#1301=EDGE_CURVE('',#1243,#1246,#72,.T.);
#1303=EDGE_CURVE('',#1112,#1243,#79,.T.);
#1305=EDGE_CURVE('',#1112,#1113,#86,.T.);
#1307=EDGE_CURVE('',#1113,#1207,#93,.T.);
#1309=EDGE_CURVE('',#1205,#1207,#101,.T.);
#1311=EDGE_CURVE('',#1204,#1205,#108,.T.);
#1313=EDGE_CURVE('',#1201,#1204,#116,.T.);
#1315=EDGE_CURVE('',#1116,#1201,#123,.T.);
#1317=EDGE_CURVE('',#1116,#1117,#130,.T.);
#1319=EDGE_CURVE('',#1117,#1199,#137,.T.);
#1321=EDGE_CURVE('',#1197,#1199,#145,.T.);
#1323=EDGE_CURVE('',#1196,#1197,#152,.T.);
#1325=EDGE_CURVE('',#1193,#1196,#160,.T.);
#1327=EDGE_CURVE('',#1119,#1193,#167,.T.);
#1329=EDGE_CURVE('',#1119,#1098,#174,.T.);
#1331=EDGE_CURVE('',#1098,#1099,#181,.T.);
#1333=EDGE_CURVE('',#1099,#1121,#188,.T.);
#1335=EDGE_CURVE('',#1121,#1133,#195,.T.);
#1337=EDGE_CURVE('',#1133,#1136,#203,.T.);
#1339=EDGE_CURVE('',#1136,#1137,#210,.T.);
#1341=EDGE_CURVE('',#1137,#1139,#218,.T.);
#1343=EDGE_CURVE('',#1124,#1139,#225,.T.);
#1345=EDGE_CURVE('',#1124,#1125,#232,.T.);
#1347=EDGE_CURVE('',#1125,#1185,#239,.T.);
#1349=EDGE_CURVE('',#1185,#1188,#247,.T.);
#1351=EDGE_CURVE('',#1188,#1189,#254,.T.);
#1353=EDGE_CURVE('',#1189,#1191,#262,.T.);
#1355=EDGE_CURVE('',#1128,#1191,#269,.T.);
#1357=EDGE_CURVE('',#1128,#1129,#276,.T.);
#1359=EDGE_CURVE('',#1129,#1237,#283,.T.);
#1361=EDGE_CURVE('',#1237,#1240,#291,.T.);
#1363=EDGE_CURVE('',#1240,#1241,#298,.T.);
#1365=EDGE_CURVE('',#1241,#1265,#306,.T.);
#1367=EDGE_CURVE('',#1131,#1265,#313,.T.);
#1369=EDGE_CURVE('',#1131,#1094,#320,.T.);
#1371=EDGE_CURVE('',#1094,#1095,#327,.T.);
#1375=EDGE_CURVE('',#1222,#1223,#334,.T.);
#1377=EDGE_CURVE('',#1229,#1222,#341,.T.);
#1379=EDGE_CURVE('',#1229,#1227,#348,.T.);
#1381=EDGE_CURVE('',#1225,#1227,#355,.T.);
#1383=EDGE_CURVE('',#1223,#1225,#362,.T.);
#1387=EDGE_CURVE('',#1276,#1277,#369,.T.);
#1389=EDGE_CURVE('',#1281,#1276,#376,.T.);
#1391=EDGE_CURVE('',#1279,#1281,#383,.T.);
#1393=EDGE_CURVE('',#1277,#1279,#390,.T.);
#1404=EDGE_CURVE('',#1095,#1103,#397,.T.);
#1406=EDGE_CURVE('',#1103,#1105,#572,.T.);
#1408=EDGE_CURVE('',#1098,#1105,#544,.T.);
#1411=EDGE_CURVE('',#1119,#1163,#404,.T.);
#1413=EDGE_CURVE('',#1162,#1163,#411,.T.);
#1415=EDGE_CURVE('',#1117,#1162,#418,.T.);
#1418=EDGE_CURVE('',#1116,#1159,#425,.T.);
#1420=EDGE_CURVE('',#1158,#1159,#432,.T.);
#1422=EDGE_CURVE('',#1113,#1158,#439,.T.);
#1425=EDGE_CURVE('',#1112,#1143,#446,.T.);
#1427=EDGE_CURVE('',#1142,#1143,#453,.T.);
#1429=EDGE_CURVE('',#1109,#1142,#460,.T.);
#1440=EDGE_CURVE('',#1094,#1102,#467,.T.);
#1442=EDGE_CURVE('',#1102,#1103,#551,.T.);
#1454=EDGE_CURVE('',#1099,#1107,#474,.T.);
#1456=EDGE_CURVE('',#1107,#1102,#558,.T.);
#1460=EDGE_CURVE('',#1131,#1147,#481,.T.);
#1462=EDGE_CURVE('',#1146,#1147,#488,.T.);
#1464=EDGE_CURVE('',#1129,#1146,#495,.T.);
#1467=EDGE_CURVE('',#1128,#1167,#502,.T.);
#1469=EDGE_CURVE('',#1166,#1167,#509,.T.);
#1471=EDGE_CURVE('',#1125,#1166,#516,.T.);
#1474=EDGE_CURVE('',#1124,#1151,#523,.T.);
#1476=EDGE_CURVE('',#1149,#1151,#530,.T.);
#1478=EDGE_CURVE('',#1121,#1149,#537,.T.);
#1490=EDGE_CURVE('',#1105,#1107,#565,.T.);
#1514=EDGE_CURVE('',#1265,#1255,#579,.T.);
#1516=EDGE_CURVE('',#1255,#1147,#644,.T.);
#1528=EDGE_CURVE('',#1241,#1251,#586,.T.);
#1530=EDGE_CURVE('',#1251,#1255,#652,.T.);
#1542=EDGE_CURVE('',#1240,#1250,#593,.T.);
#1544=EDGE_CURVE('',#1250,#1251,#659,.T.);
#1556=EDGE_CURVE('',#1237,#1253,#600,.T.);
#1558=EDGE_CURVE('',#1253,#1250,#667,.T.);
#1571=EDGE_CURVE('',#1146,#1253,#674,.T.);
#1583=EDGE_CURVE('',#1143,#1261,#607,.T.);
#1585=EDGE_CURVE('',#1261,#1258,#615,.T.);
#1587=EDGE_CURVE('',#1258,#1259,#622,.T.);
#1589=EDGE_CURVE('',#1259,#1263,#630,.T.);
#1591=EDGE_CURVE('',#1263,#1142,#637,.T.);
#1616=EDGE_CURVE('',#1159,#1217,#681,.T.);
#1618=EDGE_CURVE('',#1217,#1182,#689,.T.);
#1620=EDGE_CURVE('',#1182,#1183,#696,.T.);
#1622=EDGE_CURVE('',#1183,#1219,#704,.T.);
#1624=EDGE_CURVE('',#1219,#1158,#711,.T.);
#1635=EDGE_CURVE('',#1163,#1213,#718,.T.);
#1637=EDGE_CURVE('',#1213,#1178,#726,.T.);
#1639=EDGE_CURVE('',#1178,#1179,#733,.T.);
#1641=EDGE_CURVE('',#1179,#1215,#741,.T.);
#1643=EDGE_CURVE('',#1215,#1162,#748,.T.);
#1654=EDGE_CURVE('',#1211,#1167,#755,.T.);
#1656=EDGE_CURVE('',#1175,#1211,#763,.T.);
#1658=EDGE_CURVE('',#1174,#1175,#770,.T.);
#1660=EDGE_CURVE('',#1209,#1174,#778,.T.);
#1662=EDGE_CURVE('',#1166,#1209,#785,.T.);
#1673=EDGE_CURVE('',#1171,#1151,#792,.T.);
#1675=EDGE_CURVE('',#1155,#1171,#800,.T.);
#1677=EDGE_CURVE('',#1154,#1155,#807,.T.);
#1679=EDGE_CURVE('',#1169,#1154,#815,.T.);
#1681=EDGE_CURVE('',#1149,#1169,#822,.T.);
#1692=EDGE_CURVE('',#1243,#1261,#829,.T.);
#1705=EDGE_CURVE('',#1246,#1258,#836,.T.);
#1718=EDGE_CURVE('',#1247,#1259,#843,.T.);
#1731=EDGE_CURVE('',#1267,#1263,#850,.T.);
#1756=EDGE_CURVE('',#1201,#1217,#857,.T.);
#1769=EDGE_CURVE('',#1204,#1182,#864,.T.);
#1782=EDGE_CURVE('',#1205,#1183,#871,.T.);
#1795=EDGE_CURVE('',#1207,#1219,#878,.T.);
#1820=EDGE_CURVE('',#1193,#1213,#885,.T.);
#1833=EDGE_CURVE('',#1196,#1178,#892,.T.);
#1846=EDGE_CURVE('',#1197,#1179,#899,.T.);
#1859=EDGE_CURVE('',#1199,#1215,#906,.T.);
#1884=EDGE_CURVE('',#1191,#1211,#913,.T.);
#1897=EDGE_CURVE('',#1189,#1175,#920,.T.);
#1910=EDGE_CURVE('',#1188,#1174,#927,.T.);
#1923=EDGE_CURVE('',#1185,#1209,#934,.T.);
#1948=EDGE_CURVE('',#1139,#1171,#941,.T.);
#1961=EDGE_CURVE('',#1137,#1155,#948,.T.);
#1974=EDGE_CURVE('',#1136,#1154,#955,.T.);
#1987=EDGE_CURVE('',#1133,#1169,#962,.T.);
#2012=EDGE_CURVE('',#1233,#1223,#976,.T.);
#2014=EDGE_CURVE('',#1231,#1233,#1018,.T.);
#2016=EDGE_CURVE('',#1231,#1222,#969,.T.);
#2027=EDGE_CURVE('',#1235,#1225,#990,.T.);
#2029=EDGE_CURVE('',#1233,#1235,#1025,.T.);
#2041=EDGE_CURVE('',#1286,#1227,#983,.T.);
#2043=EDGE_CURVE('',#1235,#1286,#1032,.T.);
#2055=EDGE_CURVE('',#1287,#1229,#997,.T.);
#2057=EDGE_CURVE('',#1286,#1287,#1004,.T.);
#2070=EDGE_CURVE('',#1287,#1231,#1011,.T.);
#2095=EDGE_CURVE('',#1271,#1277,#1046,.T.);
#2097=EDGE_CURVE('',#1270,#1271,#1067,.T.);
#2099=EDGE_CURVE('',#1270,#1276,#1039,.T.);
#2110=EDGE_CURVE('',#1273,#1279,#1053,.T.);
#2112=EDGE_CURVE('',#1271,#1273,#1074,.T.);
#2124=EDGE_CURVE('',#1283,#1281,#1060,.T.);
#2126=EDGE_CURVE('',#1273,#1283,#1081,.T.);
#2139=EDGE_CURVE('',#1283,#1270,#1088,.T.);
#2165=(LENGTH_UNIT()NAMED_UNIT(*)SI_UNIT(.MILLI.,.METRE.));
#2167=(NAMED_UNIT(*)PLANE_ANGLE_UNIT()SI_UNIT($,.RADIAN.));
#2170=(NAMED_UNIT(*)SI_UNIT($,.STERADIAN.)SOLID_ANGLE_UNIT());
#2176=AXIS2_PLACEMENT_3D('',#2173,#2174,#2175);
#2177=ADVANCED_BREP_SHAPE_REPRESENTATION('',(#2176,#2158),#2172);
#2184=PRODUCT_DEFINITION('design','',#2183,#2180);
#2185=PRODUCT_DEFINITION_SHAPE('','SHAPE FOR BODY-SON.',#2184);
#2186=SHAPE_DEFINITION_REPRESENTATION(#2185,#2177);
#2187=SHAPE_DEFINITION_REPRESENTATION(#2188,#2189);
#2188=PRODUCT_DEFINITION_SHAPE('','SHAPE FOR DLV0006A_ASM.',#4405);
#2189=SHAPE_REPRESENTATION('',(#2195,#4384,#4399),#4395);
#2190=NEXT_ASSEMBLY_USAGE_OCCURRENCE('0','Next assembly relationship',
'BODY-SON',#4405,#2184,$);
#2191=PRODUCT_DEFINITION_SHAPE('Placement #0',
'Placement of BODY-SON with respect to DLV0006A_ASM',#2190);
#2211=CIRCLE('',#2210,5.E-2);
#2226=CIRCLE('',#2225,5.E-2);
#2304=CIRCLE('',#2303,5.E-2);
#2319=CIRCLE('',#2318,5.E-2);
#2359=EDGE_CURVE('',#2351,#2345,#2203,.T.);
#2361=EDGE_CURVE('',#2333,#2351,#2211,.T.);
#2363=EDGE_CURVE('',#2332,#2333,#2218,.T.);
#2365=EDGE_CURVE('',#2353,#2332,#2226,.T.);
#2367=EDGE_CURVE('',#2341,#2353,#2233,.T.);
#2369=EDGE_CURVE('',#2345,#2341,#2240,.T.);
#2379=EDGE_CURVE('',#2344,#2345,#2247,.T.);
#2381=EDGE_CURVE('',#2349,#2344,#2326,.T.);
#2383=EDGE_CURVE('',#2351,#2349,#2254,.T.);
#2394=EDGE_CURVE('',#2340,#2341,#2261,.T.);
#2396=EDGE_CURVE('',#2344,#2340,#2289,.T.);
#2422=EDGE_CURVE('',#2353,#2347,#2268,.T.);
#2424=EDGE_CURVE('',#2340,#2347,#2296,.T.);
#2435=EDGE_CURVE('',#2332,#2336,#2275,.T.);
#2437=EDGE_CURVE('',#2347,#2336,#2304,.T.);
#2449=EDGE_CURVE('',#2333,#2337,#2282,.T.);
#2451=EDGE_CURVE('',#2336,#2337,#2311,.T.);
#2464=EDGE_CURVE('',#2337,#2349,#2319,.T.);
#2511=CIRCLE('',#2510,5.E-2);
#2526=CIRCLE('',#2525,5.E-2);
#2569=CIRCLE('',#2568,5.E-2);
#2584=CIRCLE('',#2583,5.E-2);
#2652=EDGE_CURVE('',#2629,#2630,#2496,.T.);
#2654=EDGE_CURVE('',#2644,#2629,#2503,.T.);
#2656=EDGE_CURVE('',#2634,#2644,#2511,.T.);
#2658=EDGE_CURVE('',#2633,#2634,#2518,.T.);
#2660=EDGE_CURVE('',#2640,#2633,#2526,.T.);
#2662=EDGE_CURVE('',#2630,#2640,#2533,.T.);
#2672=EDGE_CURVE('',#2625,#2629,#2540,.T.);
#2675=EDGE_CURVE('',#2626,#2630,#2598,.T.);
#2677=EDGE_CURVE('',#2625,#2626,#2554,.T.);
#2696=EDGE_CURVE('',#2646,#2625,#2591,.T.);
#2698=EDGE_CURVE('',#2644,#2646,#2547,.T.);
#2709=EDGE_CURVE('',#2626,#2642,#2561,.T.);
#2711=EDGE_CURVE('',#2642,#2637,#2569,.T.);
#2713=EDGE_CURVE('',#2637,#2638,#2576,.T.);
#2715=EDGE_CURVE('',#2638,#2646,#2584,.T.);
#2727=EDGE_CURVE('',#2640,#2642,#2605,.T.);
#2740=EDGE_CURVE('',#2633,#2637,#2612,.T.);
#2753=EDGE_CURVE('',#2634,#2638,#2619,.T.);
#2806=CIRCLE('',#2805,5.E-2);
#2821=CIRCLE('',#2820,5.E-2);
#2864=CIRCLE('',#2863,5.E-2);
#2879=CIRCLE('',#2878,5.E-2);
#2940=EDGE_CURVE('',#2932,#2926,#2784,.T.);
#2942=EDGE_CURVE('',#2924,#2926,#2791,.T.);
#2944=EDGE_CURVE('',#2924,#2934,#2798,.T.);
#2946=EDGE_CURVE('',#2934,#2917,#2806,.T.);
#2948=EDGE_CURVE('',#2917,#2918,#2813,.T.);
#2950=EDGE_CURVE('',#2918,#2932,#2821,.T.);
#2960=EDGE_CURVE('',#2914,#2926,#2828,.T.);
#2963=EDGE_CURVE('',#2932,#2930,#2835,.T.);
#2965=EDGE_CURVE('',#2930,#2914,#2856,.T.);
#2975=EDGE_CURVE('',#2913,#2924,#2842,.T.);
#2979=EDGE_CURVE('',#2913,#2914,#2849,.T.);
#2997=EDGE_CURVE('',#2913,#2928,#2886,.T.);
#2999=EDGE_CURVE('',#2934,#2928,#2907,.T.);
#3012=EDGE_CURVE('',#2922,#2930,#2864,.T.);
#3014=EDGE_CURVE('',#2921,#2922,#2871,.T.);
#3016=EDGE_CURVE('',#2928,#2921,#2879,.T.);
#3028=EDGE_CURVE('',#2918,#2922,#2893,.T.);
#3041=EDGE_CURVE('',#2917,#2921,#2900,.T.);
#3094=CIRCLE('',#3093,5.E-2);
#3109=CIRCLE('',#3108,5.E-2);
#3152=CIRCLE('',#3151,5.E-2);
#3167=CIRCLE('',#3166,5.E-2);
#3228=EDGE_CURVE('',#3212,#3220,#3072,.T.);
#3230=EDGE_CURVE('',#3214,#3212,#3079,.T.);
#3232=EDGE_CURVE('',#3222,#3214,#3086,.T.);
#3234=EDGE_CURVE('',#3206,#3222,#3094,.T.);
#3236=EDGE_CURVE('',#3205,#3206,#3101,.T.);
#3238=EDGE_CURVE('',#3220,#3205,#3109,.T.);
#3248=EDGE_CURVE('',#3202,#3212,#3116,.T.);
#3251=EDGE_CURVE('',#3220,#3216,#3181,.T.);
#3253=EDGE_CURVE('',#3202,#3216,#3144,.T.);
#3263=EDGE_CURVE('',#3201,#3214,#3123,.T.);
#3267=EDGE_CURVE('',#3201,#3202,#3137,.T.);
#3285=EDGE_CURVE('',#3218,#3201,#3174,.T.);
#3287=EDGE_CURVE('',#3222,#3218,#3130,.T.);
#3300=EDGE_CURVE('',#3216,#3209,#3152,.T.);
#3302=EDGE_CURVE('',#3209,#3210,#3159,.T.);
#3304=EDGE_CURVE('',#3210,#3218,#3167,.T.);
#3316=EDGE_CURVE('',#3205,#3209,#3188,.T.);
#3329=EDGE_CURVE('',#3206,#3210,#3195,.T.);
#3368=CIRCLE('',#3367,5.E-2);
#3383=CIRCLE('',#3382,5.E-2);
#3461=CIRCLE('',#3460,5.E-2);
#3476=CIRCLE('',#3475,5.E-2);
#3516=EDGE_CURVE('',#3500,#3508,#3360,.T.);
#3518=EDGE_CURVE('',#3508,#3493,#3368,.T.);
#3520=EDGE_CURVE('',#3493,#3494,#3375,.T.);
#3522=EDGE_CURVE('',#3494,#3510,#3383,.T.);
#3524=EDGE_CURVE('',#3510,#3502,#3390,.T.);
#3526=EDGE_CURVE('',#3500,#3502,#3397,.T.);
#3536=EDGE_CURVE('',#3489,#3500,#3404,.T.);
#3538=EDGE_CURVE('',#3489,#3504,#3483,.T.);
#3540=EDGE_CURVE('',#3508,#3504,#3439,.T.);
#3553=EDGE_CURVE('',#3490,#3502,#3411,.T.);
#3555=EDGE_CURVE('',#3489,#3490,#3446,.T.);
#3574=EDGE_CURVE('',#3510,#3506,#3418,.T.);
#3576=EDGE_CURVE('',#3506,#3490,#3453,.T.);
#3587=EDGE_CURVE('',#3494,#3498,#3425,.T.);
#3589=EDGE_CURVE('',#3498,#3506,#3461,.T.);
#3601=EDGE_CURVE('',#3493,#3497,#3432,.T.);
#3603=EDGE_CURVE('',#3497,#3498,#3468,.T.);
#3616=EDGE_CURVE('',#3504,#3497,#3476,.T.);
#3663=CIRCLE('',#3662,5.E-2);
#3678=CIRCLE('',#3677,5.E-2);
#3714=CIRCLE('',#3713,5.E-2);
#3729=CIRCLE('',#3728,5.E-2);
#3804=EDGE_CURVE('',#3789,#3790,#3648,.T.);
#3806=EDGE_CURVE('',#3789,#3792,#3655,.T.);
#3808=EDGE_CURVE('',#3792,#3781,#3663,.T.);
#3810=EDGE_CURVE('',#3781,#3782,#3670,.T.);
#3812=EDGE_CURVE('',#3782,#3796,#3678,.T.);
#3814=EDGE_CURVE('',#3796,#3790,#3685,.T.);
#3824=EDGE_CURVE('',#3777,#3789,#3692,.T.);
#3827=EDGE_CURVE('',#3778,#3790,#3750,.T.);
#3829=EDGE_CURVE('',#3777,#3778,#3699,.T.);
#3848=EDGE_CURVE('',#3777,#3794,#3736,.T.);
#3850=EDGE_CURVE('',#3792,#3794,#3771,.T.);
#3861=EDGE_CURVE('',#3798,#3778,#3706,.T.);
#3863=EDGE_CURVE('',#3786,#3798,#3714,.T.);
#3865=EDGE_CURVE('',#3785,#3786,#3721,.T.);
#3867=EDGE_CURVE('',#3794,#3785,#3729,.T.);
#3879=EDGE_CURVE('',#3796,#3798,#3743,.T.);
#3892=EDGE_CURVE('',#3782,#3786,#3757,.T.);
#3905=EDGE_CURVE('',#3781,#3785,#3764,.T.);
#4063=EDGE_CURVE('',#4055,#4057,#3936,.T.);
#4065=EDGE_CURVE('',#4043,#4055,#3943,.T.);
#4067=EDGE_CURVE('',#4041,#4043,#3950,.T.);
#4069=EDGE_CURVE('',#4040,#4041,#3957,.T.);
#4071=EDGE_CURVE('',#4057,#4040,#3964,.T.);
#4081=EDGE_CURVE('',#4052,#4053,#3971,.T.);
#4083=EDGE_CURVE('',#4055,#4053,#4027,.T.);
#4086=EDGE_CURVE('',#4057,#4052,#4006,.T.);
#4097=EDGE_CURVE('',#4052,#4046,#3978,.T.);
#4099=EDGE_CURVE('',#4046,#4047,#3985,.T.);
#4101=EDGE_CURVE('',#4047,#4049,#3992,.T.);
#4103=EDGE_CURVE('',#4049,#4053,#3999,.T.);
#4115=EDGE_CURVE('',#4040,#4046,#4013,.T.);
#4127=EDGE_CURVE('',#4041,#4047,#4020,.T.);
#4140=EDGE_CURVE('',#4043,#4049,#4034,.T.);
#4273=EDGE_CURVE('',#4254,#4255,#4171,.T.);
#4275=EDGE_CURVE('',#4259,#4254,#4178,.T.);
#4277=EDGE_CURVE('',#4257,#4259,#4185,.T.);
#4279=EDGE_CURVE('',#4255,#4257,#4192,.T.);
#4290=EDGE_CURVE('',#4255,#4263,#4206,.T.);
#4292=EDGE_CURVE('',#4262,#4263,#4227,.T.);
#4294=EDGE_CURVE('',#4254,#4262,#4199,.T.);
#4305=EDGE_CURVE('',#4257,#4265,#4213,.T.);
#4307=EDGE_CURVE('',#4263,#4265,#4234,.T.);
#4319=EDGE_CURVE('',#4259,#4267,#4220,.T.);
#4321=EDGE_CURVE('',#4265,#4267,#4241,.T.);
#4334=EDGE_CURVE('',#4267,#4262,#4248,.T.);
#4360=(LENGTH_UNIT()NAMED_UNIT(*)SI_UNIT(.MILLI.,.METRE.));
#4362=(NAMED_UNIT(*)PLANE_ANGLE_UNIT()SI_UNIT($,.RADIAN.));
#4365=(NAMED_UNIT(*)SI_UNIT($,.STERADIAN.)SOLID_ANGLE_UNIT());
#4371=AXIS2_PLACEMENT_3D('',#4368,#4369,#4370);
#4372=ADVANCED_BREP_SHAPE_REPRESENTATION('',(#4371,#2485,#2773,#3061,#3349,
#3637,#3925,#4160,#4353),#4367);
#4376=PRODUCT_DEFINITION('design','',#4375,#2180);
#4377=PRODUCT_DEFINITION_SHAPE('','SHAPE FOR FRAME.',#4376);
#4378=SHAPE_DEFINITION_REPRESENTATION(#4377,#4372);
#4379=NEXT_ASSEMBLY_USAGE_OCCURRENCE('1','Next assembly relationship','FRAME',
#4405,#4376,$);
#4380=PRODUCT_DEFINITION_SHAPE('Placement #1',
'Placement of FRAME with respect to DLV0006A_ASM',#4379);
#4388=(LENGTH_UNIT()NAMED_UNIT(*)SI_UNIT(.MILLI.,.METRE.));
#4390=(NAMED_UNIT(*)PLANE_ANGLE_UNIT()SI_UNIT($,.RADIAN.));
#4393=(NAMED_UNIT(*)SI_UNIT($,.STERADIAN.)SOLID_ANGLE_UNIT());
#4399=AXIS2_PLACEMENT_3D('',#4396,#4397,#4398);
#4405=PRODUCT_DEFINITION('design','',#4404,#4401);
ENDSEC;
END-ISO-10303-21;
